video_id,source_file,row_index,start_frame,end_frame,class_raw,duration_inclusive,bad_reasons,is_bad
V1,V1.xlsx,0,3314.0,3323.0,Jab,10.0,,False
V1,V1.xlsx,1,3324.0,3329.0,Jab,6.0,,False
V1,V1.xlsx,2,3330.0,3343.0,Cross,14.0,,False
V1,V1.xlsx,3,3344.0,3352.0,Jab,9.0,,False
V1,V1.xlsx,4,3353.0,3359.0,Jab,7.0,,False
V1,V1.xlsx,5,3360.0,3372.0,Cross,13.0,,False
V1,V1.xlsx,6,3373.0,3380.0,Jab,8.0,,False
V1,V1.xlsx,7,3381.0,3388.0,Jab,8.0,,False
V1,V1.xlsx,8,3389.0,3398.0,Cross,10.0,,False
V1,V1.xlsx,9,3401.0,3411.0,Jab,11.0,,False
V1,V1.xlsx,10,3412.0,3416.0,Jab,5.0,,False
V1,V1.xlsx,11,3417.0,3428.0,Cross,12.0,,False
V1,V1.xlsx,12,3431.0,3440.0,Jab,10.0,,False
V1,V1.xlsx,13,3441.0,3446.0,Jab,6.0,,False
V1,V1.xlsx,14,3447.0,3459.0,Cross,13.0,,False
V1,V1.xlsx,15,3461.0,3468.0,Jab,8.0,,False
V1,V1.xlsx,16,3469.0,3475.0,Jab,7.0,,False
V1,V1.xlsx,17,3476.0,3486.0,Cross,11.0,,False
V1,V1.xlsx,18,3489.0,3499.0,Jab,11.0,,False
V1,V1.xlsx,19,3500.0,3505.0,Jab,6.0,,False
V1,V1.xlsx,20,3506.0,3519.0,Cross,14.0,,False
V1,V1.xlsx,21,3520.0,3528.0,Jab,9.0,,False
V1,V1.xlsx,22,3529.0,3535.0,Jab,7.0,,False
V1,V1.xlsx,23,3536.0,3546.0,Cross,11.0,,False
V1,V1.xlsx,24,3548.0,3557.0,Jab,10.0,,False
V1,V1.xlsx,25,3558.0,3564.0,Jab,7.0,,False
V1,V1.xlsx,26,3565.0,3574.0,Cross,10.0,,False
V1,V1.xlsx,27,3577.0,3586.0,Jab,10.0,,False
V1,V1.xlsx,28,3587.0,3593.0,Jab,7.0,,False
V1,V1.xlsx,29,3594.0,3604.0,Cross,11.0,,False
V1,V1.xlsx,30,3606.0,3615.0,Jab,10.0,,False
V1,V1.xlsx,31,3616.0,3622.0,Jab,7.0,,False
V1,V1.xlsx,32,3623.0,3633.0,Cross,11.0,,False
V1,V1.xlsx,33,3635.0,3644.0,Jab,10.0,,False
V1,V1.xlsx,34,3645.0,3651.0,Jab,7.0,,False
V1,V1.xlsx,35,3652.0,3662.0,Cross,11.0,,False
V1,V1.xlsx,36,3664.0,3672.0,Jab,9.0,,False
V1,V1.xlsx,37,3673.0,3680.0,Jab,8.0,,False
V1,V1.xlsx,38,3681.0,3692.0,Cross,12.0,,False
V1,V1.xlsx,39,3693.0,3702.0,Jab,10.0,,False
V1,V1.xlsx,40,3703.0,3709.0,Jab,7.0,,False
V1,V1.xlsx,41,3710.0,3721.0,Cross,12.0,,False
V1,V1.xlsx,42,3722.0,3730.0,Jab,9.0,,False
V1,V1.xlsx,43,3731.0,3739.0,Jab,9.0,,False
V1,V1.xlsx,44,3740.0,3748.0,Cross,9.0,,False
V1,V1.xlsx,45,3749.0,3760.0,Jab,12.0,,False
V1,V1.xlsx,46,3761.0,3768.0,Jab,8.0,,False
V1,V1.xlsx,47,3769.0,3775.0,Cross,7.0,,False
V1,V1.xlsx,48,3777.0,3788.0,Jab,12.0,,False
V1,V1.xlsx,49,3789.0,3797.0,Jab,9.0,,False
V1,V1.xlsx,50,3798.0,3806.0,Cross,9.0,,False
V1,V1.xlsx,51,3807.0,3818.0,Jab,12.0,,False
V1,V1.xlsx,52,3819.0,3825.0,Jab,7.0,,False
V1,V1.xlsx,53,3826.0,3834.0,Cross,9.0,,False
V1,V1.xlsx,54,3837.0,3849.0,Jab,13.0,,False
V1,V1.xlsx,55,3850.0,3856.0,Jab,7.0,,False
V1,V1.xlsx,56,3857.0,3866.0,Cross,10.0,,False
V1,V1.xlsx,57,3868.0,3879.0,Jab,12.0,,False
V1,V1.xlsx,58,3880.0,3886.0,Jab,7.0,,False
V1,V1.xlsx,59,3887.0,3897.0,Cross,11.0,,False
V1,V1.xlsx,60,3899.0,3910.0,Jab,12.0,,False
V1,V1.xlsx,61,3911.0,3917.0,Jab,7.0,,False
V1,V1.xlsx,62,3918.0,3927.0,Cross,10.0,,False
V1,V1.xlsx,63,3930.0,3940.0,Jab,11.0,,False
V1,V1.xlsx,64,3941.0,3946.0,Jab,6.0,,False
V1,V1.xlsx,65,3947.0,3956.0,Cross,10.0,,False
V1,V1.xlsx,66,3959.0,3969.0,Jab,11.0,,False
V1,V1.xlsx,67,3970.0,3975.0,Jab,6.0,,False
V1,V1.xlsx,68,3976.0,3986.0,Cross,11.0,,False
V1,V1.xlsx,69,3989.0,3998.0,Jab,10.0,,False
V1,V1.xlsx,70,3999.0,4005.0,Jab,7.0,,False
V1,V1.xlsx,71,4006.0,4015.0,Cross,10.0,,False
V1,V1.xlsx,72,4018.0,4029.0,Jab,12.0,,False
V1,V1.xlsx,73,4030.0,4035.0,Jab,6.0,,False
V1,V1.xlsx,74,4036.0,4048.0,Cross,13.0,,False
V1,V1.xlsx,75,4049.0,4058.0,Jab,10.0,,False
V1,V1.xlsx,76,4059.0,4064.0,Jab,6.0,,False
V1,V1.xlsx,77,4065.0,4078.0,Cross,14.0,,False
V1,V1.xlsx,78,4079.0,4089.0,Jab,11.0,,False
V1,V1.xlsx,79,4090.0,4095.0,Jab,6.0,,False
V1,V1.xlsx,80,4096.0,4106.0,Cross,11.0,,False
V1,V1.xlsx,81,4107.0,4117.0,Jab,11.0,,False
V1,V1.xlsx,82,4118.0,4124.0,Jab,7.0,,False
V1,V1.xlsx,83,4125.0,4135.0,Cross,11.0,,False
V1,V1.xlsx,84,4138.0,4146.0,Jab,9.0,,False
V1,V1.xlsx,85,4147.0,4152.0,Jab,6.0,,False
V1,V1.xlsx,86,4153.0,4165.0,Cross,13.0,,False
V1,V1.xlsx,87,4167.0,4177.0,Jab,11.0,,False
V1,V1.xlsx,88,4178.0,4184.0,Jab,7.0,,False
V1,V1.xlsx,89,4185.0,4196.0,Cross,12.0,,False
V1,V1.xlsx,90,4198.0,4208.0,Jab,11.0,,False
V1,V1.xlsx,91,4209.0,4215.0,Jab,7.0,,False
V1,V1.xlsx,92,4216.0,4228.0,Cross,13.0,,False
V1,V1.xlsx,93,4229.0,4239.0,Jab,11.0,,False
V1,V1.xlsx,94,4240.0,4245.0,Jab,6.0,,False
V1,V1.xlsx,95,4246.0,4259.0,Cross,14.0,,False
V1,V1.xlsx,96,4260.0,4269.0,Jab,10.0,,False
V1,V1.xlsx,97,4270.0,4276.0,Jab,7.0,,False
V1,V1.xlsx,98,4277.0,4288.0,Cross,12.0,,False
V1,V1.xlsx,99,4289.0,4299.0,Jab,11.0,,False
V1,V1.xlsx,100,4300.0,4306.0,Jab,7.0,,False
V1,V1.xlsx,101,4307.0,4317.0,Cross,11.0,,False
V1,V1.xlsx,102,4319.0,4328.0,Jab,10.0,,False
V1,V1.xlsx,103,4329.0,4335.0,Jab,7.0,,False
V1,V1.xlsx,104,4336.0,4348.0,Cross,13.0,,False
V1,V1.xlsx,105,4349.0,4358.0,Jab,10.0,,False
V1,V1.xlsx,106,4359.0,4365.0,Jab,7.0,,False
V1,V1.xlsx,107,4367.0,4376.0,Cross,10.0,,False
V1,V1.xlsx,108,4378.0,4388.0,Jab,11.0,,False
V1,V1.xlsx,109,4389.0,4395.0,Jab,7.0,,False
V1,V1.xlsx,110,4396.0,4408.0,Cross,13.0,,False
V1,V1.xlsx,111,4409.0,4418.0,Jab,10.0,,False
V1,V1.xlsx,112,4419.0,4425.0,Jab,7.0,,False
V1,V1.xlsx,113,4426.0,4436.0,Cross,11.0,,False
V1,V1.xlsx,114,4438.0,4448.0,Jab,11.0,,False
V1,V1.xlsx,115,4449.0,4456.0,Jab,8.0,,False
V1,V1.xlsx,116,4457.0,4468.0,Cross,12.0,,False
V1,V1.xlsx,117,4470.0,4480.0,Jab,11.0,,False
V1,V1.xlsx,118,4481.0,4487.0,Jab,7.0,,False
V1,V1.xlsx,119,4488.0,4497.0,Cross,10.0,,False
V1,V1.xlsx,120,4500.0,4509.0,Jab,10.0,,False
V1,V1.xlsx,121,4510.0,4517.0,Jab,8.0,,False
V1,V1.xlsx,122,4518.0,4527.0,Cross,10.0,,False
V1,V1.xlsx,123,4530.0,4540.0,Jab,11.0,,False
V1,V1.xlsx,124,4541.0,4546.0,Jab,6.0,,False
V1,V1.xlsx,125,4547.0,4557.0,Cross,11.0,,False
V1,V1.xlsx,126,4560.0,4569.0,Jab,10.0,,False
V1,V1.xlsx,127,4570.0,4575.0,Jab,6.0,,False
V1,V1.xlsx,128,4576.0,4587.0,Cross,12.0,,False
V1,V1.xlsx,129,4589.0,4598.0,Jab,10.0,,False
V1,V1.xlsx,130,4599.0,4605.0,Jab,7.0,,False
V1,V1.xlsx,131,4606.0,4616.0,Cross,11.0,,False
V1,V1.xlsx,132,4619.0,4629.0,Jab,11.0,,False
V1,V1.xlsx,133,4630.0,4635.0,Jab,6.0,,False
V1,V1.xlsx,134,4636.0,4648.0,Cross,13.0,,False
V1,V1.xlsx,135,4649.0,4658.0,Jab,10.0,,False
V1,V1.xlsx,136,4659.0,4666.0,Jab,8.0,,False
V1,V1.xlsx,137,4667.0,4676.0,Cross,10.0,,False
V1,V1.xlsx,138,4679.0,4689.0,Jab,11.0,,False
V1,V1.xlsx,139,4690.0,4696.0,Jab,7.0,,False
V1,V1.xlsx,140,4697.0,4706.0,Cross,10.0,,False
V1,V1.xlsx,141,4806.0,4821.0,Jab,16.0,,False
V1,V1.xlsx,142,4837.0,4855.0,Cross,19.0,,False
V1,V1.xlsx,143,4872.0,4887.0,Jab,16.0,,False
V1,V1.xlsx,144,4905.0,4921.0,Cross,17.0,,False
V1,V1.xlsx,145,4937.0,4951.0,Jab,15.0,,False
V1,V1.xlsx,146,4968.0,4986.0,Cross,19.0,,False
V1,V1.xlsx,147,5001.0,5014.0,Jab,14.0,,False
V1,V1.xlsx,148,5033.0,5050.0,Cross,18.0,,False
V1,V1.xlsx,149,5067.0,5079.0,Jab,13.0,,False
V1,V1.xlsx,150,5094.0,5117.0,Cross,24.0,,False
V1,V1.xlsx,151,5122.0,5132.0,Jab,11.0,,False
V1,V1.xlsx,152,5163.0,5184.0,Cross,22.0,,False
V1,V1.xlsx,153,5199.0,5212.0,Jab,14.0,,False
V1,V1.xlsx,154,5228.0,5251.0,Cross,24.0,,False
V1,V1.xlsx,155,5263.0,5276.0,Jab,14.0,,False
V1,V1.xlsx,156,5295.0,5317.0,Cross,23.0,,False
V1,V1.xlsx,157,5332.0,5342.0,Jab,11.0,,False
V1,V1.xlsx,158,5362.0,5379.0,Cross,18.0,,False
V1,V1.xlsx,159,5395.0,5408.0,Jab,14.0,,False
V1,V1.xlsx,160,5427.0,5445.0,Cross,19.0,,False
V1,V1.xlsx,161,5487.0,5497.0,Jab,11.0,,False
V1,V1.xlsx,162,5498.0,5503.0,Jab,6.0,,False
V1,V1.xlsx,163,5504.0,5516.0,Cross,13.0,,False
V1,V1.xlsx,164,5517.0,5527.0,Jab,11.0,,False
V1,V1.xlsx,165,5528.0,5533.0,Jab,6.0,,False
V1,V1.xlsx,166,5534.0,5544.0,Cross,11.0,,False
V1,V1.xlsx,167,5547.0,5557.0,Jab,11.0,,False
V1,V1.xlsx,168,5558.0,5562.0,Jab,5.0,,False
V1,V1.xlsx,169,5563.0,5575.0,Cross,13.0,,False
V1,V1.xlsx,170,5578.0,5588.0,Jab,11.0,,False
V1,V1.xlsx,171,5589.0,5594.0,Jab,6.0,,False
V1,V1.xlsx,172,5595.0,5605.0,Cross,11.0,,False
V1,V1.xlsx,173,5607.0,5618.0,Jab,12.0,,False
V1,V1.xlsx,174,5619.0,5625.0,Jab,7.0,,False
V1,V1.xlsx,175,5626.0,5639.0,Cross,14.0,,False
V1,V1.xlsx,176,5640.0,5650.0,Jab,11.0,,False
V1,V1.xlsx,177,5651.0,5656.0,Jab,6.0,,False
V1,V1.xlsx,178,5657.0,5670.0,Cross,14.0,,False
V1,V1.xlsx,179,5671.0,5681.0,Jab,11.0,,False
V1,V1.xlsx,180,5682.0,5686.0,Jab,5.0,,False
V1,V1.xlsx,181,5687.0,5699.0,Cross,13.0,,False
V1,V1.xlsx,182,5700.0,5710.0,Jab,11.0,,False
V1,V1.xlsx,183,5711.0,5716.0,Jab,6.0,,False
V1,V1.xlsx,184,5717.0,5727.0,Cross,11.0,,False
V1,V1.xlsx,185,5730.0,5741.0,Jab,12.0,,False
V1,V1.xlsx,186,5742.0,5747.0,Jab,6.0,,False
V1,V1.xlsx,187,5748.0,5760.0,Cross,13.0,,False
V1,V1.xlsx,188,5762.0,5771.0,Jab,10.0,,False
V1,V1.xlsx,189,5772.0,5778.0,Jab,7.0,,False
V1,V1.xlsx,190,5779.0,5791.0,Cross,13.0,,False
V1,V1.xlsx,191,5792.0,5803.0,Jab,12.0,,False
V1,V1.xlsx,192,5804.0,5810.0,Jab,7.0,,False
V1,V1.xlsx,193,5811.0,5824.0,Cross,14.0,,False
V1,V1.xlsx,194,5825.0,5834.0,Jab,10.0,,False
V1,V1.xlsx,195,5835.0,5840.0,Jab,6.0,,False
V1,V1.xlsx,196,5841.0,5854.0,Cross,14.0,,False
V1,V1.xlsx,197,5855.0,5865.0,Jab,11.0,,False
V1,V1.xlsx,198,5866.0,5871.0,Jab,6.0,,False
V1,V1.xlsx,199,5872.0,5883.0,Cross,12.0,,False
V1,V1.xlsx,200,5885.0,5895.0,Jab,11.0,,False
V1,V1.xlsx,201,5914.0,5924.0,Jab,11.0,,False
V1,V1.xlsx,202,5925.0,5935.0,Jab,11.0,,False
V1,V1.xlsx,203,5936.0,5944.0,Cross,9.0,,False
V1,V1.xlsx,204,5945.0,5955.0,Jab,11.0,,False
V1,V1.xlsx,205,5956.0,5961.0,Jab,6.0,,False
V1,V1.xlsx,206,5962.0,5973.0,Cross,12.0,,False
V1,V1.xlsx,207,5974.0,5986.0,Jab,13.0,,False
V1,V1.xlsx,208,5987.0,5992.0,Jab,6.0,,False
V1,V1.xlsx,209,5993.0,6005.0,Cross,13.0,,False
V1,V1.xlsx,210,6006.0,6015.0,Jab,10.0,,False
V1,V1.xlsx,211,6016.0,6021.0,Jab,6.0,,False
V1,V1.xlsx,212,6022.0,6033.0,Cross,12.0,,False
V1,V1.xlsx,213,6036.0,6046.0,Jab,11.0,,False
V1,V1.xlsx,214,6047.0,6053.0,Jab,7.0,,False
V1,V1.xlsx,215,6054.0,6066.0,Cross,13.0,,False
V1,V1.xlsx,216,6067.0,6077.0,Jab,11.0,,False
V1,V1.xlsx,217,6078.0,6083.0,Jab,6.0,,False
V1,V1.xlsx,218,6084.0,6095.0,Cross,12.0,,False
V1,V1.xlsx,219,6097.0,6106.0,Jab,10.0,,False
V1,V1.xlsx,220,6107.0,6112.0,Jab,6.0,,False
V1,V1.xlsx,221,6113.0,6125.0,Cross,13.0,,False
V1,V1.xlsx,222,6127.0,6136.0,Jab,10.0,,False
V1,V1.xlsx,223,6137.0,6142.0,Jab,6.0,,False
V1,V1.xlsx,224,6143.0,6157.0,Cross,15.0,,False
V1,V1.xlsx,225,6158.0,6166.0,Jab,9.0,,False
V1,V1.xlsx,226,6167.0,6173.0,Jab,7.0,,False
V1,V1.xlsx,227,6174.0,6186.0,Cross,13.0,,False
V1,V1.xlsx,228,6189.0,6198.0,Jab,10.0,,False
V1,V1.xlsx,229,6199.0,6205.0,Jab,7.0,,False
V1,V1.xlsx,230,6206.0,6218.0,Cross,13.0,,False
V1,V1.xlsx,231,6220.0,6229.0,Jab,10.0,,False
V1,V1.xlsx,232,6230.0,6235.0,Jab,6.0,,False
V1,V1.xlsx,233,6236.0,6248.0,Cross,13.0,,False
V1,V1.xlsx,234,6250.0,6260.0,Jab,11.0,,False
V1,V1.xlsx,235,6261.0,6265.0,Jab,5.0,,False
V1,V1.xlsx,236,6266.0,6279.0,Cross,14.0,,False
V1,V1.xlsx,237,6280.0,6289.0,Jab,10.0,,False
V1,V1.xlsx,238,6290.0,6295.0,Jab,6.0,,False
V1,V1.xlsx,239,6296.0,6309.0,Cross,14.0,,False
V1,V1.xlsx,240,6310.0,6319.0,Jab,10.0,,False
V1,V1.xlsx,241,6320.0,6325.0,Jab,6.0,,False
V1,V1.xlsx,242,6326.0,6338.0,Cross,13.0,,False
V1,V1.xlsx,243,6339.0,6348.0,Jab,10.0,,False
V1,V1.xlsx,244,6349.0,6354.0,Jab,6.0,,False
V1,V1.xlsx,245,6355.0,6366.0,Cross,12.0,,False
V1,V1.xlsx,246,6369.0,6378.0,Jab,10.0,,False
V1,V1.xlsx,247,6379.0,6385.0,Jab,7.0,,False
V1,V1.xlsx,248,6389.0,6397.0,Cross,9.0,,False
V1,V1.xlsx,249,6399.0,6409.0,Jab,11.0,,False
V1,V1.xlsx,250,6410.0,6414.0,Jab,5.0,,False
V1,V1.xlsx,251,6415.0,6428.0,Cross,14.0,,False
V1,V1.xlsx,252,6429.0,6434.0,Jab,6.0,,False
V1,V1.xlsx,253,6435.0,6445.0,Jab,11.0,,False
V1,V1.xlsx,254,6446.0,6458.0,Cross,13.0,,False
V1,V1.xlsx,255,6459.0,6468.0,Jab,10.0,,False
V1,V1.xlsx,256,6469.0,6475.0,Jab,7.0,,False
V1,V1.xlsx,257,6476.0,6487.0,Cross,12.0,,False
V1,V1.xlsx,258,6489.0,6498.0,Jab,10.0,,False
V1,V1.xlsx,259,6499.0,6505.0,Jab,7.0,,False
V1,V1.xlsx,260,6506.0,6516.0,Cross,11.0,,False
V1,V1.xlsx,261,6519.0,6530.0,Jab,12.0,,False
V1,V1.xlsx,262,6531.0,6536.0,Jab,6.0,,False
V1,V1.xlsx,263,6537.0,6548.0,Cross,12.0,,False
V1,V1.xlsx,264,6550.0,6559.0,Jab,10.0,,False
V1,V1.xlsx,265,6560.0,6566.0,Jab,7.0,,False
V1,V1.xlsx,266,6567.0,6578.0,Cross,12.0,,False
V1,V1.xlsx,267,6579.0,6589.0,Jab,11.0,,False
V1,V1.xlsx,268,6590.0,6596.0,Jab,7.0,,False
V1,V1.xlsx,269,6597.0,6608.0,Cross,12.0,,False
V1,V1.xlsx,270,6609.0,6619.0,Jab,11.0,,False
V1,V1.xlsx,271,6620.0,6627.0,Jab,8.0,,False
V1,V1.xlsx,272,6628.0,6638.0,Cross,11.0,,False
V1,V1.xlsx,273,6640.0,6650.0,Jab,11.0,,False
V1,V1.xlsx,274,6651.0,6657.0,Jab,7.0,,False
V1,V1.xlsx,275,6658.0,6668.0,Cross,11.0,,False
V1,V1.xlsx,276,6672.0,6681.0,Jab,10.0,,False
V1,V1.xlsx,277,6682.0,6688.0,Jab,7.0,,False
V1,V1.xlsx,278,6689.0,6698.0,Cross,10.0,,False
V1,V1.xlsx,279,6702.0,6711.0,Jab,10.0,,False
V1,V1.xlsx,280,6712.0,6719.0,Jab,8.0,,False
V1,V1.xlsx,281,6720.0,6728.0,Cross,9.0,,False
V1,V1.xlsx,282,6732.0,6742.0,Jab,11.0,,False
V1,V1.xlsx,283,6743.0,6750.0,Jab,8.0,,False
V1,V1.xlsx,284,6751.0,6760.0,Cross,10.0,,False
V1,V1.xlsx,285,6763.0,6773.0,Jab,11.0,,False
V1,V1.xlsx,286,6774.0,6782.0,Jab,9.0,,False
V1,V1.xlsx,287,6783.0,6790.0,Cross,8.0,,False
V1,V1.xlsx,288,6794.0,6804.0,Jab,11.0,,False
V1,V1.xlsx,289,6805.0,6812.0,Jab,8.0,,False
V1,V1.xlsx,290,6813.0,6821.0,Cross,9.0,,False
V1,V1.xlsx,291,6824.0,6834.0,Jab,11.0,,False
V1,V1.xlsx,292,6835.0,6842.0,Jab,8.0,,False
V1,V1.xlsx,293,6843.0,6851.0,Cross,9.0,,False
V1,V1.xlsx,294,6856.0,6865.0,Jab,10.0,,False
V1,V1.xlsx,295,6866.0,6872.0,Jab,7.0,,False
V1,V1.xlsx,296,6873.0,6881.0,Cross,9.0,,False
V1,V1.xlsx,297,6884.0,6894.0,Jab,11.0,,False
V1,V1.xlsx,298,7005.0,7019.0,Cross,15.0,,False
V1,V1.xlsx,299,7037.0,7052.0,Jab,16.0,,False
V1,V1.xlsx,300,7066.0,7081.0,Cross,16.0,,False
V1,V1.xlsx,301,7099.0,7112.0,Jab,14.0,,False
V1,V1.xlsx,302,7128.0,7142.0,Cross,15.0,,False
V1,V1.xlsx,303,7160.0,7175.0,Jab,16.0,,False
V1,V1.xlsx,304,7190.0,7205.0,Cross,16.0,,False
V1,V1.xlsx,305,7222.0,7237.0,Jab,16.0,,False
V1,V1.xlsx,306,7257.0,7271.0,Cross,15.0,,False
V1,V1.xlsx,307,7287.0,7300.0,Jab,14.0,,False
V1,V1.xlsx,308,7321.0,7336.0,Cross,16.0,,False
V1,V1.xlsx,309,7353.0,7366.0,Jab,14.0,,False
V1,V1.xlsx,310,7385.0,7401.0,Cross,17.0,,False
V1,V1.xlsx,311,7418.0,7435.0,Jab,18.0,,False
V1,V1.xlsx,312,7452.0,7467.0,Cross,16.0,,False
V1,V1.xlsx,313,7485.0,7498.0,Jab,14.0,,False
V1,V1.xlsx,314,7550.0,7561.0,Jab,12.0,,False
V1,V1.xlsx,315,7582.0,7598.0,Cross,17.0,,False
V1,V1.xlsx,316,7616.0,7628.0,Jab,13.0,,False
V1,V1.xlsx,317,7659.0,7670.0,Jab,12.0,,False
V1,V1.xlsx,318,7671.0,7676.0,Jab,6.0,,False
V1,V1.xlsx,319,7677.0,7689.0,Cross,13.0,,False
V1,V1.xlsx,320,7692.0,7701.0,Jab,10.0,,False
V1,V1.xlsx,321,7702.0,7706.0,Jab,5.0,,False
V1,V1.xlsx,322,7707.0,7718.0,Cross,12.0,,False
V1,V1.xlsx,323,7721.0,7730.0,Jab,10.0,,False
V1,V1.xlsx,324,7731.0,7737.0,Jab,7.0,,False
V1,V1.xlsx,325,7738.0,7748.0,Cross,11.0,,False
V1,V1.xlsx,326,7753.0,7761.0,Jab,9.0,,False
V1,V1.xlsx,327,7762.0,7768.0,Jab,7.0,,False
V1,V1.xlsx,328,7769.0,7780.0,Cross,12.0,,False
V1,V1.xlsx,329,7782.0,7789.0,Jab,8.0,,False
V1,V1.xlsx,330,7790.0,7797.0,Jab,8.0,,False
V1,V1.xlsx,331,7798.0,7811.0,Cross,14.0,,False
V1,V1.xlsx,332,7813.0,7821.0,Jab,9.0,,False
V1,V1.xlsx,333,7822.0,7827.0,Jab,6.0,,False
V1,V1.xlsx,334,7828.0,7840.0,Cross,13.0,,False
V1,V1.xlsx,335,7841.0,7849.0,Jab,9.0,,False
V1,V1.xlsx,336,7850.0,7856.0,Jab,7.0,,False
V1,V1.xlsx,337,7857.0,7869.0,Cross,13.0,,False
V1,V1.xlsx,338,7870.0,7880.0,Jab,11.0,,False
V1,V1.xlsx,339,7881.0,7887.0,Jab,7.0,,False
V1,V1.xlsx,340,7888.0,7899.0,Cross,12.0,,False
V1,V1.xlsx,341,7901.0,7910.0,Jab,10.0,,False
V1,V1.xlsx,342,7911.0,7917.0,Jab,7.0,,False
V1,V1.xlsx,343,7918.0,7930.0,Cross,13.0,,False
V1,V1.xlsx,344,7933.0,7942.0,Jab,10.0,,False
V1,V1.xlsx,345,7943.0,7949.0,Jab,7.0,,False
V1,V1.xlsx,346,7950.0,7960.0,Cross,11.0,,False
V1,V1.xlsx,347,7961.0,7970.0,Jab,10.0,,False
V1,V1.xlsx,348,7971.0,7978.0,Jab,8.0,,False
V1,V1.xlsx,349,7979.0,7990.0,Cross,12.0,,False
V1,V1.xlsx,350,7992.0,8001.0,Jab,10.0,,False
V1,V1.xlsx,351,8002.0,8008.0,Jab,7.0,,False
V1,V1.xlsx,352,8009.0,8021.0,Cross,13.0,,False
V1,V1.xlsx,353,8023.0,8031.0,Jab,9.0,,False
V1,V1.xlsx,354,8032.0,8038.0,Jab,7.0,,False
V1,V1.xlsx,355,8039.0,8050.0,Cross,12.0,,False
V1,V1.xlsx,356,8054.0,8063.0,Jab,10.0,,False
V1,V1.xlsx,357,8064.0,8070.0,Jab,7.0,,False
V1,V1.xlsx,358,8071.0,8080.0,Cross,10.0,,False
V1,V1.xlsx,359,8084.0,8093.0,Jab,10.0,,False
V1,V1.xlsx,360,8094.0,8099.0,Jab,6.0,,False
V1,V1.xlsx,361,8100.0,8114.0,Cross,15.0,,False
V1,V1.xlsx,362,8115.0,8123.0,Jab,9.0,,False
V1,V1.xlsx,363,8124.0,8130.0,Jab,7.0,,False
V1,V1.xlsx,364,8131.0,8141.0,Cross,11.0,,False
V1,V1.xlsx,365,8143.0,8153.0,Jab,11.0,,False
V1,V1.xlsx,366,8154.0,8160.0,Jab,7.0,,False
V1,V1.xlsx,367,8161.0,8173.0,Cross,13.0,,False
V1,V1.xlsx,368,8175.0,8185.0,Jab,11.0,,False
V1,V1.xlsx,369,8186.0,8191.0,Jab,6.0,,False
V1,V1.xlsx,370,8192.0,8203.0,Cross,12.0,,False
V1,V1.xlsx,371,8206.0,8215.0,Jab,10.0,,False
V1,V1.xlsx,372,8216.0,8222.0,Jab,7.0,,False
V1,V1.xlsx,373,8223.0,8234.0,Cross,12.0,,False
V1,V1.xlsx,374,8239.0,8248.0,Jab,10.0,,False
V1,V1.xlsx,375,8249.0,8255.0,Jab,7.0,,False
V1,V1.xlsx,376,8256.0,8265.0,Cross,10.0,,False
V1,V1.xlsx,377,8271.0,8280.0,Jab,10.0,,False
V1,V1.xlsx,378,8281.0,8287.0,Jab,7.0,,False
V1,V1.xlsx,379,8288.0,8298.0,Cross,11.0,,False
V1,V1.xlsx,380,8302.0,8311.0,Jab,10.0,,False
V1,V1.xlsx,381,8312.0,8318.0,Jab,7.0,,False
V1,V1.xlsx,382,8319.0,8328.0,Cross,10.0,,False
V1,V1.xlsx,383,8333.0,8342.0,Jab,10.0,,False
V1,V1.xlsx,384,8343.0,8348.0,Jab,6.0,,False
V1,V1.xlsx,385,8349.0,8358.0,Cross,10.0,,False
V1,V1.xlsx,386,8363.0,8372.0,Jab,10.0,,False
V1,V1.xlsx,387,8373.0,8379.0,Jab,7.0,,False
V1,V1.xlsx,388,8380.0,8389.0,Cross,10.0,,False
V1,V1.xlsx,389,8395.0,8404.0,Jab,10.0,,False
V1,V1.xlsx,390,8405.0,8412.0,Jab,8.0,,False
V1,V1.xlsx,391,8413.0,8425.0,Cross,13.0,,False
V1,V1.xlsx,392,8428.0,8437.0,Jab,10.0,,False
V1,V1.xlsx,393,8438.0,8444.0,Jab,7.0,,False
V1,V1.xlsx,394,8445.0,8454.0,Cross,10.0,,False
V1,V1.xlsx,395,8459.0,8468.0,Jab,10.0,,False
V1,V1.xlsx,396,8469.0,8475.0,Jab,7.0,,False
V1,V1.xlsx,397,8476.0,8486.0,Cross,11.0,,False
V1,V1.xlsx,398,8490.0,8500.0,Jab,11.0,,False
V1,V1.xlsx,399,8501.0,8506.0,Jab,6.0,,False
V1,V1.xlsx,400,8507.0,8516.0,Cross,10.0,,False
V1,V1.xlsx,401,8520.0,8530.0,Jab,11.0,,False
V1,V1.xlsx,402,8531.0,8537.0,Jab,7.0,,False
V1,V1.xlsx,403,8538.0,8546.0,Cross,9.0,,False
V1,V1.xlsx,404,8551.0,8560.0,Jab,10.0,,False
V1,V1.xlsx,405,8561.0,8568.0,Jab,8.0,,False
V1,V1.xlsx,406,8569.0,8577.0,Cross,9.0,,False
V1,V1.xlsx,407,8581.0,8592.0,Jab,12.0,,False
V1,V1.xlsx,408,8593.0,8600.0,Jab,8.0,,False
V1,V1.xlsx,409,8601.0,8608.0,Cross,8.0,,False
V1,V1.xlsx,410,8613.0,8623.0,Jab,11.0,,False
V1,V1.xlsx,411,8624.0,8631.0,Jab,8.0,,False
V1,V1.xlsx,412,8632.0,8639.0,Cross,8.0,,False
V1,V1.xlsx,413,8645.0,8655.0,Jab,11.0,,False
V1,V1.xlsx,414,8656.0,8664.0,Jab,9.0,,False
V1,V1.xlsx,415,8665.0,8672.0,Cross,8.0,,False
V1,V1.xlsx,416,8677.0,8686.0,Jab,10.0,,False
V1,V1.xlsx,417,8687.0,8694.0,Jab,8.0,,False
V1,V1.xlsx,418,8695.0,8703.0,Cross,9.0,,False
V1,V1.xlsx,419,8708.0,8717.0,Jab,10.0,,False
V1,V1.xlsx,420,8718.0,8725.0,Jab,8.0,,False
V1,V1.xlsx,421,8726.0,8734.0,Cross,9.0,,False
V1,V1.xlsx,422,8739.0,8748.0,Jab,10.0,,False
V1,V1.xlsx,423,8749.0,8756.0,Jab,8.0,,False
V1,V1.xlsx,424,8757.0,8765.0,Cross,9.0,,False
V1,V1.xlsx,425,8770.0,8779.0,Jab,10.0,,False
V1,V1.xlsx,426,8780.0,8788.0,Jab,9.0,,False
V1,V1.xlsx,427,8789.0,8798.0,Cross,10.0,,False
V1,V1.xlsx,428,8803.0,8812.0,Jab,10.0,,False
V1,V1.xlsx,429,8813.0,8820.0,Jab,8.0,,False
V1,V1.xlsx,430,8821.0,8829.0,Cross,9.0,,False
V1,V1.xlsx,431,8834.0,8843.0,Jab,10.0,,False
V1,V1.xlsx,432,8844.0,8851.0,Jab,8.0,,False
V1,V1.xlsx,433,8852.0,8862.0,Cross,11.0,,False
V1,V1.xlsx,434,8866.0,8875.0,Jab,10.0,,False
V1,V1.xlsx,435,8876.0,8883.0,Jab,8.0,,False
V1,V1.xlsx,436,8884.0,8894.0,Cross,11.0,,False
V1,V1.xlsx,437,8898.0,8906.0,Jab,9.0,,False
V1,V1.xlsx,438,8907.0,8914.0,Jab,8.0,,False
V1,V1.xlsx,439,8915.0,8924.0,Cross,10.0,,False
V1,V1.xlsx,440,8927.0,8937.0,Jab,11.0,,False
V1,V1.xlsx,441,8938.0,8945.0,Jab,8.0,,False
V1,V1.xlsx,442,8946.0,8955.0,Cross,10.0,,False
V1,V1.xlsx,443,8959.0,8968.0,Jab,10.0,,False
V1,V1.xlsx,444,8969.0,8976.0,Jab,8.0,,False
V1,V1.xlsx,445,8977.0,8987.0,Cross,11.0,,False
V1,V1.xlsx,446,8990.0,8999.0,Jab,10.0,,False
V1,V1.xlsx,447,9000.0,9007.0,Jab,8.0,,False
V1,V1.xlsx,448,9008.0,9017.0,Cross,10.0,,False
V1,V1.xlsx,449,9020.0,9030.0,Jab,11.0,,False
V1,V1.xlsx,450,9031.0,9037.0,Jab,7.0,,False
V1,V1.xlsx,451,9038.0,9049.0,Cross,12.0,,False
V1,V1.xlsx,452,9053.0,9062.0,Jab,10.0,,False
V1,V1.xlsx,453,9063.0,9069.0,Jab,7.0,,False
V1,V1.xlsx,454,9070.0,9080.0,Cross,11.0,,False
V1,V1.xlsx,455,9115.0,9123.0,Cross,9.0,,False
V1,V1.xlsx,456,9141.0,9154.0,Jab,14.0,,False
V1,V1.xlsx,457,9175.0,9194.0,Cross,20.0,,False
V1,V1.xlsx,458,9208.0,9223.0,Jab,16.0,,False
V1,V1.xlsx,459,9242.0,9261.0,Cross,20.0,,False
V1,V1.xlsx,460,9273.0,9295.0,Jab,23.0,,False
V1,V1.xlsx,461,9309.0,9330.0,Cross,22.0,,False
V1,V1.xlsx,462,9341.0,9359.0,Jab,19.0,,False
V1,V1.xlsx,463,9375.0,9399.0,Cross,25.0,,False
V1,V1.xlsx,464,9410.0,9430.0,Jab,21.0,,False
V1,V1.xlsx,465,9445.0,9468.0,Cross,24.0,,False
V1,V1.xlsx,466,9481.0,9496.0,Jab,16.0,,False
V1,V1.xlsx,467,9515.0,9537.0,Cross,23.0,,False
V1,V1.xlsx,468,9548.0,9569.0,Jab,22.0,,False
V1,V1.xlsx,469,9585.0,9606.0,Cross,22.0,,False
V1,V1.xlsx,470,9616.0,9633.0,Jab,18.0,,False
V1,V1.xlsx,471,9653.0,9673.0,Cross,21.0,,False
V1,V1.xlsx,472,9684.0,9703.0,Jab,20.0,,False
V1,V1.xlsx,473,9720.0,9741.0,Cross,22.0,,False
V1,V1.xlsx,474,9753.0,9771.0,Jab,19.0,,False
V1,V1.xlsx,475,9789.0,9807.0,Cross,19.0,,False
V1,V1.xlsx,476,10665.0,10679.0,Cross,15.0,,False
V1,V1.xlsx,477,10680.0,10685.0,Jab,6.0,,False
V1,V1.xlsx,478,10686.0,10696.0,Cross,11.0,,False
V1,V1.xlsx,479,10705.0,10714.0,Cross,10.0,,False
V1,V1.xlsx,480,10714.0,10720.0,Lead Uppercut,7.0,,False
V1,V1.xlsx,481,10721.0,10730.0,Cross,10.0,,False
V1,V1.xlsx,482,10742.0,10750.0,Cross,9.0,,False
V1,V1.xlsx,483,10750.0,10757.0,Lead Uppercut,8.0,,False
V1,V1.xlsx,484,10758.0,10767.0,Cross,10.0,,False
V1,V1.xlsx,485,10775.0,10783.0,Cross,9.0,,False
V1,V1.xlsx,486,10783.0,10790.0,Lead Uppercut,8.0,,False
V1,V1.xlsx,487,10791.0,10800.0,Cross,10.0,,False
V1,V1.xlsx,488,10806.0,10816.0,Cross,11.0,,False
V1,V1.xlsx,489,10816.0,10823.0,Lead Uppercut,8.0,,False
V1,V1.xlsx,490,10824.0,10832.0,Cross,9.0,,False
V1,V1.xlsx,491,10837.0,10847.0,Cross,11.0,,False
V1,V1.xlsx,492,10848.0,10854.0,Lead Uppercut,7.0,,False
V1,V1.xlsx,493,10855.0,10864.0,Cross,10.0,,False
V1,V1.xlsx,494,10865.0,10879.0,Cross,15.0,,False
V1,V1.xlsx,495,10879.0,10886.0,Lead Uppercut,8.0,,False
V1,V1.xlsx,496,10887.0,10896.0,Cross,10.0,,False
V1,V1.xlsx,497,10902.0,10911.0,Cross,10.0,,False
V1,V1.xlsx,498,10911.0,10919.0,Lead Uppercut,9.0,,False
V1,V1.xlsx,499,10920.0,10927.0,Cross,8.0,,False
V1,V1.xlsx,500,10937.0,10943.0,Cross,7.0,,False
V1,V1.xlsx,501,10944.0,10951.0,Lead Uppercut,8.0,,False
V1,V1.xlsx,502,10952.0,10960.0,Cross,9.0,,False
V1,V1.xlsx,503,10970.0,10978.0,Cross,9.0,,False
V1,V1.xlsx,504,10979.0,10985.0,Lead Uppercut,7.0,,False
V1,V1.xlsx,505,10986.0,10994.0,Cross,9.0,,False
V1,V1.xlsx,506,11001.0,11009.0,Cross,9.0,,False
V1,V1.xlsx,507,11010.0,11016.0,Lead Uppercut,7.0,,False
V1,V1.xlsx,508,11017.0,11025.0,Cross,9.0,,False
V1,V1.xlsx,509,11034.0,11042.0,Cross,9.0,,False
V1,V1.xlsx,510,11043.0,11049.0,Lead Uppercut,7.0,,False
V1,V1.xlsx,511,11050.0,11059.0,Cross,10.0,,False
V1,V1.xlsx,512,11068.0,11075.0,Cross,8.0,,False
V1,V1.xlsx,513,11076.0,11082.0,Lead Uppercut,7.0,,False
V1,V1.xlsx,514,11083.0,11094.0,Cross,12.0,,False
V1,V1.xlsx,515,11101.0,11110.0,Cross,10.0,,False
V1,V1.xlsx,516,11110.0,11117.0,Lead Uppercut,8.0,,False
V1,V1.xlsx,517,11118.0,11127.0,cross,10.0,,False
V1,V1.xlsx,518,11136.0,11144.0,Cross,9.0,,False
V1,V1.xlsx,519,11144.0,11151.0,Lead Uppercut,8.0,,False
V1,V1.xlsx,520,11152.0,11162.0,Cross,11.0,,False
V1,V1.xlsx,521,11170.0,11178.0,Cross,9.0,,False
V1,V1.xlsx,522,11179.0,11186.0,Lead Uppercut,8.0,,False
V1,V1.xlsx,523,11187.0,11197.0,Cross,11.0,,False
V1,V1.xlsx,524,11203.0,11212.0,Cross,10.0,,False
V1,V1.xlsx,525,11212.0,11218.0,Lead Uppercut,7.0,,False
V1,V1.xlsx,526,11219.0,11228.0,Cross,10.0,,False
V1,V1.xlsx,527,11238.0,11246.0,Cross,9.0,,False
V1,V1.xlsx,528,11247.0,11253.0,Lead Uppercut,7.0,,False
V1,V1.xlsx,529,11254.0,11263.0,Cross,10.0,,False
V1,V1.xlsx,530,11273.0,11282.0,Cross,10.0,,False
V1,V1.xlsx,531,11283.0,11289.0,Lead Uppercut,7.0,,False
V1,V1.xlsx,532,11290.0,11299.0,Cross,10.0,,False
V1,V1.xlsx,533,11309.0,11317.0,Cross,9.0,,False
V1,V1.xlsx,534,11318.0,11325.0,Lead Uppercut,8.0,,False
V1,V1.xlsx,535,11326.0,11337.0,Cross,12.0,,False
V1,V1.xlsx,536,11347.0,11354.0,Cross,8.0,,False
V1,V1.xlsx,537,11355.0,11361.0,Lead Uppercut,7.0,,False
V1,V1.xlsx,538,11362.0,11373.0,Cross,12.0,,False
V1,V1.xlsx,539,11384.0,11391.0,Cross,8.0,,False
V1,V1.xlsx,540,11391.0,11398.0,Lead Uppercut,8.0,,False
V1,V1.xlsx,541,11399.0,11409.0,Cross,11.0,,False
V1,V1.xlsx,542,11419.0,11428.0,Cross,10.0,,False
V1,V1.xlsx,543,11428.0,11435.0,Lead Uppercut,8.0,,False
V1,V1.xlsx,544,11436.0,11446.0,Cross,11.0,,False
V1,V1.xlsx,545,11456.0,11466.0,Cross,11.0,,False
V1,V1.xlsx,546,11467.0,11472.0,Lead Uppercut,6.0,,False
V1,V1.xlsx,547,11473.0,11483.0,Cross,11.0,,False
V1,V1.xlsx,548,11496.0,11504.0,Cross,9.0,,False
V1,V1.xlsx,549,11505.0,11511.0,Lead Uppercut,7.0,,False
V1,V1.xlsx,550,11512.0,11522.0,Cross,11.0,,False
V1,V1.xlsx,551,11533.0,11541.0,Cross,9.0,,False
V1,V1.xlsx,552,11542.0,11549.0,Lead Uppercut,8.0,,False
V1,V1.xlsx,553,11550.0,11559.0,Cross,10.0,,False
V1,V1.xlsx,554,11571.0,11579.0,Cross,9.0,,False
V1,V1.xlsx,555,11580.0,11586.0,Lead Uppercut,7.0,,False
V1,V1.xlsx,556,11587.0,11596.0,Cross,10.0,,False
V1,V1.xlsx,557,11608.0,11616.0,Cross,9.0,,False
V1,V1.xlsx,558,11617.0,11623.0,Lead Uppercut,7.0,,False
V1,V1.xlsx,559,11624.0,11632.0,Cross,9.0,,False
V1,V1.xlsx,560,11647.0,11654.0,Cross,8.0,,False
V1,V1.xlsx,561,11655.0,11662.0,Lead Uppercut,8.0,,False
V1,V1.xlsx,562,11663.0,11673.0,Cross,11.0,,False
V1,V1.xlsx,563,11685.0,11693.0,Cross,9.0,,False
V1,V1.xlsx,564,11694.0,11700.0,Lead Uppercut,7.0,,False
V1,V1.xlsx,565,11701.0,11710.0,Cross,10.0,,False
V1,V1.xlsx,566,11724.0,11732.0,Cross,9.0,,False
V1,V1.xlsx,567,11733.0,11739.0,Lead Uppercut,7.0,,False
V1,V1.xlsx,568,11740.0,11749.0,Cross,10.0,,False
V1,V1.xlsx,569,11761.0,11771.0,Cross,11.0,,False
V1,V1.xlsx,570,11772.0,11779.0,Lead Uppercut,8.0,,False
V1,V1.xlsx,571,11780.0,11790.0,Cross,11.0,,False
V1,V1.xlsx,572,11802.0,11812.0,Cross,11.0,,False
V1,V1.xlsx,573,11813.0,11819.0,Lead Uppercut,7.0,,False
V1,V1.xlsx,574,11820.0,11830.0,Cross,11.0,,False
V1,V1.xlsx,575,11842.0,11851.0,Cross,10.0,,False
V1,V1.xlsx,576,11852.0,11858.0,Lead Uppercut,7.0,,False
V1,V1.xlsx,577,11859.0,11870.0,Cross,12.0,,False
V1,V1.xlsx,578,11882.0,11892.0,Cross,11.0,,False
V1,V1.xlsx,579,11893.0,11899.0,Lead Uppercut,7.0,,False
V1,V1.xlsx,580,11900.0,11910.0,Cross,11.0,,False
V1,V1.xlsx,581,11924.0,11932.0,Cross,9.0,,False
V1,V1.xlsx,582,11933.0,11938.0,Lead Uppercut,6.0,,False
V1,V1.xlsx,583,11939.0,11949.0,Cross,11.0,,False
V1,V1.xlsx,584,11962.0,11972.0,Cross,11.0,,False
V1,V1.xlsx,585,11973.0,11978.0,Lead Uppercut,6.0,,False
V1,V1.xlsx,586,11979.0,11989.0,Cross,11.0,,False
V1,V1.xlsx,587,12002.0,12012.0,Cross,11.0,,False
V1,V1.xlsx,588,12013.0,12018.0,Lead Uppercut,6.0,,False
V1,V1.xlsx,589,12019.0,12029.0,Cross,11.0,,False
V1,V1.xlsx,590,12040.0,12051.0,Cross,12.0,,False
V1,V1.xlsx,591,12052.0,12057.0,Lead Uppercut,6.0,,False
V1,V1.xlsx,592,12058.0,12068.0,Cross,11.0,,False
V1,V1.xlsx,593,12079.0,12088.0,Cross,10.0,,False
V1,V1.xlsx,594,12089.0,12095.0,Lead Uppercut,7.0,,False
V1,V1.xlsx,595,12096.0,12107.0,Cross,12.0,,False
V1,V1.xlsx,596,12836.0,12846.0,Cross,11.0,,False
V1,V1.xlsx,597,12846.0,12852.0,Lead Uppercut,7.0,,False
V1,V1.xlsx,598,12853.0,12863.0,Cross,11.0,,False
V1,V1.xlsx,599,12871.0,12879.0,Cross,9.0,,False
V1,V1.xlsx,600,12879.0,12884.0,Lead Uppercut,6.0,,False
V1,V1.xlsx,601,12885.0,12895.0,Cross,11.0,,False
V1,V1.xlsx,602,12902.0,12909.0,Cross,8.0,,False
V1,V1.xlsx,603,12910.0,12915.0,Lead Uppercut,6.0,,False
V1,V1.xlsx,604,12916.0,12926.0,Cross,11.0,,False
V1,V1.xlsx,605,12934.0,12942.0,Cross,9.0,,False
V1,V1.xlsx,606,12943.0,12948.0,Lead Uppercut,6.0,,False
V1,V1.xlsx,607,12949.0,12959.0,Cross,11.0,,False
V1,V1.xlsx,608,12967.0,12976.0,Cross,10.0,,False
V1,V1.xlsx,609,12977.0,12982.0,Lead Uppercut,6.0,,False
V1,V1.xlsx,610,12983.0,12993.0,Cross,11.0,,False
V1,V1.xlsx,611,13000.0,13008.0,Cross,9.0,,False
V1,V1.xlsx,612,13009.0,13014.0,Lead Uppercut,6.0,,False
V1,V1.xlsx,613,13015.0,13025.0,Cross,11.0,,False
V1,V1.xlsx,614,13032.0,13041.0,Cross,10.0,,False
V1,V1.xlsx,615,13042.0,13047.0,Lead Uppercut,6.0,,False
V1,V1.xlsx,616,13048.0,13058.0,Cross,11.0,,False
V1,V1.xlsx,617,13064.0,13073.0,Cross,10.0,,False
V1,V1.xlsx,618,13074.0,13080.0,Lead Uppercut,7.0,,False
V1,V1.xlsx,619,13081.0,13091.0,Cross,11.0,,False
V1,V1.xlsx,620,13098.0,13106.0,Cross,9.0,,False
V1,V1.xlsx,621,13106.0,13112.0,Lead Uppercut,7.0,,False
V1,V1.xlsx,622,13113.0,13123.0,Cross,11.0,,False
V1,V1.xlsx,623,13130.0,13138.0,Cross,9.0,,False
V1,V1.xlsx,624,13139.0,13145.0,Lead Uppercut,7.0,,False
V1,V1.xlsx,625,13146.0,13156.0,Cross,11.0,,False
V1,V1.xlsx,626,13164.0,13172.0,Cross,9.0,,False
V1,V1.xlsx,627,13173.0,13179.0,Lead Uppercut,7.0,,False
V1,V1.xlsx,628,13180.0,13190.0,Cross,11.0,,False
V1,V1.xlsx,629,13197.0,13206.0,Cross,10.0,,False
V1,V1.xlsx,630,13207.0,13213.0,Lead Uppercut,7.0,,False
V1,V1.xlsx,631,13214.0,13224.0,Cross,11.0,,False
V1,V1.xlsx,632,13233.0,13241.0,Cross,9.0,,False
V1,V1.xlsx,633,13242.0,13248.0,Lead Uppercut,7.0,,False
V1,V1.xlsx,634,13249.0,13258.0,Cross,10.0,,False
V1,V1.xlsx,635,13267.0,13275.0,Cross,9.0,,False
V1,V1.xlsx,636,13276.0,13282.0,Lead Uppercut,7.0,,False
V1,V1.xlsx,637,13283.0,13292.0,Cross,10.0,,False
V1,V1.xlsx,638,13302.0,13310.0,Cross,9.0,,False
V1,V1.xlsx,639,13311.0,13317.0,Lead Uppercut,7.0,,False
V1,V1.xlsx,640,13318.0,13328.0,Cross,11.0,,False
V1,V1.xlsx,641,13336.0,13343.0,Cross,8.0,,False
V1,V1.xlsx,642,13344.0,13350.0,Lead Uppercut,7.0,,False
V1,V1.xlsx,643,13351.0,13361.0,Cross,11.0,,False
V1,V1.xlsx,644,13370.0,13378.0,Cross,9.0,,False
V1,V1.xlsx,645,13379.0,13385.0,Lead Uppercut,7.0,,False
V1,V1.xlsx,646,13386.0,13396.0,Cross,11.0,,False
V1,V1.xlsx,647,13404.0,13413.0,Cross,10.0,,False
V1,V1.xlsx,648,13414.0,13420.0,Lead Uppercut,7.0,,False
V1,V1.xlsx,649,13421.0,13431.0,Cross,11.0,,False
V1,V1.xlsx,650,13439.0,13448.0,Cross,10.0,,False
V1,V1.xlsx,651,13449.0,13455.0,Lead Uppercut,7.0,,False
V1,V1.xlsx,652,13456.0,13466.0,Cross,11.0,,False
V1,V1.xlsx,653,13475.0,13485.0,Cross,11.0,,False
V1,V1.xlsx,654,13486.0,13492.0,Lead Uppercut,7.0,,False
V1,V1.xlsx,655,13493.0,13503.0,Cross,11.0,,False
V1,V1.xlsx,656,13512.0,13521.0,Cross,10.0,,False
V1,V1.xlsx,657,13522.0,13528.0,Lead Uppercut,7.0,,False
V1,V1.xlsx,658,13529.0,13538.0,Cross,10.0,,False
V1,V1.xlsx,659,13548.0,13557.0,Cross,10.0,,False
V1,V1.xlsx,660,13558.0,13564.0,Lead Uppercut,7.0,,False
V1,V1.xlsx,661,13565.0,13575.0,Cross,11.0,,False
V1,V1.xlsx,662,13587.0,13595.0,Cross,9.0,,False
V1,V1.xlsx,663,13596.0,13602.0,Lead Uppercut,7.0,,False
V1,V1.xlsx,664,13603.0,13613.0,Cross,11.0,,False
V1,V1.xlsx,665,13624.0,13633.0,Cross,10.0,,False
V1,V1.xlsx,666,13634.0,13639.0,Lead Uppercut,6.0,,False
V1,V1.xlsx,667,13640.0,13650.0,Cross,11.0,,False
V1,V1.xlsx,668,13660.0,13669.0,Cross,10.0,,False
V1,V1.xlsx,669,13670.0,13675.0,Lead Uppercut,6.0,,False
V1,V1.xlsx,670,13676.0,13686.0,Cross,11.0,,False
V1,V1.xlsx,671,13698.0,13706.0,Cross,9.0,,False
V1,V1.xlsx,672,13707.0,13713.0,Lead Uppercut,7.0,,False
V1,V1.xlsx,673,13714.0,13724.0,Cross,11.0,,False
V1,V1.xlsx,674,13736.0,13744.0,Cross,9.0,,False
V1,V1.xlsx,675,13745.0,13750.0,Lead Uppercut,6.0,,False
V1,V1.xlsx,676,13751.0,13761.0,Cross,11.0,,False
V1,V1.xlsx,677,13772.0,13781.0,Cross,10.0,,False
V1,V1.xlsx,678,13782.0,13788.0,Lead Uppercut,7.0,,False
V1,V1.xlsx,679,13789.0,13799.0,Cross,11.0,,False
V1,V1.xlsx,680,13810.0,13819.0,Cross,10.0,,False
V1,V1.xlsx,681,13820.0,13826.0,Lead Uppercut,7.0,,False
V1,V1.xlsx,682,13827.0,13837.0,Cross,11.0,,False
V1,V1.xlsx,683,13849.0,13859.0,Cross,11.0,,False
V1,V1.xlsx,684,13860.0,13865.0,Lead Uppercut,6.0,,False
V1,V1.xlsx,685,13866.0,13876.0,Cross,11.0,,False
V1,V1.xlsx,686,13888.0,13898.0,Cross,11.0,,False
V1,V1.xlsx,687,13899.0,13904.0,Lead Uppercut,6.0,,False
V1,V1.xlsx,688,13905.0,13915.0,Cross,11.0,,False
V1,V1.xlsx,689,13927.0,13937.0,Cross,11.0,,False
V1,V1.xlsx,690,13938.0,13943.0,Lead Uppercut,6.0,,False
V1,V1.xlsx,691,13944.0,13955.0,Cross,12.0,,False
V1,V1.xlsx,692,13965.0,13976.0,Cross,12.0,,False
V1,V1.xlsx,693,13977.0,13982.0,Lead Uppercut,6.0,,False
V1,V1.xlsx,694,13983.0,13994.0,Cross,12.0,,False
V1,V1.xlsx,695,14004.0,14015.0,Cross,12.0,,False
V1,V1.xlsx,696,14016.0,14021.0,Lead Uppercut,6.0,,False
V1,V1.xlsx,697,14022.0,14033.0,Cross,12.0,,False
V1,V1.xlsx,698,14044.0,14054.0,Cross,11.0,,False
V1,V1.xlsx,699,14055.0,14060.0,Lead Uppercut,6.0,,False
V1,V1.xlsx,700,14061.0,14073.0,Cross,13.0,,False
V1,V1.xlsx,701,14083.0,14094.0,Cross,12.0,,False
V1,V1.xlsx,702,14095.0,14100.0,Lead Uppercut,6.0,,False
V1,V1.xlsx,703,14101.0,14111.0,Cross,11.0,,False
V1,V1.xlsx,704,14123.0,14131.0,Cross,9.0,,False
V1,V1.xlsx,705,14132.0,14138.0,Lead Uppercut,7.0,,False
V1,V1.xlsx,706,14139.0,14150.0,Cross,12.0,,False
V1,V1.xlsx,707,14161.0,14170.0,Cross,10.0,,False
V1,V1.xlsx,708,14171.0,14177.0,Lead Uppercut,7.0,,False
V1,V1.xlsx,709,14178.0,14188.0,Cross,11.0,,False
V1,V1.xlsx,710,14199.0,14210.0,Cross,12.0,,False
V1,V1.xlsx,711,14211.0,14216.0,Lead Uppercut,6.0,,False
V1,V1.xlsx,712,14217.0,14228.0,Cross,12.0,,False
V1,V1.xlsx,713,14239.0,14250.0,Cross,12.0,,False
V1,V1.xlsx,714,14251.0,14257.0,Lead Uppercut,7.0,,False
V1,V1.xlsx,715,14258.0,14269.0,Cross,12.0,,False
V1,V1.xlsx,716,15029.0,15039.0,Cross,11.0,,False
V1,V1.xlsx,717,15040.0,15045.0,Lead Uppercut,6.0,,False
V1,V1.xlsx,718,15046.0,15056.0,Cross,11.0,,False
V1,V1.xlsx,719,15064.0,15074.0,Cross,11.0,,False
V1,V1.xlsx,720,15075.0,15080.0,Lead Uppercut,6.0,,False
V1,V1.xlsx,721,15081.0,15091.0,Cross,11.0,,False
V1,V1.xlsx,722,15098.0,15107.0,Cross,10.0,,False
V1,V1.xlsx,723,15108.0,15112.0,Lead Uppercut,5.0,,False
V1,V1.xlsx,724,15113.0,15123.0,Cross,11.0,,False
V1,V1.xlsx,725,15131.0,15140.0,Cross,10.0,,False
V1,V1.xlsx,726,15141.0,15146.0,Lead Uppercut,6.0,,False
V1,V1.xlsx,727,15147.0,15157.0,Cross,11.0,,False
V1,V1.xlsx,728,15163.0,15172.0,Cross,10.0,,False
V1,V1.xlsx,729,15173.0,15179.0,Lead Uppercut,7.0,,False
V1,V1.xlsx,730,15180.0,15188.0,Cross,9.0,,False
V1,V1.xlsx,731,15197.0,15206.0,Cross,10.0,,False
V1,V1.xlsx,732,15207.0,15212.0,Lead Uppercut,6.0,,False
V1,V1.xlsx,733,15213.0,15223.0,Cross,11.0,,False
V1,V1.xlsx,734,15230.0,15239.0,Cross,10.0,,False
V1,V1.xlsx,735,15240.0,15245.0,Lead Uppercut,6.0,,False
V1,V1.xlsx,736,15246.0,15256.0,Cross,11.0,,False
V1,V1.xlsx,737,15265.0,15273.0,Cross,9.0,,False
V1,V1.xlsx,738,15274.0,15279.0,Lead Uppercut,6.0,,False
V1,V1.xlsx,739,15280.0,15290.0,Cross,11.0,,False
V1,V1.xlsx,740,15298.0,15306.0,Cross,9.0,,False
V1,V1.xlsx,741,15307.0,15313.0,Lead Uppercut,7.0,,False
V1,V1.xlsx,742,15314.0,15322.0,Cross,9.0,,False
V1,V1.xlsx,743,15331.0,15339.0,Cross,9.0,,False
V1,V1.xlsx,744,15340.0,15346.0,Lead Uppercut,7.0,,False
V1,V1.xlsx,745,15347.0,15357.0,Cross,11.0,,False
V1,V1.xlsx,746,15363.0,15373.0,Cross,11.0,,False
V1,V1.xlsx,747,15374.0,15380.0,Lead Uppercut,7.0,,False
V1,V1.xlsx,748,15381.0,15391.0,Cross,11.0,,False
V1,V1.xlsx,749,15398.0,15408.0,Cross,11.0,,False
V1,V1.xlsx,750,15409.0,15413.0,Lead Uppercut,5.0,,False
V1,V1.xlsx,751,15414.0,15424.0,Cross,11.0,,False
V1,V1.xlsx,752,15432.0,15442.0,Cross,11.0,,False
V1,V1.xlsx,753,15443.0,15448.0,Lead Uppercut,6.0,,False
V1,V1.xlsx,754,15449.0,15459.0,Cross,11.0,,False
V1,V1.xlsx,755,15466.0,15476.0,Cross,11.0,,False
V1,V1.xlsx,756,15477.0,15483.0,Lead Uppercut,7.0,,False
V1,V1.xlsx,757,15484.0,15494.0,Cross,11.0,,False
V1,V1.xlsx,758,15501.0,15510.0,Cross,10.0,,False
V1,V1.xlsx,759,15511.0,15517.0,Lead Uppercut,7.0,,False
V1,V1.xlsx,760,15518.0,15528.0,Cross,11.0,,False
V1,V1.xlsx,761,15534.0,15544.0,Cross,11.0,,False
V1,V1.xlsx,762,15545.0,15550.0,Lead Uppercut,6.0,,False
V1,V1.xlsx,763,15551.0,15561.0,Cross,11.0,,False
V1,V1.xlsx,764,15568.0,15577.0,Cross,10.0,,False
V1,V1.xlsx,765,15578.0,15583.0,Lead Uppercut,6.0,,False
V1,V1.xlsx,766,15584.0,15594.0,Cross,11.0,,False
V1,V1.xlsx,767,15601.0,15611.0,Cross,11.0,,False
V1,V1.xlsx,768,15612.0,15617.0,Lead Uppercut,6.0,,False
V1,V1.xlsx,769,15618.0,15628.0,Cross,11.0,,False
V1,V1.xlsx,770,15635.0,15644.0,Cross,10.0,,False
V1,V1.xlsx,771,15645.0,15650.0,Lead Uppercut,6.0,,False
V1,V1.xlsx,772,15651.0,15661.0,Cross,11.0,,False
V1,V1.xlsx,773,15668.0,15678.0,Cross,11.0,,False
V1,V1.xlsx,774,15679.0,15683.0,Lead Uppercut,5.0,,False
V1,V1.xlsx,775,15684.0,15695.0,Cross,12.0,,False
V1,V1.xlsx,776,15702.0,15712.0,Cross,11.0,,False
V1,V1.xlsx,777,15713.0,15718.0,Lead Uppercut,6.0,,False
V1,V1.xlsx,778,15719.0,15729.0,Cross,11.0,,False
V1,V1.xlsx,779,15734.0,15746.0,Cross,13.0,,False
V1,V1.xlsx,780,15747.0,15752.0,Lead Uppercut,6.0,,False
V1,V1.xlsx,781,15753.0,15763.0,Cross,11.0,,False
V1,V1.xlsx,782,15764.0,15780.0,Cross,17.0,,False
V1,V1.xlsx,783,15781.0,15787.0,Lead Uppercut,7.0,,False
V1,V1.xlsx,784,15788.0,15798.0,Cross,11.0,,False
V1,V1.xlsx,785,15805.0,15815.0,Cross,11.0,,False
V1,V1.xlsx,786,15816.0,15822.0,Lead Uppercut,7.0,,False
V1,V1.xlsx,787,15823.0,15824.0,Cross,2.0,,False
V1,V1.xlsx,788,15840.0,15850.0,Cross,11.0,,False
V1,V1.xlsx,789,15851.0,15857.0,Lead Uppercut,7.0,,False
V1,V1.xlsx,790,15858.0,15868.0,Cross,11.0,,False
V1,V1.xlsx,791,15877.0,15887.0,Cross,11.0,,False
V1,V1.xlsx,792,15888.0,15894.0,Lead Uppercut,7.0,,False
V1,V1.xlsx,793,15895.0,15905.0,Cross,11.0,,False
V1,V1.xlsx,794,15913.0,15923.0,Cross,11.0,,False
V1,V1.xlsx,795,15924.0,15930.0,Lead Uppercut,7.0,,False
V1,V1.xlsx,796,15931.0,15941.0,Cross,11.0,,False
V1,V1.xlsx,797,15950.0,15959.0,Cross,10.0,,False
V1,V1.xlsx,798,15960.0,15965.0,Lead Uppercut,6.0,,False
V1,V1.xlsx,799,15966.0,15976.0,Cross,11.0,,False
V1,V1.xlsx,800,15986.0,15996.0,Cross,11.0,,False
V1,V1.xlsx,801,15997.0,16002.0,Lead Uppercut,6.0,,False
V1,V1.xlsx,802,16003.0,16014.0,Cross,12.0,,False
V1,V1.xlsx,803,16024.0,16035.0,Cross,12.0,,False
V1,V1.xlsx,804,16036.0,16042.0,Lead Uppercut,7.0,,False
V1,V1.xlsx,805,16043.0,16054.0,Cross,12.0,,False
V1,V1.xlsx,806,16060.0,16072.0,Cross,13.0,,False
V1,V1.xlsx,807,16073.0,16078.0,Lead Uppercut,6.0,,False
V1,V1.xlsx,808,16079.0,16090.0,Cross,12.0,,False
V1,V1.xlsx,809,16097.0,16108.0,Cross,12.0,,False
V1,V1.xlsx,810,16109.0,16114.0,Lead Uppercut,6.0,,False
V1,V1.xlsx,811,16115.0,16125.0,Cross,11.0,,False
V1,V1.xlsx,812,16132.0,16145.0,Cross,14.0,,False
V1,V1.xlsx,813,16146.0,16151.0,Lead Uppercut,6.0,,False
V1,V1.xlsx,814,16152.0,16162.0,Cross,11.0,,False
V1,V1.xlsx,815,16170.0,16181.0,Cross,12.0,,False
V1,V1.xlsx,816,16182.0,16187.0,Lead Uppercut,6.0,,False
V1,V1.xlsx,817,16188.0,16199.0,Cross,12.0,,False
V1,V1.xlsx,818,16207.0,16218.0,Cross,12.0,,False
V1,V1.xlsx,819,16219.0,16224.0,Lead Uppercut,6.0,,False
V1,V1.xlsx,820,16225.0,16236.0,Cross,12.0,,False
V1,V1.xlsx,821,16243.0,16255.0,Cross,13.0,,False
V1,V1.xlsx,822,16256.0,16261.0,Lead Uppercut,6.0,,False
V1,V1.xlsx,823,16262.0,16274.0,Cross,13.0,,False
V1,V1.xlsx,824,16282.0,16292.0,Cross,11.0,,False
V1,V1.xlsx,825,16293.0,16298.0,Lead Uppercut,6.0,,False
V1,V1.xlsx,826,16299.0,16310.0,Cross,12.0,,False
V1,V1.xlsx,827,16318.0,16330.0,Cross,13.0,,False
V1,V1.xlsx,828,16331.0,16336.0,Lead Uppercut,6.0,,False
V1,V1.xlsx,829,16337.0,16348.0,Cross,12.0,,False
V1,V1.xlsx,830,16357.0,16367.0,Cross,11.0,,False
V1,V1.xlsx,831,16368.0,16373.0,Lead Uppercut,6.0,,False
V1,V1.xlsx,832,16374.0,16384.0,Cross,11.0,,False
V1,V1.xlsx,833,16393.0,16405.0,Cross,13.0,,False
V1,V1.xlsx,834,16406.0,16412.0,Lead Uppercut,7.0,,False
V1,V1.xlsx,835,16413.0,16424.0,Cross,12.0,,False
V1,V1.xlsx,836,18033.0,18044.0,Lead Hook,12.0,,False
V1,V1.xlsx,837,18045.0,18059.0,Cross,15.0,,False
V1,V1.xlsx,838,18060.0,18070.0,Lead Hook,11.0,,False
V1,V1.xlsx,839,18071.0,18081.0,Cross,11.0,,False
V1,V1.xlsx,840,18082.0,18091.0,Lead Hook,10.0,,False
V1,V1.xlsx,841,18095.0,18103.0,Cross,9.0,,False
V1,V1.xlsx,842,18104.0,18115.0,Lead Hook,12.0,,False
V1,V1.xlsx,843,18116.0,18126.0,Cross,11.0,,False
V1,V1.xlsx,844,18127.0,18136.0,Lead Hook,10.0,,False
V1,V1.xlsx,845,18141.0,18151.0,Cross,11.0,,False
V1,V1.xlsx,846,18152.0,18164.0,Lead Hook,13.0,,False
V1,V1.xlsx,847,18165.0,18175.0,Cross,11.0,,False
V1,V1.xlsx,848,18176.0,18188.0,Lead Hook,13.0,,False
V1,V1.xlsx,849,18190.0,18201.0,Cross,12.0,,False
V1,V1.xlsx,850,18202.0,18212.0,Lead Hook,11.0,,False
V1,V1.xlsx,851,18214.0,18224.0,Cross,11.0,,False
V1,V1.xlsx,852,18225.0,18236.0,Lead Hook,12.0,,False
V1,V1.xlsx,853,18239.0,18249.0,Cross,11.0,,False
V1,V1.xlsx,854,18250.0,18260.0,Lead Hook,11.0,,False
V1,V1.xlsx,855,18261.0,18271.0,Cross,11.0,,False
V1,V1.xlsx,856,18274.0,18284.0,Lead Hook,11.0,,False
V1,V1.xlsx,857,18288.0,18298.0,Cross,11.0,,False
V1,V1.xlsx,858,18299.0,18309.0,Lead Hook,11.0,,False
V1,V1.xlsx,859,18311.0,18320.0,Cross,10.0,,False
V1,V1.xlsx,860,18322.0,18333.0,Lead Hook,12.0,,False
V1,V1.xlsx,861,18338.0,18347.0,Cross,10.0,,False
V1,V1.xlsx,862,18348.0,18357.0,Lead Hook,10.0,,False
V1,V1.xlsx,863,18360.0,18370.0,Cross,11.0,,False
V1,V1.xlsx,864,18371.0,18380.0,Lead Hook,10.0,,False
V1,V1.xlsx,865,18384.0,18395.0,Cross,12.0,,False
V1,V1.xlsx,866,18396.0,18406.0,Lead Hook,11.0,,False
V1,V1.xlsx,867,18409.0,18418.0,Cross,10.0,,False
V1,V1.xlsx,868,18419.0,18429.0,Lead Hook,11.0,,False
V1,V1.xlsx,869,18432.0,18442.0,Cross,11.0,,False
V1,V1.xlsx,870,18444.0,18453.0,Lead Hook,10.0,,False
V1,V1.xlsx,871,18458.0,18465.0,Cross,8.0,,False
V1,V1.xlsx,872,18467.0,18477.0,Lead Hook,11.0,,False
V1,V1.xlsx,873,18480.0,18489.0,Cross,10.0,,False
V1,V1.xlsx,874,18491.0,18502.0,Lead Hook,12.0,,False
V1,V1.xlsx,875,18504.0,18514.0,Cross,11.0,,False
V1,V1.xlsx,876,18515.0,18525.0,Lead Hook,11.0,,False
V1,V1.xlsx,877,18529.0,18539.0,Cross,11.0,,False
V1,V1.xlsx,878,18540.0,18550.0,Lead Hook,11.0,,False
V1,V1.xlsx,879,18553.0,18562.0,Cross,10.0,,False
V1,V1.xlsx,880,18564.0,18574.0,Lead Hook,11.0,,False
V1,V1.xlsx,881,18581.0,18590.0,Cross,10.0,,False
V1,V1.xlsx,882,18592.0,18602.0,Lead Hook,11.0,,False
V1,V1.xlsx,883,18607.0,18615.0,Cross,9.0,,False
V1,V1.xlsx,884,18620.0,18630.0,Lead Hook,11.0,,False
V1,V1.xlsx,885,18635.0,18645.0,Cross,11.0,,False
V1,V1.xlsx,886,18646.0,18656.0,Lead Hook,11.0,,False
V1,V1.xlsx,887,18661.0,18669.0,Cross,9.0,,False
V1,V1.xlsx,888,18671.0,18681.0,Lead Hook,11.0,,False
V1,V1.xlsx,889,18686.0,18695.0,Cross,10.0,,False
V1,V1.xlsx,890,18697.0,18708.0,Lead Hook,12.0,,False
V1,V1.xlsx,891,18712.0,18721.0,Cross,10.0,,False
V1,V1.xlsx,892,18722.0,18732.0,Lead Hook,11.0,,False
V1,V1.xlsx,893,18736.0,18746.0,Cross,11.0,,False
V1,V1.xlsx,894,18748.0,18757.0,Lead Hook,10.0,,False
V1,V1.xlsx,895,18762.0,18772.0,Cross,11.0,,False
V1,V1.xlsx,896,18773.0,18782.0,Lead Hook,10.0,,False
V1,V1.xlsx,897,18785.0,18796.0,Cross,12.0,,False
V1,V1.xlsx,898,18797.0,18809.0,Lead Hook,13.0,,False
V1,V1.xlsx,899,18810.0,18821.0,Cross,12.0,,False
V1,V1.xlsx,900,18822.0,18831.0,Lead Hook,10.0,,False
V1,V1.xlsx,901,18835.0,18845.0,Cross,11.0,,False
V1,V1.xlsx,902,18846.0,18858.0,Lead Hook,13.0,,False
V1,V1.xlsx,903,18861.0,18871.0,Cross,11.0,,False
V1,V1.xlsx,904,18872.0,18882.0,Lead Hook,11.0,,False
V1,V1.xlsx,905,18886.0,18897.0,Cross,12.0,,False
V1,V1.xlsx,906,18898.0,18907.0,Lead Hook,10.0,,False
V1,V1.xlsx,907,18911.0,18921.0,Cross,11.0,,False
V1,V1.xlsx,908,18922.0,18932.0,Lead Hook,11.0,,False
V1,V1.xlsx,909,18933.0,18943.0,Cross,11.0,,False
V1,V1.xlsx,910,18945.0,18958.0,Lead Hook,14.0,,False
V1,V1.xlsx,911,18960.0,18971.0,Cross,12.0,,False
V1,V1.xlsx,912,18972.0,18982.0,Lead Hook,11.0,,False
V1,V1.xlsx,913,18986.0,18996.0,Cross,11.0,,False
V1,V1.xlsx,914,18997.0,19008.0,Lead Hook,12.0,,False
V1,V1.xlsx,915,19011.0,19021.0,Cross,11.0,,False
V1,V1.xlsx,916,19022.0,19032.0,Lead Hook,11.0,,False
V1,V1.xlsx,917,19038.0,19047.0,Cross,10.0,,False
V1,V1.xlsx,918,19048.0,19059.0,Lead Hook,12.0,,False
V1,V1.xlsx,919,19062.0,19073.0,Cross,12.0,,False
V1,V1.xlsx,920,19074.0,19084.0,Lead Hook,11.0,,False
V1,V1.xlsx,921,19088.0,19098.0,Cross,11.0,,False
V1,V1.xlsx,922,19099.0,19111.0,Lead Hook,13.0,,False
V1,V1.xlsx,923,19114.0,19124.0,Cross,11.0,,False
V1,V1.xlsx,924,19125.0,19137.0,Lead Hook,13.0,,False
V1,V1.xlsx,925,19139.0,19149.0,Cross,11.0,,False
V1,V1.xlsx,926,19152.0,19165.0,Lead Hook,14.0,,False
V1,V1.xlsx,927,19167.0,19178.0,Cross,12.0,,False
V1,V1.xlsx,928,19179.0,19190.0,Lead Hook,12.0,,False
V1,V1.xlsx,929,19194.0,19205.0,Cross,12.0,,False
V1,V1.xlsx,930,19206.0,19219.0,Lead Hook,14.0,,False
V1,V1.xlsx,931,19221.0,19231.0,Cross,11.0,,False
V1,V1.xlsx,932,19233.0,19243.0,Lead Hook,11.0,,False
V1,V1.xlsx,933,19246.0,19256.0,Cross,11.0,,False
V1,V1.xlsx,934,19258.0,19271.0,Lead Hook,14.0,,False
V1,V1.xlsx,935,19273.0,19283.0,Cross,11.0,,False
V1,V1.xlsx,936,19284.0,19295.0,Lead Hook,12.0,,False
V1,V1.xlsx,937,19299.0,19309.0,Cross,11.0,,False
V1,V1.xlsx,938,19310.0,19322.0,Lead Hook,13.0,,False
V1,V1.xlsx,939,19324.0,19335.0,Cross,12.0,,False
V1,V1.xlsx,940,19336.0,19349.0,Lead Hook,14.0,,False
V1,V1.xlsx,941,19353.0,19363.0,Cross,11.0,,False
V1,V1.xlsx,942,19366.0,19378.0,Lead Hook,13.0,,False
V1,V1.xlsx,943,19381.0,19392.0,Cross,12.0,,False
V1,V1.xlsx,944,19394.0,19405.0,Lead Hook,12.0,,False
V1,V1.xlsx,945,19408.0,19418.0,Cross,11.0,,False
V1,V1.xlsx,946,19421.0,19433.0,Lead Hook,13.0,,False
V1,V1.xlsx,947,19435.0,19446.0,Cross,12.0,,False
V1,V1.xlsx,948,19447.0,19460.0,Lead Hook,14.0,,False
V1,V1.xlsx,949,19493.0,19504.0,Jab,12.0,,False
V1,V1.xlsx,950,19514.0,19525.0,Jab,12.0,,False
V1,V1.xlsx,951,19567.0,19577.0,Jab,11.0,,False
V1,V1.xlsx,952,19578.0,19591.0,Jab,14.0,,False
V1,V1.xlsx,953,19636.0,19646.0,Jab,11.0,,False
V1,V1.xlsx,954,19658.0,19668.0,Jab,11.0,,False
V1,V1.xlsx,955,19710.0,19724.0,Jab,15.0,,False
V1,V1.xlsx,956,19730.0,19742.0,Jab,13.0,,False
V1,V1.xlsx,957,19799.0,19809.0,Jab,11.0,,False
V1,V1.xlsx,958,19811.0,19825.0,Jab,15.0,,False
V1,V1.xlsx,959,19839.0,19851.0,Jab,13.0,,False
V1,V1.xlsx,960,19858.0,19871.0,Jab,14.0,,False
V1,V1.xlsx,961,19896.0,19910.0,Jab,15.0,,False
V1,V1.xlsx,962,19914.0,19927.0,Jab,14.0,,False
V1,V1.xlsx,963,19965.0,19976.0,Jab,12.0,,False
V1,V1.xlsx,964,19983.0,19994.0,Jab,12.0,,False
V1,V1.xlsx,965,20006.0,20016.0,Jab,11.0,,False
V1,V1.xlsx,966,20018.0,20030.0,Jab,13.0,,False
V1,V1.xlsx,967,20059.0,20070.0,Jab,12.0,,False
V1,V1.xlsx,968,20073.0,20085.0,Jab,13.0,,False
V1,V1.xlsx,969,20187.0,20199.0,Lead Hook,13.0,,False
V1,V1.xlsx,970,20204.0,20213.0,Cross,10.0,,False
V1,V1.xlsx,971,20214.0,20226.0,Lead Hook,13.0,,False
V1,V1.xlsx,972,20230.0,20240.0,Cross,11.0,,False
V1,V1.xlsx,973,20241.0,20251.0,Lead Hook,11.0,,False
V1,V1.xlsx,974,20255.0,20264.0,Cross,10.0,,False
V1,V1.xlsx,975,20265.0,20277.0,Lead Hook,13.0,,False
V1,V1.xlsx,976,20280.0,20288.0,Cross,9.0,,False
V1,V1.xlsx,977,20289.0,20298.0,Lead Hook,10.0,,False
V1,V1.xlsx,978,20300.0,20313.0,Cross,14.0,,False
V1,V1.xlsx,979,20314.0,20326.0,Lead Hook,13.0,,False
V1,V1.xlsx,980,20330.0,20338.0,Cross,9.0,,False
V1,V1.xlsx,981,20342.0,20352.0,Lead Hook,11.0,,False
V1,V1.xlsx,982,20357.0,20368.0,Cross,12.0,,False
V1,V1.xlsx,983,20371.0,20381.0,Lead Hook,11.0,,False
V1,V1.xlsx,984,20385.0,20394.0,Cross,10.0,,False
V1,V1.xlsx,985,20396.0,20407.0,Lead Hook,12.0,,False
V1,V1.xlsx,986,20414.0,20424.0,Cross,11.0,,False
V1,V1.xlsx,987,20427.0,20437.0,Lead Hook,11.0,,False
V1,V1.xlsx,988,20442.0,20451.0,Cross,10.0,,False
V1,V1.xlsx,989,20454.0,20464.0,Lead Hook,11.0,,False
V1,V1.xlsx,990,20471.0,20480.0,Cross,10.0,,False
V1,V1.xlsx,991,20482.0,20494.0,Lead Hook,13.0,,False
V1,V1.xlsx,992,20498.0,20507.0,Cross,10.0,,False
V1,V1.xlsx,993,20511.0,20522.0,Lead Hook,12.0,,False
V1,V1.xlsx,994,20528.0,20538.0,Cross,11.0,,False
V1,V1.xlsx,995,20540.0,20551.0,Lead Hook,12.0,,False
V1,V1.xlsx,996,20556.0,20565.0,Cross,10.0,,False
V1,V1.xlsx,997,20566.0,20577.0,Lead Hook,12.0,,False
V1,V1.xlsx,998,20578.0,20588.0,Cross,11.0,,False
V1,V1.xlsx,999,20589.0,20601.0,Lead Hook,13.0,,False
V1,V1.xlsx,1000,20602.0,20611.0,Cross,10.0,,False
V1,V1.xlsx,1001,20612.0,20622.0,Lead Hook,11.0,,False
V1,V1.xlsx,1002,20623.0,20631.0,Cross,9.0,,False
V1,V1.xlsx,1003,20632.0,20642.0,Lead Hook,11.0,,False
V1,V1.xlsx,1004,20643.0,20651.0,Cross,9.0,,False
V1,V1.xlsx,1005,20652.0,20662.0,Lead Hook,11.0,,False
V1,V1.xlsx,1006,20663.0,20671.0,Cross,9.0,,False
V1,V1.xlsx,1007,20672.0,20681.0,Lead Hook,10.0,,False
V1,V1.xlsx,1008,20683.0,20690.0,Cross,8.0,,False
V1,V1.xlsx,1009,20691.0,20701.0,Lead Hook,11.0,,False
V1,V1.xlsx,1010,20702.0,20711.0,Cross,10.0,,False
V1,V1.xlsx,1011,20712.0,20723.0,Lead Hook,12.0,,False
V1,V1.xlsx,1012,20724.0,20731.0,Cross,8.0,,False
V1,V1.xlsx,1013,20732.0,20743.0,Lead Hook,12.0,,False
V1,V1.xlsx,1014,20746.0,20755.0,Cross,10.0,,False
V1,V1.xlsx,1015,20756.0,20766.0,Lead Hook,11.0,,False
V1,V1.xlsx,1016,20767.0,20776.0,Cross,10.0,,False
V1,V1.xlsx,1017,20777.0,20787.0,Lead Hook,11.0,,False
V1,V1.xlsx,1018,20788.0,20796.0,Cross,9.0,,False
V1,V1.xlsx,1019,20797.0,20808.0,Lead Hook,12.0,,False
V1,V1.xlsx,1020,20809.0,20817.0,Cross,9.0,,False
V1,V1.xlsx,1021,20818.0,20827.0,Lead Hook,10.0,,False
V1,V1.xlsx,1022,20828.0,20837.0,Cross,10.0,,False
V1,V1.xlsx,1023,20838.0,20847.0,Lead Hook,10.0,,False
V1,V1.xlsx,1024,20848.0,20856.0,Cross,9.0,,False
V1,V1.xlsx,1025,20857.0,20867.0,Lead Hook,11.0,,False
V1,V1.xlsx,1026,20868.0,20876.0,Cross,9.0,,False
V1,V1.xlsx,1027,20877.0,20887.0,Lead Hook,11.0,,False
V1,V1.xlsx,1028,20888.0,20895.0,Cross,8.0,,False
V1,V1.xlsx,1029,20896.0,20906.0,Lead Hook,11.0,,False
V1,V1.xlsx,1030,20907.0,20915.0,Cross,9.0,,False
V1,V1.xlsx,1031,20916.0,20924.0,Lead Hook,9.0,,False
V1,V1.xlsx,1032,20925.0,20934.0,Cross,10.0,,False
V1,V1.xlsx,1033,20935.0,20944.0,Lead Hook,10.0,,False
V1,V1.xlsx,1034,20945.0,20953.0,Cross,9.0,,False
V1,V1.xlsx,1035,20954.0,20964.0,Lead Hook,11.0,,False
V1,V1.xlsx,1036,20965.0,20972.0,Cross,8.0,,False
V1,V1.xlsx,1037,20973.0,20983.0,Lead Hook,11.0,,False
V1,V1.xlsx,1038,20984.0,20991.0,Cross,8.0,,False
V1,V1.xlsx,1039,20992.0,21002.0,Lead Hook,11.0,,False
V1,V1.xlsx,1040,21003.0,21010.0,Cross,8.0,,False
V1,V1.xlsx,1041,21010.0,21020.0,Lead Hook,11.0,,False
V1,V1.xlsx,1042,21021.0,21029.0,Cross,9.0,,False
V1,V1.xlsx,1043,21030.0,21039.0,Lead Hook,10.0,,False
V1,V1.xlsx,1044,21040.0,21048.0,Cross,9.0,,False
V1,V1.xlsx,1045,21049.0,21057.0,Lead Hook,9.0,,False
V1,V1.xlsx,1046,21058.0,21067.0,Cross,10.0,,False
V1,V1.xlsx,1047,21068.0,21077.0,Lead Hook,10.0,,False
V1,V1.xlsx,1048,21078.0,21085.0,Cross,8.0,,False
V1,V1.xlsx,1049,21086.0,21096.0,Lead Hook,11.0,,False
V1,V1.xlsx,1050,21097.0,21104.0,Cross,8.0,,False
V1,V1.xlsx,1051,21105.0,21114.0,Lead Hook,10.0,,False
V1,V1.xlsx,1052,21115.0,21125.0,Cross,11.0,,False
V1,V1.xlsx,1053,21126.0,21134.0,Lead Hook,9.0,,False
V1,V1.xlsx,1054,21136.0,21144.0,Cross,9.0,,False
V1,V1.xlsx,1055,21145.0,21155.0,Lead Hook,11.0,,False
V1,V1.xlsx,1056,21156.0,21165.0,Cross,10.0,,False
V1,V1.xlsx,1057,21167.0,21175.0,Lead Hook,9.0,,False
V1,V1.xlsx,1058,21176.0,21184.0,Cross,9.0,,False
V1,V1.xlsx,1059,21185.0,21194.0,Lead Hook,10.0,,False
V1,V1.xlsx,1060,21195.0,21204.0,Cross,10.0,,False
V1,V1.xlsx,1061,21205.0,21213.0,Lead Hook,9.0,,False
V1,V1.xlsx,1062,21214.0,21222.0,Cross,9.0,,False
V1,V1.xlsx,1063,21223.0,21232.0,Lead Hook,10.0,,False
V1,V1.xlsx,1064,21233.0,21241.0,Cross,9.0,,False
V1,V1.xlsx,1065,21242.0,21252.0,Lead Hook,11.0,,False
V1,V1.xlsx,1066,21253.0,21260.0,Cross,8.0,,False
V1,V1.xlsx,1067,21261.0,21272.0,Lead Hook,12.0,,False
V1,V1.xlsx,1068,21273.0,21282.0,Cross,10.0,,False
V1,V1.xlsx,1069,21283.0,21292.0,Lead Hook,10.0,,False
V1,V1.xlsx,1070,21293.0,21301.0,Cross,9.0,,False
V1,V1.xlsx,1071,21302.0,21312.0,Lead Hook,11.0,,False
V1,V1.xlsx,1072,21313.0,21321.0,Cross,9.0,,False
V1,V1.xlsx,1073,21322.0,21331.0,Lead Hook,10.0,,False
V1,V1.xlsx,1074,21332.0,21340.0,Cross,9.0,,False
V1,V1.xlsx,1075,21341.0,21350.0,Lead Hook,10.0,,False
V1,V1.xlsx,1076,21351.0,21359.0,Cross,9.0,,False
V1,V1.xlsx,1077,21360.0,21370.0,Lead Hook,11.0,,False
V1,V1.xlsx,1078,21371.0,21379.0,Cross,9.0,,False
V1,V1.xlsx,1079,21380.0,21390.0,Lead Hook,11.0,,False
V1,V1.xlsx,1080,21391.0,21400.0,Cross,10.0,,False
V1,V1.xlsx,1081,21401.0,21411.0,Lead Hook,11.0,,False
V1,V1.xlsx,1082,21412.0,21421.0,Cross,10.0,,False
V1,V1.xlsx,1083,21422.0,21431.0,Lead Hook,10.0,,False
V1,V1.xlsx,1084,21432.0,21441.0,Cross,10.0,,False
V1,V1.xlsx,1085,21442.0,21452.0,Lead Hook,11.0,,False
V1,V1.xlsx,1086,21453.0,21462.0,Cross,10.0,,False
V1,V1.xlsx,1087,21463.0,21473.0,Lead Hook,11.0,,False
V1,V1.xlsx,1088,21474.0,21482.0,Cross,9.0,,False
V1,V1.xlsx,1089,21483.0,21493.0,Lead Hook,11.0,,False
V1,V1.xlsx,1090,21494.0,21502.0,Cross,9.0,,False
V1,V1.xlsx,1091,21503.0,21513.0,Lead Hook,11.0,,False
V1,V1.xlsx,1092,21514.0,21522.0,Cross,9.0,,False
V1,V1.xlsx,1093,21523.0,21534.0,Lead Hook,12.0,,False
V1,V1.xlsx,1094,21535.0,21542.0,Cross,8.0,,False
V1,V1.xlsx,1095,21543.0,21553.0,Lead Hook,11.0,,False
V1,V1.xlsx,1096,21554.0,21562.0,Cross,9.0,,False
V1,V1.xlsx,1097,21563.0,21573.0,Lead Hook,11.0,,False
V1,V1.xlsx,1098,21574.0,21581.0,Cross,8.0,,False
V1,V1.xlsx,1099,21582.0,21592.0,Lead Hook,11.0,,False
V1,V1.xlsx,1100,21593.0,21602.0,Cross,10.0,,False
V1,V1.xlsx,1101,21603.0,21613.0,Lead Hook,11.0,,False
V1,V1.xlsx,1102,21614.0,21623.0,Cross,10.0,,False
V1,V1.xlsx,1103,21714.0,21724.0,Jab,11.0,,False
V1,V1.xlsx,1104,21764.0,21779.0,Jab,16.0,,False
V1,V1.xlsx,1105,21780.0,21791.0,Jab,12.0,,False
V1,V1.xlsx,1106,21830.0,21841.0,Jab,12.0,,False
V1,V1.xlsx,1107,21849.0,21861.0,Jab,13.0,,False
V1,V1.xlsx,1108,21904.0,21917.0,Jab,14.0,,False
V1,V1.xlsx,1109,21925.0,21936.0,Jab,12.0,,False
V1,V1.xlsx,1110,21980.0,21991.0,Jab,12.0,,False
V1,V1.xlsx,1111,21997.0,22007.0,Jab,11.0,,False
V1,V1.xlsx,1112,22058.0,22068.0,Jab,11.0,,False
V1,V1.xlsx,1113,22073.0,22083.0,Jab,11.0,,False
V1,V1.xlsx,1114,22121.0,22131.0,Jab,11.0,,False
V1,V1.xlsx,1115,22134.0,22145.0,Jab,12.0,,False
V1,V1.xlsx,1116,22180.0,22190.0,Jab,11.0,,False
V1,V1.xlsx,1117,22191.0,22205.0,Jab,15.0,,False
V1,V1.xlsx,1118,22215.0,22225.0,Jab,11.0,,False
V1,V1.xlsx,1119,22261.0,22271.0,Jab,11.0,,False
V1,V1.xlsx,1120,22307.0,22316.0,Jab,10.0,,False
V1,V1.xlsx,1121,22319.0,22331.0,Jab,13.0,,False
V1,V1.xlsx,1122,22406.0,22416.0,Lead Hook,11.0,,False
V1,V1.xlsx,1123,22417.0,22425.0,Cross,9.0,,False
V1,V1.xlsx,1124,22426.0,22435.0,Lead Hook,10.0,,False
V1,V1.xlsx,1125,22436.0,22443.0,Cross,8.0,,False
V1,V1.xlsx,1126,22444.0,22455.0,Lead Hook,12.0,,False
V1,V1.xlsx,1127,22456.0,22462.0,Cross,7.0,,False
V1,V1.xlsx,1128,22463.0,22472.0,Lead Hook,10.0,,False
V1,V1.xlsx,1129,22473.0,22480.0,Cross,8.0,,False
V1,V1.xlsx,1130,22481.0,22490.0,Lead Hook,10.0,,False
V1,V1.xlsx,1131,22491.0,22499.0,Cross,9.0,,False
V1,V1.xlsx,1132,22500.0,22507.0,Lead Hook,8.0,,False
V1,V1.xlsx,1133,22508.0,22515.0,Cross,8.0,,False
V1,V1.xlsx,1134,22516.0,22525.0,Lead Hook,10.0,,False
V1,V1.xlsx,1135,22526.0,22534.0,Cross,9.0,,False
V1,V1.xlsx,1136,22535.0,22545.0,Lead Hook,11.0,,False
V1,V1.xlsx,1137,22546.0,22554.0,Cross,9.0,,False
V1,V1.xlsx,1138,22555.0,22564.0,Lead Hook,10.0,,False
V1,V1.xlsx,1139,22565.0,22573.0,Cross,9.0,,False
V1,V1.xlsx,1140,22574.0,22584.0,Lead Hook,11.0,,False
V1,V1.xlsx,1141,22585.0,22592.0,Cross,8.0,,False
V1,V1.xlsx,1142,22592.0,22602.0,Lead Hook,11.0,,False
V1,V1.xlsx,1143,22603.0,22610.0,Cross,8.0,,False
V1,V1.xlsx,1144,22611.0,22621.0,Lead Hook,11.0,,False
V1,V1.xlsx,1145,22622.0,22629.0,Cross,8.0,,False
V1,V1.xlsx,1146,22630.0,22639.0,Lead Hook,10.0,,False
V1,V1.xlsx,1147,22640.0,22648.0,Cross,9.0,,False
V1,V1.xlsx,1148,22649.0,22658.0,Lead Hook,10.0,,False
V1,V1.xlsx,1149,22659.0,22667.0,Cross,9.0,,False
V1,V1.xlsx,1150,22668.0,22677.0,Lead Hook,10.0,,False
V1,V1.xlsx,1151,22678.0,22685.0,Cross,8.0,,False
V1,V1.xlsx,1152,22686.0,22696.0,Lead Hook,11.0,,False
V1,V1.xlsx,1153,22697.0,22705.0,Cross,9.0,,False
V1,V1.xlsx,1154,22706.0,22714.0,Lead Hook,9.0,,False
V1,V1.xlsx,1155,22715.0,22723.0,Cross,9.0,,False
V1,V1.xlsx,1156,22724.0,22733.0,Lead Hook,10.0,,False
V1,V1.xlsx,1157,22734.0,22741.0,Cross,8.0,,False
V1,V1.xlsx,1158,22742.0,22751.0,Lead Hook,10.0,,False
V1,V1.xlsx,1159,22752.0,22760.0,Cross,9.0,,False
V1,V1.xlsx,1160,22761.0,22771.0,Lead Hook,11.0,,False
V1,V1.xlsx,1161,22772.0,22779.0,Cross,8.0,,False
V1,V1.xlsx,1162,22780.0,22790.0,Lead Hook,11.0,,False
V1,V1.xlsx,1163,22791.0,22798.0,Cross,8.0,,False
V1,V1.xlsx,1164,22799.0,22808.0,Lead Hook,10.0,,False
V1,V1.xlsx,1165,22809.0,22816.0,Cross,8.0,,False
V1,V1.xlsx,1166,22816.0,22816.0,Lead Hook,1.0,,False
V1,V1.xlsx,1167,22817.0,22835.0,Cross,19.0,,False
V1,V1.xlsx,1168,22836.0,22845.0,Lead Hook,10.0,,False
V1,V1.xlsx,1169,22846.0,22853.0,Cross,8.0,,False
V1,V1.xlsx,1170,22854.0,22863.0,Lead Hook,10.0,,False
V1,V1.xlsx,1171,22864.0,22871.0,Cross,8.0,,False
V1,V1.xlsx,1172,22872.0,22882.0,Lead Hook,11.0,,False
V1,V1.xlsx,1173,22883.0,22889.0,Cross,7.0,,False
V1,V1.xlsx,1174,22890.0,22899.0,Lead Hook,10.0,,False
V1,V1.xlsx,1175,22900.0,22907.0,Cross,8.0,,False
V1,V1.xlsx,1176,22908.0,22918.0,Lead Hook,11.0,,False
V1,V1.xlsx,1177,22919.0,22927.0,Cross,9.0,,False
V1,V1.xlsx,1178,22928.0,22936.0,Lead Hook,9.0,,False
V1,V1.xlsx,1179,22937.0,22945.0,Cross,9.0,,False
V1,V1.xlsx,1180,22946.0,22955.0,Lead Hook,10.0,,False
V1,V1.xlsx,1181,22956.0,22963.0,Cross,8.0,,False
V1,V1.xlsx,1182,22964.0,22975.0,Lead Hook,12.0,,False
V1,V1.xlsx,1183,22976.0,22983.0,Cross,8.0,,False
V1,V1.xlsx,1184,22984.0,22993.0,Lead Hook,10.0,,False
V1,V1.xlsx,1185,22994.0,23002.0,Cross,9.0,,False
V1,V1.xlsx,1186,23003.0,23011.0,Lead Hook,9.0,,False
V1,V1.xlsx,1187,23012.0,23021.0,Cross,10.0,,False
V1,V1.xlsx,1188,23022.0,23031.0,Lead Hook,10.0,,False
V1,V1.xlsx,1189,23032.0,23039.0,Cross,8.0,,False
V1,V1.xlsx,1190,23040.0,23050.0,Lead Hook,11.0,,False
V1,V1.xlsx,1191,23051.0,23058.0,Cross,8.0,,False
V1,V1.xlsx,1192,23059.0,23069.0,Lead Hook,11.0,,False
V1,V1.xlsx,1193,23070.0,23077.0,Cross,8.0,,False
V1,V1.xlsx,1194,23078.0,23087.0,Lead Hook,10.0,,False
V1,V1.xlsx,1195,23088.0,23096.0,Cross,9.0,,False
V1,V1.xlsx,1196,23097.0,23107.0,Lead Hook,11.0,,False
V1,V1.xlsx,1197,23108.0,23115.0,Cross,8.0,,False
V1,V1.xlsx,1198,23116.0,23126.0,Lead Hook,11.0,,False
V1,V1.xlsx,1199,25353.0,25357.0,Jab,5.0,,False
V1,V1.xlsx,1200,25357.0,25361.0,Cross,5.0,,False
V1,V1.xlsx,1201,25361.0,25366.0,Lead Hook,6.0,,False
V1,V1.xlsx,1202,25369.0,25374.0,Cross,6.0,,False
V1,V1.xlsx,1203,25377.0,25385.0,Lead Hook,9.0,,False
V1,V1.xlsx,1204,25387.0,25388.0,Lead Hook,2.0,,False
V1,V1.xlsx,1205,25389.0,25394.0,Rear Uppercut,6.0,,False
V1,V1.xlsx,1206,25395.0,25404.0,Lead Hook,10.0,,False
V1,V1.xlsx,1207,25405.0,25414.0,Rear Uppercut,10.0,,False
V1,V1.xlsx,1208,25416.0,25426.0,Lead Hook,11.0,,False
V1,V1.xlsx,1209,25431.0,25433.0,Cross,3.0,,False
V1,V1.xlsx,1210,25435.0,25441.0,Lead Hook,7.0,,False
V1,V1.xlsx,1211,25445.0,25449.0,Cross,5.0,,False
V1,V1.xlsx,1212,25450.0,25458.0,Lead Hook,9.0,,False
V1,V1.xlsx,1213,25462.0,25469.0,Rear Uppercut,8.0,,False
V1,V1.xlsx,1214,25470.0,25476.0,Lead Hook,7.0,,False
V1,V1.xlsx,1215,25481.0,25488.0,Cross,8.0,,False
V1,V1.xlsx,1216,25489.0,25498.0,Lead Hook,10.0,,False
V1,V1.xlsx,1217,25502.0,25513.0,Rear Hook,12.0,,False
V1,V1.xlsx,1218,25518.0,25525.0,Lead Hook,8.0,,False
V1,V1.xlsx,1219,25530.0,25538.0,Cross,9.0,,False
V1,V1.xlsx,1220,25539.0,25549.0,Lead Hook,11.0,,False
V1,V1.xlsx,1221,25553.0,25560.0,Rear Hook,8.0,,False
V1,V1.xlsx,1222,25561.0,25569.0,Lead Hook,9.0,,False
V1,V1.xlsx,1223,25575.0,25582.0,Cross,8.0,,False
V1,V1.xlsx,1224,25584.0,25592.0,Lead Hook,9.0,,False
V1,V1.xlsx,1225,25596.0,25604.0,Rear Hook,9.0,,False
V1,V1.xlsx,1226,25608.0,25615.0,Rear Uppercut,8.0,,False
V1,V1.xlsx,1227,25616.0,25623.0,Lead Hook,8.0,,False
V1,V1.xlsx,1228,25632.0,25640.0,Lead Uppercut,9.0,,False
V1,V1.xlsx,1229,25641.0,25647.0,Cross,7.0,,False
V1,V1.xlsx,1230,25647.0,25656.0,Lead Hook,10.0,,False
V1,V1.xlsx,1231,25662.0,25669.0,Rear Hook,8.0,,False
V1,V1.xlsx,1232,25670.0,25679.0,Lead Hook,10.0,,False
V1,V1.xlsx,1233,25682.0,25691.0,Rear Hook,10.0,,False
V1,V1.xlsx,1234,25692.0,25703.0,Lead Hook,12.0,,False
V1,V1.xlsx,1235,25707.0,25713.0,Rear Uppercut,7.0,,False
V1,V1.xlsx,1236,25714.0,25721.0,Lead Hook,8.0,,False
V1,V1.xlsx,1237,25749.0,25754.0,Cross,6.0,,False
V1,V1.xlsx,1238,25755.0,25760.0,Jab,6.0,,False
V1,V1.xlsx,1239,25760.0,25764.0,Cross,5.0,,False
V1,V1.xlsx,1240,25765.0,25769.0,Jab,5.0,,False
V1,V1.xlsx,1241,25770.0,25775.0,Cross,6.0,,False
V1,V1.xlsx,1242,25776.0,25781.0,Jab,6.0,,False
V1,V1.xlsx,1243,25782.0,25790.0,Rear Hook,9.0,,False
V1,V1.xlsx,1244,25791.0,25799.0,Lead Hook,9.0,,False
V1,V1.xlsx,1245,25805.0,25813.0,Rear Hook,9.0,,False
V1,V1.xlsx,1246,25815.0,25824.0,Lead Hook,10.0,,False
V1,V1.xlsx,1247,25829.0,25837.0,Rear Uppercut,9.0,,False
V1,V1.xlsx,1248,25838.0,25845.0,Lead Hook,8.0,,False
V1,V1.xlsx,1249,25850.0,25857.0,Rear Hook,8.0,,False
V1,V1.xlsx,1250,25860.0,25868.0,Lead Hook,9.0,,False
V1,V1.xlsx,1251,25861.0,25874.0,Rear Uppercut,14.0,,False
V1,V1.xlsx,1252,25875.0,25882.0,Lead Hook,8.0,,False
V1,V1.xlsx,1253,25887.0,25895.0,Rear Hook,9.0,,False
V1,V1.xlsx,1254,25899.0,25909.0,Lead Hook,11.0,,False
V1,V1.xlsx,1255,25917.0,25923.0,Rear Uppercut,7.0,,False
V1,V1.xlsx,1256,25924.0,25931.0,Lead Hook,8.0,,False
V1,V1.xlsx,1257,25939.0,25945.0,Lead Uppercut,7.0,,False
V1,V1.xlsx,1258,25945.0,25953.0,Rear Uppercut,9.0,,False
V1,V1.xlsx,1259,25953.0,25961.0,Lead Hook,9.0,,False
V1,V1.xlsx,1260,25965.0,25977.0,Rear Hook,13.0,,False
V1,V1.xlsx,1261,25979.0,25990.0,Lead Hook,12.0,,False
V1,V1.xlsx,1262,25994.0,26003.0,Rear Hook,10.0,,False
V1,V1.xlsx,1263,26008.0,26017.0,Lead Hook,10.0,,False
V1,V1.xlsx,1264,26018.0,26025.0,Rear Hook,8.0,,False
V1,V1.xlsx,1265,26026.0,26036.0,Lead Hook,11.0,,False
V1,V1.xlsx,1266,26037.0,26049.0,Rear Uppercut,13.0,,False
V1,V1.xlsx,1267,26053.0,26058.0,Jab,6.0,,False
V1,V1.xlsx,1268,26059.0,26064.0,Cross,6.0,,False
V1,V1.xlsx,1269,26068.0,26076.0,Jab,9.0,,False
V1,V1.xlsx,1270,26077.0,26082.0,Jab,6.0,,False
V1,V1.xlsx,1271,26083.0,26089.0,Cross,7.0,,False
V1,V1.xlsx,1272,26090.0,26100.0,Lead Hook,11.0,,False
V1,V1.xlsx,1273,26107.0,26114.0,Rear Hook,8.0,,False
V1,V1.xlsx,1274,26119.0,26130.0,Lead Hook,12.0,,False
V1,V1.xlsx,1275,26138.0,26145.0,Rear Uppercut,8.0,,False
V1,V1.xlsx,1276,26146.0,26154.0,Lead Hook,9.0,,False
V1,V1.xlsx,1277,26162.0,26170.0,Rear Hook,9.0,,False
V1,V1.xlsx,1278,26172.0,26181.0,Lead Hook,10.0,,False
V1,V1.xlsx,1279,26190.0,26198.0,Rear Uppercut,9.0,,False
V1,V1.xlsx,1280,26200.0,26212.0,Lead Hook,13.0,,False
V1,V1.xlsx,1281,26216.0,26222.0,Rear Uppercut,7.0,,False
V1,V1.xlsx,1282,26223.0,26230.0,Lead Hook,8.0,,False
V1,V1.xlsx,1283,26260.0,26266.0,Jab,7.0,,False
V1,V1.xlsx,1284,26267.0,26274.0,Cross,8.0,,False
V1,V1.xlsx,1285,26278.0,26285.0,Jab,8.0,,False
V1,V1.xlsx,1286,26285.0,26291.0,Jab,7.0,,False
V1,V1.xlsx,1287,26292.0,26300.0,Cross,9.0,,False
V1,V1.xlsx,1288,26301.0,26311.0,Lead Hook,11.0,,False
V1,V1.xlsx,1289,26318.0,26324.0,Rear Uppercut,7.0,,False
V1,V1.xlsx,1290,26325.0,26334.0,Lead Hook,10.0,,False
V1,V1.xlsx,1291,26338.0,26349.0,Rear Hook,12.0,,False
V1,V1.xlsx,1292,26350.0,26361.0,Lead Hook,12.0,,False
V1,V1.xlsx,1293,26363.0,26374.0,Rear Uppercut,12.0,,False
V1,V1.xlsx,1294,26374.0,26384.0,Lead Hook,11.0,,False
V1,V1.xlsx,1295,26388.0,26399.0,Rear Hook,12.0,,False
V1,V1.xlsx,1296,26402.0,26413.0,Lead Hook,12.0,,False
V1,V1.xlsx,1297,26416.0,26426.0,Rear Uppercut,11.0,,False
V1,V1.xlsx,1298,26427.0,26435.0,Lead Hook,9.0,,False
V1,V1.xlsx,1299,26442.0,26450.0,Rear Uppercut,9.0,,False
V1,V1.xlsx,1300,26452.0,26463.0,Lead Hook,12.0,,False
V1,V1.xlsx,1301,26470.0,26480.0,Rear Hook,11.0,,False
V1,V1.xlsx,1302,26483.0,26496.0,Lead Hook,14.0,,False
V1,V1.xlsx,1303,26500.0,26509.0,Rear Uppercut,10.0,,False
V1,V1.xlsx,1304,26510.0,26519.0,Lead Hook,10.0,,False
V1,V1.xlsx,1305,26520.0,26527.0,Rear Uppercut,8.0,,False
V1,V1.xlsx,1306,26528.0,26537.0,Lead Hook,10.0,,False
V1,V1.xlsx,1307,26552.0,26562.0,Lead Hook,11.0,,False
V1,V1.xlsx,1308,26567.0,26576.0,Cross,10.0,,False
V1,V1.xlsx,1309,26577.0,26588.0,Lead Hook,12.0,,False
V1,V1.xlsx,1310,26611.0,26618.0,Rear Uppercut,8.0,,False
V1,V1.xlsx,1311,26619.0,26628.0,Lead Hook,10.0,,False
V1,V1.xlsx,1312,26633.0,26639.0,Rear Hook,7.0,,False
V1,V1.xlsx,1313,26655.0,26662.0,Lead Hook,8.0,,False
V1,V1.xlsx,1314,26671.0,26679.0,Rear Hook,9.0,,False
V1,V1.xlsx,1315,26683.0,26690.0,Lead Hook,8.0,,False
V1,V1.xlsx,1316,26691.0,26695.0,Rear Uppercut,5.0,,False
V1,V1.xlsx,1317,26696.0,26702.0,Lead Hook,7.0,,False
V1,V1.xlsx,1318,26713.0,26721.0,Rear Uppercut,9.0,,False
V1,V1.xlsx,1319,26724.0,26733.0,Lead Hook,10.0,,False
V1,V1.xlsx,1320,26751.0,26760.0,Lead Hook,10.0,,False
V1,V1.xlsx,1321,26761.0,26767.0,Rear Hook,7.0,,False
V1,V1.xlsx,1322,26767.0,26776.0,Lead Hook,10.0,,False
V1,V1.xlsx,1323,26781.0,26788.0,Rear Uppercut,8.0,,False
V1,V1.xlsx,1324,26789.0,26797.0,Lead Hook,9.0,,False
V1,V1.xlsx,1325,26851.0,26863.0,Jab,13.0,,False
V1,V1.xlsx,1326,26864.0,26875.0,Cross,12.0,,False
V1,V1.xlsx,1327,26884.0,26897.0,Jab,14.0,,False
V1,V1.xlsx,1328,26908.0,26918.0,Jab,11.0,,False
V1,V1.xlsx,1329,26935.0,26946.0,Cross,12.0,,False
V1,V1.xlsx,1330,26962.0,26974.0,Rear Hook,13.0,,False
V1,V1.xlsx,1331,26976.0,26986.0,Lead Hook,11.0,,False
V1,V1.xlsx,1332,26993.0,27004.0,Jab,12.0,,False
V1,V1.xlsx,1333,27016.0,27027.0,Cross,12.0,,False
V1,V1.xlsx,1334,27038.0,27050.0,Rear Uppercut,13.0,,False
V1,V1.xlsx,1335,27051.0,27064.0,Lead Hook,14.0,,False
V1,V1.xlsx,1336,27073.0,27087.0,Cross,15.0,,False
V1,V1.xlsx,1337,27093.0,27103.0,Jab,11.0,,False
V1,V1.xlsx,1338,27104.0,27112.0,Jab,9.0,,False
V1,V1.xlsx,1339,27113.0,27123.0,Cross,11.0,,False
V1,V1.xlsx,1340,27138.0,27147.0,Jab,10.0,,False
V1,V1.xlsx,1341,27165.0,27175.0,Cross,11.0,,False
V1,V1.xlsx,1342,27192.0,27201.0,Jab,10.0,,False
V1,V1.xlsx,1343,27207.0,27218.0,Lead Hook,12.0,,False
V1,V1.xlsx,1344,27239.0,27249.0,Jab,11.0,,False
V1,V1.xlsx,1345,27263.0,27272.0,Cross,10.0,,False
V1,V1.xlsx,1346,27292.0,27305.0,Lead Hook,14.0,,False
V1,V1.xlsx,1347,27311.0,27324.0,Cross,14.0,,False
V1,V1.xlsx,1348,27333.0,27344.0,Rear Uppercut,12.0,,False
V1,V1.xlsx,1349,27344.0,27355.0,Lead Hook,12.0,,False
V1,V1.xlsx,1350,27360.0,27370.0,Rear Hook,11.0,,False
V1,V1.xlsx,1351,27374.0,27386.0,Lead Hook,13.0,,False
V1,V1.xlsx,1352,27396.0,27405.0,Rear Uppercut,10.0,,False
V1,V1.xlsx,1353,27406.0,27414.0,Lead Hook,9.0,,False
V1,V1.xlsx,1354,27415.0,27425.0,Cross,11.0,,False
V1,V1.xlsx,1355,27428.0,27439.0,Jab,12.0,,False
V1,V1.xlsx,1356,27441.0,27451.0,Cross,11.0,,False
V1,V1.xlsx,1357,27452.0,27462.0,Lead Hook,11.0,,False
V1,V1.xlsx,1358,27491.0,27499.0,Jab,9.0,,False
V1,V1.xlsx,1359,27500.0,27509.0,Cross,10.0,,False
V1,V1.xlsx,1360,27513.0,27525.0,Jab,13.0,,False
V1,V1.xlsx,1361,27568.0,27577.0,Rear Hook,10.0,,False
V1,V1.xlsx,1362,27606.0,27618.0,Rear Uppercut,13.0,,False
V1,V1.xlsx,1363,27619.0,27630.0,Lead Hook,12.0,,False
V1,V1.xlsx,1364,27669.0,27677.0,Rear Hook,9.0,,False
V1,V1.xlsx,1365,27677.0,27688.0,Lead Hook,12.0,,False
V1,V1.xlsx,1366,27688.0,27694.0,Rear Hook,7.0,,False
V1,V1.xlsx,1367,27695.0,27701.0,Lead Hook,7.0,,False
V1,V1.xlsx,1368,27709.0,27715.0,Cross,7.0,,False
V1,V1.xlsx,1369,27716.0,27724.0,Lead Hook,9.0,,False
V1,V1.xlsx,1370,27757.0,27766.0,Rear Hook,10.0,,False
V1,V1.xlsx,1371,27770.0,27778.0,Lead Hook,9.0,,False
V1,V1.xlsx,1372,27801.0,27809.0,Lead Hook,9.0,,False
V1,V1.xlsx,1373,27809.0,27814.0,Cross,6.0,,False
V1,V1.xlsx,1374,27816.0,27822.0,Cross,7.0,,False
V1,V1.xlsx,1375,27822.0,27828.0,Jab,7.0,,False
V1,V1.xlsx,1376,27829.0,27834.0,Jab,6.0,,False
V1,V1.xlsx,1377,27835.0,27839.0,Cross,5.0,,False
V1,V1.xlsx,1378,27840.0,27842.0,Cross,3.0,,False
V1,V1.xlsx,1379,27843.0,27845.0,Jab,3.0,,False
V1,V1.xlsx,1380,27845.0,27847.0,Cross,3.0,,False
V1,V1.xlsx,1381,27847.0,27850.0,Jab,4.0,,False
V1,V1.xlsx,1382,27850.0,27853.0,Cross,4.0,,False
V1,V1.xlsx,1383,27853.0,27856.0,Jab,4.0,,False
V1,V1.xlsx,1384,27857.0,27862.0,Cross,6.0,,False
V1,V1.xlsx,1385,27863.0,27869.0,Jab,7.0,,False
V1,V1.xlsx,1386,27870.0,27874.0,Jab,5.0,,False
V1,V1.xlsx,1387,27875.0,27879.0,Rear Uppercut,5.0,,False
V1,V1.xlsx,1388,27879.0,27885.0,Lead Hook,7.0,,False
V1,V1.xlsx,1389,27892.0,27899.0,Rear Hook,8.0,,False
V1,V1.xlsx,1390,27905.0,27914.0,Lead Hook,10.0,,False
V1,V1.xlsx,1391,27920.0,27928.0,Rear Hook,9.0,,False
V1,V1.xlsx,1392,27928.0,27936.0,Lead Hook,9.0,,False
V1,V1.xlsx,1393,27940.0,27951.0,Rear Hook,12.0,,False
V1,V1.xlsx,1394,27954.0,27962.0,Lead Hook,9.0,,False
V1,V1.xlsx,1395,27966.0,27974.0,Rear Uppercut,9.0,,False
V1,V1.xlsx,1396,27975.0,27981.0,Lead Hook,7.0,,False
V1,V1.xlsx,1397,27986.0,27993.0,Cross,8.0,,False
V1,V1.xlsx,1398,27995.0,28000.0,Jab,6.0,,False
V1,V1.xlsx,1399,28001.0,28008.0,Cross,8.0,,False
V1,V1.xlsx,1400,28011.0,28016.0,Jab,6.0,,False
V1,V1.xlsx,1401,28017.0,28022.0,Cross,6.0,,False
V1,V1.xlsx,1402,28022.0,28026.0,Jab,5.0,,False
V1,V1.xlsx,1403,28027.0,28033.0,Cross,7.0,,False
V1,V1.xlsx,1404,28034.0,28042.0,Lead Hook,9.0,,False
V1,V1.xlsx,1405,28043.0,28050.0,Cross,8.0,,False
V1,V1.xlsx,1406,28060.0,28067.0,Cross,8.0,,False
V1,V1.xlsx,1407,28068.0,28075.0,Lead Hook,8.0,,False
V1,V1.xlsx,1408,28083.0,28091.0,Rear Hook,9.0,,False
V1,V1.xlsx,1409,28097.0,28106.0,Lead Hook,10.0,,False
V1,V1.xlsx,1410,28113.0,28122.0,Rear Hook,10.0,,False
V1,V1.xlsx,1411,28123.0,28129.0,Lead Hook,7.0,,False
V1,V1.xlsx,1412,28130.0,28136.0,Cross,7.0,,False
V1,V1.xlsx,1413,28137.0,28144.0,Lead Hook,8.0,,False
V1,V1.xlsx,1414,28177.0,28183.0,Cross,7.0,,False
V1,V1.xlsx,1415,28187.0,28196.0,Cross,10.0,,False
V1,V1.xlsx,1416,28220.0,28229.0,Rear Uppercut,10.0,,False
V1,V1.xlsx,1417,28230.0,28237.0,Lead Hook,8.0,,False
V1,V1.xlsx,1418,28238.0,28245.0,Rear Hook,8.0,,False
V1,V1.xlsx,1419,28251.0,28258.0,Lead Hook,8.0,,False
V1,V1.xlsx,1420,28288.0,28296.0,Rear Hook,9.0,,False
V1,V1.xlsx,1421,28299.0,28306.0,Lead Hook,8.0,,False
V1,V1.xlsx,1422,28307.0,28314.0,Rear Uppercut,8.0,,False
V1,V1.xlsx,1423,28315.0,28321.0,Lead Hook,7.0,,False
V1,V1.xlsx,1424,28330.0,28337.0,Cross,8.0,,False
V1,V1.xlsx,1425,28339.0,28349.0,Lead Hook,11.0,,False
V1,V1.xlsx,1426,28350.0,28354.0,Cross,5.0,,False
V1,V1.xlsx,1427,28355.0,28362.0,Lead Hook,8.0,,False
V1,V1.xlsx,1428,28368.0,28377.0,Cross,10.0,,False
V1,V1.xlsx,1429,28381.0,28391.0,Lead Hook,11.0,,False
V1,V1.xlsx,1430,28392.0,28403.0,Rear Uppercut,12.0,,False
V1,V1.xlsx,1431,28404.0,28412.0,Lead Hook,9.0,,False
V1,V1.xlsx,1432,28418.0,28428.0,Rear Hook,11.0,,False
V1,V1.xlsx,1433,28432.0,28443.0,Lead Hook,12.0,,False
V1,V1.xlsx,1434,28452.0,28459.0,Rear Hook,8.0,,False
V1,V1.xlsx,1435,28460.0,28469.0,Lead Hook,10.0,,False
V1,V1.xlsx,1436,28474.0,28481.0,Rear Uppercut,8.0,,False
V1,V1.xlsx,1437,28482.0,28490.0,Lead Hook,9.0,,False
V1,V1.xlsx,1438,28491.0,28497.0,Jab,7.0,,False
V1,V1.xlsx,1439,28498.0,28504.0,Cross,7.0,,False
V1,V1.xlsx,1440,28505.0,28510.0,Jab,6.0,,False
V1,V1.xlsx,1441,28511.0,28518.0,Cross,8.0,,False
V1,V1.xlsx,1442,28519.0,28523.0,Jab,5.0,,False
V1,V1.xlsx,1443,28524.0,28531.0,Cross,8.0,,False
V1,V1.xlsx,1444,28532.0,28538.0,Jab,7.0,,False
V1,V1.xlsx,1445,28539.0,28544.0,Cross,6.0,,False
V1,V1.xlsx,1446,28548.0,28558.0,Lead Hook,11.0,,False
V1,V1.xlsx,1447,28559.0,28565.0,Cross,7.0,,False
V1,V1.xlsx,1448,28565.0,28574.0,Lead Hook,10.0,,False
V1,V1.xlsx,1449,28576.0,28585.0,Rear Uppercut,10.0,,False
V1,V1.xlsx,1450,28586.0,28594.0,Lead Hook,9.0,,False
V1,V1.xlsx,1451,28597.0,28611.0,Rear Hook,15.0,,False
V1,V1.xlsx,1452,28613.0,28622.0,Lead Hook,10.0,,False
V1,V1.xlsx,1453,28629.0,28635.0,Cross,7.0,,False
V1,V1.xlsx,1454,28638.0,28646.0,Jab,9.0,,False
V1,V1.xlsx,1455,28647.0,28657.0,Cross,11.0,,False
V1,V1.xlsx,1456,28658.0,28667.0,Jab,10.0,,False
V1,V1.xlsx,1457,28668.0,28675.0,Cross,8.0,,False
V1,V1.xlsx,1458,28683.0,28693.0,Rear Uppercut,11.0,,False
V1,V1.xlsx,1459,28694.0,28703.0,Lead Hook,10.0,,False
V1,V1.xlsx,1460,28708.0,28719.0,Rear Hook,12.0,,False
V1,V1.xlsx,1461,28725.0,28734.0,Lead Hook,10.0,,False
V1,V1.xlsx,1462,28735.0,28746.0,Rear Uppercut,12.0,,False
V1,V1.xlsx,1463,28746.0,28753.0,Lead Hook,8.0,,False
V1,V1.xlsx,1464,28758.0,28767.0,Rear Hook,10.0,,False
V1,V1.xlsx,1465,28774.0,28783.0,Lead Hook,10.0,,False
V1,V1.xlsx,1466,28789.0,28799.0,Rear Hook,11.0,,False
V1,V1.xlsx,1467,28805.0,28814.0,Lead Hook,10.0,,False
V1,V1.xlsx,1468,28819.0,28829.0,Rear Hook,11.0,,False
V1,V1.xlsx,1469,28834.0,28845.0,Lead Hook,12.0,,False
V1,V1.xlsx,1470,28849.0,28859.0,Rear Uppercut,11.0,,False
V1,V1.xlsx,1471,28860.0,28867.0,Lead Hook,8.0,,False
V1,V1.xlsx,1472,28873.0,28884.0,Rear Hook,12.0,,False
V1,V1.xlsx,1473,28887.0,28895.0,Jab,9.0,,False
V1,V1.xlsx,1474,28895.0,28902.0,Cross,8.0,,False
V1,V1.xlsx,1475,28902.0,28909.0,Jab,8.0,,False
V1,V1.xlsx,1476,28910.0,28917.0,Cross,8.0,,False
V1,V1.xlsx,1477,28925.0,28932.0,Cross,8.0,,False
V1,V1.xlsx,1478,28932.0,28938.0,Lead Uppercut,7.0,,False
V1,V1.xlsx,1479,28939.0,28946.0,Cross,8.0,,False
V1,V1.xlsx,1480,28952.0,28964.0,Rear Uppercut,13.0,,False
V1,V1.xlsx,1481,28996.0,29008.0,Jab,13.0,,False
V1,V1.xlsx,1482,29022.0,29030.0,Jab,9.0,,False
V1,V1.xlsx,1483,29031.0,29047.0,Cross,17.0,,False
V1,V1.xlsx,1484,29059.0,29069.0,Jab,11.0,,False
V1,V1.xlsx,1485,29084.0,29099.0,Cross,16.0,,False
V1,V1.xlsx,1486,29104.0,29118.0,Lead Hook,15.0,,False
V1,V1.xlsx,1487,29119.0,29129.0,Rear Hook,11.0,,False
V1,V1.xlsx,1488,29138.0,29156.0,Rear Uppercut,19.0,,False
V1,V1.xlsx,1489,29194.0,29204.0,Jab,11.0,,False
V1,V1.xlsx,1490,29222.0,29238.0,Cross,17.0,,False
V1,V1.xlsx,1491,29255.0,29263.0,Cross,9.0,,False
V1,V1.xlsx,1492,29264.0,29282.0,Lead Hook,19.0,,False
V1,V1.xlsx,1493,29286.0,29299.0,Cross,14.0,,False
V1,V1.xlsx,1494,29307.0,29320.0,Jab,14.0,,False
V1,V1.xlsx,1495,29329.0,29343.0,Cross,15.0,,False
V1,V1.xlsx,1496,29353.0,29366.0,Jab,14.0,,False
V1,V1.xlsx,1497,29367.0,29375.0,Jab,9.0,,False
V1,V1.xlsx,1498,29377.0,29388.0,Cross,12.0,,False
V1,V1.xlsx,1499,29406.0,29416.0,Cross,11.0,,False
V1,V1.xlsx,1500,29417.0,29425.0,Lead Hook,9.0,,False
V1,V1.xlsx,1501,29426.0,29437.0,Cross,12.0,,False
V1,V1.xlsx,1502,29452.0,29464.0,Jab,13.0,,False
V1,V1.xlsx,1503,29484.0,29495.0,Jab,12.0,,False
V1,V1.xlsx,1504,29527.0,29538.0,Rear Hook,12.0,,False
V1,V1.xlsx,1505,29610.0,29618.0,Jab,9.0,,False
V1,V1.xlsx,1506,29618.0,29632.0,Lead Hook,15.0,,False
V1,V1.xlsx,1507,29640.0,29650.0,Jab,11.0,,False
V1,V1.xlsx,1508,29665.0,29674.0,Rear Hook,10.0,,False
V1,V1.xlsx,1509,29675.0,29684.0,Lead Hook,10.0,,False
V1,V1.xlsx,1510,29762.0,29768.0,Rear Hook,7.0,,False
V1,V1.xlsx,1511,29769.0,29775.0,Lead Hook,7.0,,False
V1,V1.xlsx,1512,29775.0,29779.0,Rear Hook,5.0,,False
V1,V1.xlsx,1513,29780.0,29786.0,Lead Hook,7.0,,False
V1,V1.xlsx,1514,29815.0,29821.0,Jab,7.0,,False
V1,V1.xlsx,1515,29822.0,29828.0,Cross,7.0,,False
V1,V1.xlsx,1516,29829.0,29837.0,Lead Hook,9.0,,False
V1,V1.xlsx,1517,29859.0,29869.0,Lead Hook,11.0,,False
V1,V1.xlsx,1518,29880.0,29887.0,Rear Hook,8.0,,False
V1,V1.xlsx,1519,29888.0,29897.0,Lead Hook,10.0,,False
V1,V1.xlsx,1520,29903.0,29911.0,Rear Uppercut,9.0,,False
V1,V1.xlsx,1521,29914.0,29925.0,Lead Hook,12.0,,False
V1,V1.xlsx,1522,29934.0,29943.0,Rear Hook,10.0,,False
V1,V1.xlsx,1523,29951.0,29961.0,Lead Hook,11.0,,False
V1,V1.xlsx,1524,29972.0,29981.0,Rear Hook,10.0,,False
V1,V1.xlsx,1525,29984.0,29995.0,Rear Hook,12.0,,False
V1,V1.xlsx,1526,29996.0,30004.0,Rear Uppercut,9.0,,False
V1,V1.xlsx,1527,30005.0,30013.0,Jab,9.0,,False
V1,V1.xlsx,1528,30021.0,30029.0,Rear Hook,9.0,,False
V1,V1.xlsx,1529,30034.0,30045.0,Lead Hook,12.0,,False
V1,V1.xlsx,1530,30055.0,30064.0,Rear Hook,10.0,,False
V1,V1.xlsx,1531,30072.0,30080.0,Rear Uppercut,9.0,,False
V1,V1.xlsx,1532,30081.0,30089.0,Lead Hook,9.0,,False
V1,V1.xlsx,1533,30099.0,30107.0,Rear Hook,9.0,,False
V1,V1.xlsx,1534,30115.0,30125.0,Lead Hook,11.0,,False
V1,V1.xlsx,1535,30133.0,30139.0,Cross,7.0,,False
V1,V1.xlsx,1536,30140.0,30146.0,Jab,7.0,,False
V1,V1.xlsx,1537,30147.0,30153.0,Cross,7.0,,False
V1,V1.xlsx,1538,30154.0,30164.0,Lead Hook,11.0,,False
V1,V1.xlsx,1539,30169.0,30178.0,Rear Hook,10.0,,False
V1,V1.xlsx,1540,30187.0,30194.0,Rear Uppercut,8.0,,False
V1,V1.xlsx,1541,30195.0,30202.0,Lead Hook,8.0,,False
V1,V1.xlsx,1542,30207.0,30214.0,Rear Hook,8.0,,False
V1,V1.xlsx,1543,30215.0,30219.0,Jab,5.0,,False
V1,V1.xlsx,1544,30220.0,30225.0,Rear Uppercut,6.0,,False
V1,V1.xlsx,1545,30226.0,30233.0,Lead Hook,8.0,,False
V1,V1.xlsx,1546,30234.0,30239.0,Jab,6.0,,False
V1,V1.xlsx,1547,30240.0,30246.0,Cross,7.0,,False
V1,V1.xlsx,1548,30247.0,30256.0,Lead Hook,10.0,,False
V1,V1.xlsx,1549,30265.0,30273.0,Cross,9.0,,False
V1,V1.xlsx,1550,30277.0,30285.0,Jab,9.0,,False
V1,V1.xlsx,1551,30285.0,30291.0,Jab,7.0,,False
V1,V1.xlsx,1552,30292.0,30298.0,Jab,7.0,,False
V1,V1.xlsx,1553,30300.0,30307.0,Cross,8.0,,False
V1,V1.xlsx,1554,30313.0,30318.0,Jab,6.0,,False
V1,V1.xlsx,1555,30318.0,30321.0,Cross,4.0,,False
V1,V1.xlsx,1556,30321.0,30324.0,Jab,4.0,,False
V1,V1.xlsx,1557,30324.0,30326.0,Cross,3.0,,False
V1,V1.xlsx,1558,30326.0,30329.0,Jab,4.0,,False
V1,V1.xlsx,1559,30329.0,30332.0,Cross,4.0,,False
V1,V1.xlsx,1560,30332.0,30335.0,Jab,4.0,,False
V1,V1.xlsx,1561,30345.0,30350.0,Jab,6.0,,False
V1,V1.xlsx,1562,30350.0,30353.0,Cross,4.0,,False
V1,V1.xlsx,1563,30353.0,30355.0,Jab,3.0,,False
V1,V1.xlsx,1564,30361.0,30368.0,Lead Hook,8.0,,False
V1,V1.xlsx,1565,30371.0,30379.0,Rear Hook,9.0,,False
V1,V1.xlsx,1566,30381.0,30390.0,Lead Hook,10.0,,False
V1,V1.xlsx,1567,30391.0,30397.0,Rear Uppercut,7.0,,False
V1,V1.xlsx,1568,30398.0,30404.0,Lead Hook,7.0,,False
V1,V1.xlsx,1569,30412.0,30423.0,Rear Hook,12.0,,False
V1,V1.xlsx,1570,30426.0,30435.0,Lead Hook,10.0,,False
V1,V1.xlsx,1571,30443.0,30447.0,Cross,5.0,,False
V1,V1.xlsx,1572,30447.0,30451.0,Jab,5.0,,False
V1,V1.xlsx,1573,30451.0,30455.0,Cross,5.0,,False
V1,V1.xlsx,1574,30456.0,30463.0,Lead Hook,8.0,,False
V1,V1.xlsx,1575,30468.0,30474.0,Cross,7.0,,False
V1,V1.xlsx,1576,30478.0,30487.0,Lead Hook,10.0,,False
V1,V1.xlsx,1577,30493.0,30499.0,Cross,7.0,,False
V1,V1.xlsx,1578,30499.0,30506.0,Jab,8.0,,False
V1,V1.xlsx,1579,30507.0,30512.0,Rear Uppercut,6.0,,False
V1,V1.xlsx,1580,30513.0,30521.0,Lead Hook,9.0,,False
V1,V1.xlsx,1581,30522.0,30527.0,Jab,6.0,,False
V1,V1.xlsx,1582,30528.0,30535.0,Rear Hook,8.0,,False
V1,V1.xlsx,1583,30538.0,30545.0,Rear Uppercut,8.0,,False
V1,V1.xlsx,1584,30546.0,30554.0,Jab,9.0,,False
V1,V1.xlsx,1585,30558.0,30568.0,Rear Hook,11.0,,False
V1,V1.xlsx,1586,30572.0,30579.0,Rear Uppercut,8.0,,False
V1,V1.xlsx,1587,30580.0,30588.0,Lead Hook,9.0,,False
V1,V1.xlsx,1588,30590.0,30597.0,Lead Uppercut,8.0,,False
V1,V1.xlsx,1589,30598.0,30604.0,Rear Hook,7.0,,False
V1,V1.xlsx,1590,30608.0,30618.0,Lead Hook,11.0,,False
V1,V1.xlsx,1591,30623.0,30629.0,Rear Uppercut,7.0,,False
V1,V1.xlsx,1592,30631.0,30641.0,Lead Hook,11.0,,False
V1,V1.xlsx,1593,30646.0,30652.0,Rear Uppercut,7.0,,False
V1,V1.xlsx,1594,30653.0,30660.0,Lead Hook,8.0,,False
V1,V1.xlsx,1595,30667.0,30675.0,Rear Hook,9.0,,False
V1,V1.xlsx,1596,30676.0,30684.0,Lead Hook,9.0,,False
V1,V1.xlsx,1597,30691.0,30698.0,Rear Hook,8.0,,False
V1,V1.xlsx,1598,30707.0,30715.0,Rear Uppercut,9.0,,False
V1,V1.xlsx,1599,30716.0,30724.0,Lead Hook,9.0,,False
V1,V1.xlsx,1600,30732.0,30741.0,Lead Hook,10.0,,False
V1,V1.xlsx,1601,30743.0,30750.0,Cross,8.0,,False
V1,V1.xlsx,1602,30751.0,30762.0,Lead Hook,12.0,,False
V1,V1.xlsx,1603,30769.0,30777.0,Rear Hook,9.0,,False
V1,V1.xlsx,1604,30791.0,30800.0,Rear Uppercut,10.0,,False
V1,V1.xlsx,1605,30805.0,30817.0,Lead Hook,13.0,,False
V1,V1.xlsx,1606,30823.0,30835.0,Lead Hook,13.0,,False
V1,V1.xlsx,1607,30860.0,30866.0,Jab,7.0,,False
V1,V1.xlsx,1608,30867.0,30872.0,Cross,6.0,,False
V1,V1.xlsx,1609,30873.0,30877.0,Jab,5.0,,False
V1,V1.xlsx,1610,30878.0,30884.0,Cross,7.0,,False
V1,V1.xlsx,1611,30885.0,30894.0,Jab,10.0,,False
V1,V1.xlsx,1612,30895.0,30904.0,Rear Uppercut,10.0,,False
V1,V1.xlsx,1613,30905.0,30913.0,Lead Hook,9.0,,False
V1,V1.xlsx,1614,30921.0,30929.0,Cross,9.0,,False
V1,V1.xlsx,1615,30945.0,30951.0,Rear Uppercut,7.0,,False
V1,V1.xlsx,1616,30952.0,30961.0,Lead Hook,10.0,,False
V1,V1.xlsx,1617,30968.0,30978.0,Rear Hook,11.0,,False
V1,V1.xlsx,1618,30979.0,30989.0,Lead Hook,11.0,,False
V1,V1.xlsx,1619,30996.0,31003.0,Cross,8.0,,False
V1,V1.xlsx,1620,31004.0,31009.0,Jab,6.0,,False
V1,V1.xlsx,1621,31010.0,31014.0,Cross,5.0,,False
V1,V1.xlsx,1622,31015.0,31023.0,Jab,9.0,,False
V1,V1.xlsx,1623,31024.0,31031.0,Jab,8.0,,False
V1,V1.xlsx,1624,31032.0,31037.0,Cross,6.0,,False
V1,V1.xlsx,1625,31045.0,31050.0,Jab,6.0,,False
V1,V1.xlsx,1626,31051.0,31058.0,Rear Uppercut,8.0,,False
V1,V1.xlsx,1627,31059.0,31066.0,Lead Hook,8.0,,False
V1,V1.xlsx,1628,31074.0,31084.0,Rear Hook,11.0,,False
V1,V1.xlsx,1629,31089.0,31099.0,Lead Hook,11.0,,False
V1,V1.xlsx,1630,31100.0,31110.0,Rear Uppercut,11.0,,False
V1,V1.xlsx,1631,31111.0,31119.0,Lead Hook,9.0,,False
V1,V1.xlsx,1632,31169.0,31178.0,Cross,10.0,,False
V1,V1.xlsx,1633,31189.0,31199.0,Jab,11.0,,False
V1,V1.xlsx,1634,31239.0,31250.0,Jab,12.0,,False
V1,V1.xlsx,1635,31274.0,31285.0,Jab,12.0,,False
V1,V1.xlsx,1636,31300.0,31311.0,Cross,12.0,,False
V1,V1.xlsx,1637,31329.0,31339.0,Jab,11.0,,False
V1,V1.xlsx,1638,31357.0,31366.0,Jab,10.0,,False
V1,V1.xlsx,1639,31393.0,31403.0,Cross,11.0,,False
V1,V1.xlsx,1640,31403.0,31415.0,Lead Hook,13.0,,False
V1,V1.xlsx,1641,31430.0,31440.0,Jab,11.0,,False
V1,V1.xlsx,1642,31463.0,31472.0,Cross,10.0,,False
V1,V1.xlsx,1643,31474.0,31486.0,Jab,13.0,,False
V1,V1.xlsx,1644,31502.0,31509.0,Jab,8.0,,False
V1,V1.xlsx,1645,31510.0,31516.0,Cross,7.0,,False
V1,V1.xlsx,1646,31527.0,31536.0,Rear Hook,10.0,,False
V1,V1.xlsx,1647,31556.0,31567.0,Jab,12.0,,False
V1,V1.xlsx,1648,31587.0,31595.0,Cross,9.0,,False
V1,V1.xlsx,1649,31608.0,31620.0,Rear Uppercut,13.0,,False
V1,V1.xlsx,1650,31624.0,31635.0,Jab,12.0,,False
V1,V1.xlsx,1651,31638.0,31659.0,Lead Uppercut,22.0,,False
V1,V1.xlsx,1652,31662.0,31677.0,Cross,16.0,,False
V1,V1.xlsx,1653,31696.0,31707.0,Jab,12.0,,False
V1,V1.xlsx,1654,31725.0,31732.0,Jab,8.0,,False
V1,V1.xlsx,1655,31734.0,31742.0,Jab,9.0,,False
V1,V1.xlsx,1656,31764.0,31770.0,Cross,7.0,,False
V1,V1.xlsx,1657,31771.0,31784.0,Lead Hook,14.0,,False
V1,V1.xlsx,1658,31787.0,31801.0,Rear Hook,15.0,,False
V1,V1.xlsx,1659,31818.0,31831.0,Rear Hook,14.0,,False
V1,V1.xlsx,1660,31841.0,31855.0,Rear Hook,15.0,,False
V1,V1.xlsx,1661,32491.0,32501.0,Rear Hook,11.0,,False
V1,V1.xlsx,1662,32504.0,32512.0,Rear Uppercut,9.0,,False
V1,V1.xlsx,1663,32513.0,32519.0,Lead Hook,7.0,,False
V1,V1.xlsx,1664,32529.0,32539.0,Rear Hook,11.0,,False
V1,V1.xlsx,1665,32530.0,32550.0,Rear Uppercut,21.0,,False
V1,V1.xlsx,1666,32551.0,32558.0,Lead Hook,8.0,,False
V1,V1.xlsx,1667,32564.0,32576.0,Rear Hook,13.0,,False
V1,V1.xlsx,1668,32577.0,32586.0,Rear Uppercut,10.0,,False
V1,V1.xlsx,1669,32587.0,32596.0,Lead Hook,10.0,,False
V1,V1.xlsx,1670,32601.0,32610.0,Rear Hook,10.0,,False
V1,V1.xlsx,1671,32611.0,32622.0,Rear Uppercut,12.0,,False
V1,V1.xlsx,1672,32623.0,32630.0,Lead Hook,8.0,,False
V1,V1.xlsx,1673,32638.0,32648.0,Rear Hook,11.0,,False
V1,V1.xlsx,1674,32649.0,32659.0,Rear Uppercut,11.0,,False
V1,V1.xlsx,1675,32660.0,32668.0,Lead Hook,9.0,,False
V1,V1.xlsx,1676,32673.0,32683.0,Rear Hook,11.0,,False
V1,V1.xlsx,1677,32684.0,32694.0,Rear Uppercut,11.0,,False
V1,V1.xlsx,1678,32695.0,32703.0,Lead Hook,9.0,,False
V1,V1.xlsx,1679,32710.0,32721.0,Rear Hook,12.0,,False
V1,V1.xlsx,1680,32722.0,32733.0,Rear Uppercut,12.0,,False
V1,V1.xlsx,1681,32734.0,32741.0,Lead Hook,8.0,,False
V1,V1.xlsx,1682,32749.0,32758.0,Rear Hook,10.0,,False
V1,V1.xlsx,1683,32759.0,32771.0,Rear Uppercut,13.0,,False
V1,V1.xlsx,1684,32772.0,32781.0,Lead Hook,10.0,,False
V1,V1.xlsx,1685,32786.0,32797.0,Rear Hook,12.0,,False
V1,V1.xlsx,1686,32798.0,32808.0,Rear Uppercut,11.0,,False
V1,V1.xlsx,1687,32809.0,32817.0,Lead Hook,9.0,,False
V1,V1.xlsx,1688,32823.0,32835.0,Rear Hook,13.0,,False
V1,V1.xlsx,1689,32836.0,32845.0,Rear Uppercut,10.0,,False
V1,V1.xlsx,1690,32847.0,32855.0,Lead Hook,9.0,,False
V1,V1.xlsx,1691,32861.0,32874.0,Rear Hook,14.0,,False
V1,V1.xlsx,1692,32875.0,32884.0,Rear Uppercut,10.0,,False
V1,V1.xlsx,1693,32885.0,32892.0,Lead Hook,8.0,,False
V1,V1.xlsx,1694,32899.0,32910.0,Rear Hook,12.0,,False
V1,V1.xlsx,1695,32913.0,32923.0,Rear Uppercut,11.0,,False
V1,V1.xlsx,1696,32924.0,32930.0,Lead Hook,7.0,,False
V1,V1.xlsx,1697,32938.0,32949.0,Rear Hook,12.0,,False
V1,V1.xlsx,1698,32950.0,32959.0,Rear Uppercut,10.0,,False
V1,V1.xlsx,1699,32960.0,32969.0,Lead Hook,10.0,,False
V1,V1.xlsx,1700,32974.0,32985.0,Rear Hook,12.0,,False
V1,V1.xlsx,1701,32986.0,32995.0,Rear Uppercut,10.0,,False
V1,V1.xlsx,1702,32996.0,33004.0,Lead Hook,9.0,,False
V1,V1.xlsx,1703,33010.0,33024.0,Rear Hook,15.0,,False
V1,V1.xlsx,1704,33025.0,33033.0,Rear Uppercut,9.0,,False
V1,V1.xlsx,1705,33034.0,33043.0,Lead Hook,10.0,,False
V1,V1.xlsx,1706,33050.0,33059.0,Rear Hook,10.0,,False
V1,V1.xlsx,1707,33065.0,33073.0,Rear Uppercut,9.0,,False
V1,V1.xlsx,1708,33074.0,33082.0,Lead Hook,9.0,,False
V1,V1.xlsx,1709,33088.0,33098.0,Rear Hook,11.0,,False
V1,V1.xlsx,1710,33104.0,33112.0,Rear Uppercut,9.0,,False
V1,V1.xlsx,1711,33113.0,33121.0,Lead Hook,9.0,,False
V1,V1.xlsx,1712,33128.0,33139.0,Rear Hook,12.0,,False
V1,V1.xlsx,1713,33141.0,33150.0,Rear Uppercut,10.0,,False
V1,V1.xlsx,1714,33151.0,33158.0,Lead Hook,8.0,,False
V1,V1.xlsx,1715,33165.0,33178.0,Rear Hook,14.0,,False
V1,V1.xlsx,1716,33180.0,33189.0,Rear Uppercut,10.0,,False
V1,V1.xlsx,1717,33190.0,33198.0,Lead Hook,9.0,,False
V1,V1.xlsx,1718,33205.0,33216.0,Rear Hook,12.0,,False
V1,V1.xlsx,1719,33219.0,33229.0,Rear Uppercut,11.0,,False
V1,V1.xlsx,1720,33230.0,33238.0,Lead Hook,9.0,,False
V1,V1.xlsx,1721,33245.0,33255.0,Rear Hook,11.0,,False
V1,V1.xlsx,1722,33258.0,33268.0,Rear Uppercut,11.0,,False
V1,V1.xlsx,1723,33269.0,33277.0,Lead Hook,9.0,,False
V1,V1.xlsx,1724,33284.0,33294.0,Rear Hook,11.0,,False
V1,V1.xlsx,1725,33295.0,33306.0,Rear Uppercut,12.0,,False
V1,V1.xlsx,1726,33307.0,33314.0,Lead Hook,8.0,,False
V1,V1.xlsx,1727,33320.0,33330.0,Rear Hook,11.0,,False
V1,V1.xlsx,1728,33333.0,33344.0,Rear Uppercut,12.0,,False
V1,V1.xlsx,1729,33345.0,33352.0,Lead Hook,8.0,,False
V1,V1.xlsx,1730,33358.0,33371.0,Rear Hook,14.0,,False
V1,V1.xlsx,1731,33372.0,33381.0,Rear Uppercut,10.0,,False
V1,V1.xlsx,1732,33382.0,33390.0,Lead Hook,9.0,,False
V1,V1.xlsx,1733,33395.0,33407.0,Rear Hook,13.0,,False
V1,V1.xlsx,1734,33409.0,33418.0,Rear Uppercut,10.0,,False
V1,V1.xlsx,1735,33419.0,33428.0,Lead Hook,10.0,,False
V1,V1.xlsx,1736,33434.0,33445.0,Rear Hook,12.0,,False
V1,V1.xlsx,1737,33447.0,33458.0,Rear Uppercut,12.0,,False
V1,V1.xlsx,1738,33459.0,33467.0,Lead Hook,9.0,,False
V1,V1.xlsx,1739,33474.0,33484.0,Rear Hook,11.0,,False
V1,V1.xlsx,1740,33486.0,33499.0,Rear Uppercut,14.0,,False
V1,V1.xlsx,1741,33500.0,33508.0,Lead Hook,9.0,,False
V1,V1.xlsx,1742,33512.0,33523.0,Rear Hook,12.0,,False
V1,V1.xlsx,1743,33530.0,33540.0,Rear Uppercut,11.0,,False
V1,V1.xlsx,1744,33541.0,33549.0,Lead Hook,9.0,,False
V1,V1.xlsx,1745,33553.0,33565.0,Rear Hook,13.0,,False
V1,V1.xlsx,1746,33571.0,33581.0,Rear Uppercut,11.0,,False
V1,V1.xlsx,1747,33582.0,33589.0,Lead Hook,8.0,,False
V1,V1.xlsx,1748,33593.0,33603.0,Rear Hook,11.0,,False
V1,V1.xlsx,1749,33611.0,33620.0,Rear Uppercut,10.0,,False
V1,V1.xlsx,1750,33621.0,33629.0,Lead Hook,9.0,,False
V1,V1.xlsx,1751,33633.0,33643.0,Rear Hook,11.0,,False
V1,V1.xlsx,1752,33649.0,33659.0,Rear Uppercut,11.0,,False
V1,V1.xlsx,1753,33660.0,33668.0,Lead Hook,9.0,,False
V1,V1.xlsx,1754,33672.0,33685.0,Rear Hook,14.0,,False
V1,V1.xlsx,1755,33694.0,33704.0,Rear Uppercut,11.0,,False
V1,V1.xlsx,1756,33705.0,33712.0,Lead Hook,8.0,,False
V1,V1.xlsx,1757,33716.0,33727.0,Rear Hook,12.0,,False
V1,V1.xlsx,1758,33733.0,33744.0,Rear Uppercut,12.0,,False
V1,V1.xlsx,1759,33745.0,33753.0,Lead Hook,9.0,,False
V1,V1.xlsx,1760,33757.0,33767.0,Rear Hook,11.0,,False
V1,V1.xlsx,1761,33773.0,33783.0,Rear Uppercut,11.0,,False
V1,V1.xlsx,1762,33784.0,33792.0,Lead Hook,9.0,,False
V1,V1.xlsx,1763,33796.0,33808.0,Rear Hook,13.0,,False
V1,V1.xlsx,1764,33815.0,33825.0,Rear Uppercut,11.0,,False
V1,V1.xlsx,1765,33826.0,33834.0,Lead Hook,9.0,,False
V1,V1.xlsx,1766,33838.0,33851.0,Rear Hook,14.0,,False
V1,V1.xlsx,1767,33858.0,33868.0,Rear Uppercut,11.0,,False
V1,V1.xlsx,1768,33869.0,33876.0,Lead Hook,8.0,,False
V1,V1.xlsx,1769,33880.0,33893.0,Rear Hook,14.0,,False
V1,V1.xlsx,1770,33900.0,33910.0,Rear Uppercut,11.0,,False
V1,V1.xlsx,1771,33911.0,33919.0,Lead Hook,9.0,,False
V1,V1.xlsx,1772,33973.0,33982.0,Jab,10.0,,False
V1,V1.xlsx,1773,33983.0,33992.0,Cross,10.0,,False
V1,V1.xlsx,1774,33992.0,34001.0,Jab,10.0,,False
V1,V1.xlsx,1775,34002.0,34013.0,Cross,12.0,,False
V1,V1.xlsx,1776,34025.0,34033.0,Jab,9.0,,False
V1,V1.xlsx,1777,34034.0,34044.0,Cross,11.0,,False
V1,V1.xlsx,1778,34045.0,34053.0,Jab,9.0,,False
V1,V1.xlsx,1779,34054.0,34065.0,Cross,12.0,,False
V1,V1.xlsx,1780,34075.0,34085.0,Jab,11.0,,False
V1,V1.xlsx,1781,34086.0,34094.0,Cross,9.0,,False
V1,V1.xlsx,1782,34095.0,34105.0,Jab,11.0,,False
V1,V1.xlsx,1783,34106.0,34116.0,Cross,11.0,,False
V1,V1.xlsx,1784,34124.0,34137.0,Jab,14.0,,False
V1,V1.xlsx,1785,34138.0,34146.0,Cross,9.0,,False
V1,V1.xlsx,1786,34147.0,34156.0,Jab,10.0,,False
V1,V1.xlsx,1787,34157.0,34170.0,Cross,14.0,,False
V1,V1.xlsx,1788,34177.0,34188.0,Jab,12.0,,False
V1,V1.xlsx,1789,34189.0,34198.0,Cross,10.0,,False
V1,V1.xlsx,1790,34199.0,34207.0,Jab,9.0,,False
V1,V1.xlsx,1791,34208.0,34219.0,Cross,12.0,,False
V1,V1.xlsx,1792,34227.0,34239.0,Jab,13.0,,False
V1,V1.xlsx,1793,34240.0,34249.0,Cross,10.0,,False
V1,V1.xlsx,1794,34250.0,34259.0,Jab,10.0,,False
V1,V1.xlsx,1795,34260.0,34273.0,Cross,14.0,,False
V1,V1.xlsx,1796,34281.0,34292.0,Jab,12.0,,False
V1,V1.xlsx,1797,34293.0,34302.0,Cross,10.0,,False
V1,V1.xlsx,1798,34303.0,34310.0,Jab,8.0,,False
V1,V1.xlsx,1799,34311.0,34321.0,Cross,11.0,,False
V1,V1.xlsx,1800,34667.0,34678.0,Rear Hook,12.0,,False
V1,V1.xlsx,1801,34679.0,34686.0,Rear Uppercut,8.0,,False
V1,V1.xlsx,1802,34687.0,34696.0,Lead Hook,10.0,,False
V1,V1.xlsx,1803,34704.0,34714.0,Rear Hook,11.0,,False
V1,V1.xlsx,1804,34716.0,34726.0,Rear Uppercut,11.0,,False
V1,V1.xlsx,1805,34727.0,34736.0,Lead Hook,10.0,,False
V1,V1.xlsx,1806,34745.0,34754.0,Rear Hook,10.0,,False
V1,V1.xlsx,1807,34756.0,34765.0,Rear Uppercut,10.0,,False
V1,V1.xlsx,1808,34766.0,34774.0,Lead Hook,9.0,,False
V1,V1.xlsx,1809,34783.0,34793.0,Rear Hook,11.0,,False
V1,V1.xlsx,1810,34794.0,34802.0,Rear Uppercut,9.0,,False
V1,V1.xlsx,1811,34803.0,34812.0,Lead Hook,10.0,,False
V1,V1.xlsx,1812,34821.0,34830.0,Rear Hook,10.0,,False
V1,V1.xlsx,1813,34833.0,34842.0,Rear Uppercut,10.0,,False
V1,V1.xlsx,1814,34843.0,34851.0,Lead Hook,9.0,,False
V1,V1.xlsx,1815,34859.0,34870.0,Rear Hook,12.0,,False
V1,V1.xlsx,1816,34872.0,34882.0,Rear Uppercut,11.0,,False
V1,V1.xlsx,1817,34883.0,34891.0,Lead Hook,9.0,,False
V1,V1.xlsx,1818,34898.0,34909.0,Rear Hook,12.0,,False
V1,V1.xlsx,1819,34912.0,34921.0,Rear Uppercut,10.0,,False
V1,V1.xlsx,1820,34922.0,34930.0,Lead Hook,9.0,,False
V1,V1.xlsx,1821,34939.0,34948.0,Rear Hook,10.0,,False
V1,V1.xlsx,1822,34951.0,34961.0,Rear Uppercut,11.0,,False
V1,V1.xlsx,1823,34962.0,34972.0,Lead Hook,11.0,,False
V1,V1.xlsx,1824,34978.0,34987.0,Rear Hook,10.0,,False
V1,V1.xlsx,1825,34991.0,35001.0,Rear Uppercut,11.0,,False
V1,V1.xlsx,1826,35002.0,35010.0,Lead Hook,9.0,,False
V1,V1.xlsx,1827,35016.0,35027.0,Rear Hook,12.0,,False
V1,V1.xlsx,1828,35030.0,35040.0,Rear Uppercut,11.0,,False
V1,V1.xlsx,1829,35041.0,35050.0,Lead Hook,10.0,,False
V1,V1.xlsx,1830,35056.0,35067.0,Rear Hook,12.0,,False
V1,V1.xlsx,1831,35071.0,35080.0,Rear Uppercut,10.0,,False
V1,V1.xlsx,1832,35081.0,35090.0,Lead Hook,10.0,,False
V1,V1.xlsx,1833,35098.0,35105.0,Rear Hook,8.0,,False
V1,V1.xlsx,1834,35111.0,35120.0,Rear Uppercut,10.0,,False
V1,V1.xlsx,1835,35121.0,35130.0,Lead Hook,10.0,,False
V1,V1.xlsx,1836,35136.0,35147.0,Rear Hook,12.0,,False
V1,V1.xlsx,1837,35151.0,35162.0,Rear Uppercut,12.0,,False
V1,V1.xlsx,1838,35163.0,35171.0,Lead Hook,9.0,,False
V1,V1.xlsx,1839,35177.0,35188.0,Rear Hook,12.0,,False
V1,V1.xlsx,1840,35193.0,35202.0,Rear Uppercut,10.0,,False
V1,V1.xlsx,1841,35203.0,35212.0,Lead Hook,10.0,,False
V1,V1.xlsx,1842,35215.0,35228.0,Rear Hook,14.0,,False
V1,V1.xlsx,1843,35235.0,35243.0,Rear Uppercut,9.0,,False
V1,V1.xlsx,1844,35244.0,35252.0,Lead Hook,9.0,,False
V1,V1.xlsx,1845,35257.0,35268.0,Rear Hook,12.0,,False
V1,V1.xlsx,1846,35274.0,35283.0,Rear Uppercut,10.0,,False
V1,V1.xlsx,1847,35284.0,35292.0,Lead Hook,9.0,,False
V1,V1.xlsx,1848,35298.0,35308.0,Rear Hook,11.0,,False
V1,V1.xlsx,1849,35313.0,35323.0,Rear Uppercut,11.0,,False
V1,V1.xlsx,1850,35324.0,35332.0,Lead Hook,9.0,,False
V1,V1.xlsx,1851,35339.0,35349.0,Rear Hook,11.0,,False
V1,V1.xlsx,1852,35354.0,35363.0,Rear Uppercut,10.0,,False
V1,V1.xlsx,1853,35364.0,35371.0,Lead Hook,8.0,,False
V1,V1.xlsx,1854,35376.0,35387.0,Rear Hook,12.0,,False
V1,V1.xlsx,1855,35393.0,35402.0,Rear Uppercut,10.0,,False
V1,V1.xlsx,1856,35403.0,35411.0,Lead Hook,9.0,,False
V1,V1.xlsx,1857,35415.0,35427.0,Rear Hook,13.0,,False
V1,V1.xlsx,1858,35434.0,35441.0,Rear Uppercut,8.0,,False
V1,V1.xlsx,1859,35442.0,35450.0,Lead Hook,9.0,,False
V1,V1.xlsx,1860,35454.0,35467.0,Rear Hook,14.0,,False
V1,V1.xlsx,1861,35472.0,35480.0,Rear Uppercut,9.0,,False
V1,V1.xlsx,1862,35481.0,35490.0,Lead Hook,10.0,,False
V1,V1.xlsx,1863,35496.0,35505.0,Rear Hook,10.0,,False
V1,V1.xlsx,1864,35510.0,35520.0,Rear Uppercut,11.0,,False
V1,V1.xlsx,1865,35521.0,35529.0,Lead Hook,9.0,,False
V10,V10.xlsx,0,1721.0,1731.0,Cross,11.0,,False
V10,V10.xlsx,1,1786.0,1802.0,Cross,17.0,,False
V10,V10.xlsx,2,1944.0,1951.0,Cross,8.0,,False
V10,V10.xlsx,3,1995.0,2007.0,Lead Hook,13.0,,False
V10,V10.xlsx,4,2069.0,2078.0,Jab,10.0,,False
V10,V10.xlsx,5,2116.0,2133.0,Rear Hook,18.0,,False
V10,V10.xlsx,6,2218.0,2236.0,Rear Hook,19.0,,False
V10,V10.xlsx,7,2330.0,2345.0,Lead Uppercut,16.0,,False
V10,V10.xlsx,8,2473.0,2486.0,Lead Uppercut,14.0,,False
V10,V10.xlsx,9,3438.0,3451.0,Jab,14.0,,False
V10,V10.xlsx,10,3459.0,3471.0,Jab,13.0,,False
V10,V10.xlsx,11,3477.0,3489.0,Jab,13.0,,False
V10,V10.xlsx,12,3496.0,3508.0,Jab,13.0,,False
V10,V10.xlsx,13,3515.0,3526.0,Jab,12.0,,False
V10,V10.xlsx,14,3534.0,3544.0,Jab,11.0,,False
V10,V10.xlsx,15,3552.0,3563.0,Jab,12.0,,False
V10,V10.xlsx,16,3571.0,3582.0,Jab,12.0,,False
V10,V10.xlsx,17,3590.0,3601.0,Jab,12.0,,False
V10,V10.xlsx,18,3608.0,3620.0,Jab,13.0,,False
V10,V10.xlsx,19,3627.0,3638.0,Jab,12.0,,False
V10,V10.xlsx,20,3646.0,3656.0,Jab,11.0,,False
V10,V10.xlsx,21,3664.0,3676.0,Jab,13.0,,False
V10,V10.xlsx,22,3682.0,3694.0,Jab,13.0,,False
V10,V10.xlsx,23,3702.0,3712.0,Jab,11.0,,False
V10,V10.xlsx,24,3776.0,3786.0,Cross,11.0,,False
V10,V10.xlsx,25,3813.0,3827.0,Cross,15.0,,False
V10,V10.xlsx,26,3850.0,3862.0,Cross,13.0,,False
V10,V10.xlsx,27,3887.0,3900.0,Cross,14.0,,False
V10,V10.xlsx,28,3926.0,3937.0,Cross,12.0,,False
V10,V10.xlsx,29,3963.0,3975.0,Cross,13.0,,False
V10,V10.xlsx,30,4001.0,4013.0,Cross,13.0,,False
V10,V10.xlsx,31,4041.0,4053.0,Lead Hook,13.0,,False
V10,V10.xlsx,32,4078.0,4090.0,Lead Hook,13.0,,False
V10,V10.xlsx,33,4116.0,4128.0,Lead Hook,13.0,,False
V10,V10.xlsx,34,4153.0,4165.0,Lead Hook,13.0,,False
V10,V10.xlsx,35,4190.0,4204.0,Lead Hook,15.0,,False
V10,V10.xlsx,36,4228.0,4244.0,Lead Hook,17.0,,False
V10,V10.xlsx,37,4265.0,4279.0,Lead Hook,15.0,,False
V10,V10.xlsx,38,4302.0,4315.0,Lead Hook,14.0,,False
V10,V10.xlsx,39,4341.0,4350.0,Rear Uppercut,10.0,,False
V10,V10.xlsx,40,4375.0,4389.0,Rear Uppercut,15.0,,False
V10,V10.xlsx,41,4412.0,4426.0,Rear Uppercut,15.0,,False
V10,V10.xlsx,42,4451.0,4465.0,Rear Uppercut,15.0,,False
V10,V10.xlsx,43,4487.0,4502.0,Rear Uppercut,16.0,,False
V10,V10.xlsx,44,4525.0,4538.0,Rear Uppercut,14.0,,False
V10,V10.xlsx,45,4561.0,4576.0,Rear Uppercut,16.0,,False
V10,V10.xlsx,46,4596.0,4612.0,Rear Uppercut,17.0,,False
V10,V10.xlsx,47,4942.0,4958.0,Jab,17.0,,False
V10,V10.xlsx,48,4964.0,4974.0,Jab,11.0,,False
V10,V10.xlsx,49,4981.0,4990.0,Jab,10.0,,False
V10,V10.xlsx,50,4997.0,5008.0,Jab,12.0,,False
V10,V10.xlsx,51,5014.0,5027.0,Jab,14.0,,False
V10,V10.xlsx,52,5033.0,5043.0,Jab,11.0,,False
V10,V10.xlsx,53,5054.0,5062.0,Jab,9.0,,False
V10,V10.xlsx,54,5072.0,5081.0,Jab,10.0,,False
V10,V10.xlsx,55,5089.0,5100.0,Jab,12.0,,False
V10,V10.xlsx,56,5109.0,5120.0,Jab,12.0,,False
V10,V10.xlsx,57,5128.0,5138.0,Jab,11.0,,False
V10,V10.xlsx,58,5146.0,5156.0,Jab,11.0,,False
V10,V10.xlsx,59,5165.0,5176.0,Jab,12.0,,False
V10,V10.xlsx,60,5183.0,5196.0,Jab,14.0,,False
V10,V10.xlsx,61,5201.0,5214.0,Jab,14.0,,False
V10,V10.xlsx,62,5241.0,5249.0,Cross,9.0,,False
V10,V10.xlsx,63,5278.0,5289.0,Cross,12.0,,False
V10,V10.xlsx,64,5315.0,5325.0,Cross,11.0,,False
V10,V10.xlsx,65,5352.0,5363.0,Cross,12.0,,False
V10,V10.xlsx,66,5388.0,5399.0,Cross,12.0,,False
V10,V10.xlsx,67,5428.0,5438.0,Cross,11.0,,False
V10,V10.xlsx,68,5464.0,5476.0,Cross,13.0,,False
V10,V10.xlsx,69,5502.0,5514.0,Cross,13.0,,False
V10,V10.xlsx,70,5538.0,5552.0,Lead Hook,15.0,,False
V10,V10.xlsx,71,5577.0,5591.0,Lead Hook,15.0,,False
V10,V10.xlsx,72,5651.0,5662.0,Lead Hook,12.0,,False
V10,V10.xlsx,73,5687.0,5700.0,Lead Hook,14.0,,False
V10,V10.xlsx,74,5727.0,5739.0,Lead Hook,13.0,,False
V10,V10.xlsx,75,5763.0,5776.0,Lead Hook,14.0,,False
V10,V10.xlsx,76,5802.0,5815.0,Lead Hook,14.0,,False
V10,V10.xlsx,77,5838.0,5849.0,Rear Uppercut,12.0,,False
V10,V10.xlsx,78,5877.0,5889.0,Rear Uppercut,13.0,,False
V10,V10.xlsx,79,5915.0,5926.0,Rear Uppercut,12.0,,False
V10,V10.xlsx,80,5952.0,5964.0,Rear Uppercut,13.0,,False
V10,V10.xlsx,81,5987.0,6000.0,Rear Uppercut,14.0,,False
V10,V10.xlsx,82,6028.0,6038.0,Rear Uppercut,11.0,,False
V10,V10.xlsx,83,6064.0,6077.0,Rear Uppercut,14.0,,False
V10,V10.xlsx,84,6101.0,6114.0,Rear Uppercut,14.0,,False
V10,V10.xlsx,85,6137.0,6149.0,Rear Uppercut,13.0,,False
V10,V10.xlsx,86,6478.0,6485.0,Jab,8.0,,False
V10,V10.xlsx,87,6486.0,6496.0,Cross,11.0,,False
V10,V10.xlsx,88,6516.0,6524.0,Jab,9.0,,False
V10,V10.xlsx,89,6525.0,6534.0,Cross,10.0,,False
V10,V10.xlsx,90,6556.0,6564.0,Jab,9.0,,False
V10,V10.xlsx,91,6565.0,6572.0,Cross,8.0,,False
V10,V10.xlsx,92,6593.0,6601.0,Jab,9.0,,False
V10,V10.xlsx,93,6602.0,6611.0,Cross,10.0,,False
V10,V10.xlsx,94,6632.0,6638.0,Jab,7.0,,False
V10,V10.xlsx,95,6639.0,6648.0,Cross,10.0,,False
V10,V10.xlsx,96,6777.0,6785.0,Jab,9.0,,False
V10,V10.xlsx,97,6786.0,6794.0,Cross,9.0,,False
V10,V10.xlsx,98,6817.0,6825.0,Jab,9.0,,False
V10,V10.xlsx,99,6827.0,6836.0,Cross,10.0,,False
V10,V10.xlsx,100,6854.0,6863.0,Jab,10.0,,False
V10,V10.xlsx,101,6864.0,6872.0,Cross,9.0,,False
V10,V10.xlsx,102,6893.0,6901.0,Jab,9.0,,False
V10,V10.xlsx,103,6902.0,6911.0,Cross,10.0,,False
V10,V10.xlsx,104,6927.0,6939.0,Jab,13.0,,False
V10,V10.xlsx,105,6940.0,6949.0,Cross,10.0,,False
V10,V10.xlsx,106,6965.0,6976.0,Jab,12.0,,False
V10,V10.xlsx,107,6977.0,6985.0,Cross,9.0,,False
V10,V10.xlsx,108,7003.0,7012.0,Jab,10.0,,False
V10,V10.xlsx,109,7013.0,7022.0,Cross,10.0,,False
V10,V10.xlsx,110,9521.0,9530.0,Jab,10.0,,False
V10,V10.xlsx,111,9531.0,9539.0,Cross,9.0,,False
V10,V10.xlsx,112,9540.0,9556.0,Lead Hook,17.0,,False
V10,V10.xlsx,113,9592.0,9601.0,Jab,10.0,,False
V10,V10.xlsx,114,9602.0,9609.0,Cross,8.0,,False
V10,V10.xlsx,115,9610.0,9621.0,Lead Hook,12.0,,False
V10,V10.xlsx,116,9664.0,9673.0,Jab,10.0,,False
V10,V10.xlsx,117,9674.0,9683.0,Cross,10.0,,False
V10,V10.xlsx,118,9684.0,9697.0,Lead Hook,14.0,,False
V10,V10.xlsx,119,9744.0,9750.0,Jab,7.0,,False
V10,V10.xlsx,120,9751.0,9759.0,Cross,9.0,,False
V10,V10.xlsx,121,9760.0,9723.0,Lead Hook,,end_before_start,True
V10,V10.xlsx,122,10116.0,10124.0,Jab,9.0,,False
V10,V10.xlsx,123,10125.0,10134.0,Cross,10.0,,False
V10,V10.xlsx,124,10135.0,10146.0,Lead Hook,12.0,,False
V10,V10.xlsx,125,10189.0,10201.0,Jab,13.0,,False
V10,V10.xlsx,126,10202.0,10211.0,Cross,10.0,,False
V10,V10.xlsx,127,10212.0,10222.0,Lead Hook,11.0,,False
V10,V10.xlsx,128,18703.0,18713.0,Rear Uppercut,11.0,,False
V10,V10.xlsx,129,18714.0,18723.0,Lead Uppercut,10.0,,False
V10,V10.xlsx,130,18724.0,18732.0,Rear Uppercut,9.0,,False
V10,V10.xlsx,131,18733.0,18742.0,Lead Uppercut,10.0,,False
V10,V10.xlsx,132,18743.0,18751.0,Rear Uppercut,9.0,,False
V10,V10.xlsx,133,18752.0,18762.0,Lead Uppercut,11.0,,False
V10,V10.xlsx,134,18763.0,18769.0,Rear Uppercut,7.0,,False
V10,V10.xlsx,135,18770.0,18777.0,Lead Uppercut,8.0,,False
V10,V10.xlsx,136,20578.0,20592.0,Rear Hook,15.0,,False
V10,V10.xlsx,137,20600.0,20611.0,Lead Hook,12.0,,False
V10,V10.xlsx,138,20615.0,20629.0,Rear Hook,15.0,,False
V10,V10.xlsx,139,20633.0,20647.0,Lead Hook,15.0,,False
V10,V10.xlsx,140,20653.0,20665.0,Rear Hook,13.0,,False
V10,V10.xlsx,141,20669.0,20683.0,Lead Hook,15.0,,False
V10,V10.xlsx,142,20689.0,20702.0,Rear Hook,14.0,,False
V10,V10.xlsx,143,20710.0,20719.0,Lead Hook,10.0,,False
V10,V10.xlsx,144,20729.0,20737.0,Rear Uppercut,9.0,,False
V10,V10.xlsx,145,20747.0,20758.0,Lead Uppercut,12.0,,False
V10,V10.xlsx,146,20766.0,20776.0,Rear Uppercut,11.0,,False
V10,V10.xlsx,147,20785.0,20796.0,Lead Uppercut,12.0,,False
V10,V10.xlsx,148,20805.0,20815.0,Rear Uppercut,11.0,,False
V10,V10.xlsx,149,20824.0,20835.0,Lead Uppercut,12.0,,False
V10,V10.xlsx,150,20844.0,20855.0,Rear Uppercut,12.0,,False
V10,V10.xlsx,151,20860.0,20872.0,Lead Uppercut,13.0,,False
V2,V2.xlsx,0,6675.0,6688.0,Jab,14.0,,False
V2,V2.xlsx,1,6689.0,6697.0,Cross,9.0,,False
V2,V2.xlsx,2,6698.0,6710.0,Lead Hook,13.0,,False
V2,V2.xlsx,3,6722.0,6734.0,Jab,13.0,,False
V2,V2.xlsx,4,6735.0,6745.0,Cross,11.0,,False
V2,V2.xlsx,5,6746.0,6759.0,Lead Hook,14.0,,False
V2,V2.xlsx,6,6772.0,6790.0,Jab,19.0,,False
V2,V2.xlsx,7,6791.0,6807.0,Cross,17.0,,False
V2,V2.xlsx,8,6808.0,6824.0,Lead Hook,17.0,,False
V2,V2.xlsx,9,7255.0,7263.0,Cross,9.0,,False
V2,V2.xlsx,10,7264.0,7276.0,Lead Hook,13.0,,False
V2,V2.xlsx,11,7287.0,7300.0,Jab,14.0,,False
V2,V2.xlsx,12,7301.0,7309.0,Cross,9.0,,False
V2,V2.xlsx,13,7310.0,7321.0,Lead Hook,12.0,,False
V2,V2.xlsx,14,7332.0,7344.0,Jab,13.0,,False
V2,V2.xlsx,15,7345.0,7353.0,Cross,9.0,,False
V2,V2.xlsx,16,7354.0,7365.0,Lead Hook,12.0,,False
V2,V2.xlsx,17,7374.0,7385.0,Jab,12.0,,False
V2,V2.xlsx,18,7386.0,7394.0,Cross,9.0,,False
V2,V2.xlsx,19,7395.0,7407.0,Lead Hook,13.0,,False
V2,V2.xlsx,20,7410.0,7419.0,Jab,10.0,,False
V2,V2.xlsx,21,7420.0,7431.0,Cross,12.0,,False
V2,V2.xlsx,22,7432.0,7444.0,Lead Hook,13.0,,False
V2,V2.xlsx,23,7450.0,7462.0,Lead Hook,13.0,,False
V2,V2.xlsx,24,7475.0,7492.0,Cross,18.0,,False
V2,V2.xlsx,25,7493.0,7505.0,Lead Hook,13.0,,False
V2,V2.xlsx,26,7506.0,7521.0,Lead Hook,16.0,,False
V2,V2.xlsx,27,7550.0,7559.0,Cross,10.0,,False
V2,V2.xlsx,28,7560.0,7569.0,Lead Hook,10.0,,False
V2,V2.xlsx,29,7574.0,7587.0,Lead Hook,14.0,,False
V2,V2.xlsx,30,7922.0,7932.0,Cross,11.0,,False
V2,V2.xlsx,31,7933.0,7944.0,Lead Hook,12.0,,False
V2,V2.xlsx,32,7947.0,7962.0,Lead Hook,16.0,,False
V2,V2.xlsx,33,7977.0,7985.0,Cross,9.0,,False
V2,V2.xlsx,34,7986.0,7998.0,Lead Hook,13.0,,False
V2,V2.xlsx,35,8000.0,8011.0,Lead Hook,12.0,,False
V2,V2.xlsx,36,8024.0,8035.0,Cross,12.0,,False
V2,V2.xlsx,37,8036.0,8046.0,Lead Hook,11.0,,False
V2,V2.xlsx,38,8051.0,8065.0,Lead Hook,15.0,,False
V2,V2.xlsx,39,8074.0,8083.0,Cross,10.0,,False
V2,V2.xlsx,40,8084.0,8095.0,Lead Hook,12.0,,False
V2,V2.xlsx,41,8096.0,8111.0,Lead Hook,16.0,,False
V2,V2.xlsx,42,8129.0,8144.0,Lead Uppercut,16.0,,False
V2,V2.xlsx,43,8145.0,8156.0,Rear Uppercut,12.0,,False
V2,V2.xlsx,44,8157.0,8174.0,Lead Hook,18.0,,False
V2,V2.xlsx,45,8180.0,8199.0,Lead Uppercut,20.0,,False
V2,V2.xlsx,46,8200.0,8210.0,Rear Uppercut,11.0,,False
V2,V2.xlsx,47,8212.0,8226.0,Lead Hook,15.0,,False
V2,V2.xlsx,48,8243.0,8255.0,Lead Uppercut,13.0,,False
V2,V2.xlsx,49,8256.0,8262.0,Rear Uppercut,7.0,,False
V2,V2.xlsx,50,8263.0,8274.0,Lead Hook,12.0,,False
V2,V2.xlsx,51,8633.0,8642.0,Lead Hook,10.0,,False
V2,V2.xlsx,52,8643.0,8649.0,Rear Uppercut,7.0,,False
V2,V2.xlsx,53,8650.0,8663.0,Lead Hook,14.0,,False
V2,V2.xlsx,54,8676.0,8689.0,Lead Uppercut,14.0,,False
V2,V2.xlsx,55,8690.0,8696.0,Rear Uppercut,7.0,,False
V2,V2.xlsx,56,8697.0,8709.0,Lead Hook,13.0,,False
V2,V2.xlsx,57,8719.0,8730.0,Lead Uppercut,12.0,,False
V2,V2.xlsx,58,8731.0,8737.0,Rear Uppercut,7.0,,False
V2,V2.xlsx,59,8738.0,8748.0,Lead Hook,11.0,,False
V2,V2.xlsx,60,8756.0,8766.0,Lead Uppercut,11.0,,False
V2,V2.xlsx,61,8767.0,8775.0,Rear Uppercut,9.0,,False
V2,V2.xlsx,62,8776.0,8787.0,Lead Hook,12.0,,False
V2,V2.xlsx,63,8795.0,8803.0,Lead Uppercut,9.0,,False
V2,V2.xlsx,64,8804.0,8811.0,Rear Uppercut,8.0,,False
V2,V2.xlsx,65,8812.0,8822.0,Lead Hook,11.0,,False
V2,V2.xlsx,66,8827.0,8839.0,Lead Uppercut,13.0,,False
V2,V2.xlsx,67,8840.0,8850.0,Rear Uppercut,11.0,,False
V2,V2.xlsx,68,8861.0,8874.0,Jab,14.0,,False
V2,V2.xlsx,69,8875.0,8886.0,Cross,12.0,,False
V2,V2.xlsx,70,8887.0,8896.0,Lead Hook,10.0,,False
V2,V2.xlsx,71,8916.0,8932.0,Jab,17.0,,False
V2,V2.xlsx,72,8933.0,8944.0,Cross,12.0,,False
V2,V2.xlsx,73,8945.0,8954.0,Lead Hook,10.0,,False
V2,V2.xlsx,74,8973.0,8983.0,Jab,11.0,,False
V2,V2.xlsx,75,8984.0,8991.0,Cross,8.0,,False
V2,V2.xlsx,76,8992.0,9003.0,Lead Hook,12.0,,False
V2,V2.xlsx,77,9371.0,9383.0,Jab,13.0,,False
V2,V2.xlsx,78,9384.0,9391.0,Cross,8.0,,False
V2,V2.xlsx,79,9392.0,9402.0,Lead Hook,11.0,,False
V2,V2.xlsx,80,9418.0,9428.0,Jab,11.0,,False
V2,V2.xlsx,81,9429.0,9436.0,Cross,8.0,,False
V2,V2.xlsx,82,9437.0,9448.0,Lead Hook,12.0,,False
V2,V2.xlsx,83,9460.0,9470.0,Jab,11.0,,False
V2,V2.xlsx,84,9471.0,9479.0,Cross,9.0,,False
V2,V2.xlsx,85,9480.0,9489.0,Lead Hook,10.0,,False
V2,V2.xlsx,86,9501.0,9511.0,Jab,11.0,,False
V2,V2.xlsx,87,9512.0,9523.0,Cross,12.0,,False
V2,V2.xlsx,88,9524.0,9537.0,Lead Hook,14.0,,False
V2,V2.xlsx,89,9543.0,9556.0,Jab,14.0,,False
V2,V2.xlsx,90,9557.0,9565.0,Cross,9.0,,False
V2,V2.xlsx,91,9579.0,9589.0,Cross,11.0,,False
V2,V2.xlsx,92,9593.0,9605.0,Lead Hook,13.0,,False
V2,V2.xlsx,93,9610.0,9622.0,Lead Hook,13.0,,False
V2,V2.xlsx,94,9644.0,9656.0,Cross,13.0,,False
V2,V2.xlsx,95,9661.0,9673.0,Lead Hook,13.0,,False
V2,V2.xlsx,96,9680.0,9691.0,Lead Hook,12.0,,False
V2,V2.xlsx,97,10156.0,10166.0,Lead Hook,11.0,,False
V2,V2.xlsx,98,10172.0,10183.0,Lead Hook,12.0,,False
V2,V2.xlsx,99,10203.0,10213.0,Cross,11.0,,False
V2,V2.xlsx,100,10218.0,10228.0,Lead Hook,11.0,,False
V2,V2.xlsx,101,10233.0,10244.0,Lead Hook,12.0,,False
V2,V2.xlsx,102,10260.0,10271.0,Cross,12.0,,False
V2,V2.xlsx,103,10272.0,10281.0,Lead Hook,10.0,,False
V2,V2.xlsx,104,10298.0,10306.0,Lead Uppercut,9.0,,False
V2,V2.xlsx,105,10307.0,10316.0,Rear Uppercut,10.0,,False
V2,V2.xlsx,106,10317.0,10328.0,Lead Hook,12.0,,False
V2,V2.xlsx,107,10340.0,10350.0,Lead Uppercut,11.0,,False
V2,V2.xlsx,108,10356.0,10365.0,Rear Uppercut,10.0,,False
V2,V2.xlsx,109,10366.0,10379.0,Lead Hook,14.0,,False
V2,V2.xlsx,110,10399.0,10406.0,Lead Uppercut,8.0,,False
V2,V2.xlsx,111,10407.0,10413.0,Rear Uppercut,7.0,,False
V2,V2.xlsx,112,10412.0,10422.0,Lead Hook,11.0,,False
V2,V2.xlsx,113,10433.0,10440.0,Lead Uppercut,8.0,,False
V2,V2.xlsx,114,10441.0,10447.0,Rear Uppercut,7.0,,False
V2,V2.xlsx,115,10448.0,10456.0,Lead Hook,9.0,,False
V2,V2.xlsx,116,10469.0,10476.0,Lead Uppercut,8.0,,False
V2,V2.xlsx,117,10477.0,10484.0,Rear Uppercut,8.0,,False
V2,V2.xlsx,118,10485.0,10495.0,Lead Hook,11.0,,False
V2,V2.xlsx,119,10933.0,10940.0,Lead Uppercut,8.0,,False
V2,V2.xlsx,120,10941.0,10948.0,Rear Uppercut,8.0,,False
V2,V2.xlsx,121,10949.0,10959.0,Lead Hook,11.0,,False
V2,V2.xlsx,122,10965.0,10975.0,Lead Uppercut,11.0,,False
V2,V2.xlsx,123,10976.0,10982.0,Rear Uppercut,7.0,,False
V2,V2.xlsx,124,10983.0,10992.0,Lead Hook,10.0,,False
V2,V2.xlsx,125,12433.0,12444.0,Jab,12.0,,False
V2,V2.xlsx,126,12445.0,12455.0,Cross,11.0,,False
V2,V2.xlsx,127,12456.0,12470.0,Jab,15.0,,False
V2,V2.xlsx,128,12486.0,12496.0,Jab,11.0,,False
V2,V2.xlsx,129,12497.0,12504.0,Cross,8.0,,False
V2,V2.xlsx,130,12505.0,12520.0,Jab,16.0,,False
V2,V2.xlsx,131,12536.0,12545.0,Jab,10.0,,False
V2,V2.xlsx,132,12546.0,12553.0,Cross,8.0,,False
V2,V2.xlsx,133,12554.0,12567.0,Jab,14.0,,False
V2,V2.xlsx,134,12583.0,12592.0,Jab,10.0,,False
V2,V2.xlsx,135,12597.0,12608.0,Jab,12.0,,False
V2,V2.xlsx,136,12614.0,12623.0,Jab,10.0,,False
V2,V2.xlsx,137,12624.0,12632.0,Cross,9.0,,False
V2,V2.xlsx,138,13016.0,13027.0,Jab,12.0,,False
V2,V2.xlsx,139,13028.0,13035.0,Cross,8.0,,False
V2,V2.xlsx,140,13036.0,13050.0,Jab,15.0,,False
V2,V2.xlsx,141,13063.0,13073.0,Jab,11.0,,False
V2,V2.xlsx,142,13074.0,13082.0,Cross,9.0,,False
V2,V2.xlsx,143,13083.0,13097.0,Jab,15.0,,False
V2,V2.xlsx,144,13111.0,13121.0,Jab,11.0,,False
V2,V2.xlsx,145,13122.0,13131.0,Cross,10.0,,False
V2,V2.xlsx,146,13132.0,13148.0,Jab,17.0,,False
V2,V2.xlsx,147,13152.0,13162.0,Rear Uppercut,11.0,,False
V2,V2.xlsx,148,13163.0,13171.0,Lead Uppercut,9.0,,False
V2,V2.xlsx,149,13172.0,13179.0,Rear Uppercut,8.0,,False
V2,V2.xlsx,150,13180.0,13187.0,Lead Uppercut,8.0,,False
V2,V2.xlsx,151,13188.0,13194.0,Rear Uppercut,7.0,,False
V2,V2.xlsx,152,13195.0,13201.0,Lead Uppercut,7.0,,False
V2,V2.xlsx,153,13202.0,13208.0,Rear Uppercut,7.0,,False
V2,V2.xlsx,154,13210.0,13218.0,Lead Uppercut,9.0,,False
V2,V2.xlsx,155,13219.0,13226.0,Rear Uppercut,8.0,,False
V2,V2.xlsx,156,13227.0,13234.0,Lead Uppercut,8.0,,False
V2,V2.xlsx,157,13235.0,13241.0,Rear Uppercut,7.0,,False
V2,V2.xlsx,158,13242.0,13249.0,Lead Uppercut,8.0,,False
V2,V2.xlsx,159,13250.0,13258.0,Rear Uppercut,9.0,,False
V2,V2.xlsx,160,13259.0,13267.0,Lead Uppercut,9.0,,False
V2,V2.xlsx,161,13268.0,13275.0,Rear Uppercut,8.0,,False
V2,V2.xlsx,162,13276.0,13283.0,Lead Uppercut,8.0,,False
V2,V2.xlsx,163,13284.0,13289.0,Rear Uppercut,6.0,,False
V2,V2.xlsx,164,13290.0,13298.0,Lead Uppercut,9.0,,False
V2,V2.xlsx,165,13299.0,13306.0,Rear Uppercut,8.0,,False
V2,V2.xlsx,166,13307.0,13314.0,Lead Uppercut,8.0,,False
V2,V2.xlsx,167,13315.0,13321.0,Rear Uppercut,7.0,,False
V2,V2.xlsx,168,13322.0,13330.0,Lead Uppercut,9.0,,False
V2,V2.xlsx,169,13331.0,13337.0,Rear Uppercut,7.0,,False
V2,V2.xlsx,170,13338.0,13344.0,Lead Uppercut,7.0,,False
V2,V2.xlsx,171,13345.0,13352.0,Rear Uppercut,8.0,,False
V2,V2.xlsx,172,13353.0,13360.0,Lead Uppercut,8.0,,False
V2,V2.xlsx,173,13706.0,13713.0,Rear Uppercut,8.0,,False
V2,V2.xlsx,174,13714.0,13719.0,Lead Uppercut,6.0,,False
V2,V2.xlsx,175,13720.0,13727.0,Rear Uppercut,8.0,,False
V2,V2.xlsx,176,13728.0,13733.0,Lead Uppercut,6.0,,False
V2,V2.xlsx,177,13734.0,13741.0,Rear Uppercut,8.0,,False
V2,V2.xlsx,178,13742.0,13747.0,Lead Uppercut,6.0,,False
V2,V2.xlsx,179,13748.0,13755.0,Rear Uppercut,8.0,,False
V2,V2.xlsx,180,13756.0,13762.0,Lead Uppercut,7.0,,False
V2,V2.xlsx,181,13763.0,13768.0,Rear Uppercut,6.0,,False
V2,V2.xlsx,182,13769.0,13774.0,Lead Uppercut,6.0,,False
V2,V2.xlsx,183,13775.0,13781.0,Rear Uppercut,7.0,,False
V2,V2.xlsx,184,13782.0,13788.0,Lead Uppercut,7.0,,False
V2,V2.xlsx,185,13789.0,13795.0,Rear Uppercut,7.0,,False
V2,V2.xlsx,186,13796.0,13802.0,Lead Uppercut,7.0,,False
V2,V2.xlsx,187,13803.0,13809.0,Rear Uppercut,7.0,,False
V2,V2.xlsx,188,13810.0,13817.0,Lead Uppercut,8.0,,False
V2,V2.xlsx,189,13818.0,13823.0,Rear Uppercut,6.0,,False
V2,V2.xlsx,190,13824.0,13830.0,Lead Uppercut,7.0,,False
V2,V2.xlsx,191,13831.0,13838.0,Rear Uppercut,8.0,,False
V2,V2.xlsx,192,13839.0,13844.0,Lead Uppercut,6.0,,False
V2,V2.xlsx,193,13845.0,13852.0,Rear Uppercut,8.0,,False
V2,V2.xlsx,194,13853.0,13861.0,Lead Uppercut,9.0,,False
V2,V2.xlsx,195,13862.0,13868.0,Rear Uppercut,7.0,,False
V2,V2.xlsx,196,13869.0,13876.0,Lead Uppercut,8.0,,False
V2,V2.xlsx,197,13877.0,13883.0,Rear Uppercut,7.0,,False
V2,V2.xlsx,198,13884.0,13892.0,Lead Uppercut,9.0,,False
V2,V2.xlsx,199,13893.0,13899.0,Rear Uppercut,7.0,,False
V2,V2.xlsx,200,13900.0,13906.0,Lead Uppercut,7.0,,False
V2,V2.xlsx,201,13907.0,13914.0,Rear Uppercut,8.0,,False
V2,V2.xlsx,202,13915.0,13921.0,Lead Uppercut,7.0,,False
V2,V2.xlsx,203,13922.0,13929.0,Rear Uppercut,8.0,,False
V2,V2.xlsx,204,13930.0,13935.0,Lead Uppercut,6.0,,False
V2,V2.xlsx,205,13936.0,13943.0,Rear Uppercut,8.0,,False
V2,V2.xlsx,206,13944.0,13950.0,Lead Uppercut,7.0,,False
V2,V2.xlsx,207,13951.0,13957.0,Rear Uppercut,7.0,,False
V2,V2.xlsx,208,13958.0,13963.0,Lead Uppercut,6.0,,False
V2,V2.xlsx,209,13964.0,13970.0,Rear Uppercut,7.0,,False
V2,V2.xlsx,210,13971.0,13978.0,Lead Uppercut,8.0,,False
V2,V2.xlsx,211,13979.0,13985.0,Rear Uppercut,7.0,,False
V2,V2.xlsx,212,13986.0,13993.0,Lead Uppercut,8.0,,False
V2,V2.xlsx,213,13994.0,13999.0,Rear Uppercut,6.0,,False
V2,V2.xlsx,214,14000.0,14007.0,Lead Uppercut,8.0,,False
V2,V2.xlsx,215,14008.0,14013.0,Rear Uppercut,6.0,,False
V2,V2.xlsx,216,14014.0,14020.0,Lead Uppercut,7.0,,False
V2,V2.xlsx,217,14021.0,14027.0,Rear Uppercut,7.0,,False
V2,V2.xlsx,218,14028.0,14033.0,Lead Uppercut,6.0,,False
V2,V2.xlsx,219,14034.0,14040.0,Rear Uppercut,7.0,,False
V2,V2.xlsx,220,14041.0,14047.0,Lead Uppercut,7.0,,False
V2,V2.xlsx,221,14048.0,14054.0,Rear Uppercut,7.0,,False
V2,V2.xlsx,222,14055.0,14061.0,Lead Uppercut,7.0,,False
V2,V2.xlsx,223,14509.0,14516.0,Lead Uppercut,8.0,,False
V2,V2.xlsx,224,14517.0,14524.0,Rear Uppercut,8.0,,False
V2,V2.xlsx,225,14525.0,14531.0,Lead Uppercut,7.0,,False
V2,V2.xlsx,226,14532.0,14539.0,Rear Uppercut,8.0,,False
V2,V2.xlsx,227,14540.0,14547.0,Lead Uppercut,8.0,,False
V2,V2.xlsx,228,14548.0,14554.0,Rear Uppercut,7.0,,False
V2,V2.xlsx,229,14555.0,14561.0,Lead Uppercut,7.0,,False
V2,V2.xlsx,230,14562.0,14569.0,Rear Uppercut,8.0,,False
V2,V2.xlsx,231,14570.0,14577.0,Lead Uppercut,8.0,,False
V3,V3.xlsx,0,4444.0,4457.0,Jab,14.0,,False
V3,V3.xlsx,1,4458.0,4469.0,Cross,12.0,,False
V3,V3.xlsx,2,4483.0,4494.0,Lead Uppercut,12.0,,False
V3,V3.xlsx,3,4939.0,4947.0,Jab,9.0,,False
V3,V3.xlsx,4,4948.0,4955.0,Cross,8.0,,False
V3,V3.xlsx,5,4956.0,4963.0,Jab,8.0,,False
V3,V3.xlsx,6,4964.0,4970.0,Cross,7.0,,False
V3,V3.xlsx,7,4971.0,4978.0,Jab,8.0,,False
V3,V3.xlsx,8,4979.0,4987.0,Cross,9.0,,False
V3,V3.xlsx,9,4988.0,4995.0,Jab,8.0,,False
V3,V3.xlsx,10,4996.0,5003.0,Cross,8.0,,False
V3,V3.xlsx,11,5004.0,5012.0,Jab,9.0,,False
V3,V3.xlsx,12,5013.0,5019.0,Cross,7.0,,False
V3,V3.xlsx,13,5020.0,5028.0,Jab,9.0,,False
V3,V3.xlsx,14,5029.0,5036.0,Cross,8.0,,False
V3,V3.xlsx,15,5037.0,5045.0,Jab,9.0,,False
V3,V3.xlsx,16,5046.0,5053.0,Cross,8.0,,False
V3,V3.xlsx,17,5054.0,5061.0,Jab,8.0,,False
V3,V3.xlsx,18,5062.0,5069.0,Cross,8.0,,False
V3,V3.xlsx,19,5070.0,5076.0,Jab,7.0,,False
V3,V3.xlsx,20,5077.0,5084.0,Cross,8.0,,False
V3,V3.xlsx,21,5085.0,5092.0,Jab,8.0,,False
V3,V3.xlsx,22,5093.0,5099.0,Cross,7.0,,False
V3,V3.xlsx,23,5100.0,5107.0,Jab,8.0,,False
V3,V3.xlsx,24,5108.0,5115.0,Cross,8.0,,False
V3,V3.xlsx,25,5116.0,5123.0,Jab,8.0,,False
V3,V3.xlsx,26,5124.0,5131.0,Cross,8.0,,False
V3,V3.xlsx,27,5132.0,5139.0,Jab,8.0,,False
V3,V3.xlsx,28,5140.0,5147.0,Cross,8.0,,False
V3,V3.xlsx,29,5148.0,5155.0,Jab,8.0,,False
V3,V3.xlsx,30,5156.0,5163.0,Cross,8.0,,False
V3,V3.xlsx,31,5164.0,5172.0,Jab,9.0,,False
V3,V3.xlsx,32,5173.0,5180.0,Cross,8.0,,False
V3,V3.xlsx,33,5181.0,5188.0,Jab,8.0,,False
V3,V3.xlsx,34,5189.0,5197.0,Cross,9.0,,False
V3,V3.xlsx,35,5198.0,5205.0,Jab,8.0,,False
V3,V3.xlsx,36,5206.0,5215.0,Cross,10.0,,False
V3,V3.xlsx,37,5216.0,5223.0,Jab,8.0,,False
V3,V3.xlsx,38,5224.0,5232.0,Cross,9.0,,False
V3,V3.xlsx,39,5233.0,5241.0,Jab,9.0,,False
V3,V3.xlsx,40,5242.0,5249.0,Cross,8.0,,False
V3,V3.xlsx,41,5250.0,5259.0,Jab,10.0,,False
V3,V3.xlsx,42,5260.0,5269.0,Cross,10.0,,False
V3,V3.xlsx,43,5270.0,5279.0,Jab,10.0,,False
V3,V3.xlsx,44,5280.0,5288.0,Cross,9.0,,False
V3,V3.xlsx,45,5289.0,5298.0,Jab,10.0,,False
V3,V3.xlsx,46,5299.0,5307.0,Cross,9.0,,False
V3,V3.xlsx,47,5308.0,5317.0,Jab,10.0,,False
V3,V3.xlsx,48,5318.0,5325.0,Cross,8.0,,False
V3,V3.xlsx,49,5326.0,5335.0,Jab,10.0,,False
V3,V3.xlsx,50,5336.0,5344.0,Cross,9.0,,False
V3,V3.xlsx,51,5345.0,5353.0,Jab,9.0,,False
V3,V3.xlsx,52,5354.0,5362.0,Cross,9.0,,False
V3,V3.xlsx,53,6306.0,6315.0,Cross,10.0,,False
V3,V3.xlsx,54,6316.0,6325.0,Jab,10.0,,False
V3,V3.xlsx,55,6328.0,6338.0,Cross,11.0,,False
V3,V3.xlsx,56,6339.0,6349.0,Jab,11.0,,False
V3,V3.xlsx,57,6367.0,6377.0,Jab,11.0,,False
V3,V3.xlsx,58,6378.0,6386.0,Cross,9.0,,False
V3,V3.xlsx,59,6389.0,6400.0,Lead Uppercut,12.0,,False
V3,V3.xlsx,60,6414.0,6430.0,Cross,17.0,,False
V3,V3.xlsx,61,6455.0,6467.0,Cross,13.0,,False
V3,V3.xlsx,62,6509.0,6522.0,Jab,14.0,,False
V3,V3.xlsx,63,6523.0,6534.0,Cross,12.0,,False
V3,V3.xlsx,64,6553.0,6562.0,Lead Uppercut,10.0,,False
V3,V3.xlsx,65,6641.0,6651.0,Cross,11.0,,False
V3,V3.xlsx,66,6688.0,6694.0,Jab,7.0,,False
V3,V3.xlsx,67,6695.0,6702.0,Cross,8.0,,False
V3,V3.xlsx,68,6704.0,6711.0,Lead Uppercut,8.0,,False
V3,V3.xlsx,69,6720.0,6729.0,Cross,10.0,,False
V3,V3.xlsx,70,6752.0,6762.0,Cross,11.0,,False
V3,V3.xlsx,71,6805.0,6813.0,Jab,9.0,,False
V3,V3.xlsx,72,6814.0,6822.0,Cross,9.0,,False
V3,V3.xlsx,73,6851.0,6860.0,Lead Uppercut,10.0,,False
V3,V3.xlsx,74,6872.0,6881.0,Cross,10.0,,False
V3,V3.xlsx,75,6904.0,6913.0,Cross,10.0,,False
V3,V3.xlsx,76,6962.0,6969.0,Jab,8.0,,False
V3,V3.xlsx,77,6970.0,6977.0,Cross,8.0,,False
V3,V3.xlsx,78,6982.0,6989.0,Lead Uppercut,8.0,,False
V3,V3.xlsx,79,6999.0,7007.0,Cross,9.0,,False
V3,V3.xlsx,80,7025.0,7035.0,Cross,11.0,,False
V3,V3.xlsx,81,7077.0,7085.0,Cross,9.0,,False
V3,V3.xlsx,82,7087.0,7093.0,Lead Uppercut,7.0,,False
V3,V3.xlsx,83,7099.0,7107.0,Cross,9.0,,False
V3,V3.xlsx,84,7123.0,7131.0,Cross,9.0,,False
V3,V3.xlsx,85,7145.0,7151.0,Jab,7.0,,False
V3,V3.xlsx,86,7152.0,7157.0,Cross,6.0,,False
V3,V3.xlsx,87,7158.0,7165.0,Lead Uppercut,8.0,,False
V3,V3.xlsx,88,7170.0,7177.0,Cross,8.0,,False
V3,V3.xlsx,89,7192.0,7201.0,Cross,10.0,,False
V3,V3.xlsx,90,7220.0,7226.0,Jab,7.0,,False
V3,V3.xlsx,91,7227.0,7232.0,Cross,6.0,,False
V3,V3.xlsx,92,7234.0,7240.0,Lead Uppercut,7.0,,False
V3,V3.xlsx,93,7245.0,7251.0,Jab,7.0,,False
V3,V3.xlsx,94,7263.0,7271.0,Cross,9.0,,False
V3,V3.xlsx,95,7315.0,7322.0,Jab,8.0,,False
V3,V3.xlsx,96,7323.0,7330.0,Cross,8.0,,False
V3,V3.xlsx,97,7331.0,7338.0,Lead Uppercut,8.0,,False
V3,V3.xlsx,98,7341.0,7349.0,Cross,9.0,,False
V3,V3.xlsx,99,7366.0,7375.0,Cross,10.0,,False
V3,V3.xlsx,100,7411.0,7418.0,Jab,8.0,,False
V3,V3.xlsx,101,7419.0,7424.0,Cross,6.0,,False
V3,V3.xlsx,102,7425.0,7431.0,Lead Uppercut,7.0,,False
V3,V3.xlsx,103,7435.0,7442.0,Cross,8.0,,False
V3,V3.xlsx,104,7457.0,7466.0,Cross,10.0,,False
V3,V3.xlsx,105,7500.0,7507.0,Jab,8.0,,False
V3,V3.xlsx,106,7508.0,7514.0,Cross,7.0,,False
V3,V3.xlsx,107,7515.0,7522.0,Lead Uppercut,8.0,,False
V3,V3.xlsx,108,7527.0,7535.0,Cross,9.0,,False
V3,V3.xlsx,109,7550.0,7560.0,Cross,11.0,,False
V3,V3.xlsx,110,7596.0,7603.0,Jab,8.0,,False
V3,V3.xlsx,111,7604.0,7610.0,Cross,7.0,,False
V3,V3.xlsx,112,7611.0,7617.0,Lead Uppercut,7.0,,False
V3,V3.xlsx,113,7625.0,7633.0,Cross,9.0,,False
V3,V3.xlsx,114,7650.0,7660.0,Cross,11.0,,False
V3,V3.xlsx,115,7691.0,7699.0,Jab,9.0,,False
V3,V3.xlsx,116,7700.0,7707.0,Cross,8.0,,False
V3,V3.xlsx,117,7710.0,7717.0,Lead Uppercut,8.0,,False
V3,V3.xlsx,118,7722.0,7730.0,Cross,9.0,,False
V3,V3.xlsx,119,7748.0,7758.0,Cross,11.0,,False
V3,V3.xlsx,120,7811.0,7819.0,Jab,9.0,,False
V3,V3.xlsx,121,7837.0,7843.0,Rear Hook,7.0,,False
V3,V3.xlsx,122,7862.0,7872.0,Lead Hook,11.0,,False
V3,V3.xlsx,123,7901.0,7909.0,Rear Hook,9.0,,False
V3,V3.xlsx,124,7930.0,7938.0,Lead Hook,9.0,,False
V3,V3.xlsx,125,7964.0,7971.0,Rear Hook,8.0,,False
V3,V3.xlsx,126,7988.0,7998.0,Lead Hook,11.0,,False
V3,V3.xlsx,127,8025.0,8035.0,Rear Hook,11.0,,False
V3,V3.xlsx,128,8064.0,8077.0,Lead Hook,14.0,,False
V3,V3.xlsx,129,8096.0,8105.0,Rear Hook,10.0,,False
V3,V3.xlsx,130,8135.0,8144.0,Lead Hook,10.0,,False
V3,V3.xlsx,131,8175.0,8183.0,Rear Hook,9.0,,False
V3,V3.xlsx,132,8212.0,8222.0,Lead Hook,11.0,,False
V3,V3.xlsx,133,8251.0,8259.0,Rear Hook,9.0,,False
V3,V3.xlsx,134,8291.0,8304.0,Lead Hook,14.0,,False
V3,V3.xlsx,135,8328.0,8336.0,Rear Hook,9.0,,False
V3,V3.xlsx,136,8365.0,8374.0,Lead Hook,10.0,,False
V3,V3.xlsx,137,8391.0,8399.0,Rear Hook,9.0,,False
V3,V3.xlsx,138,8415.0,8423.0,Lead Hook,9.0,,False
V3,V3.xlsx,139,8440.0,8450.0,Rear Hook,11.0,,False
V3,V3.xlsx,140,8464.0,8474.0,Lead Hook,11.0,,False
V3,V3.xlsx,141,8509.0,8518.0,Rear Hook,10.0,,False
V3,V3.xlsx,142,8533.0,8540.0,Jab,8.0,,False
V3,V3.xlsx,143,8541.0,8548.0,Cross,8.0,,False
V3,V3.xlsx,144,8549.0,8554.0,Jab,6.0,,False
V3,V3.xlsx,145,8555.0,8561.0,Cross,7.0,,False
V3,V3.xlsx,146,8562.0,8567.0,Jab,6.0,,False
V3,V3.xlsx,147,8568.0,8574.0,Cross,7.0,,False
V3,V3.xlsx,148,8575.0,8580.0,Jab,6.0,,False
V3,V3.xlsx,149,8581.0,8587.0,Cross,7.0,,False
V3,V3.xlsx,150,8588.0,8593.0,Jab,6.0,,False
V3,V3.xlsx,151,8594.0,8599.0,Cross,6.0,,False
V3,V3.xlsx,152,8600.0,8606.0,Jab,7.0,,False
V3,V3.xlsx,153,8607.0,8612.0,Cross,6.0,,False
V3,V3.xlsx,154,8613.0,8618.0,Jab,6.0,,False
V3,V3.xlsx,155,8619.0,8624.0,Cross,6.0,,False
V3,V3.xlsx,156,8625.0,8631.0,Jab,7.0,,False
V3,V3.xlsx,157,8632.0,8637.0,Cross,6.0,,False
V3,V3.xlsx,158,8638.0,8644.0,Jab,7.0,,False
V3,V3.xlsx,159,8645.0,8649.0,Cross,5.0,,False
V3,V3.xlsx,160,8650.0,8655.0,Jab,6.0,,False
V3,V3.xlsx,161,8656.0,8661.0,Cross,6.0,,False
V3,V3.xlsx,162,8662.0,8667.0,Jab,6.0,,False
V3,V3.xlsx,163,8668.0,8673.0,Cross,6.0,,False
V3,V3.xlsx,164,8674.0,8679.0,Jab,6.0,,False
V3,V3.xlsx,165,8680.0,8685.0,Cross,6.0,,False
V3,V3.xlsx,166,8686.0,8691.0,Jab,6.0,,False
V3,V3.xlsx,167,8692.0,8697.0,Cross,6.0,,False
V3,V3.xlsx,168,8698.0,8704.0,Jab,7.0,,False
V3,V3.xlsx,169,8705.0,8710.0,Cross,6.0,,False
V3,V3.xlsx,170,8711.0,8717.0,Jab,7.0,,False
V3,V3.xlsx,171,8718.0,8723.0,Cross,6.0,,False
V3,V3.xlsx,172,8724.0,8731.0,Jab,8.0,,False
V3,V3.xlsx,173,8732.0,8737.0,Cross,6.0,,False
V3,V3.xlsx,174,8738.0,8745.0,Jab,8.0,,False
V3,V3.xlsx,175,8746.0,8751.0,Cross,6.0,,False
V3,V3.xlsx,176,8752.0,8758.0,Jab,7.0,,False
V3,V3.xlsx,177,8759.0,8765.0,Cross,7.0,,False
V3,V3.xlsx,178,8766.0,8772.0,Jab,7.0,,False
V3,V3.xlsx,179,8773.0,8778.0,Cross,6.0,,False
V3,V3.xlsx,180,8779.0,8785.0,Jab,7.0,,False
V3,V3.xlsx,181,8786.0,8792.0,Cross,7.0,,False
V3,V3.xlsx,182,8793.0,8800.0,Jab,8.0,,False
V3,V3.xlsx,183,8801.0,8806.0,Cross,6.0,,False
V3,V3.xlsx,184,8807.0,8814.0,Jab,8.0,,False
V3,V3.xlsx,185,8815.0,8821.0,Cross,7.0,,False
V3,V3.xlsx,186,8822.0,8829.0,Jab,8.0,,False
V3,V3.xlsx,187,8830.0,8836.0,Cross,7.0,,False
V3,V3.xlsx,188,8837.0,8843.0,Jab,7.0,,False
V3,V3.xlsx,189,8844.0,8850.0,Cross,7.0,,False
V3,V3.xlsx,190,8851.0,8858.0,Jab,8.0,,False
V3,V3.xlsx,191,8859.0,8865.0,Cross,7.0,,False
V3,V3.xlsx,192,8866.0,8872.0,Jab,7.0,,False
V3,V3.xlsx,193,8873.0,8879.0,Cross,7.0,,False
V3,V3.xlsx,194,8880.0,8887.0,Jab,8.0,,False
V3,V3.xlsx,195,8888.0,8894.0,Cross,7.0,,False
V3,V3.xlsx,196,8895.0,8901.0,Jab,7.0,,False
V3,V3.xlsx,197,8902.0,8908.0,Cross,7.0,,False
V3,V3.xlsx,198,8909.0,8915.0,Jab,7.0,,False
V3,V3.xlsx,199,8919.0,8921.0,Cross,3.0,,False
V3,V3.xlsx,200,8923.0,8929.0,Jab,7.0,,False
V3,V3.xlsx,201,8931.0,8936.0,Cross,6.0,,False
V3,V3.xlsx,202,8938.0,8944.0,Jab,7.0,,False
V3,V3.xlsx,203,8945.0,8950.0,Cross,6.0,,False
V3,V3.xlsx,204,8951.0,8957.0,Jab,7.0,,False
V3,V3.xlsx,205,8959.0,8964.0,Cross,6.0,,False
V3,V3.xlsx,206,8965.0,8971.0,Jab,7.0,,False
V3,V3.xlsx,207,8973.0,8977.0,Cross,5.0,,False
V3,V3.xlsx,208,8979.0,8985.0,Jab,7.0,,False
V3,V3.xlsx,209,8987.0,8992.0,Cross,6.0,,False
V3,V3.xlsx,210,8993.0,8999.0,Jab,7.0,,False
V3,V3.xlsx,211,9001.0,9005.0,Cross,5.0,,False
V3,V3.xlsx,212,9007.0,9014.0,Jab,8.0,,False
V3,V3.xlsx,213,9015.0,9020.0,Cross,6.0,,False
V3,V3.xlsx,214,9021.0,9027.0,Jab,7.0,,False
V3,V3.xlsx,215,9029.0,9034.0,Cross,6.0,,False
V3,V3.xlsx,216,9036.0,9041.0,Jab,6.0,,False
V3,V3.xlsx,217,9043.0,9048.0,Cross,6.0,,False
V3,V3.xlsx,218,9050.0,9055.0,Jab,6.0,,False
V3,V3.xlsx,219,9056.0,9061.0,Cross,6.0,,False
V3,V3.xlsx,220,9063.0,9068.0,Jab,6.0,,False
V3,V3.xlsx,221,9070.0,9074.0,Cross,5.0,,False
V3,V3.xlsx,222,9076.0,9082.0,Jab,7.0,,False
V3,V3.xlsx,223,9083.0,9088.0,Cross,6.0,,False
V3,V3.xlsx,224,9089.0,9094.0,Jab,6.0,,False
V3,V3.xlsx,225,9096.0,9100.0,Cross,5.0,,False
V3,V3.xlsx,226,9102.0,9108.0,Jab,7.0,,False
V3,V3.xlsx,227,9109.0,9114.0,Cross,6.0,,False
V3,V3.xlsx,228,9115.0,9121.0,Jab,7.0,,False
V3,V3.xlsx,229,9122.0,9127.0,Cross,6.0,,False
V3,V3.xlsx,230,9128.0,9134.0,Jab,7.0,,False
V3,V3.xlsx,231,9135.0,9140.0,Cross,6.0,,False
V3,V3.xlsx,232,9141.0,9147.0,Jab,7.0,,False
V3,V3.xlsx,233,9149.0,9153.0,Cross,5.0,,False
V3,V3.xlsx,234,9155.0,9160.0,Jab,6.0,,False
V3,V3.xlsx,235,9162.0,9167.0,Cross,6.0,,False
V3,V3.xlsx,236,9169.0,9174.0,Jab,6.0,,False
V3,V3.xlsx,237,9176.0,9181.0,Cross,6.0,,False
V3,V3.xlsx,238,9182.0,9188.0,Jab,7.0,,False
V3,V3.xlsx,239,9190.0,9195.0,Cross,6.0,,False
V3,V3.xlsx,240,9197.0,9203.0,Jab,7.0,,False
V3,V3.xlsx,241,9205.0,9209.0,Cross,5.0,,False
V3,V3.xlsx,242,9212.0,9216.0,Jab,5.0,,False
V3,V3.xlsx,243,9219.0,9223.0,Cross,5.0,,False
V3,V3.xlsx,244,9225.0,9232.0,Jab,8.0,,False
V3,V3.xlsx,245,10688.0,10697.0,Jab,10.0,,False
V3,V3.xlsx,246,10699.0,10705.0,Rear Hook,7.0,,False
V3,V3.xlsx,247,10744.0,10750.0,Rear uppercut,7.0,,False
V3,V3.xlsx,248,10754.0,10761.0,Lead Uppercut,8.0,,False
V3,V3.xlsx,249,10801.0,10818.0,Jab,18.0,,False
V3,V3.xlsx,250,10823.0,10829.0,Rear uppercut,7.0,,False
V3,V3.xlsx,251,10869.0,10880.0,Rear Hook,12.0,,False
V3,V3.xlsx,252,10883.0,10896.0,Lead Uppercut,14.0,,False
V3,V3.xlsx,253,10919.0,10928.0,Jab,10.0,,False
V3,V3.xlsx,254,10948.0,10957.0,Jab,10.0,,False
V3,V3.xlsx,255,10959.0,10964.0,Rear Hook,6.0,,False
V3,V3.xlsx,256,10988.0,10994.0,Rear uppercut,7.0,,False
V3,V3.xlsx,257,10997.0,11007.0,Lead Hook,11.0,,False
V3,V3.xlsx,258,11046.0,11054.0,Jab,9.0,,False
V3,V3.xlsx,259,11058.0,11063.0,Rear Hook,6.0,,False
V3,V3.xlsx,260,11094.0,10099.0,Rear uppercut,,end_before_start,True
V3,V3.xlsx,261,11102.0,11114.0,Lead Hook,13.0,,False
V3,V3.xlsx,262,11162.0,11170.0,Jab,9.0,,False
V3,V3.xlsx,263,11173.0,11177.0,Rear Hook,5.0,,False
V3,V3.xlsx,264,11197.0,11201.0,Rear uppercut,5.0,,False
V3,V3.xlsx,265,11206.0,11212.0,Lead Hook,7.0,,False
V3,V3.xlsx,266,11255.0,11261.0,Jab,7.0,,False
V3,V3.xlsx,267,11264.0,11269.0,Rear Hook,6.0,,False
V3,V3.xlsx,268,11294.0,11298.0,Rear uppercut,5.0,,False
V3,V3.xlsx,269,11302.0,11311.0,Lead Hook,10.0,,False
V3,V3.xlsx,270,11359.0,11365.0,Jab,7.0,,False
V3,V3.xlsx,271,11371.0,11376.0,Rear Hook,6.0,,False
V3,V3.xlsx,272,11398.0,11403.0,Rear uppercut,6.0,,False
V3,V3.xlsx,273,11407.0,11415.0,Lead Hook,9.0,,False
V3,V3.xlsx,274,11458.0,11466.0,Jab,9.0,,False
V3,V3.xlsx,275,11470.0,11475.0,Rear Hook,6.0,,False
V3,V3.xlsx,276,11498.0,11503.0,Rear uppercut,6.0,,False
V3,V3.xlsx,277,11507.0,11513.0,Lead Hook,7.0,,False
V3,V3.xlsx,278,11558.0,11565.0,Jab,8.0,,False
V3,V3.xlsx,279,11569.0,11574.0,Rear Hook,6.0,,False
V3,V3.xlsx,280,11604.0,11609.0,Lead Hook,6.0,,False
V3,V3.xlsx,281,11611.0,11616.0,Rear uppercut,6.0,,False
V3,V3.xlsx,282,11619.0,11624.0,Lead Hook,6.0,,False
V3,V3.xlsx,283,11666.0,11672.0,Jab,7.0,,False
V3,V3.xlsx,284,11676.0,11680.0,Rear Hook,5.0,,False
V3,V3.xlsx,285,11701.0,11705.0,Rear uppercut,5.0,,False
V3,V3.xlsx,286,11709.0,11715.0,Lead Hook,7.0,,False
V3,V3.xlsx,287,11767.0,11773.0,Jab,7.0,,False
V3,V3.xlsx,288,11786.0,11791.0,Rear Hook,6.0,,False
V3,V3.xlsx,289,11810.0,11815.0,Rear uppercut,6.0,,False
V3,V3.xlsx,290,11818.0,11829.0,Lead Hook,12.0,,False
V3,V3.xlsx,291,11865.0,11870.0,Jab,6.0,,False
V3,V3.xlsx,292,11874.0,11879.0,Rear Hook,6.0,,False
V3,V3.xlsx,293,11900.0,11905.0,Rear uppercut,6.0,,False
V3,V3.xlsx,294,11908.0,11913.0,Lead Hook,6.0,,False
V3,V3.xlsx,295,11955.0,11916.0,Jab,,end_before_start,True
V3,V3.xlsx,296,11966.0,11970.0,Rear Hook,5.0,,False
V3,V3.xlsx,297,11991.0,11995.0,Rear uppercut,5.0,,False
V3,V3.xlsx,298,11999.0,12004.0,Lead Hook,6.0,,False
V3,V3.xlsx,299,12028.0,12036.0,Jab,9.0,,False
V3,V3.xlsx,300,12038.0,12042.0,Rear Hook,5.0,,False
V3,V3.xlsx,301,12063.0,12067.0,Rear uppercut,5.0,,False
V3,V3.xlsx,302,12073.0,12079.0,Lead Hook,7.0,,False
V3,V3.xlsx,303,12897.0,12910.0,Jab,14.0,,False
V3,V3.xlsx,304,12915.0,12929.0,Jab,15.0,,False
V3,V3.xlsx,305,12937.0,12947.0,Lead Hook,11.0,,False
V3,V3.xlsx,306,12956.0,12964.0,Cross,9.0,,False
V3,V3.xlsx,307,12987.0,13000.0,Jab,14.0,,False
V3,V3.xlsx,308,13005.0,13012.0,Jab,8.0,,False
V3,V3.xlsx,309,13026.0,13033.0,Lead Hook,8.0,,False
V3,V3.xlsx,310,13044.0,13051.0,Cross,8.0,,False
V3,V3.xlsx,311,13083.0,13090.0,Jab,8.0,,False
V3,V3.xlsx,312,13095.0,13100.0,Jab,6.0,,False
V3,V3.xlsx,313,13111.0,13119.0,Lead Hook,9.0,,False
V3,V3.xlsx,314,13124.0,13131.0,Cross,8.0,,False
V3,V3.xlsx,315,13160.0,13170.0,Jab,11.0,,False
V3,V3.xlsx,316,13175.0,13182.0,Jab,8.0,,False
V3,V3.xlsx,317,13192.0,13200.0,Lead Hook,9.0,,False
V3,V3.xlsx,318,13206.0,13213.0,Cross,8.0,,False
V3,V3.xlsx,319,13246.0,13253.0,Jab,8.0,,False
V3,V3.xlsx,320,13258.0,13263.0,Jab,6.0,,False
V3,V3.xlsx,321,13275.0,13280.0,Lead Hook,6.0,,False
V3,V3.xlsx,322,13284.0,13291.0,Cross,8.0,,False
V3,V3.xlsx,323,13329.0,13337.0,Jab,9.0,,False
V3,V3.xlsx,324,13341.0,13347.0,Jab,7.0,,False
V3,V3.xlsx,325,13353.0,13361.0,Lead Hook,9.0,,False
V3,V3.xlsx,326,13365.0,13372.0,Cross,8.0,,False
V3,V3.xlsx,327,13394.0,13402.0,Jab,9.0,,False
V3,V3.xlsx,328,13406.0,13412.0,Jab,7.0,,False
V3,V3.xlsx,329,13422.0,13429.0,Lead Hook,8.0,,False
V3,V3.xlsx,330,13432.0,13440.0,Cross,9.0,,False
V3,V3.xlsx,331,13480.0,13488.0,Jab,9.0,,False
V3,V3.xlsx,332,13492.0,13492.0,Jab,1.0,,False
V3,V3.xlsx,333,13504.0,13511.0,Lead Hook,8.0,,False
V3,V3.xlsx,334,13514.0,13521.0,Cross,8.0,,False
V3,V3.xlsx,335,13542.0,13552.0,Jab,11.0,,False
V3,V3.xlsx,336,13555.0,13563.0,Jab,9.0,,False
V3,V3.xlsx,337,13573.0,13581.0,Lead Hook,9.0,,False
V3,V3.xlsx,338,13583.0,13591.0,Cross,9.0,,False
V3,V3.xlsx,339,13640.0,13649.0,Jab,10.0,,False
V3,V3.xlsx,340,13654.0,13660.0,Jab,7.0,,False
V3,V3.xlsx,341,13667.0,13673.0,Lead Hook,7.0,,False
V3,V3.xlsx,342,13676.0,13684.0,Cross,9.0,,False
V3,V3.xlsx,343,13708.0,13716.0,Jab,9.0,,False
V3,V3.xlsx,344,13721.0,13727.0,Jab,7.0,,False
V3,V3.xlsx,345,13735.0,13742.0,Lead Hook,8.0,,False
V3,V3.xlsx,346,13744.0,13751.0,Cross,8.0,,False
V3,V3.xlsx,347,13778.0,13787.0,Jab,10.0,,False
V3,V3.xlsx,348,13791.0,13797.0,Jab,7.0,,False
V3,V3.xlsx,349,13807.0,13815.0,Lead Hook,9.0,,False
V3,V3.xlsx,350,13817.0,13824.0,Cross,8.0,,False
V3,V3.xlsx,351,13864.0,13872.0,Jab,9.0,,False
V3,V3.xlsx,352,13876.0,13883.0,Jab,8.0,,False
V3,V3.xlsx,353,13891.0,13897.0,Lead Hook,7.0,,False
V3,V3.xlsx,354,13900.0,13909.0,Cross,10.0,,False
V3,V3.xlsx,355,13932.0,13942.0,Jab,11.0,,False
V3,V3.xlsx,356,13944.0,13952.0,Jab,9.0,,False
V3,V3.xlsx,357,13960.0,13968.0,Lead Hook,9.0,,False
V3,V3.xlsx,358,13971.0,13978.0,Cross,8.0,,False
V3,V3.xlsx,359,14006.0,14014.0,Jab,9.0,,False
V3,V3.xlsx,360,14019.0,14024.0,Jab,6.0,,False
V3,V3.xlsx,361,14034.0,14040.0,Lead Hook,7.0,,False
V3,V3.xlsx,362,14044.0,14051.0,Cross,8.0,,False
V3,V3.xlsx,363,14083.0,14090.0,Jab,8.0,,False
V3,V3.xlsx,364,14093.0,14098.0,Jab,6.0,,False
V3,V3.xlsx,365,14107.0,14114.0,Lead Hook,8.0,,False
V3,V3.xlsx,366,14117.0,14125.0,Cross,9.0,,False
V3,V3.xlsx,367,14150.0,14157.0,Jab,8.0,,False
V3,V3.xlsx,368,14162.0,14168.0,Jab,7.0,,False
V3,V3.xlsx,369,14174.0,14183.0,Lead Hook,10.0,,False
V3,V3.xlsx,370,14186.0,14193.0,Cross,8.0,,False
V3,V3.xlsx,371,14207.0,14213.0,Jab,7.0,,False
V3,V3.xlsx,372,14217.0,14222.0,Jab,6.0,,False
V3,V3.xlsx,373,14228.0,14237.0,Lead Hook,10.0,,False
V3,V3.xlsx,374,14240.0,14248.0,Cross,9.0,,False
V3,V3.xlsx,375,16471.0,16476.0,Cross,6.0,,False
V3,V3.xlsx,376,16478.0,16486.0,Jab,9.0,,False
V3,V3.xlsx,377,16488.0,16504.0,Cross,17.0,,False
V3,V3.xlsx,378,16534.0,16542.0,Cross,9.0,,False
V3,V3.xlsx,379,16547.0,16555.0,Lead Hook,9.0,,False
V3,V3.xlsx,380,16559.0,16568.0,Lead Hook,10.0,,False
V3,V3.xlsx,381,16610.0,16617.0,Cross,8.0,,False
V3,V3.xlsx,382,16620.0,16630.0,Lead Hook,11.0,,False
V3,V3.xlsx,383,16633.0,16646.0,Cross,14.0,,False
V3,V3.xlsx,384,16684.0,16690.0,Cross,7.0,,False
V3,V3.xlsx,385,16692.0,16700.0,Lead Hook,9.0,,False
V3,V3.xlsx,386,16702.0,16711.0,Lead Hook,10.0,,False
V3,V3.xlsx,387,16764.0,16767.0,Cross,4.0,,False
V3,V3.xlsx,388,16769.0,16776.0,Lead Hook,8.0,,False
V3,V3.xlsx,389,16801.0,16806.0,Cross,6.0,,False
V3,V3.xlsx,390,16808.0,16814.0,Jab,7.0,,False
V3,V3.xlsx,391,16819.0,16825.0,Lead Hook,7.0,,False
V3,V3.xlsx,392,16863.0,16867.0,Cross,5.0,,False
V3,V3.xlsx,393,16869.0,16878.0,Jab,10.0,,False
V3,V3.xlsx,394,16881.0,16887.0,Cross,7.0,,False
V3,V3.xlsx,395,16906.0,16912.0,Cross,7.0,,False
V3,V3.xlsx,396,16914.0,16919.0,Jab,6.0,,False
V3,V3.xlsx,397,16925.0,16933.0,Lead Hook,9.0,,False
V3,V3.xlsx,398,16986.0,16989.0,Cross,4.0,,False
V3,V3.xlsx,399,16991.0,16997.0,Lead Hook,7.0,,False
V3,V3.xlsx,400,16999.0,17006.0,Cross,8.0,,False
V3,V3.xlsx,401,17024.0,17030.0,Cross,7.0,,False
V3,V3.xlsx,402,17033.0,17037.0,Lead Hook,5.0,,False
V3,V3.xlsx,403,17045.0,17050.0,Lead Hook,6.0,,False
V3,V3.xlsx,404,17115.0,17120.0,Cross,6.0,,False
V3,V3.xlsx,405,17122.0,17130.0,Jab,9.0,,False
V3,V3.xlsx,406,17133.0,17140.0,Cross,8.0,,False
V3,V3.xlsx,407,17157.0,17163.0,Cross,7.0,,False
V3,V3.xlsx,408,17164.0,17171.0,Jab,8.0,,False
V3,V3.xlsx,409,17191.0,17201.0,Lead Hook,11.0,,False
V3,V3.xlsx,410,17245.0,17250.0,Cross,6.0,,False
V3,V3.xlsx,411,17252.0,17257.0,Jab,6.0,,False
V3,V3.xlsx,412,17260.0,17267.0,Cross,8.0,,False
V3,V3.xlsx,413,17286.0,17291.0,Cross,6.0,,False
V3,V3.xlsx,414,17293.0,17298.0,Lead Hook,6.0,,False
V3,V3.xlsx,415,17306.0,17313.0,Lead Hook,8.0,,False
V3,V3.xlsx,416,17351.0,17356.0,Cross,6.0,,False
V3,V3.xlsx,417,17359.0,17366.0,Jab,8.0,,False
V3,V3.xlsx,418,17368.0,17375.0,Cross,8.0,,False
V3,V3.xlsx,419,17392.0,17398.0,Cross,7.0,,False
V3,V3.xlsx,420,17401.0,17407.0,Lead Hook,7.0,,False
V3,V3.xlsx,421,17413.0,17421.0,Lead Hook,9.0,,False
V3,V3.xlsx,422,17468.0,17472.0,Cross,5.0,,False
V3,V3.xlsx,423,17473.0,17481.0,Lead Hook,9.0,,False
V3,V3.xlsx,424,17484.0,17493.0,Lead Hook,10.0,,False
V3,V3.xlsx,425,17530.0,17537.0,Jab,8.0,,False
V3,V3.xlsx,426,17553.0,17557.0,Cross,5.0,,False
V3,V3.xlsx,427,17559.0,17566.0,Jab,8.0,,False
V3,V3.xlsx,428,17568.0,17574.0,Cross,7.0,,False
V3,V3.xlsx,429,17593.0,17598.0,Cross,6.0,,False
V3,V3.xlsx,430,17600.0,17606.0,Lead Hook,7.0,,False
V3,V3.xlsx,431,17610.0,17619.0,Lead Hook,10.0,,False
V3,V3.xlsx,432,17657.0,17662.0,Cross,6.0,,False
V3,V3.xlsx,433,17664.0,17671.0,Jab,8.0,,False
V3,V3.xlsx,434,17680.0,17685.0,Cross,6.0,,False
V3,V3.xlsx,435,17704.0,17711.0,Cross,8.0,,False
V3,V3.xlsx,436,17713.0,17718.0,Lead Hook,6.0,,False
V3,V3.xlsx,437,17726.0,17732.0,Lead Hook,7.0,,False
V3,V3.xlsx,438,17798.0,17803.0,Cross,6.0,,False
V3,V3.xlsx,439,17805.0,17811.0,Lead Hook,7.0,,False
V3,V3.xlsx,440,17814.0,17821.0,Cross,8.0,,False
V3,V3.xlsx,441,17839.0,17845.0,Cross,7.0,,False
V3,V3.xlsx,442,17847.0,17853.0,Lead Hook,7.0,,False
V3,V3.xlsx,443,17858.0,17865.0,Lead Hook,8.0,,False
V3,V3.xlsx,444,17891.0,17899.0,Jab,9.0,,False
V3,V3.xlsx,445,17902.0,17908.0,Cross,7.0,,False
V3,V3.xlsx,446,17939.0,17945.0,Jab,7.0,,False
V3,V3.xlsx,447,17947.0,17953.0,Cross,7.0,,False
V3,V3.xlsx,448,17993.0,17997.0,Jab,5.0,,False
V3,V3.xlsx,449,17999.0,18005.0,Cross,7.0,,False
V3,V3.xlsx,450,18042.0,18047.0,Jab,6.0,,False
V3,V3.xlsx,451,18048.0,18054.0,Cross,7.0,,False
V3,V3.xlsx,452,18093.0,18098.0,Jab,6.0,,False
V3,V3.xlsx,453,18100.0,18106.0,Cross,7.0,,False
V3,V3.xlsx,454,18118.0,18130.0,Jab,13.0,,False
V3,V3.xlsx,455,18158.0,18175.0,Jab,18.0,,False
V3,V3.xlsx,456,18178.0,18187.0,Cross,10.0,,False
V3,V3.xlsx,457,18219.0,18225.0,Jab,7.0,,False
V3,V3.xlsx,458,18228.0,18236.0,Cross,9.0,,False
V3,V3.xlsx,459,18307.0,18318.0,Cross,12.0,,False
V3,V3.xlsx,460,18360.0,18371.0,Jab,12.0,,False
V3,V3.xlsx,461,18374.0,18382.0,Cross,9.0,,False
V3,V3.xlsx,462,18399.0,18411.0,Jab,13.0,,False
V3,V3.xlsx,463,18485.0,18490.0,Jab,6.0,,False
V3,V3.xlsx,464,18492.0,18500.0,Cross,9.0,,False
V3,V3.xlsx,465,18538.0,18544.0,Jab,7.0,,False
V3,V3.xlsx,466,18547.0,18554.0,Cross,8.0,,False
V3,V3.xlsx,467,18616.0,18623.0,Jab,8.0,,False
V3,V3.xlsx,468,18626.0,18633.0,Cross,8.0,,False
V3,V3.xlsx,469,18665.0,18671.0,Cross,7.0,,False
V3,V3.xlsx,470,18673.0,18680.0,Jab,8.0,,False
V3,V3.xlsx,471,18682.0,18689.0,Cross,8.0,,False
V3,V3.xlsx,472,18734.0,18741.0,Cross,8.0,,False
V3,V3.xlsx,473,18745.0,18751.0,Lead Hook,7.0,,False
V3,V3.xlsx,474,18753.0,18761.0,Cross,9.0,,False
V3,V3.xlsx,475,18804.0,18810.0,Jab,7.0,,False
V3,V3.xlsx,476,18812.0,18819.0,Cross,8.0,,False
V3,V3.xlsx,477,18846.0,18853.0,Cross,8.0,,False
V3,V3.xlsx,478,18856.0,18863.0,Jab,8.0,,False
V3,V3.xlsx,479,18866.0,18872.0,Cross,7.0,,False
V3,V3.xlsx,480,18892.0,18898.0,Cross,7.0,,False
V3,V3.xlsx,481,18901.0,18907.0,Lead Hook,7.0,,False
V3,V3.xlsx,482,18909.0,18916.0,Cross,8.0,,False
V3,V3.xlsx,483,18967.0,18973.0,Jab,7.0,,False
V3,V3.xlsx,484,18974.0,18979.0,Cross,6.0,,False
V3,V3.xlsx,485,18996.0,19001.0,Cross,6.0,,False
V3,V3.xlsx,486,19002.0,19008.0,Lead Hook,7.0,,False
V3,V3.xlsx,487,19011.0,19017.0,Cross,7.0,,False
V3,V3.xlsx,488,19033.0,19040.0,Cross,8.0,,False
V3,V3.xlsx,489,19043.0,19048.0,Lead Hook,6.0,,False
V3,V3.xlsx,490,19050.0,19058.0,Cross,9.0,,False
V3,V3.xlsx,491,19098.0,19105.0,Jab,8.0,,False
V3,V3.xlsx,492,19107.0,19113.0,Cross,7.0,,False
V3,V3.xlsx,493,19134.0,19140.0,Cross,7.0,,False
V3,V3.xlsx,494,19143.0,19149.0,Lead Hook,7.0,,False
V3,V3.xlsx,495,19151.0,19157.0,Cross,7.0,,False
V3,V3.xlsx,496,19175.0,19180.0,Cross,6.0,,False
V3,V3.xlsx,497,19181.0,19188.0,Lead Hook,8.0,,False
V3,V3.xlsx,498,19190.0,19196.0,Cross,7.0,,False
V3,V3.xlsx,499,19238.0,19242.0,Jab,5.0,,False
V3,V3.xlsx,500,19243.0,19248.0,Cross,6.0,,False
V3,V3.xlsx,501,19261.0,19266.0,Cross,6.0,,False
V3,V3.xlsx,502,19267.0,19273.0,Jab,7.0,,False
V3,V3.xlsx,503,19275.0,19280.0,Cross,6.0,,False
V3,V3.xlsx,504,19297.0,19303.0,Cross,7.0,,False
V3,V3.xlsx,505,19305.0,19311.0,Jab,7.0,,False
V3,V3.xlsx,506,19314.0,19321.0,Cross,8.0,,False
V3,V3.xlsx,507,19369.0,19375.0,Jab,7.0,,False
V3,V3.xlsx,508,19377.0,19383.0,Cross,7.0,,False
V3,V3.xlsx,509,19400.0,19404.0,Cross,5.0,,False
V3,V3.xlsx,510,19407.0,19412.0,Lead Hook,6.0,,False
V3,V3.xlsx,511,19414.0,19419.0,Cross,6.0,,False
V3,V3.xlsx,512,19436.0,19442.0,Cross,7.0,,False
V3,V3.xlsx,513,19444.0,19448.0,Jab,5.0,,False
V3,V3.xlsx,514,19452.0,19459.0,Cross,8.0,,False
V3,V3.xlsx,515,19510.0,19514.0,Jab,5.0,,False
V3,V3.xlsx,516,19517.0,19523.0,Cross,7.0,,False
V3,V3.xlsx,517,19540.0,19544.0,Cross,5.0,,False
V3,V3.xlsx,518,19546.0,19553.0,Jab,8.0,,False
V3,V3.xlsx,519,19554.0,19560.0,Cross,7.0,,False
V3,V3.xlsx,520,19578.0,19583.0,Cross,6.0,,False
V3,V3.xlsx,521,19586.0,19589.0,Lead Hook,4.0,,False
V3,V3.xlsx,522,19593.0,19601.0,Cross,9.0,,False
V3,V3.xlsx,523,19652.0,19658.0,Jab,7.0,,False
V3,V3.xlsx,524,19660.0,19667.0,Jab,8.0,,False
V3,V3.xlsx,525,19684.0,19690.0,Cross,7.0,,False
V3,V3.xlsx,526,19692.0,19697.0,Jab,6.0,,False
V3,V3.xlsx,527,19700.0,19706.0,Cross,7.0,,False
V3,V3.xlsx,528,19723.0,19729.0,Cross,7.0,,False
V3,V3.xlsx,529,19732.0,19737.0,Lead Hook,6.0,,False
V3,V3.xlsx,530,19739.0,19746.0,Cross,8.0,,False
V3,V3.xlsx,531,19791.0,19796.0,Jab,6.0,,False
V3,V3.xlsx,532,19798.0,19804.0,Cross,7.0,,False
V3,V3.xlsx,533,19822.0,19827.0,Cross,6.0,,False
V3,V3.xlsx,534,19829.0,19835.0,Lead Hook,7.0,,False
V3,V3.xlsx,535,19837.0,19843.0,Cross,7.0,,False
V3,V3.xlsx,536,19880.0,19886.0,Jab,7.0,,False
V3,V3.xlsx,537,19887.0,19893.0,Cross,7.0,,False
V3,V3.xlsx,538,19912.0,19917.0,Cross,6.0,,False
V3,V3.xlsx,539,19920.0,19925.0,Jab,6.0,,False
V3,V3.xlsx,540,19928.0,19935.0,Cross,8.0,,False
V3,V3.xlsx,541,19954.0,19959.0,Cross,6.0,,False
V3,V3.xlsx,542,19961.0,19966.0,Lead Hook,6.0,,False
V3,V3.xlsx,543,19968.0,19976.0,Cross,9.0,,False
V3,V3.xlsx,544,20036.0,20046.0,Jab,11.0,,False
V3,V3.xlsx,545,20054.0,20064.0,Cross,11.0,,False
V3,V3.xlsx,546,20091.0,20099.0,Jab,9.0,,False
V3,V3.xlsx,547,20117.0,20125.0,Cross,9.0,,False
V3,V3.xlsx,548,20155.0,20164.0,Jab,10.0,,False
V3,V3.xlsx,549,20180.0,20188.0,Cross,9.0,,False
V3,V3.xlsx,550,20219.0,20227.0,Jab,9.0,,False
V3,V3.xlsx,551,20246.0,20253.0,Cross,8.0,,False
V3,V3.xlsx,552,20285.0,20292.0,Jab,8.0,,False
V3,V3.xlsx,553,20310.0,20318.0,Cross,9.0,,False
V3,V3.xlsx,554,20349.0,20361.0,Jab,13.0,,False
V3,V3.xlsx,555,20317.0,20379.0,Cross,63.0,,False
V3,V3.xlsx,556,20400.0,20411.0,Jab,12.0,,False
V3,V3.xlsx,557,20424.0,20433.0,Cross,10.0,,False
V3,V3.xlsx,558,20462.0,20471.0,Jab,10.0,,False
V3,V3.xlsx,559,20487.0,20496.0,Cross,10.0,,False
V3,V3.xlsx,560,20524.0,20534.0,Jab,11.0,,False
V3,V3.xlsx,561,20548.0,20558.0,Cross,11.0,,False
V3,V3.xlsx,562,20584.0,20593.0,Jab,10.0,,False
V3,V3.xlsx,563,20610.0,20619.0,Cross,10.0,,False
V3,V3.xlsx,564,20650.0,20660.0,Jab,11.0,,False
V3,V3.xlsx,565,20673.0,20681.0,Cross,9.0,,False
V3,V3.xlsx,566,20701.0,20711.0,Jab,11.0,,False
V3,V3.xlsx,567,20726.0,20735.0,Cross,10.0,,False
V3,V3.xlsx,568,22190.0,22195.0,Jab,6.0,,False
V3,V3.xlsx,569,22198.0,22203.0,Cross,6.0,,False
V3,V3.xlsx,570,22205.0,22211.0,Jab,7.0,,False
V3,V3.xlsx,571,22213.0,22218.0,Cross,6.0,,False
V3,V3.xlsx,572,22220.0,22225.0,Jab,6.0,,False
V3,V3.xlsx,573,22227.0,22233.0,Cross,7.0,,False
V3,V3.xlsx,574,22235.0,22240.0,Jab,6.0,,False
V3,V3.xlsx,575,22242.0,22248.0,Cross,7.0,,False
V3,V3.xlsx,576,22250.0,22255.0,Jab,6.0,,False
V3,V3.xlsx,577,22257.0,22262.0,Cross,6.0,,False
V3,V3.xlsx,578,23293.0,23298.0,Cross,6.0,,False
V3,V3.xlsx,579,23301.0,23306.0,Jab,6.0,,False
V3,V3.xlsx,580,23309.0,23314.0,Cross,6.0,,False
V3,V3.xlsx,581,23316.0,23322.0,Jab,7.0,,False
V3,V3.xlsx,582,23324.0,23329.0,Cross,6.0,,False
V3,V3.xlsx,583,23331.0,23337.0,Jab,7.0,,False
V3,V3.xlsx,584,23339.0,23344.0,Cross,6.0,,False
V3,V3.xlsx,585,23346.0,23352.0,Jab,7.0,,False
V3,V3.xlsx,586,23354.0,23359.0,Cross,6.0,,False
V3,V3.xlsx,587,23361.0,23367.0,Jab,7.0,,False
V3,V3.xlsx,588,23369.0,23374.0,Cross,6.0,,False
V3,V3.xlsx,589,23376.0,23382.0,Jab,7.0,,False
V3,V3.xlsx,590,23384.0,23389.0,Cross,6.0,,False
V3,V3.xlsx,591,23391.0,23397.0,Jab,7.0,,False
V3,V3.xlsx,592,23399.0,23405.0,Cross,7.0,,False
V3,V3.xlsx,593,23406.0,23411.0,Jab,6.0,,False
V3,V3.xlsx,594,23414.0,23419.0,Cross,6.0,,False
V3,V3.xlsx,595,23421.0,23427.0,Jab,7.0,,False
V3,V3.xlsx,596,23430.0,23435.0,Cross,6.0,,False
V3,V3.xlsx,597,23437.0,23443.0,Jab,7.0,,False
V3,V3.xlsx,598,23445.0,23450.0,Cross,6.0,,False
V3,V3.xlsx,599,23452.0,23458.0,Jab,7.0,,False
V3,V3.xlsx,600,23460.0,23464.0,Cross,5.0,,False
V3,V3.xlsx,601,23466.0,23471.0,Jab,6.0,,False
V3,V3.xlsx,602,23474.0,23478.0,Rear Hook,5.0,,False
V3,V3.xlsx,603,23483.0,23488.0,Jab,6.0,,False
V3,V3.xlsx,604,23490.0,23495.0,Cross,6.0,,False
V3,V3.xlsx,605,23497.0,23503.0,Jab,7.0,,False
V3,V3.xlsx,606,23505.0,23510.0,Cross,6.0,,False
V3,V3.xlsx,607,23512.0,23518.0,Jab,7.0,,False
V3,V3.xlsx,608,23519.0,23524.0,Cross,6.0,,False
V3,V3.xlsx,609,23526.0,23532.0,Jab,7.0,,False
V3,V3.xlsx,610,23534.0,23539.0,Cross,6.0,,False
V3,V3.xlsx,611,23541.0,23547.0,Jab,7.0,,False
V3,V3.xlsx,612,23549.0,23554.0,Cross,6.0,,False
V3,V3.xlsx,613,23556.0,23562.0,Jab,7.0,,False
V3,V3.xlsx,614,23564.0,23569.0,Cross,6.0,,False
V3,V3.xlsx,615,23571.0,23578.0,Jab,8.0,,False
V3,V3.xlsx,616,23580.0,23585.0,Cross,6.0,,False
V3,V3.xlsx,617,23587.0,23593.0,Jab,7.0,,False
V3,V3.xlsx,618,23595.0,23600.0,Cross,6.0,,False
V3,V3.xlsx,619,23602.0,23607.0,Jab,6.0,,False
V3,V3.xlsx,620,23610.0,23615.0,Cross,6.0,,False
V3,V3.xlsx,621,23617.0,23622.0,Jab,6.0,,False
V3,V3.xlsx,622,23625.0,23630.0,Cross,6.0,,False
V3,V3.xlsx,623,23633.0,23638.0,Jab,6.0,,False
V3,V3.xlsx,624,23640.0,23645.0,Cross,6.0,,False
V3,V3.xlsx,625,23648.0,23648.0,Jab,1.0,,False
V3,V3.xlsx,626,23655.0,23661.0,Cross,7.0,,False
V3,V3.xlsx,627,23663.0,23669.0,Lead Uppercut,7.0,,False
V3,V3.xlsx,628,23671.0,23676.0,Cross,6.0,,False
V3,V3.xlsx,629,23679.0,23684.0,Jab,6.0,,False
V3,V3.xlsx,630,23686.0,23692.0,Cross,7.0,,False
V3,V3.xlsx,631,23694.0,23699.0,Lead Hook,6.0,,False
V3,V3.xlsx,632,23703.0,23707.0,Rear Hook,5.0,,False
V3,V3.xlsx,633,23710.0,23717.0,Lead Hook,8.0,,False
V3,V3.xlsx,634,23719.0,23725.0,Cross,7.0,,False
V3,V3.xlsx,635,23727.0,23732.0,Jab,6.0,,False
V3,V3.xlsx,636,23734.0,23739.0,Cross,6.0,,False
V3,V3.xlsx,637,23743.0,23749.0,Lead Hook,7.0,,False
V3,V3.xlsx,638,23752.0,23758.0,Cross,7.0,,False
V3,V3.xlsx,639,23761.0,23766.0,Jab,6.0,,False
V3,V3.xlsx,640,23768.0,23773.0,Cross,6.0,,False
V3,V3.xlsx,641,23775.0,23781.0,Jab,7.0,,False
V3,V3.xlsx,642,23784.0,23788.0,Rear Hook,5.0,,False
V3,V3.xlsx,643,23794.0,23800.0,Jab,7.0,,False
V3,V3.xlsx,644,23802.0,23807.0,Cross,6.0,,False
V3,V3.xlsx,645,23810.0,23815.0,Jab,6.0,,False
V3,V3.xlsx,646,23817.0,23822.0,Cross,6.0,,False
V3,V3.xlsx,647,23825.0,23830.0,Jab,6.0,,False
V3,V3.xlsx,648,23832.0,23838.0,Cross,7.0,,False
V3,V3.xlsx,649,23840.0,23846.0,Jab,7.0,,False
V3,V3.xlsx,650,23848.0,23853.0,Cross,6.0,,False
V3,V3.xlsx,651,23855.0,23861.0,Jab,7.0,,False
V3,V3.xlsx,652,23863.0,23868.0,Cross,6.0,,False
V3,V3.xlsx,653,23870.0,23876.0,Jab,7.0,,False
V3,V3.xlsx,654,23878.0,23883.0,Cross,6.0,,False
V3,V3.xlsx,655,23885.0,23890.0,Jab,6.0,,False
V3,V3.xlsx,656,23892.0,23898.0,Cross,7.0,,False
V3,V3.xlsx,657,23900.0,23906.0,Jab,7.0,,False
V3,V3.xlsx,658,23908.0,23913.0,Cross,6.0,,False
V3,V3.xlsx,659,23915.0,23921.0,Jab,7.0,,False
V3,V3.xlsx,660,23922.0,23928.0,Cross,7.0,,False
V3,V3.xlsx,661,23930.0,23936.0,Jab,7.0,,False
V3,V3.xlsx,662,23938.0,23943.0,Cross,6.0,,False
V3,V3.xlsx,663,23944.0,23950.0,Jab,7.0,,False
V3,V3.xlsx,664,23952.0,23956.0,Cross,5.0,,False
V3,V3.xlsx,665,23958.0,23963.0,Jab,6.0,,False
V3,V3.xlsx,666,23965.0,23970.0,Cross,6.0,,False
V3,V3.xlsx,667,23972.0,23978.0,Jab,7.0,,False
V3,V3.xlsx,668,23980.0,23984.0,Cross,5.0,,False
V3,V3.xlsx,669,23986.0,23992.0,Jab,7.0,,False
V3,V3.xlsx,670,23994.0,23999.0,Cross,6.0,,False
V3,V3.xlsx,671,24001.0,24006.0,Jab,6.0,,False
V3,V3.xlsx,672,24008.0,24013.0,Cross,6.0,,False
V3,V3.xlsx,673,24015.0,24021.0,Jab,7.0,,False
V3,V3.xlsx,674,24023.0,24027.0,Cross,5.0,,False
V3,V3.xlsx,675,24030.0,24036.0,Jab,7.0,,False
V3,V3.xlsx,676,24037.0,24042.0,Cross,6.0,,False
V3,V3.xlsx,677,24044.0,24049.0,Jab,6.0,,False
V3,V3.xlsx,678,24051.0,24056.0,Cross,6.0,,False
V3,V3.xlsx,679,24058.0,24063.0,Jab,6.0,,False
V3,V3.xlsx,680,24065.0,24070.0,Cross,6.0,,False
V3,V3.xlsx,681,24073.0,24077.0,Jab,5.0,,False
V3,V3.xlsx,682,24079.0,24082.0,Cross,4.0,,False
V3,V3.xlsx,683,24084.0,24086.0,Jab,3.0,,False
V3,V3.xlsx,684,24087.0,24091.0,Cross,5.0,,False
V3,V3.xlsx,685,24092.0,24094.0,Jab,3.0,,False
V3,V3.xlsx,686,24096.0,24100.0,Cross,5.0,,False
V3,V3.xlsx,687,24101.0,24106.0,Jab,6.0,,False
V3,V3.xlsx,688,24108.0,24112.0,Cross,5.0,,False
V3,V3.xlsx,689,24113.0,24119.0,Jab,7.0,,False
V3,V3.xlsx,690,24121.0,24126.0,Cross,6.0,,False
V3,V3.xlsx,691,24127.0,24132.0,Jab,6.0,,False
V3,V3.xlsx,692,24134.0,24140.0,Cross,7.0,,False
V3,V3.xlsx,693,24141.0,24148.0,Jab,8.0,,False
V3,V3.xlsx,694,24150.0,24154.0,Cross,5.0,,False
V3,V3.xlsx,695,25070.0,25077.0,Cross,8.0,,False
V3,V3.xlsx,696,25081.0,25088.0,Jab,8.0,,False
V3,V3.xlsx,697,25091.0,25098.0,Cross,8.0,,False
V3,V3.xlsx,698,25101.0,25109.0,Jab,9.0,,False
V3,V3.xlsx,699,25112.0,25118.0,Cross,7.0,,False
V3,V3.xlsx,700,25122.0,25130.0,Jab,9.0,,False
V3,V3.xlsx,701,25133.0,25139.0,Cross,7.0,,False
V3,V3.xlsx,702,25142.0,25151.0,Jab,10.0,,False
V3,V3.xlsx,703,25153.0,25160.0,Cross,8.0,,False
V3,V3.xlsx,704,25163.0,25173.0,Jab,11.0,,False
V3,V3.xlsx,705,25174.0,25181.0,Cross,8.0,,False
V3,V3.xlsx,706,25185.0,25193.0,Jab,9.0,,False
V3,V3.xlsx,707,25196.0,25203.0,Cross,8.0,,False
V3,V3.xlsx,708,25206.0,25214.0,Jab,9.0,,False
V3,V3.xlsx,709,25216.0,25224.0,Cross,9.0,,False
V3,V3.xlsx,710,25227.0,25235.0,Jab,9.0,,False
V3,V3.xlsx,711,25238.0,25245.0,Cross,8.0,,False
V3,V3.xlsx,712,25247.0,25255.0,Jab,9.0,,False
V3,V3.xlsx,713,25258.0,25264.0,Cross,7.0,,False
V3,V3.xlsx,714,25268.0,25276.0,Jab,9.0,,False
V3,V3.xlsx,715,25279.0,25286.0,Cross,8.0,,False
V3,V3.xlsx,716,25290.0,25298.0,Jab,9.0,,False
V3,V3.xlsx,717,25301.0,25308.0,Cross,8.0,,False
V3,V3.xlsx,718,25312.0,25320.0,Jab,9.0,,False
V3,V3.xlsx,719,25323.0,25330.0,Cross,8.0,,False
V3,V3.xlsx,720,25333.0,25341.0,Jab,9.0,,False
V3,V3.xlsx,721,25344.0,25350.0,Cross,7.0,,False
V3,V3.xlsx,722,25353.0,25362.0,Jab,10.0,,False
V3,V3.xlsx,723,25366.0,25372.0,Cross,7.0,,False
V3,V3.xlsx,724,25375.0,25383.0,Jab,9.0,,False
V3,V3.xlsx,725,25386.0,25393.0,Cross,8.0,,False
V3,V3.xlsx,726,25396.0,25404.0,Jab,9.0,,False
V3,V3.xlsx,727,25407.0,25413.0,Cross,7.0,,False
V3,V3.xlsx,728,25416.0,25424.0,Jab,9.0,,False
V3,V3.xlsx,729,25427.0,25433.0,Cross,7.0,,False
V3,V3.xlsx,730,25436.0,25444.0,Jab,9.0,,False
V3,V3.xlsx,731,25448.0,25455.0,Cross,8.0,,False
V3,V3.xlsx,732,25458.0,25466.0,Jab,9.0,,False
V3,V3.xlsx,733,25469.0,25475.0,Cross,7.0,,False
V3,V3.xlsx,734,25478.0,25486.0,Jab,9.0,,False
V3,V3.xlsx,735,25484.0,25494.0,Cross,11.0,,False
V3,V3.xlsx,736,25497.0,25504.0,Jab,8.0,,False
V3,V3.xlsx,737,25509.0,25512.0,Rear Hook,4.0,,False
V3,V3.xlsx,738,25514.0,25518.0,Lead Hook,5.0,,False
V3,V3.xlsx,739,25523.0,25527.0,Rear Hook,5.0,,False
V3,V3.xlsx,740,25533.0,25541.0,Jab,9.0,,False
V3,V3.xlsx,741,25543.0,25550.0,Cross,8.0,,False
V3,V3.xlsx,742,25552.0,25560.0,Jab,9.0,,False
V3,V3.xlsx,743,25560.0,25568.0,Cross,9.0,,False
V3,V3.xlsx,744,25571.0,25578.0,Jab,8.0,,False
V3,V3.xlsx,745,25581.0,25588.0,Cross,8.0,,False
V3,V3.xlsx,746,25591.0,25600.0,Jab,10.0,,False
V3,V3.xlsx,747,25602.0,25608.0,Cross,7.0,,False
V3,V3.xlsx,748,25612.0,25619.0,Jab,8.0,,False
V3,V3.xlsx,749,25622.0,25627.0,Cross,6.0,,False
V3,V3.xlsx,750,25632.0,25638.0,Jab,7.0,,False
V3,V3.xlsx,751,25642.0,25646.0,Rear Hook,5.0,,False
V3,V3.xlsx,752,25649.0,25653.0,Lead Hook,5.0,,False
V3,V3.xlsx,753,25655.0,25660.0,Rear Hook,6.0,,False
V3,V3.xlsx,754,25667.0,25675.0,Jab,9.0,,False
V3,V3.xlsx,755,25677.0,25682.0,Cross,6.0,,False
V3,V3.xlsx,756,25687.0,25694.0,Jab,8.0,,False
V3,V3.xlsx,757,25697.0,25703.0,Cross,7.0,,False
V3,V3.xlsx,758,25707.0,25714.0,Jab,8.0,,False
V3,V3.xlsx,759,25717.0,25723.0,Cross,7.0,,False
V3,V3.xlsx,760,25727.0,25734.0,Jab,8.0,,False
V3,V3.xlsx,761,25736.0,25742.0,Cross,7.0,,False
V3,V3.xlsx,762,25746.0,25753.0,Jab,8.0,,False
V3,V3.xlsx,763,25756.0,25762.0,Cross,7.0,,False
V3,V3.xlsx,764,25766.0,25772.0,Jab,7.0,,False
V3,V3.xlsx,765,25774.0,25780.0,Cross,7.0,,False
V3,V3.xlsx,766,25783.0,25788.0,Jab,6.0,,False
V3,V3.xlsx,767,25789.0,25794.0,Cross,6.0,,False
V3,V3.xlsx,768,25795.0,25800.0,Jab,6.0,,False
V3,V3.xlsx,769,25801.0,25806.0,Cross,6.0,,False
V3,V3.xlsx,770,25807.0,25813.0,Jab,7.0,,False
V3,V3.xlsx,771,25814.0,25819.0,Cross,6.0,,False
V3,V3.xlsx,772,25821.0,25825.0,Jab,5.0,,False
V3,V3.xlsx,773,25827.0,25832.0,Cross,6.0,,False
V3,V3.xlsx,774,25833.0,25838.0,Jab,6.0,,False
V3,V3.xlsx,775,25841.0,25845.0,Cross,5.0,,False
V3,V3.xlsx,776,25847.0,25852.0,Jab,6.0,,False
V3,V3.xlsx,777,25854.0,25859.0,Cross,6.0,,False
V3,V3.xlsx,778,25861.0,25866.0,Jab,6.0,,False
V3,V3.xlsx,779,25868.0,25872.0,Cross,5.0,,False
V3,V3.xlsx,780,25874.0,25878.0,Jab,5.0,,False
V3,V3.xlsx,781,25880.0,25884.0,Cross,5.0,,False
V3,V3.xlsx,782,25886.0,25891.0,Jab,6.0,,False
V3,V3.xlsx,783,25893.0,25898.0,Cross,6.0,,False
V3,V3.xlsx,784,25899.0,25905.0,Jab,7.0,,False
V3,V3.xlsx,785,25906.0,25911.0,Cross,6.0,,False
V3,V3.xlsx,786,25912.0,25918.0,Jab,7.0,,False
V3,V3.xlsx,787,25919.0,25924.0,Cross,6.0,,False
V3,V3.xlsx,788,25926.0,25932.0,Jab,7.0,,False
V3,V3.xlsx,789,25933.0,25938.0,Cross,6.0,,False
V3,V3.xlsx,790,25940.0,25946.0,Jab,7.0,,False
V3,V3.xlsx,791,25948.0,25952.0,Cross,5.0,,False
V3,V3.xlsx,792,25954.0,25959.0,Jab,6.0,,False
V3,V3.xlsx,793,25961.0,25966.0,Cross,6.0,,False
V3,V3.xlsx,794,25967.0,25972.0,Jab,6.0,,False
V3,V3.xlsx,795,25974.0,25979.0,Cross,6.0,,False
V3,V3.xlsx,796,25980.0,25985.0,Jab,6.0,,False
V3,V3.xlsx,797,25987.0,25992.0,Cross,6.0,,False
V3,V3.xlsx,798,25994.0,26000.0,Jab,7.0,,False
V3,V3.xlsx,799,26001.0,26006.0,Cross,6.0,,False
V3,V3.xlsx,800,26008.0,26013.0,Jab,6.0,,False
V3,V3.xlsx,801,26015.0,26019.0,Cross,5.0,,False
V3,V3.xlsx,802,26021.0,26026.0,Jab,6.0,,False
V3,V3.xlsx,803,26028.0,26033.0,Cross,6.0,,False
V3,V3.xlsx,804,26035.0,26040.0,Jab,6.0,,False
V3,V3.xlsx,805,26042.0,26047.0,Cross,6.0,,False
V3,V3.xlsx,806,26048.0,26053.0,Jab,6.0,,False
V3,V3.xlsx,807,26055.0,26060.0,Cross,6.0,,False
V3,V3.xlsx,808,26061.0,26067.0,Jab,7.0,,False
V3,V3.xlsx,809,26068.0,26073.0,Cross,6.0,,False
V3,V3.xlsx,810,26074.0,26080.0,Jab,7.0,,False
V3,V3.xlsx,811,26081.0,26086.0,Cross,6.0,,False
V3,V3.xlsx,812,26087.0,26093.0,Lead Hook,7.0,,False
V3,V3.xlsx,813,26490.0,26495.0,Jab,6.0,,False
V3,V3.xlsx,814,26497.0,26503.0,Cross,7.0,,False
V4,V4.xlsx,0,6437.0,6449.0,Jab,13.0,,False
V4,V4.xlsx,1,6452.0,6460.0,Rear Hook,9.0,,False
V4,V4.xlsx,2,6463.0,6470.0,Lead hook,8.0,,False
V4,V4.xlsx,3,6532.0,6544.0,Jab,13.0,,False
V4,V4.xlsx,4,6546.0,6558.0,Rear Hook,13.0,,False
V4,V4.xlsx,5,6561.0,6568.0,Jab,8.0,,False
V4,V4.xlsx,6,6806.0,6814.0,Jab,9.0,,False
V4,V4.xlsx,7,6815.0,6820.0,Rear Hook,6.0,,False
V4,V4.xlsx,8,6821.0,6828.0,Lead hook,8.0,,False
V4,V4.xlsx,9,6881.0,6889.0,Jab,9.0,,False
V4,V4.xlsx,10,6890.0,6896.0,Rear Hook,7.0,,False
V4,V4.xlsx,11,6897.0,6905.0,Jab,9.0,,False
V4,V4.xlsx,12,7123.0,7130.0,Jab,8.0,,False
V4,V4.xlsx,13,7132.0,7139.0,Cross,8.0,,False
V4,V4.xlsx,14,7141.0,7148.0,Jab,8.0,,False
V4,V4.xlsx,15,7150.0,7156.0,Cross,7.0,,False
V4,V4.xlsx,16,7159.0,7166.0,Jab,8.0,,False
V4,V4.xlsx,17,7169.0,7175.0,Cross,7.0,,False
V4,V4.xlsx,18,7177.0,7184.0,Jab,8.0,,False
V4,V4.xlsx,19,7186.0,7193.0,Cross,8.0,,False
V4,V4.xlsx,20,7194.0,7202.0,Jab,9.0,,False
V4,V4.xlsx,21,7204.0,7209.0,Cross,6.0,,False
V4,V4.xlsx,22,7211.0,7219.0,Jab,9.0,,False
V4,V4.xlsx,23,7221.0,7226.0,Cross,6.0,,False
V4,V4.xlsx,24,7229.0,7235.0,Jab,7.0,,False
V4,V4.xlsx,25,7238.0,7244.0,Cross,7.0,,False
V4,V4.xlsx,26,7246.0,7253.0,Jab,8.0,,False
V4,V4.xlsx,27,7255.0,7261.0,Cross,7.0,,False
V4,V4.xlsx,28,7264.0,7271.0,Jab,8.0,,False
V4,V4.xlsx,29,7658.0,7663.0,Cross,6.0,,False
V4,V4.xlsx,30,7666.0,7673.0,Jab,8.0,,False
V4,V4.xlsx,31,7675.0,7680.0,Cross,6.0,,False
V4,V4.xlsx,32,7683.0,7689.0,Jab,7.0,,False
V4,V4.xlsx,33,7691.0,7696.0,Cross,6.0,,False
V4,V4.xlsx,34,7699.0,7706.0,Jab,8.0,,False
V4,V4.xlsx,35,7708.0,7713.0,Cross,6.0,,False
V4,V4.xlsx,36,7715.0,7722.0,Jab,8.0,,False
V4,V4.xlsx,37,7724.0,7730.0,Cross,7.0,,False
V4,V4.xlsx,38,7732.0,7739.0,Jab,8.0,,False
V4,V4.xlsx,39,7741.0,7746.0,Cross,6.0,,False
V4,V4.xlsx,40,7748.0,7754.0,Jab,7.0,,False
V4,V4.xlsx,41,7756.0,7762.0,Cross,7.0,,False
V4,V4.xlsx,42,7764.0,7770.0,Jab,7.0,,False
V4,V4.xlsx,43,7773.0,7778.0,Cross,6.0,,False
V4,V4.xlsx,44,7780.0,7787.0,Jab,8.0,,False
V4,V4.xlsx,45,7789.0,7794.0,Cross,6.0,,False
V4,V4.xlsx,46,7796.0,7804.0,Jab,9.0,,False
V4,V4.xlsx,47,7805.0,7811.0,Cross,7.0,,False
V4,V4.xlsx,48,7813.0,7820.0,Jab,8.0,,False
V4,V4.xlsx,49,7822.0,7827.0,Cross,6.0,,False
V4,V4.xlsx,50,7829.0,7836.0,Jab,8.0,,False
V4,V4.xlsx,51,7837.0,7842.0,Cross,6.0,,False
V4,V4.xlsx,52,7882.0,7892.0,Jab,11.0,,False
V4,V4.xlsx,53,7895.0,7903.0,Rear Hook,9.0,,False
V4,V4.xlsx,54,7907.0,7914.0,Lead hook,8.0,,False
V4,V4.xlsx,55,7995.0,8004.0,Jab,10.0,,False
V4,V4.xlsx,56,8006.0,8013.0,Rear Hook,8.0,,False
V4,V4.xlsx,57,8016.0,8022.0,Lead hook,7.0,,False
V4,V4.xlsx,58,8069.0,8079.0,Jab,11.0,,False
V4,V4.xlsx,59,8080.0,8087.0,Rear Hook,8.0,,False
V4,V4.xlsx,60,8088.0,8095.0,Lead hook,8.0,,False
V4,V4.xlsx,61,8207.0,8215.0,Rear Uppercut,9.0,,False
V4,V4.xlsx,62,8308.0,8315.0,Rear Uppercut,8.0,,False
V4,V4.xlsx,63,8362.0,8386.0,Rear Uppercut,25.0,,False
V4,V4.xlsx,64,8387.0,8398.0,Lead Uppercut,12.0,,False
V4,V4.xlsx,65,8458.0,8467.0,Jab,10.0,,False
V4,V4.xlsx,66,8468.0,8469.0,Rear Uppercut,2.0,,False
V4,V4.xlsx,67,8475.0,8481.0,Lead Uppercut,7.0,,False
V4,V4.xlsx,68,8552.0,8559.0,Jab,8.0,,False
V4,V4.xlsx,69,8560.0,8566.0,Cross,7.0,,False
V4,V4.xlsx,70,8569.0,8576.0,Jab,8.0,,False
V4,V4.xlsx,71,8577.0,8583.0,Cross,7.0,,False
V4,V4.xlsx,72,8585.0,8593.0,Jab,9.0,,False
V4,V4.xlsx,73,8595.0,8600.0,Cross,6.0,,False
V4,V4.xlsx,74,8602.0,8610.0,Jab,9.0,,False
V4,V4.xlsx,75,8612.0,8617.0,Cross,6.0,,False
V4,V4.xlsx,76,8620.0,8629.0,Jab,10.0,,False
V4,V4.xlsx,77,8674.0,8684.0,Lead hook,11.0,,False
V4,V4.xlsx,78,8736.0,8746.0,Lead hook,11.0,,False
V4,V4.xlsx,79,8762.0,8769.0,Rear Uppercut,8.0,,False
V4,V4.xlsx,80,8776.0,8782.0,Rear Uppercut,7.0,,False
V4,V4.xlsx,81,8791.0,8798.0,Rear Uppercut,8.0,,False
V4,V4.xlsx,82,8860.0,8868.0,Lead Uppercut,9.0,,False
V4,V4.xlsx,83,8969.0,8977.0,Lead Uppercut,9.0,,False
V4,V4.xlsx,84,9053.0,9060.0,Jab,8.0,,False
V4,V4.xlsx,85,9063.0,9069.0,Cross,7.0,,False
V4,V4.xlsx,86,9071.0,9078.0,Jab,8.0,,False
V4,V4.xlsx,87,9079.0,9085.0,Cross,7.0,,False
V4,V4.xlsx,88,9088.0,9095.0,Jab,8.0,,False
V4,V4.xlsx,89,9097.0,9103.0,Cross,7.0,,False
V4,V4.xlsx,90,9106.0,9113.0,Jab,8.0,,False
V4,V4.xlsx,91,9115.0,9121.0,Cross,7.0,,False
V4,V4.xlsx,92,9123.0,9130.0,Jab,8.0,,False
V4,V4.xlsx,93,9132.0,9137.0,Cross,6.0,,False
V4,V4.xlsx,94,9140.0,9146.0,Jab,7.0,,False
V4,V4.xlsx,95,9149.0,9154.0,Cross,6.0,,False
V4,V4.xlsx,96,9157.0,9162.0,Jab,6.0,,False
V4,V4.xlsx,97,9165.0,9171.0,Cross,7.0,,False
V4,V4.xlsx,98,9172.0,9180.0,Jab,9.0,,False
V4,V4.xlsx,99,9182.0,9187.0,Cross,6.0,,False
V4,V4.xlsx,100,9190.0,9197.0,Jab,8.0,,False
V4,V4.xlsx,101,9199.0,9204.0,Cross,6.0,,False
V4,V4.xlsx,102,9207.0,9213.0,Jab,7.0,,False
V4,V4.xlsx,103,9216.0,9221.0,Cross,6.0,,False
V4,V4.xlsx,104,9223.0,9230.0,Jab,8.0,,False
V4,V4.xlsx,105,9232.0,9237.0,Cross,6.0,,False
V4,V4.xlsx,106,9239.0,9247.0,Jab,9.0,,False
V4,V4.xlsx,107,9249.0,9253.0,Cross,5.0,,False
V4,V4.xlsx,108,9256.0,9263.0,Jab,8.0,,False
V4,V4.xlsx,109,9264.0,9269.0,Cross,6.0,,False
V4,V4.xlsx,110,9309.0,9316.0,Jab,8.0,,False
V4,V4.xlsx,111,9317.0,9322.0,Rear Hook,6.0,,False
V4,V4.xlsx,112,9413.0,9419.0,Lead hook,7.0,,False
V4,V4.xlsx,113,9421.0,9425.0,Rear Hook,5.0,,False
V4,V4.xlsx,114,9426.0,9431.0,Lead hook,6.0,,False
V4,V4.xlsx,115,9504.0,9512.0,Jab,9.0,,False
V4,V4.xlsx,116,9512.0,9518.0,Rear Hook,7.0,,False
V4,V4.xlsx,117,9519.0,9524.0,Lead hook,6.0,,False
V4,V4.xlsx,118,9546.0,9554.0,Jab,9.0,,False
V4,V4.xlsx,119,9574.0,9582.0,Cross,9.0,,False
V4,V4.xlsx,120,9637.0,9645.0,Jab,9.0,,False
V4,V4.xlsx,121,9646.0,9651.0,Rear Hook,6.0,,False
V4,V4.xlsx,122,9653.0,9658.0,Lead Uppercut,6.0,,False
V4,V4.xlsx,123,9731.0,9738.0,Jab,8.0,,False
V4,V4.xlsx,124,9739.0,9744.0,Rear Hook,6.0,,False
V4,V4.xlsx,125,9745.0,9751.0,Lead Uppercut,7.0,,False
V4,V4.xlsx,126,9828.0,9836.0,Jab,9.0,,False
V4,V4.xlsx,127,9837.0,9841.0,Rear Hook,5.0,,False
V4,V4.xlsx,128,9843.0,9847.0,Lead Uppercut,5.0,,False
V4,V4.xlsx,129,9927.0,9935.0,Jab,9.0,,False
V4,V4.xlsx,130,9936.0,9941.0,Rear Hook,6.0,,False
V4,V4.xlsx,131,9943.0,9948.0,Lead hook,6.0,,False
V4,V4.xlsx,132,10043.0,10051.0,Jab,9.0,,False
V4,V4.xlsx,133,10052.0,10056.0,Rear Hook,5.0,,False
V4,V4.xlsx,134,10058.0,10062.0,Lead hook,5.0,,False
V4,V4.xlsx,135,10203.0,10210.0,Jab,8.0,,False
V4,V4.xlsx,136,10211.0,10216.0,Rear Hook,6.0,,False
V4,V4.xlsx,137,10217.0,10221.0,Lead hook,5.0,,False
V4,V4.xlsx,138,10314.0,10323.0,Jab,10.0,,False
V4,V4.xlsx,139,10324.0,10328.0,Rear Hook,5.0,,False
V4,V4.xlsx,140,10330.0,10334.0,Lead Uppercut,5.0,,False
V4,V4.xlsx,141,10362.0,10370.0,Jab,9.0,,False
V4,V4.xlsx,142,10404.0,10410.0,Jab,7.0,,False
V4,V4.xlsx,143,10411.0,10416.0,Rear Hook,6.0,,False
V4,V4.xlsx,144,10417.0,10421.0,Lead hook,5.0,,False
V4,V4.xlsx,145,10514.0,10522.0,Jab,9.0,,False
V4,V4.xlsx,146,10523.0,10528.0,Rear Hook,6.0,,False
V4,V4.xlsx,147,10530.0,10534.0,Lead hook,5.0,,False
V4,V4.xlsx,148,10596.0,10603.0,Jab,8.0,,False
V4,V4.xlsx,149,10605.0,10609.0,Rear Hook,5.0,,False
V4,V4.xlsx,150,10611.0,10615.0,Lead hook,5.0,,False
V4,V4.xlsx,151,10677.0,10685.0,Jab,9.0,,False
V4,V4.xlsx,152,10687.0,10690.0,Rear Hook,4.0,,False
V4,V4.xlsx,153,10692.0,10697.0,Lead hook,6.0,,False
V4,V4.xlsx,154,12179.0,12189.0,Jab,11.0,,False
V4,V4.xlsx,155,12192.0,12199.0,Rear Uppercut,8.0,,False
V4,V4.xlsx,156,12203.0,12210.0,Lead Uppercut,8.0,,False
V4,V4.xlsx,157,12212.0,12220.0,Rear Uppercut,9.0,,False
V4,V4.xlsx,158,12223.0,12233.0,Lead hook,11.0,,False
V4,V4.xlsx,159,12293.0,12303.0,Jab,11.0,,False
V4,V4.xlsx,160,12305.0,12311.0,Rear Uppercut,7.0,,False
V4,V4.xlsx,161,12316.0,12325.0,Lead Uppercut,10.0,,False
V4,V4.xlsx,162,12325.0,12332.0,Rear Uppercut,8.0,,False
V4,V4.xlsx,163,12337.0,12346.0,Lead hook,10.0,,False
V4,V4.xlsx,164,12378.0,12388.0,Jab,11.0,,False
V4,V4.xlsx,165,12402.0,12413.0,Jab,12.0,,False
V4,V4.xlsx,166,12415.0,12421.0,Rear Uppercut,7.0,,False
V4,V4.xlsx,167,12426.0,12434.0,Lead Uppercut,9.0,,False
V4,V4.xlsx,168,12435.0,12441.0,Rear Uppercut,7.0,,False
V4,V4.xlsx,169,12447.0,12454.0,Lead hook,8.0,,False
V4,V4.xlsx,170,12485.0,12497.0,Jab,13.0,,False
V4,V4.xlsx,171,12520.0,12529.0,Jab,10.0,,False
V4,V4.xlsx,172,12532.0,12539.0,Rear Uppercut,8.0,,False
V4,V4.xlsx,173,12545.0,12553.0,Lead Uppercut,9.0,,False
V4,V4.xlsx,174,12558.0,12566.0,Rear Uppercut,9.0,,False
V4,V4.xlsx,175,12573.0,12582.0,Lead hook,10.0,,False
V4,V4.xlsx,176,12674.0,12682.0,Jab,9.0,,False
V4,V4.xlsx,177,12685.0,12691.0,Rear Uppercut,7.0,,False
V4,V4.xlsx,178,12697.0,12705.0,Lead hook,9.0,,False
V4,V4.xlsx,179,12710.0,12715.0,Rear Uppercut,6.0,,False
V4,V4.xlsx,180,12721.0,12730.0,Lead hook,10.0,,False
V4,V4.xlsx,181,12869.0,12883.0,Lead hook,15.0,,False
V4,V4.xlsx,182,12884.0,12892.0,Rear Hook,9.0,,False
V4,V4.xlsx,183,12899.0,12912.0,Lead hook,14.0,,False
V4,V4.xlsx,184,12914.0,12923.0,Rear Hook,10.0,,False
V4,V4.xlsx,185,12945.0,12954.0,Lead hook,10.0,,False
V4,V4.xlsx,186,12970.0,12979.0,Rear Hook,10.0,,False
V4,V4.xlsx,187,12996.0,13004.0,Lead hook,9.0,,False
V4,V4.xlsx,188,13017.0,13026.0,Rear Hook,10.0,,False
V4,V4.xlsx,189,13033.0,13042.0,Lead hook,10.0,,False
V4,V4.xlsx,190,13046.0,13054.0,Rear Hook,9.0,,False
V4,V4.xlsx,191,13061.0,13071.0,Lead hook,11.0,,False
V4,V4.xlsx,192,13074.0,13082.0,Rear Hook,9.0,,False
V4,V4.xlsx,193,13089.0,13100.0,Lead hook,12.0,,False
V4,V4.xlsx,194,13102.0,13111.0,Rear Hook,10.0,,False
V4,V4.xlsx,195,13117.0,13125.0,Lead hook,9.0,,False
V4,V4.xlsx,196,13129.0,13137.0,Rear Hook,9.0,,False
V4,V4.xlsx,197,13143.0,13153.0,Lead hook,11.0,,False
V4,V4.xlsx,198,13156.0,13164.0,Rear Hook,9.0,,False
V4,V4.xlsx,199,13169.0,13178.0,Lead hook,10.0,,False
V4,V4.xlsx,200,13182.0,13192.0,Rear Hook,11.0,,False
V4,V4.xlsx,201,13196.0,13206.0,Lead hook,11.0,,False
V4,V4.xlsx,202,13210.0,13219.0,Rear Hook,10.0,,False
V4,V4.xlsx,203,13224.0,13232.0,Lead hook,9.0,,False
V4,V4.xlsx,204,13514.0,13523.0,Lead hook,10.0,,False
V4,V4.xlsx,205,13526.0,13534.0,Rear Hook,9.0,,False
V4,V4.xlsx,206,13541.0,13550.0,Lead hook,10.0,,False
V4,V4.xlsx,207,13554.0,13562.0,Rear Hook,9.0,,False
V4,V4.xlsx,208,13568.0,13576.0,Lead hook,9.0,,False
V4,V4.xlsx,209,13618.0,13627.0,Jab,10.0,,False
V4,V4.xlsx,210,13629.0,13634.0,Rear Uppercut,6.0,,False
V4,V4.xlsx,211,13641.0,13645.0,Lead Uppercut,5.0,,False
V4,V4.xlsx,212,13646.0,13652.0,Rear Uppercut,7.0,,False
V4,V4.xlsx,213,13658.0,13666.0,Lead hook,9.0,,False
V4,V4.xlsx,214,13735.0,13742.0,Jab,8.0,,False
V4,V4.xlsx,215,13745.0,13750.0,Rear Uppercut,6.0,,False
V4,V4.xlsx,216,13753.0,13759.0,Lead Uppercut,7.0,,False
V4,V4.xlsx,217,13761.0,13767.0,Rear Uppercut,7.0,,False
V4,V4.xlsx,218,13770.0,13780.0,Lead hook,11.0,,False
V4,V4.xlsx,219,13812.0,13824.0,Jab,13.0,,False
V4,V4.xlsx,220,13845.0,13855.0,Jab,11.0,,False
V4,V4.xlsx,221,13858.0,13867.0,Rear Uppercut,10.0,,False
V4,V4.xlsx,222,13874.0,13885.0,Lead Uppercut,12.0,,False
V4,V4.xlsx,223,13890.0,13900.0,Rear Uppercut,11.0,,False
V4,V4.xlsx,224,13907.0,13916.0,Lead hook,10.0,,False
V4,V4.xlsx,225,13945.0,13952.0,Jab,8.0,,False
V4,V4.xlsx,226,13995.0,14002.0,Jab,8.0,,False
V4,V4.xlsx,227,14004.0,14008.0,Rear Uppercut,5.0,,False
V4,V4.xlsx,228,14011.0,14015.0,Lead Uppercut,5.0,,False
V4,V4.xlsx,229,14017.0,14022.0,Rear Uppercut,6.0,,False
V4,V4.xlsx,230,14024.0,14031.0,Lead hook,8.0,,False
V4,V4.xlsx,231,14086.0,14093.0,Jab,8.0,,False
V4,V4.xlsx,232,14094.0,14100.0,Rear Uppercut,7.0,,False
V4,V4.xlsx,233,14101.0,14107.0,Lead Uppercut,7.0,,False
V4,V4.xlsx,234,14108.0,14113.0,Rear Uppercut,6.0,,False
V4,V4.xlsx,235,14117.0,14124.0,Lead hook,8.0,,False
V4,V4.xlsx,236,14188.0,14195.0,Jab,8.0,,False
V4,V4.xlsx,237,14197.0,14202.0,Rear Uppercut,6.0,,False
V4,V4.xlsx,238,14204.0,14210.0,Lead Uppercut,7.0,,False
V4,V4.xlsx,239,14211.0,14216.0,Rear Uppercut,6.0,,False
V4,V4.xlsx,240,14220.0,14228.0,Lead hook,9.0,,False
V4,V4.xlsx,241,14331.0,14340.0,Lead hook,10.0,,False
V4,V4.xlsx,242,14343.0,14352.0,Rear Hook,10.0,,False
V4,V4.xlsx,243,14359.0,14367.0,Lead hook,9.0,,False
V4,V4.xlsx,244,14370.0,14379.0,Rear Hook,10.0,,False
V4,V4.xlsx,245,14383.0,14392.0,Lead hook,10.0,,False
V4,V4.xlsx,246,14396.0,14404.0,Rear Hook,9.0,,False
V4,V4.xlsx,247,14410.0,14419.0,Lead hook,10.0,,False
V4,V4.xlsx,248,14421.0,14429.0,Rear Hook,9.0,,False
V4,V4.xlsx,249,14434.0,14444.0,Lead hook,11.0,,False
V4,V4.xlsx,250,14447.0,14455.0,Rear Hook,9.0,,False
V4,V4.xlsx,251,14460.0,14470.0,Lead hook,11.0,,False
V4,V4.xlsx,252,14472.0,14480.0,Rear Hook,9.0,,False
V4,V4.xlsx,253,14486.0,14495.0,Lead hook,10.0,,False
V4,V4.xlsx,254,14498.0,14506.0,Rear Hook,9.0,,False
V4,V4.xlsx,255,14511.0,14519.0,Lead hook,9.0,,False
V4,V4.xlsx,256,14677.0,14683.0,Jab,7.0,,False
V4,V4.xlsx,257,14684.0,14688.0,Rear Uppercut,5.0,,False
V4,V4.xlsx,258,14689.0,14692.0,Lead Uppercut,4.0,,False
V4,V4.xlsx,259,14693.0,14697.0,Rear Uppercut,5.0,,False
V4,V4.xlsx,260,14700.0,14706.0,Lead hook,7.0,,False
V4,V4.xlsx,261,14763.0,14769.0,Jab,7.0,,False
V4,V4.xlsx,262,14770.0,14773.0,Rear Uppercut,4.0,,False
V4,V4.xlsx,263,14775.0,14778.0,Lead Uppercut,4.0,,False
V4,V4.xlsx,264,14779.0,14782.0,Rear Uppercut,4.0,,False
V4,V4.xlsx,265,14784.0,14790.0,Lead hook,7.0,,False
V4,V4.xlsx,266,14876.0,14882.0,Rear Hook,7.0,,False
V4,V4.xlsx,267,14889.0,14900.0,Lead hook,12.0,,False
V4,V4.xlsx,268,14903.0,14910.0,Rear Hook,8.0,,False
V4,V4.xlsx,269,14916.0,14926.0,Lead hook,11.0,,False
V4,V4.xlsx,270,14930.0,14937.0,Rear Hook,8.0,,False
V4,V4.xlsx,271,15048.0,15056.0,Jab,9.0,,False
V4,V4.xlsx,272,15099.0,15105.0,Jab,7.0,,False
V4,V4.xlsx,273,15106.0,15109.0,Rear Uppercut,4.0,,False
V4,V4.xlsx,274,15110.0,15113.0,Lead Uppercut,4.0,,False
V4,V4.xlsx,275,15114.0,15118.0,Rear Uppercut,5.0,,False
V4,V4.xlsx,276,15120.0,15127.0,Lead hook,8.0,,False
V4,V4.xlsx,277,15187.0,15193.0,Jab,7.0,,False
V4,V4.xlsx,278,15194.0,15198.0,Rear Uppercut,5.0,,False
V4,V4.xlsx,279,15199.0,15203.0,Lead Uppercut,5.0,,False
V4,V4.xlsx,280,15204.0,15207.0,Rear Uppercut,4.0,,False
V4,V4.xlsx,281,15210.0,15216.0,Lead hook,7.0,,False
V4,V4.xlsx,282,15338.0,15344.0,Jab,7.0,,False
V4,V4.xlsx,283,15345.0,15349.0,Rear Uppercut,5.0,,False
V4,V4.xlsx,284,15350.0,15353.0,Lead Uppercut,4.0,,False
V4,V4.xlsx,285,15354.0,15358.0,Rear Uppercut,5.0,,False
V4,V4.xlsx,286,15361.0,15366.0,Lead hook,6.0,,False
V4,V4.xlsx,287,15486.0,15492.0,Jab,7.0,,False
V4,V4.xlsx,288,15493.0,15497.0,Rear Uppercut,5.0,,False
V4,V4.xlsx,289,15498.0,15501.0,Lead Uppercut,4.0,,False
V4,V4.xlsx,290,15502.0,15505.0,Rear Uppercut,4.0,,False
V4,V4.xlsx,291,15510.0,15515.0,Lead hook,6.0,,False
V4,V4.xlsx,292,15609.0,15614.0,Jab,6.0,,False
V4,V4.xlsx,293,15616.0,15620.0,Rear Uppercut,5.0,,False
V4,V4.xlsx,294,15621.0,15624.0,Lead Uppercut,4.0,,False
V4,V4.xlsx,295,15625.0,15628.0,Rear Uppercut,4.0,,False
V4,V4.xlsx,296,15630.0,15637.0,Lead hook,8.0,,False
V4,V4.xlsx,297,15650.0,15657.0,Jab,8.0,,False
V4,V4.xlsx,298,15710.0,15716.0,Jab,7.0,,False
V4,V4.xlsx,299,15717.0,15721.0,Rear Uppercut,5.0,,False
V4,V4.xlsx,300,15722.0,15725.0,Lead Uppercut,4.0,,False
V4,V4.xlsx,301,15726.0,15729.0,Rear Uppercut,4.0,,False
V4,V4.xlsx,302,15732.0,15738.0,Lead hook,7.0,,False
V4,V4.xlsx,303,15841.0,15847.0,Jab,7.0,,False
V4,V4.xlsx,304,15848.0,15852.0,Rear Uppercut,5.0,,False
V4,V4.xlsx,305,15853.0,15856.0,Lead Uppercut,4.0,,False
V4,V4.xlsx,306,15857.0,15861.0,Rear Uppercut,5.0,,False
V4,V4.xlsx,307,15863.0,15868.0,Lead hook,6.0,,False
V4,V4.xlsx,308,15895.0,15902.0,Jab,8.0,,False
V4,V4.xlsx,309,15955.0,15961.0,Jab,7.0,,False
V4,V4.xlsx,310,15962.0,15965.0,Rear Uppercut,4.0,,False
V4,V4.xlsx,311,15966.0,15969.0,Lead Uppercut,4.0,,False
V4,V4.xlsx,312,15970.0,15973.0,Rear Uppercut,4.0,,False
V4,V4.xlsx,313,15976.0,15982.0,Lead hook,7.0,,False
V4,V4.xlsx,314,16086.0,16092.0,Jab,7.0,,False
V4,V4.xlsx,315,16093.0,16097.0,Rear Uppercut,5.0,,False
V4,V4.xlsx,316,16099.0,16103.0,Lead Uppercut,5.0,,False
V4,V4.xlsx,317,16104.0,16108.0,Rear Uppercut,5.0,,False
V4,V4.xlsx,318,16111.0,16118.0,Lead hook,8.0,,False
V4,V4.xlsx,319,16264.0,16271.0,Jab,8.0,,False
V4,V4.xlsx,320,16272.0,16276.0,Rear Uppercut,5.0,,False
V4,V4.xlsx,321,16277.0,16281.0,Lead Uppercut,5.0,,False
V4,V4.xlsx,322,16282.0,16285.0,Rear Uppercut,4.0,,False
V4,V4.xlsx,323,16288.0,16295.0,Lead hook,8.0,,False
V4,V4.xlsx,324,16318.0,16328.0,Jab,11.0,,False
V4,V4.xlsx,325,16367.0,16374.0,Jab,8.0,,False
V4,V4.xlsx,326,16375.0,16379.0,Rear Uppercut,5.0,,False
V4,V4.xlsx,327,16380.0,16383.0,Lead Uppercut,4.0,,False
V4,V4.xlsx,328,16384.0,16388.0,Rear Uppercut,5.0,,False
V4,V4.xlsx,329,16391.0,16397.0,Lead hook,7.0,,False
V4,V4.xlsx,330,17939.0,17947.0,Jab,9.0,,False
V4,V4.xlsx,331,17950.0,17958.0,Rear Uppercut,9.0,,False
V4,V4.xlsx,332,17963.0,17972.0,Lead Uppercut,10.0,,False
V4,V4.xlsx,333,17975.0,17983.0,Rear Uppercut,9.0,,False
V4,V4.xlsx,334,17992.0,18003.0,Lead hook,12.0,,False
V4,V4.xlsx,335,18031.0,18037.0,Lead Uppercut,7.0,,False
V4,V4.xlsx,336,18049.0,18059.0,Lead hook,11.0,,False
V4,V4.xlsx,337,18136.0,18147.0,Jab,12.0,,False
V4,V4.xlsx,338,18152.0,18160.0,Rear Uppercut,9.0,,False
V4,V4.xlsx,339,18167.0,18175.0,Lead Uppercut,9.0,,False
V4,V4.xlsx,340,18179.0,18186.0,Rear Uppercut,8.0,,False
V4,V4.xlsx,341,18192.0,18201.0,Lead hook,10.0,,False
V4,V4.xlsx,342,18220.0,18227.0,Lead Uppercut,8.0,,False
V4,V4.xlsx,343,18238.0,18245.0,Lead hook,8.0,,False
V4,V4.xlsx,344,18379.0,18391.0,Jab,13.0,,False
V4,V4.xlsx,345,18395.0,18402.0,Rear Uppercut,8.0,,False
V4,V4.xlsx,346,18408.0,18415.0,Lead Uppercut,8.0,,False
V4,V4.xlsx,347,18420.0,18433.0,Rear Uppercut,14.0,,False
V4,V4.xlsx,348,18436.0,18447.0,Lead hook,12.0,,False
V4,V4.xlsx,349,18469.0,18477.0,Lead Uppercut,9.0,,False
V4,V4.xlsx,350,18488.0,18498.0,Lead hook,11.0,,False
V4,V4.xlsx,351,18605.0,18613.0,Jab,9.0,,False
V4,V4.xlsx,352,18614.0,18620.0,Rear Uppercut,7.0,,False
V4,V4.xlsx,353,18622.0,18628.0,Lead Uppercut,7.0,,False
V4,V4.xlsx,354,18629.0,18635.0,Rear Uppercut,7.0,,False
V4,V4.xlsx,355,18638.0,18646.0,Lead hook,9.0,,False
V4,V4.xlsx,356,18661.0,18667.0,Lead Uppercut,7.0,,False
V4,V4.xlsx,357,18677.0,18683.0,Lead hook,7.0,,False
V4,V4.xlsx,358,18776.0,18783.0,Jab,8.0,,False
V4,V4.xlsx,359,18785.0,18789.0,Rear Uppercut,5.0,,False
V4,V4.xlsx,360,18792.0,18796.0,Lead Uppercut,5.0,,False
V4,V4.xlsx,361,18798.0,18804.0,Rear Uppercut,7.0,,False
V4,V4.xlsx,362,18806.0,18813.0,Lead hook,8.0,,False
V4,V4.xlsx,363,18825.0,18831.0,Lead Uppercut,7.0,,False
V4,V4.xlsx,364,18839.0,18846.0,Lead hook,8.0,,False
V4,V4.xlsx,365,18917.0,18924.0,Jab,8.0,,False
V4,V4.xlsx,366,18925.0,18931.0,Rear Uppercut,7.0,,False
V4,V4.xlsx,367,18933.0,18938.0,Lead Uppercut,6.0,,False
V4,V4.xlsx,368,18939.0,18945.0,Rear Uppercut,7.0,,False
V4,V4.xlsx,369,18948.0,18957.0,Lead hook,10.0,,False
V4,V4.xlsx,370,18970.0,18976.0,Lead Uppercut,7.0,,False
V4,V4.xlsx,371,18982.0,18989.0,Lead hook,8.0,,False
V4,V4.xlsx,372,19087.0,19095.0,Jab,9.0,,False
V4,V4.xlsx,373,19097.0,19105.0,Rear Uppercut,9.0,,False
V4,V4.xlsx,374,19108.0,19115.0,Lead Uppercut,8.0,,False
V4,V4.xlsx,375,19118.0,19126.0,Rear Uppercut,9.0,,False
V4,V4.xlsx,376,19132.0,19140.0,Lead hook,9.0,,False
V4,V4.xlsx,377,19160.0,19166.0,Lead Uppercut,7.0,,False
V4,V4.xlsx,378,19177.0,19186.0,Lead hook,10.0,,False
V4,V4.xlsx,379,19258.0,19265.0,Jab,8.0,,False
V4,V4.xlsx,380,19266.0,19270.0,Rear Uppercut,5.0,,False
V4,V4.xlsx,381,19272.0,19276.0,Lead Uppercut,5.0,,False
V4,V4.xlsx,382,19277.0,19282.0,Rear Uppercut,6.0,,False
V4,V4.xlsx,383,19284.0,19290.0,Lead hook,7.0,,False
V4,V4.xlsx,384,19303.0,19308.0,Lead Uppercut,6.0,,False
V4,V4.xlsx,385,19316.0,19323.0,Lead hook,8.0,,False
V4,V4.xlsx,386,19354.0,19361.0,Lead Uppercut,8.0,,False
V4,V4.xlsx,387,19364.0,19369.0,Rear Hook,6.0,,False
V4,V4.xlsx,388,19371.0,19377.0,Lead hook,7.0,,False
V4,V4.xlsx,389,19379.0,19384.0,Rear Hook,6.0,,False
V4,V4.xlsx,390,19386.0,19392.0,Lead hook,7.0,,False
V4,V4.xlsx,391,19394.0,19399.0,Rear Hook,6.0,,False
V4,V4.xlsx,392,19403.0,19408.0,Lead hook,6.0,,False
V4,V4.xlsx,393,19410.0,19416.0,Rear Hook,7.0,,False
V4,V4.xlsx,394,19418.0,19425.0,Lead hook,8.0,,False
V4,V4.xlsx,395,19428.0,19433.0,Rear Hook,6.0,,False
V4,V4.xlsx,396,19436.0,19443.0,Lead hook,8.0,,False
V4,V4.xlsx,397,19445.0,19450.0,Rear Hook,6.0,,False
V4,V4.xlsx,398,19452.0,19458.0,Lead hook,7.0,,False
V4,V4.xlsx,399,19460.0,19464.0,Rear Hook,5.0,,False
V4,V4.xlsx,400,19467.0,19472.0,Lead hook,6.0,,False
V4,V4.xlsx,401,19474.0,19479.0,Rear Hook,6.0,,False
V4,V4.xlsx,402,19482.0,19486.0,Lead hook,5.0,,False
V4,V4.xlsx,403,19942.0,19947.0,Rear Hook,6.0,,False
V4,V4.xlsx,404,19949.0,19954.0,Lead hook,6.0,,False
V4,V4.xlsx,405,19956.0,19962.0,Rear Hook,7.0,,False
V4,V4.xlsx,406,19964.0,19969.0,Lead hook,6.0,,False
V4,V4.xlsx,407,19971.0,19977.0,Rear Hook,7.0,,False
V4,V4.xlsx,408,19980.0,19985.0,Lead hook,6.0,,False
V4,V4.xlsx,409,19987.0,19993.0,Rear Hook,7.0,,False
V4,V4.xlsx,410,19995.0,20000.0,Lead hook,6.0,,False
V4,V4.xlsx,411,20002.0,20007.0,Rear Hook,6.0,,False
V4,V4.xlsx,412,20010.0,20014.0,Lead hook,5.0,,False
V4,V4.xlsx,413,20016.0,20022.0,Rear Hook,7.0,,False
V4,V4.xlsx,414,20024.0,20029.0,Lead hook,6.0,,False
V4,V4.xlsx,415,20031.0,20036.0,Rear Hook,6.0,,False
V4,V4.xlsx,416,20039.0,20044.0,Lead hook,6.0,,False
V4,V4.xlsx,417,20046.0,20051.0,Rear Hook,6.0,,False
V4,V4.xlsx,418,20054.0,20058.0,Lead hook,5.0,,False
V4,V4.xlsx,419,20060.0,20065.0,Rear Hook,6.0,,False
V4,V4.xlsx,420,20067.0,20073.0,Lead hook,7.0,,False
V4,V4.xlsx,421,20107.0,20116.0,Jab,10.0,,False
V4,V4.xlsx,422,20119.0,20126.0,Rear Uppercut,8.0,,False
V4,V4.xlsx,423,20133.0,20140.0,Lead Uppercut,8.0,,False
V4,V4.xlsx,424,20146.0,20153.0,Rear Uppercut,8.0,,False
V4,V4.xlsx,425,20160.0,20168.0,Lead hook,9.0,,False
V4,V4.xlsx,426,20189.0,20195.0,Lead Uppercut,7.0,,False
V4,V4.xlsx,427,20206.0,20214.0,Lead hook,9.0,,False
V4,V4.xlsx,428,20261.0,20271.0,Jab,11.0,,False
V4,V4.xlsx,429,20273.0,20280.0,Rear Uppercut,8.0,,False
V4,V4.xlsx,430,20284.0,20292.0,Lead Uppercut,9.0,,False
V4,V4.xlsx,431,20294.0,20302.0,Rear Uppercut,9.0,,False
V4,V4.xlsx,432,20305.0,20317.0,Lead hook,13.0,,False
V4,V4.xlsx,433,20338.0,20346.0,Lead Uppercut,9.0,,False
V4,V4.xlsx,434,20358.0,20366.0,Lead hook,9.0,,False
V4,V4.xlsx,435,20438.0,20444.0,Jab,7.0,,False
V4,V4.xlsx,436,20445.0,20449.0,Rear Uppercut,5.0,,False
V4,V4.xlsx,437,20450.0,20454.0,Lead Uppercut,5.0,,False
V4,V4.xlsx,438,20455.0,20458.0,Rear Uppercut,4.0,,False
V4,V4.xlsx,439,20461.0,20467.0,Lead hook,7.0,,False
V4,V4.xlsx,440,20477.0,20482.0,Lead Uppercut,6.0,,False
V4,V4.xlsx,441,20483.0,20485.0,Cross,3.0,,False
V4,V4.xlsx,442,20488.0,20493.0,Lead hook,6.0,,False
V4,V4.xlsx,443,20548.0,20554.0,Jab,7.0,,False
V4,V4.xlsx,444,20556.0,20560.0,Rear Uppercut,5.0,,False
V4,V4.xlsx,445,20561.0,20564.0,Lead Uppercut,4.0,,False
V4,V4.xlsx,446,20566.0,20569.0,Rear Uppercut,4.0,,False
V4,V4.xlsx,447,20572.0,20579.0,Lead hook,8.0,,False
V4,V4.xlsx,448,20589.0,20595.0,Rear Uppercut,7.0,,False
V4,V4.xlsx,449,20601.0,20607.0,Lead hook,7.0,,False
V4,V4.xlsx,450,20662.0,20667.0,Jab,6.0,,False
V4,V4.xlsx,451,20668.0,20673.0,Rear Uppercut,6.0,,False
V4,V4.xlsx,452,20674.0,20677.0,Lead Uppercut,4.0,,False
V4,V4.xlsx,453,20678.0,20681.0,Rear Uppercut,4.0,,False
V4,V4.xlsx,454,20685.0,20690.0,Lead hook,6.0,,False
V4,V4.xlsx,455,20702.0,20707.0,Lead Uppercut,6.0,,False
V4,V4.xlsx,456,20716.0,20721.0,Lead hook,6.0,,False
V4,V4.xlsx,457,20787.0,20793.0,Lead hook,7.0,,False
V4,V4.xlsx,458,20794.0,20800.0,Rear Hook,7.0,,False
V4,V4.xlsx,459,20803.0,20811.0,Lead hook,9.0,,False
V4,V4.xlsx,460,20813.0,20818.0,Rear Hook,6.0,,False
V4,V4.xlsx,461,20820.0,20826.0,Lead hook,7.0,,False
V4,V4.xlsx,462,20828.0,20833.0,Rear Hook,6.0,,False
V4,V4.xlsx,463,20836.0,20842.0,Lead hook,7.0,,False
V4,V4.xlsx,464,21358.0,21363.0,Rear Hook,6.0,,False
V4,V4.xlsx,465,21365.0,21371.0,Lead hook,7.0,,False
V4,V4.xlsx,466,21373.0,21378.0,Rear Hook,6.0,,False
V4,V4.xlsx,467,21380.0,21385.0,Lead hook,6.0,,False
V4,V4.xlsx,468,21387.0,21392.0,Rear Hook,6.0,,False
V4,V4.xlsx,469,21394.0,21399.0,Lead hook,6.0,,False
V4,V4.xlsx,470,21401.0,21407.0,Rear Hook,7.0,,False
V4,V4.xlsx,471,21408.0,21413.0,Lead hook,6.0,,False
V4,V4.xlsx,472,21415.0,21421.0,Rear Hook,7.0,,False
V4,V4.xlsx,473,21423.0,21428.0,Lead hook,6.0,,False
V4,V4.xlsx,474,21430.0,21435.0,Rear Hook,6.0,,False
V4,V4.xlsx,475,21437.0,21442.0,Lead hook,6.0,,False
V4,V4.xlsx,476,21444.0,21450.0,Rear Hook,7.0,,False
V4,V4.xlsx,477,21451.0,21457.0,Lead hook,7.0,,False
V4,V4.xlsx,478,21459.0,21464.0,Rear Hook,6.0,,False
V4,V4.xlsx,479,21465.0,21471.0,Lead hook,7.0,,False
V4,V4.xlsx,480,21472.0,21477.0,Rear Hook,6.0,,False
V4,V4.xlsx,481,21478.0,21484.0,Lead hook,7.0,,False
V4,V4.xlsx,482,21486.0,21491.0,Rear Hook,6.0,,False
V4,V4.xlsx,483,21531.0,21538.0,Jab,8.0,,False
V4,V4.xlsx,484,21539.0,21543.0,Rear Uppercut,5.0,,False
V4,V4.xlsx,485,21544.0,21547.0,Lead Uppercut,4.0,,False
V4,V4.xlsx,486,21548.0,21553.0,Rear Uppercut,6.0,,False
V4,V4.xlsx,487,21555.0,21561.0,Lead hook,7.0,,False
V4,V4.xlsx,488,21571.0,21577.0,Lead Uppercut,7.0,,False
V4,V4.xlsx,489,21582.0,21589.0,Lead hook,8.0,,False
V4,V4.xlsx,490,21655.0,21661.0,Jab,7.0,,False
V4,V4.xlsx,491,21662.0,21667.0,Rear Uppercut,6.0,,False
V4,V4.xlsx,492,21668.0,21671.0,Lead Uppercut,4.0,,False
V4,V4.xlsx,493,21672.0,21676.0,Rear Uppercut,5.0,,False
V4,V4.xlsx,494,21677.0,21685.0,Lead hook,9.0,,False
V4,V4.xlsx,495,21695.0,21702.0,Lead Uppercut,8.0,,False
V4,V4.xlsx,496,21707.0,21714.0,Lead hook,8.0,,False
V4,V4.xlsx,497,21800.0,21807.0,Jab,8.0,,False
V4,V4.xlsx,498,21808.0,21813.0,Rear Uppercut,6.0,,False
V4,V4.xlsx,499,21814.0,21818.0,Lead Uppercut,5.0,,False
V4,V4.xlsx,500,21819.0,21823.0,Rear Uppercut,5.0,,False
V4,V4.xlsx,501,21825.0,21833.0,Lead hook,9.0,,False
V4,V4.xlsx,502,21846.0,21852.0,Lead Uppercut,7.0,,False
V4,V4.xlsx,503,21860.0,21868.0,Lead hook,9.0,,False
V4,V4.xlsx,504,21965.0,21971.0,Jab,7.0,,False
V4,V4.xlsx,505,21973.0,21977.0,Rear Uppercut,5.0,,False
V4,V4.xlsx,506,21978.0,21982.0,Lead Uppercut,5.0,,False
V4,V4.xlsx,507,21983.0,21987.0,Rear Uppercut,5.0,,False
V4,V4.xlsx,508,21990.0,21997.0,Lead hook,8.0,,False
V4,V4.xlsx,509,22010.0,22017.0,Lead Uppercut,8.0,,False
V4,V4.xlsx,510,22023.0,22030.0,Lead hook,8.0,,False
V4,V4.xlsx,511,22112.0,22118.0,Jab,7.0,,False
V4,V4.xlsx,512,22118.0,22123.0,Rear Uppercut,6.0,,False
V4,V4.xlsx,513,22124.0,22128.0,Lead Uppercut,5.0,,False
V4,V4.xlsx,514,22129.0,22132.0,Rear Uppercut,4.0,,False
V4,V4.xlsx,515,22136.0,22143.0,Lead hook,8.0,,False
V4,V4.xlsx,516,22154.0,22159.0,Lead Uppercut,6.0,,False
V4,V4.xlsx,517,22166.0,22173.0,Lead hook,8.0,,False
V4,V4.xlsx,518,23686.0,23696.0,Jab,11.0,,False
V4,V4.xlsx,519,23699.0,23708.0,Rear Uppercut,10.0,,False
V4,V4.xlsx,520,23711.0,23720.0,Lead Uppercut,10.0,,False
V4,V4.xlsx,521,23722.0,23732.0,Rear Uppercut,11.0,,False
V4,V4.xlsx,522,23738.0,23749.0,Lead hook,12.0,,False
V4,V4.xlsx,523,23770.0,23779.0,Lead hook,10.0,,False
V4,V4.xlsx,524,23791.0,23809.0,Lead hook,19.0,,False
V4,V4.xlsx,525,23841.0,23849.0,Rear Hook,9.0,,False
V4,V4.xlsx,526,23869.0,23877.0,Jab,9.0,,False
V4,V4.xlsx,527,23912.0,23922.0,Jab,11.0,,False
V4,V4.xlsx,528,23925.0,23934.0,Rear Uppercut,10.0,,False
V4,V4.xlsx,529,23939.0,23948.0,Lead Uppercut,10.0,,False
V4,V4.xlsx,530,23950.0,23960.0,Rear Uppercut,11.0,,False
V4,V4.xlsx,531,23965.0,23977.0,Lead hook,13.0,,False
V4,V4.xlsx,532,23998.0,24007.0,Lead Uppercut,10.0,,False
V4,V4.xlsx,533,24017.0,24030.0,Lead hook,14.0,,False
V4,V4.xlsx,534,24068.0,24074.0,Rear Uppercut,7.0,,False
V4,V4.xlsx,535,24092.0,24102.0,Jab,11.0,,False
V4,V4.xlsx,536,24142.0,24151.0,Jab,10.0,,False
V4,V4.xlsx,537,24153.0,24162.0,Rear Uppercut,10.0,,False
V4,V4.xlsx,538,24165.0,24175.0,Lead Uppercut,11.0,,False
V4,V4.xlsx,539,24177.0,24183.0,Rear Uppercut,7.0,,False
V4,V4.xlsx,540,24188.0,24197.0,Lead hook,10.0,,False
V4,V4.xlsx,541,24215.0,24222.0,Lead Uppercut,8.0,,False
V4,V4.xlsx,542,24234.0,24242.0,Lead hook,9.0,,False
V4,V4.xlsx,543,24279.0,24285.0,Rear Uppercut,7.0,,False
V4,V4.xlsx,544,24393.0,24402.0,Jab,10.0,,False
V4,V4.xlsx,545,24404.0,24412.0,Rear Uppercut,9.0,,False
V4,V4.xlsx,546,24415.0,24423.0,Lead Uppercut,9.0,,False
V4,V4.xlsx,547,24424.0,24432.0,Rear Uppercut,9.0,,False
V4,V4.xlsx,548,24436.0,24443.0,Lead hook,8.0,,False
V4,V4.xlsx,549,24463.0,24470.0,Lead Uppercut,8.0,,False
V4,V4.xlsx,550,24481.0,24489.0,Lead hook,9.0,,False
V4,V4.xlsx,551,24517.0,24523.0,Rear Uppercut,7.0,,False
V4,V4.xlsx,552,24601.0,24609.0,Jab,9.0,,False
V4,V4.xlsx,553,24610.0,24617.0,Rear Uppercut,8.0,,False
V4,V4.xlsx,554,24621.0,24627.0,Lead Uppercut,7.0,,False
V4,V4.xlsx,555,24629.0,24635.0,Rear Uppercut,7.0,,False
V4,V4.xlsx,556,24641.0,24649.0,Lead hook,9.0,,False
V4,V4.xlsx,557,24667.0,24676.0,Lead Uppercut,10.0,,False
V4,V4.xlsx,558,24686.0,24696.0,Lead hook,11.0,,False
V4,V4.xlsx,559,24725.0,24731.0,Rear Uppercut,7.0,,False
V5,V5.xlsx,0,24.0,30.0,Jab,7.0,,False
V5,V5.xlsx,1,33.0,40.0,Jab,8.0,,False
V5,V5.xlsx,2,71.0,76.0,Jab,6.0,,False
V5,V5.xlsx,3,79.0,87.0,Jab,9.0,,False
V5,V5.xlsx,4,117.0,122.0,Jab,6.0,,False
V5,V5.xlsx,5,125.0,133.0,Jab,9.0,,False
V5,V5.xlsx,6,165.0,171.0,Jab,7.0,,False
V5,V5.xlsx,7,174.0,181.0,Jab,8.0,,False
V5,V5.xlsx,8,230.0,237.0,Jab,8.0,,False
V5,V5.xlsx,9,239.0,247.0,Cross,9.0,,False
V5,V5.xlsx,10,254.0,266.0,Rear Uppercut,13.0,,False
V5,V5.xlsx,11,295.0,302.0,Jab,8.0,,False
V5,V5.xlsx,12,304.0,311.0,Cross,8.0,,False
V5,V5.xlsx,13,321.0,330.0,Rear Uppercut,10.0,,False
V5,V5.xlsx,14,360.0,365.0,Jab,6.0,,False
V5,V5.xlsx,15,366.0,372.0,Cross,7.0,,False
V5,V5.xlsx,16,381.0,389.0,Rear Uppercut,9.0,,False
V5,V5.xlsx,17,419.0,424.0,Jab,6.0,,False
V5,V5.xlsx,18,425.0,432.0,Cross,8.0,,False
V5,V5.xlsx,19,443.0,450.0,Rear Uppercut,8.0,,False
V5,V5.xlsx,20,466.0,471.0,Jab,6.0,,False
V5,V5.xlsx,21,481.0,490.0,Lead Uppercut,10.0,,False
V5,V5.xlsx,22,494.0,500.0,Jab,7.0,,False
V5,V5.xlsx,23,504.0,513.0,Jab,10.0,,False
V5,V5.xlsx,24,546.0,552.0,Jab,7.0,,False
V5,V5.xlsx,25,562.0,571.0,Lead Uppercut,10.0,,False
V5,V5.xlsx,26,575.0,581.0,Jab,7.0,,False
V5,V5.xlsx,27,588.0,597.0,Jab,10.0,,False
V5,V5.xlsx,28,628.0,635.0,Jab,8.0,,False
V5,V5.xlsx,29,643.0,652.0,Lead Uppercut,10.0,,False
V5,V5.xlsx,30,656.0,662.0,Jab,7.0,,False
V5,V5.xlsx,31,669.0,676.0,Jab,8.0,,False
V5,V5.xlsx,32,703.0,707.0,Jab,5.0,,False
V5,V5.xlsx,33,715.0,721.0,Lead Uppercut,7.0,,False
V5,V5.xlsx,34,725.0,730.0,Jab,6.0,,False
V5,V5.xlsx,35,733.0,740.0,Jab,8.0,,False
V5,V5.xlsx,36,770.0,776.0,Jab,7.0,,False
V5,V5.xlsx,37,779.0,785.0,Cross,7.0,,False
V5,V5.xlsx,38,795.0,802.0,Cross,8.0,,False
V5,V5.xlsx,39,847.0,853.0,Jab,7.0,,False
V5,V5.xlsx,40,854.0,860.0,Cross,7.0,,False
V5,V5.xlsx,41,870.0,878.0,Cross,9.0,,False
V5,V5.xlsx,42,921.0,927.0,Jab,7.0,,False
V5,V5.xlsx,43,929.0,935.0,Cross,7.0,,False
V5,V5.xlsx,44,947.0,954.0,Cross,8.0,,False
V5,V5.xlsx,45,989.0,995.0,Jab,7.0,,False
V5,V5.xlsx,46,997.0,1003.0,Cross,7.0,,False
V5,V5.xlsx,47,1014.0,1021.0,Cross,8.0,,False
V5,V5.xlsx,48,1055.0,1059.0,Jab,5.0,,False
V5,V5.xlsx,49,1062.0,1067.0,Cross,6.0,,False
V5,V5.xlsx,50,1071.0,1079.0,Lead Uppercut,9.0,,False
V5,V5.xlsx,51,1112.0,1116.0,Jab,5.0,,False
V5,V5.xlsx,52,1118.0,1124.0,Cross,7.0,,False
V5,V5.xlsx,53,1127.0,1135.0,Lead Uppercut,9.0,,False
V5,V5.xlsx,54,1168.0,1173.0,Jab,6.0,,False
V5,V5.xlsx,55,1175.0,1180.0,Cross,6.0,,False
V5,V5.xlsx,56,1183.0,1191.0,Lead Uppercut,9.0,,False
V5,V5.xlsx,57,1224.0,1229.0,Jab,6.0,,False
V5,V5.xlsx,58,1231.0,1236.0,Cross,6.0,,False
V5,V5.xlsx,59,1239.0,1243.0,Lead Uppercut,5.0,,False
V5,V5.xlsx,60,1277.0,1282.0,Jab,6.0,,False
V5,V5.xlsx,61,1285.0,1290.0,Cross,6.0,,False
V5,V5.xlsx,62,1292.0,1298.0,Lead Uppercut,7.0,,False
V5,V5.xlsx,63,1330.0,1336.0,Jab,7.0,,False
V5,V5.xlsx,64,1338.0,1343.0,Cross,6.0,,False
V5,V5.xlsx,65,1346.0,1352.0,Jab,7.0,,False
V5,V5.xlsx,66,1357.0,1364.0,Rear Hook,8.0,,False
V5,V5.xlsx,67,1391.0,1395.0,Jab,5.0,,False
V5,V5.xlsx,68,1396.0,1401.0,Cross,6.0,,False
V5,V5.xlsx,69,1402.0,1406.0,Jab,5.0,,False
V5,V5.xlsx,70,1409.0,1416.0,Rear Hook,8.0,,False
V5,V5.xlsx,71,1441.0,1446.0,Jab,6.0,,False
V5,V5.xlsx,72,1447.0,1451.0,Cross,5.0,,False
V5,V5.xlsx,73,1453.0,1458.0,Jab,6.0,,False
V5,V5.xlsx,74,1461.0,1468.0,Rear Hook,8.0,,False
V5,V5.xlsx,75,1499.0,1505.0,Jab,7.0,,False
V5,V5.xlsx,76,1506.0,1510.0,Cross,5.0,,False
V5,V5.xlsx,77,1512.0,1516.0,Jab,5.0,,False
V5,V5.xlsx,78,1519.0,1527.0,Rear Hook,9.0,,False
V5,V5.xlsx,79,1546.0,1551.0,Jab,6.0,,False
V5,V5.xlsx,80,1552.0,1557.0,Cross,6.0,,False
V5,V5.xlsx,81,1559.0,1563.0,Jab,5.0,,False
V5,V5.xlsx,82,1566.0,1572.0,Rear Hook,7.0,,False
V5,V5.xlsx,83,1593.0,1598.0,Jab,6.0,,False
V5,V5.xlsx,84,1599.0,1604.0,Cross,6.0,,False
V5,V5.xlsx,85,1605.0,1610.0,Jab,6.0,,False
V5,V5.xlsx,86,1613.0,1620.0,Rear Hook,8.0,,False
V5,V5.xlsx,87,1637.0,1642.0,Jab,6.0,,False
V5,V5.xlsx,88,1643.0,1648.0,Cross,6.0,,False
V5,V5.xlsx,89,1649.0,1653.0,Jab,5.0,,False
V5,V5.xlsx,90,1657.0,1664.0,Rear Hook,8.0,,False
V5,V5.xlsx,91,1700.0,1705.0,Jab,6.0,,False
V5,V5.xlsx,92,1707.0,1713.0,Cross,7.0,,False
V5,V5.xlsx,93,1888.0,1894.0,Jab,7.0,,False
V5,V5.xlsx,94,1895.0,1900.0,Cross,6.0,,False
V5,V5.xlsx,95,1921.0,1934.0,Lead Hook,14.0,,False
V5,V5.xlsx,96,1974.0,1979.0,Jab,6.0,,False
V5,V5.xlsx,97,1980.0,1985.0,Cross,6.0,,False
V5,V5.xlsx,98,2005.0,2014.0,Lead Hook,10.0,,False
V5,V5.xlsx,99,2077.0,2081.0,Jab,5.0,,False
V5,V5.xlsx,100,2083.0,2091.0,Rear Uppercut,9.0,,False
V5,V5.xlsx,101,2092.0,2099.0,Lead Uppercut,8.0,,False
V5,V5.xlsx,102,2100.0,2109.0,Cross,10.0,,False
V5,V5.xlsx,103,2147.0,2155.0,Rear Uppercut,9.0,,False
V5,V5.xlsx,104,2156.0,2162.0,Lead Uppercut,7.0,,False
V5,V5.xlsx,105,2163.0,2170.0,Cross,8.0,,False
V5,V5.xlsx,106,2224.0,2228.0,Jab,5.0,,False
V5,V5.xlsx,107,2230.0,2236.0,Rear Uppercut,7.0,,False
V5,V5.xlsx,108,2237.0,2243.0,Lead Uppercut,7.0,,False
V5,V5.xlsx,109,2245.0,2252.0,Cross,8.0,,False
V5,V5.xlsx,110,2272.0,2277.0,Jab,6.0,,False
V5,V5.xlsx,111,2279.0,2284.0,Rear Uppercut,6.0,,False
V5,V5.xlsx,112,2285.0,2291.0,Lead Uppercut,7.0,,False
V5,V5.xlsx,113,2292.0,2300.0,Cross,9.0,,False
V5,V5.xlsx,114,2334.0,2338.0,Jab,5.0,,False
V5,V5.xlsx,115,2340.0,2346.0,Rear Uppercut,7.0,,False
V5,V5.xlsx,116,2347.0,2351.0,Lead Uppercut,5.0,,False
V5,V5.xlsx,117,2355.0,2362.0,Cross,8.0,,False
V5,V5.xlsx,118,2412.0,2415.0,Jab,4.0,,False
V5,V5.xlsx,119,2418.0,2422.0,Rear Uppercut,5.0,,False
V5,V5.xlsx,120,2423.0,2428.0,Lead Uppercut,6.0,,False
V5,V5.xlsx,121,2429.0,2436.0,Cross,8.0,,False
V5,V5.xlsx,122,2446.0,2450.0,Jab,5.0,,False
V5,V5.xlsx,123,2452.0,2458.0,Rear Uppercut,7.0,,False
V5,V5.xlsx,124,2459.0,2463.0,Lead Uppercut,5.0,,False
V5,V5.xlsx,125,2464.0,2472.0,Cross,9.0,,False
V5,V5.xlsx,126,2504.0,2510.0,Jab,7.0,,False
V5,V5.xlsx,127,2514.0,2521.0,Rear Uppercut,8.0,,False
V5,V5.xlsx,128,2553.0,2558.0,Jab,6.0,,False
V5,V5.xlsx,129,2560.0,2567.0,Rear Uppercut,8.0,,False
V5,V5.xlsx,130,2594.0,2599.0,Jab,6.0,,False
V5,V5.xlsx,131,2602.0,2610.0,Rear Uppercut,9.0,,False
V5,V5.xlsx,132,2641.0,2645.0,Jab,5.0,,False
V5,V5.xlsx,133,2648.0,2655.0,Rear Uppercut,8.0,,False
V5,V5.xlsx,134,2675.0,2680.0,Jab,6.0,,False
V5,V5.xlsx,135,2683.0,2690.0,Rear Uppercut,8.0,,False
V5,V5.xlsx,136,2728.0,2734.0,Jab,7.0,,False
V5,V5.xlsx,137,2737.0,2743.0,Rear Uppercut,7.0,,False
V5,V5.xlsx,138,2773.0,2779.0,Jab,7.0,,False
V5,V5.xlsx,139,2781.0,2789.0,Rear Uppercut,9.0,,False
V5,V5.xlsx,140,2826.0,2831.0,Jab,6.0,,False
V5,V5.xlsx,141,2834.0,2842.0,Rear Uppercut,9.0,,False
V5,V5.xlsx,142,2857.0,2863.0,Jab,7.0,,False
V5,V5.xlsx,143,2864.0,2873.0,Rear Uppercut,10.0,,False
V5,V5.xlsx,144,2905.0,2909.0,Jab,5.0,,False
V5,V5.xlsx,145,2912.0,2918.0,Cross,7.0,,False
V5,V5.xlsx,146,2920.0,2926.0,Jab,7.0,,False
V5,V5.xlsx,147,2981.0,2986.0,Jab,6.0,,False
V5,V5.xlsx,148,2988.0,2993.0,Cross,6.0,,False
V5,V5.xlsx,149,2995.0,3002.0,Jab,8.0,,False
V5,V5.xlsx,150,3045.0,3049.0,Jab,5.0,,False
V5,V5.xlsx,151,3051.0,3056.0,Cross,6.0,,False
V5,V5.xlsx,152,3057.0,3063.0,Jab,7.0,,False
V5,V5.xlsx,153,3089.0,3095.0,Jab,7.0,,False
V5,V5.xlsx,154,3096.0,3102.0,Cross,7.0,,False
V5,V5.xlsx,155,3104.0,3110.0,Jab,7.0,,False
V5,V5.xlsx,156,3154.0,3159.0,Jab,6.0,,False
V5,V5.xlsx,157,3161.0,3166.0,Cross,6.0,,False
V5,V5.xlsx,158,3169.0,3175.0,Jab,7.0,,False
V5,V5.xlsx,159,3218.0,3223.0,Jab,6.0,,False
V5,V5.xlsx,160,3226.0,3231.0,Cross,6.0,,False
V5,V5.xlsx,161,3234.0,3240.0,Jab,7.0,,False
V5,V5.xlsx,162,3297.0,3303.0,Jab,7.0,,False
V5,V5.xlsx,163,3310.0,3315.0,Lead Hook,6.0,,False
V5,V5.xlsx,164,3322.0,3333.0,Cross,12.0,,False
V5,V5.xlsx,165,3453.0,3457.0,Jab,5.0,,False
V5,V5.xlsx,166,3460.0,3466.0,Lead Hook,7.0,,False
V5,V5.xlsx,167,3472.0,3480.0,Cross,9.0,,False
V5,V5.xlsx,168,3541.0,3545.0,Jab,5.0,,False
V5,V5.xlsx,169,3549.0,3553.0,Lead Hook,5.0,,False
V5,V5.xlsx,170,3558.0,3568.0,Cross,11.0,,False
V5,V5.xlsx,171,3635.0,3640.0,Jab,6.0,,False
V5,V5.xlsx,172,3643.0,3647.0,Lead Hook,5.0,,False
V5,V5.xlsx,173,3652.0,3661.0,Cross,10.0,,False
V5,V5.xlsx,174,3727.0,3731.0,Jab,5.0,,False
V5,V5.xlsx,175,3735.0,3738.0,Lead Hook,4.0,,False
V5,V5.xlsx,176,3742.0,3750.0,Cross,9.0,,False
V5,V5.xlsx,177,3803.0,3808.0,Jab,6.0,,False
V5,V5.xlsx,178,3811.0,3814.0,Lead Hook,4.0,,False
V5,V5.xlsx,179,3821.0,3830.0,Cross,10.0,,False
V5,V5.xlsx,180,3870.0,3875.0,Jab,6.0,,False
V5,V5.xlsx,181,3897.0,3905.0,Jab,9.0,,False
V5,V5.xlsx,182,3927.0,3935.0,Jab,9.0,,False
V5,V5.xlsx,183,3960.0,3969.0,Jab,10.0,,False
V5,V5.xlsx,184,4000.0,4005.0,Jab,6.0,,False
V5,V5.xlsx,185,4012.0,4018.0,Lead Uppercut,7.0,,False
V5,V5.xlsx,186,4022.0,4032.0,Lead Hook,11.0,,False
V5,V5.xlsx,187,4076.0,4081.0,Jab,6.0,,False
V5,V5.xlsx,188,4087.0,4093.0,Lead Uppercut,7.0,,False
V5,V5.xlsx,189,4096.0,4105.0,Lead Hook,10.0,,False
V5,V5.xlsx,190,4152.0,4156.0,Jab,5.0,,False
V5,V5.xlsx,191,4163.0,4170.0,Lead Uppercut,8.0,,False
V5,V5.xlsx,192,4172.0,4180.0,Lead Hook,9.0,,False
V5,V5.xlsx,193,4205.0,4210.0,Jab,6.0,,False
V5,V5.xlsx,194,4214.0,4224.0,Lead Uppercut,11.0,,False
V5,V5.xlsx,195,4226.0,4237.0,Lead Hook,12.0,,False
V5,V5.xlsx,196,4255.0,4261.0,Jab,7.0,,False
V5,V5.xlsx,197,4268.0,4274.0,Lead Uppercut,7.0,,False
V5,V5.xlsx,198,4277.0,4287.0,Lead Hook,11.0,,False
V5,V5.xlsx,199,4336.0,4342.0,Jab,7.0,,False
V5,V5.xlsx,200,4344.0,4351.0,Cross,8.0,,False
V5,V5.xlsx,201,4354.0,4359.0,Lead Uppercut,6.0,,False
V5,V5.xlsx,202,4362.0,4373.0,Lead Hook,12.0,,False
V5,V5.xlsx,203,4394.0,4400.0,Jab,7.0,,False
V5,V5.xlsx,204,4401.0,4407.0,Cross,7.0,,False
V5,V5.xlsx,205,4408.0,4414.0,Lead Uppercut,7.0,,False
V5,V5.xlsx,206,4416.0,4427.0,Lead Hook,12.0,,False
V5,V5.xlsx,207,4447.0,4453.0,Jab,7.0,,False
V5,V5.xlsx,208,4454.0,4460.0,Cross,7.0,,False
V5,V5.xlsx,209,4461.0,4466.0,Lead Uppercut,6.0,,False
V5,V5.xlsx,210,4467.0,4479.0,Lead Hook,13.0,,False
V5,V5.xlsx,211,4498.0,4502.0,Jab,5.0,,False
V5,V5.xlsx,212,4504.0,4509.0,Cross,6.0,,False
V5,V5.xlsx,213,4510.0,4516.0,Lead Uppercut,7.0,,False
V5,V5.xlsx,214,4518.0,4528.0,Lead Hook,11.0,,False
V5,V5.xlsx,215,4546.0,4551.0,Jab,6.0,,False
V5,V5.xlsx,216,4552.0,4557.0,Cross,6.0,,False
V5,V5.xlsx,217,4558.0,4564.0,Lead Uppercut,7.0,,False
V5,V5.xlsx,218,4566.0,4578.0,Lead Hook,13.0,,False
V5,V5.xlsx,219,4593.0,4599.0,Jab,7.0,,False
V5,V5.xlsx,220,4600.0,4605.0,Cross,6.0,,False
V5,V5.xlsx,221,4606.0,4613.0,Lead Uppercut,8.0,,False
V5,V5.xlsx,222,4615.0,4625.0,Lead Hook,11.0,,False
V5,V5.xlsx,223,4643.0,4648.0,Jab,6.0,,False
V5,V5.xlsx,224,4649.0,4654.0,Cross,6.0,,False
V5,V5.xlsx,225,4655.0,4662.0,Lead Uppercut,8.0,,False
V5,V5.xlsx,226,4664.0,4675.0,Lead Hook,12.0,,False
V5,V5.xlsx,227,4724.0,4728.0,Jab,5.0,,False
V5,V5.xlsx,228,4737.0,4744.0,Cross,8.0,,False
V5,V5.xlsx,229,4773.0,4778.0,Jab,6.0,,False
V5,V5.xlsx,230,4786.0,4793.0,Cross,8.0,,False
V5,V5.xlsx,231,4823.0,4829.0,Jab,7.0,,False
V5,V5.xlsx,232,4835.0,4843.0,Cross,9.0,,False
V5,V5.xlsx,233,4872.0,4877.0,Jab,6.0,,False
V5,V5.xlsx,234,4886.0,4894.0,Cross,9.0,,False
V5,V5.xlsx,235,4921.0,4926.0,Jab,6.0,,False
V5,V5.xlsx,236,4933.0,4942.0,Cross,10.0,,False
V5,V5.xlsx,237,4971.0,4976.0,Jab,6.0,,False
V5,V5.xlsx,238,4978.0,4985.0,Cross,8.0,,False
V5,V5.xlsx,239,4997.0,5007.0,Rear Uppercut,11.0,,False
V5,V5.xlsx,240,5038.0,5044.0,Jab,7.0,,False
V5,V5.xlsx,241,5045.0,5053.0,Cross,9.0,,False
V5,V5.xlsx,242,5065.0,5075.0,Rear Uppercut,11.0,,False
V5,V5.xlsx,243,5109.0,5115.0,Jab,7.0,,False
V5,V5.xlsx,244,5116.0,5123.0,Cross,8.0,,False
V5,V5.xlsx,245,5135.0,5145.0,Rear Uppercut,11.0,,False
V5,V5.xlsx,246,5154.0,5161.0,Jab,8.0,,False
V5,V5.xlsx,247,5162.0,5168.0,Cross,7.0,,False
V5,V5.xlsx,248,5178.0,5188.0,Rear Uppercut,11.0,,False
V5,V5.xlsx,249,5199.0,5207.0,Jab,9.0,,False
V5,V5.xlsx,250,5208.0,5214.0,Cross,7.0,,False
V5,V5.xlsx,251,5223.0,5236.0,Rear Uppercut,14.0,,False
V5,V5.xlsx,252,5242.0,5249.0,Jab,8.0,,False
V5,V5.xlsx,253,5250.0,5257.0,Cross,8.0,,False
V5,V5.xlsx,254,5264.0,5278.0,Rear Uppercut,15.0,,False
V5,V5.xlsx,255,5283.0,5290.0,Jab,8.0,,False
V5,V5.xlsx,256,5291.0,5299.0,Cross,9.0,,False
V5,V5.xlsx,257,5308.0,5323.0,Rear Uppercut,16.0,,False
V5,V5.xlsx,258,5359.0,5367.0,Jab,9.0,,False
V5,V5.xlsx,259,5369.0,5376.0,Cross,8.0,,False
V5,V5.xlsx,260,5377.0,5383.0,Jab,7.0,,False
V5,V5.xlsx,261,5384.0,5392.0,Cross,9.0,,False
V5,V5.xlsx,262,5393.0,5399.0,Jab,7.0,,False
V5,V5.xlsx,263,5400.0,5410.0,Cross,11.0,,False
V5,V5.xlsx,264,5411.0,5417.0,Jab,7.0,,False
V5,V5.xlsx,265,5418.0,5425.0,Cross,8.0,,False
V5,V5.xlsx,266,5426.0,5434.0,Jab,9.0,,False
V5,V5.xlsx,267,5435.0,5444.0,Cross,10.0,,False
V5,V5.xlsx,268,5445.0,5454.0,Jab,10.0,,False
V5,V5.xlsx,269,5455.0,5461.0,Cross,7.0,,False
V5,V5.xlsx,270,5432.0,5468.0,Jab,37.0,,False
V5,V5.xlsx,271,5469.0,5476.0,Cross,8.0,,False
V5,V5.xlsx,272,5477.0,5483.0,Jab,7.0,,False
V5,V5.xlsx,273,5484.0,5491.0,Cross,8.0,,False
V5,V5.xlsx,274,5492.0,5498.0,Jab,7.0,,False
V5,V5.xlsx,275,5499.0,5506.0,Cross,8.0,,False
V5,V5.xlsx,276,5507.0,5515.0,Jab,9.0,,False
V5,V5.xlsx,277,5516.0,5522.0,Cross,7.0,,False
V5,V5.xlsx,278,5523.0,5537.0,Jab,15.0,,False
V5,V5.xlsx,279,5581.0,5587.0,Jab,7.0,,False
V5,V5.xlsx,280,5588.0,5595.0,Cross,8.0,,False
V5,V5.xlsx,281,5607.0,5617.0,Rear Hook,11.0,,False
V5,V5.xlsx,282,5665.0,5671.0,Jab,7.0,,False
V5,V5.xlsx,283,5672.0,5679.0,Cross,8.0,,False
V5,V5.xlsx,284,5690.0,5702.0,Rear Hook,13.0,,False
V5,V5.xlsx,285,5732.0,5738.0,Jab,7.0,,False
V5,V5.xlsx,286,5739.0,5744.0,Cross,6.0,,False
V5,V5.xlsx,287,5758.0,5769.0,Rear Hook,12.0,,False
V5,V5.xlsx,288,5826.0,5832.0,Jab,7.0,,False
V5,V5.xlsx,289,5833.0,5839.0,Cross,7.0,,False
V5,V5.xlsx,290,5850.0,5862.0,Rear Hook,13.0,,False
V5,V5.xlsx,291,5889.0,5895.0,Jab,7.0,,False
V5,V5.xlsx,292,5896.0,5902.0,Cross,7.0,,False
V5,V5.xlsx,293,5914.0,5927.0,Rear Hook,14.0,,False
V5,V5.xlsx,294,5938.0,5943.0,Jab,6.0,,False
V5,V5.xlsx,295,5944.0,5950.0,Cross,7.0,,False
V5,V5.xlsx,296,5963.0,5975.0,Rear Hook,13.0,,False
V5,V5.xlsx,297,6015.0,6020.0,Jab,6.0,,False
V5,V5.xlsx,298,6021.0,6026.0,Cross,6.0,,False
V5,V5.xlsx,299,6036.0,6047.0,Rear Uppercut,12.0,,False
V5,V5.xlsx,300,6078.0,6083.0,Jab,6.0,,False
V5,V5.xlsx,301,6084.0,6090.0,Cross,7.0,,False
V5,V5.xlsx,302,6101.0,6114.0,Rear Uppercut,14.0,,False
V5,V5.xlsx,303,6141.0,6145.0,Jab,5.0,,False
V5,V5.xlsx,304,6146.0,6151.0,Cross,6.0,,False
V5,V5.xlsx,305,6166.0,6178.0,Rear Uppercut,13.0,,False
V5,V5.xlsx,306,6203.0,6206.0,Jab,4.0,,False
V5,V5.xlsx,307,6207.0,6212.0,Cross,6.0,,False
V5,V5.xlsx,308,6225.0,6237.0,Rear Uppercut,13.0,,False
V5,V5.xlsx,309,6258.0,6263.0,Jab,6.0,,False
V5,V5.xlsx,310,6264.0,6270.0,Cross,7.0,,False
V5,V5.xlsx,311,6282.0,6295.0,Rear Uppercut,14.0,,False
V5,V5.xlsx,312,6306.0,6310.0,Jab,5.0,,False
V5,V5.xlsx,313,6312.0,6317.0,Cross,6.0,,False
V5,V5.xlsx,314,6329.0,6341.0,Rear Uppercut,13.0,,False
V5,V5.xlsx,315,6363.0,6368.0,Jab,6.0,,False
V5,V5.xlsx,316,6370.0,6376.0,Jab,7.0,,False
V5,V5.xlsx,317,6378.0,6386.0,Jab,9.0,,False
V5,V5.xlsx,318,6439.0,6444.0,Jab,6.0,,False
V5,V5.xlsx,319,6446.0,6452.0,Jab,7.0,,False
V5,V5.xlsx,320,6454.0,6462.0,Jab,9.0,,False
V5,V5.xlsx,321,6576.0,6481.0,Jab,,end_before_start,True
V5,V5.xlsx,322,6583.0,6588.0,Jab,6.0,,False
V5,V5.xlsx,323,6591.0,6599.0,Jab,9.0,,False
V5,V5.xlsx,324,6638.0,6643.0,Jab,6.0,,False
V5,V5.xlsx,325,6646.0,6651.0,Jab,6.0,,False
V5,V5.xlsx,326,6654.0,6662.0,Jab,9.0,,False
V5,V5.xlsx,327,6717.0,6723.0,Rear Uppercut,7.0,,False
V5,V5.xlsx,328,6724.0,6732.0,Lead Hook,9.0,,False
V5,V5.xlsx,329,6734.0,6743.0,Cross,10.0,,False
V5,V5.xlsx,330,6757.0,6765.0,Rear Uppercut,9.0,,False
V5,V5.xlsx,331,6766.0,6778.0,Lead Hook,13.0,,False
V5,V5.xlsx,332,6818.0,6822.0,Jab,5.0,,False
V5,V5.xlsx,333,6823.0,6829.0,Rear Uppercut,7.0,,False
V5,V5.xlsx,334,6830.0,6839.0,Lead Hook,10.0,,False
V5,V5.xlsx,335,6840.0,6848.0,Cross,9.0,,False
V5,V5.xlsx,336,6860.0,6868.0,Rear Uppercut,9.0,,False
V5,V5.xlsx,337,6869.0,6882.0,Lead Hook,14.0,,False
V5,V5.xlsx,338,6924.0,6928.0,Jab,5.0,,False
V5,V5.xlsx,339,6929.0,6934.0,Rear Uppercut,6.0,,False
V5,V5.xlsx,340,6936.0,6944.0,Lead Hook,9.0,,False
V5,V5.xlsx,341,6945.0,6952.0,Cross,8.0,,False
V5,V5.xlsx,342,6965.0,6973.0,Rear Uppercut,9.0,,False
V5,V5.xlsx,343,6974.0,6987.0,Lead Hook,14.0,,False
V5,V5.xlsx,344,7031.0,7036.0,Jab,6.0,,False
V5,V5.xlsx,345,7038.0,7043.0,Rear Uppercut,6.0,,False
V5,V5.xlsx,346,7045.0,7054.0,Lead Hook,10.0,,False
V5,V5.xlsx,347,7055.0,7062.0,Cross,8.0,,False
V5,V5.xlsx,348,7074.0,7081.0,Rear Uppercut,8.0,,False
V5,V5.xlsx,349,7083.0,7096.0,Lead Hook,14.0,,False
V5,V5.xlsx,350,7137.0,7141.0,Jab,5.0,,False
V5,V5.xlsx,351,7142.0,7149.0,Rear Uppercut,8.0,,False
V5,V5.xlsx,352,7150.0,7158.0,Lead Hook,9.0,,False
V5,V5.xlsx,353,7160.0,7168.0,Cross,9.0,,False
V5,V5.xlsx,354,7181.0,7188.0,Rear Uppercut,8.0,,False
V5,V5.xlsx,355,7189.0,7202.0,Lead Hook,14.0,,False
V5,V5.xlsx,356,7254.0,7260.0,Jab,7.0,,False
V5,V5.xlsx,357,7262.0,7272.0,Rear Hook,11.0,,False
V5,V5.xlsx,358,7319.0,7326.0,Jab,8.0,,False
V5,V5.xlsx,359,7327.0,7336.0,Rear Hook,10.0,,False
V5,V5.xlsx,360,7437.0,7443.0,Jab,7.0,,False
V5,V5.xlsx,361,7445.0,7454.0,Rear Hook,10.0,,False
V5,V5.xlsx,362,7501.0,7508.0,Jab,8.0,,False
V5,V5.xlsx,363,7509.0,7521.0,Rear Hook,13.0,,False
V5,V5.xlsx,364,7536.0,7542.0,Jab,7.0,,False
V5,V5.xlsx,365,7543.0,7556.0,Rear Hook,14.0,,False
V5,V5.xlsx,366,7604.0,7610.0,Rear Hook,7.0,,False
V5,V5.xlsx,367,7612.0,7626.0,Lead Uppercut,15.0,,False
V5,V5.xlsx,368,7645.0,7652.0,Rear Hook,8.0,,False
V5,V5.xlsx,369,7653.0,7666.0,Lead Uppercut,14.0,,False
V5,V5.xlsx,370,7701.0,7707.0,Rear Hook,7.0,,False
V5,V5.xlsx,371,7709.0,7722.0,Lead Uppercut,14.0,,False
V5,V5.xlsx,372,7754.0,7760.0,Rear Hook,7.0,,False
V5,V5.xlsx,373,7761.0,7773.0,Lead Uppercut,13.0,,False
V5,V5.xlsx,374,7799.0,7804.0,Rear Hook,6.0,,False
V5,V5.xlsx,375,7807.0,7820.0,Lead Uppercut,14.0,,False
V5,V5.xlsx,376,7835.0,7841.0,Rear Hook,7.0,,False
V5,V5.xlsx,377,7843.0,7854.0,Lead Uppercut,12.0,,False
V5,V5.xlsx,378,7864.0,7870.0,Rear Hook,7.0,,False
V5,V5.xlsx,379,7872.0,7885.0,Lead Uppercut,14.0,,False
V5,V5.xlsx,380,7891.0,7897.0,Rear Hook,7.0,,False
V5,V5.xlsx,381,7899.0,7909.0,Lead Uppercut,11.0,,False
V5,V5.xlsx,382,8007.0,8014.0,Jab,8.0,,False
V5,V5.xlsx,383,8016.0,8033.0,Rear Hook,18.0,,False
V5,V5.xlsx,384,8140.0,8145.0,Jab,6.0,,False
V5,V5.xlsx,385,8146.0,8159.0,Cross,14.0,,False
V5,V5.xlsx,386,8221.0,8228.0,Jab,8.0,,False
V5,V5.xlsx,387,8230.0,8246.0,Rear Hook,17.0,,False
V5,V5.xlsx,388,8307.0,8314.0,Jab,8.0,,False
V5,V5.xlsx,389,8316.0,8329.0,Cross,14.0,,False
V5,V5.xlsx,390,8392.0,8399.0,Jab,8.0,,False
V5,V5.xlsx,391,8400.0,8412.0,Cross,13.0,,False
V5,V5.xlsx,392,8530.0,8542.0,Jab,13.0,,False
V5,V5.xlsx,393,8543.0,8557.0,Cross,15.0,,False
V5,V5.xlsx,394,8625.0,8631.0,Jab,7.0,,False
V5,V5.xlsx,395,8633.0,8641.0,Cross,9.0,,False
V5,V5.xlsx,396,8708.0,8714.0,Jab,7.0,,False
V5,V5.xlsx,397,8715.0,8723.0,Cross,9.0,,False
V5,V5.xlsx,398,8813.0,8819.0,Jab,7.0,,False
V5,V5.xlsx,399,8820.0,8832.0,Cross,13.0,,False
V5,V5.xlsx,400,8958.0,8962.0,Jab,5.0,,False
V5,V5.xlsx,401,8963.0,8973.0,Cross,11.0,,False
V5,V5.xlsx,402,9006.0,9010.0,Jab,5.0,,False
V5,V5.xlsx,403,9013.0,9022.0,Cross,10.0,,False
V5,V5.xlsx,404,9076.0,9086.0,Jab,11.0,,False
V5,V5.xlsx,405,9083.0,9091.0,Rear Uppercut,9.0,,False
V5,V5.xlsx,406,9092.0,9099.0,Jab,8.0,,False
V5,V5.xlsx,407,9101.0,9112.0,Cross,12.0,,False
V5,V5.xlsx,408,9204.0,9210.0,Jab,7.0,,False
V5,V5.xlsx,409,9211.0,9220.0,Rear Uppercut,10.0,,False
V5,V5.xlsx,410,9222.0,9228.0,Jab,7.0,,False
V5,V5.xlsx,411,9229.0,9241.0,Cross,13.0,,False
V5,V5.xlsx,412,9343.0,9347.0,Jab,5.0,,False
V5,V5.xlsx,413,9348.0,9356.0,Rear Uppercut,9.0,,False
V5,V5.xlsx,414,9357.0,9362.0,Jab,6.0,,False
V5,V5.xlsx,415,9364.0,9373.0,Cross,10.0,,False
V5,V5.xlsx,416,9509.0,9514.0,Jab,6.0,,False
V5,V5.xlsx,417,9515.0,9522.0,Rear Uppercut,8.0,,False
V5,V5.xlsx,418,9524.0,9529.0,Jab,6.0,,False
V5,V5.xlsx,419,9532.0,9540.0,Cross,9.0,,False
V5,V5.xlsx,420,9712.0,9717.0,Jab,6.0,,False
V5,V5.xlsx,421,9718.0,9726.0,Rear Uppercut,9.0,,False
V5,V5.xlsx,422,9729.0,9735.0,Jab,7.0,,False
V5,V5.xlsx,423,9737.0,9745.0,Cross,9.0,,False
V5,V5.xlsx,424,9786.0,9805.0,Lead Hook,20.0,,False
V5,V5.xlsx,425,9972.0,9979.0,Jab,8.0,,False
V5,V5.xlsx,426,9982.0,9999.0,Lead Hook,18.0,,False
V5,V5.xlsx,427,10038.0,10041.0,Jab,4.0,,False
V5,V5.xlsx,428,10045.0,10060.0,Lead Hook,16.0,,False
V5,V5.xlsx,429,10098.0,10103.0,Jab,6.0,,False
V5,V5.xlsx,430,10167.0,10186.0,Lead Hook,20.0,,False
V5,V5.xlsx,431,10221.0,10226.0,Jab,6.0,,False
V5,V5.xlsx,432,10231.0,10245.0,Lead Hook,15.0,,False
V5,V5.xlsx,433,10274.0,10280.0,Jab,7.0,,False
V5,V5.xlsx,434,10363.0,10369.0,Cross,7.0,,False
V5,V5.xlsx,435,10378.0,10387.0,Rear Uppercut,10.0,,False
V5,V5.xlsx,436,10396.0,10405.0,Cross,10.0,,False
V5,V5.xlsx,437,10615.0,10623.0,Cross,9.0,,False
V5,V5.xlsx,438,10630.0,10640.0,Rear Uppercut,11.0,,False
V5,V5.xlsx,439,10645.0,10655.0,Cross,11.0,,False
V5,V5.xlsx,440,10723.0,10723.0,Jab,1.0,,False
V5,V5.xlsx,441,10724.0,10731.0,Rear Uppercut,8.0,,False
V5,V5.xlsx,442,10732.0,10742.0,Lead Hook,11.0,,False
V5,V5.xlsx,443,10743.0,10755.0,Cross,13.0,,False
V5,V5.xlsx,444,10788.0,10794.0,Jab,7.0,,False
V5,V5.xlsx,445,10795.0,10802.0,Rear Uppercut,8.0,,False
V5,V5.xlsx,446,10803.0,10815.0,Lead Hook,13.0,,False
V5,V5.xlsx,447,10817.0,10825.0,Cross,9.0,,False
V5,V5.xlsx,448,10826.0,10843.0,Lead Hook,18.0,,False
V5,V5.xlsx,449,10884.0,10890.0,Jab,7.0,,False
V5,V5.xlsx,450,10891.0,10897.0,Rear Uppercut,7.0,,False
V5,V5.xlsx,451,10898.0,10907.0,Lead Hook,10.0,,False
V5,V5.xlsx,452,10908.0,10914.0,Cross,7.0,,False
V5,V5.xlsx,453,10915.0,10928.0,Lead Hook,14.0,,False
V5,V5.xlsx,454,10972.0,10976.0,Jab,5.0,,False
V5,V5.xlsx,455,10977.0,10983.0,Rear Uppercut,7.0,,False
V5,V5.xlsx,456,10984.0,10993.0,Lead Hook,10.0,,False
V5,V5.xlsx,457,10994.0,11000.0,Cross,7.0,,False
V5,V5.xlsx,458,11001.0,11013.0,Lead Hook,13.0,,False
V5,V5.xlsx,459,11061.0,11066.0,Jab,6.0,,False
V5,V5.xlsx,460,11067.0,11073.0,Rear Uppercut,7.0,,False
V5,V5.xlsx,461,11074.0,11082.0,Lead Hook,9.0,,False
V5,V5.xlsx,462,11083.0,11089.0,Cross,7.0,,False
V5,V5.xlsx,463,11090.0,11106.0,Lead Hook,17.0,,False
V5,V5.xlsx,464,11146.0,11152.0,Jab,7.0,,False
V5,V5.xlsx,465,11153.0,11159.0,Rear Uppercut,7.0,,False
V5,V5.xlsx,466,11160.0,11167.0,Lead Hook,8.0,,False
V5,V5.xlsx,467,11168.0,11174.0,Cross,7.0,,False
V5,V5.xlsx,468,11175.0,11189.0,Lead Hook,15.0,,False
V5,V5.xlsx,469,11201.0,11207.0,Jab,7.0,,False
V5,V5.xlsx,470,11208.0,11214.0,Rear Uppercut,7.0,,False
V5,V5.xlsx,471,11215.0,11224.0,Lead Hook,10.0,,False
V5,V5.xlsx,472,11225.0,11231.0,Cross,7.0,,False
V5,V5.xlsx,473,11232.0,11245.0,Lead Hook,14.0,,False
V5,V5.xlsx,474,11262.0,11267.0,Jab,6.0,,False
V5,V5.xlsx,475,11268.0,11275.0,Rear Uppercut,8.0,,False
V5,V5.xlsx,476,11276.0,11283.0,Lead Hook,8.0,,False
V5,V5.xlsx,477,11284.0,11290.0,Cross,7.0,,False
V5,V5.xlsx,478,11291.0,11304.0,Lead Hook,14.0,,False
V5,V5.xlsx,479,11323.0,11327.0,Jab,5.0,,False
V5,V5.xlsx,480,11328.0,11336.0,Rear Uppercut,9.0,,False
V5,V5.xlsx,481,11337.0,11346.0,Lead Hook,10.0,,False
V5,V5.xlsx,482,11347.0,11353.0,Cross,7.0,,False
V5,V5.xlsx,483,11354.0,11367.0,Lead Hook,14.0,,False
V5,V5.xlsx,484,11382.0,11387.0,Jab,6.0,,False
V5,V5.xlsx,485,11388.0,11394.0,Rear Uppercut,7.0,,False
V5,V5.xlsx,486,11395.0,11404.0,Lead Hook,10.0,,False
V5,V5.xlsx,487,11405.0,11411.0,Cross,7.0,,False
V5,V5.xlsx,488,11412.0,11425.0,Lead Hook,14.0,,False
V5,V5.xlsx,489,11445.0,11452.0,Jab,8.0,,False
V5,V5.xlsx,490,11453.0,11459.0,Cross,7.0,,False
V5,V5.xlsx,491,11461.0,11469.0,Lead Hook,9.0,,False
V5,V5.xlsx,492,11470.0,11476.0,Cross,7.0,,False
V5,V5.xlsx,493,11477.0,11489.0,Lead Hook,13.0,,False
V5,V5.xlsx,494,11509.0,11514.0,Jab,6.0,,False
V5,V5.xlsx,495,11515.0,11523.0,Cross,9.0,,False
V5,V5.xlsx,496,11562.0,11567.0,Jab,6.0,,False
V5,V5.xlsx,497,11568.0,11576.0,Cross,9.0,,False
V5,V5.xlsx,498,11616.0,11621.0,Jab,6.0,,False
V5,V5.xlsx,499,11622.0,11628.0,Cross,7.0,,False
V5,V5.xlsx,500,11666.0,11671.0,Jab,6.0,,False
V5,V5.xlsx,501,11673.0,11680.0,Cross,8.0,,False
V5,V5.xlsx,502,11713.0,11719.0,Jab,7.0,,False
V5,V5.xlsx,503,11720.0,11727.0,Cross,8.0,,False
V5,V5.xlsx,504,11764.0,11769.0,Jab,6.0,,False
V5,V5.xlsx,505,11770.0,11778.0,Cross,9.0,,False
V5,V5.xlsx,506,11807.0,11815.0,Jab,9.0,,False
V5,V5.xlsx,507,11820.0,11828.0,Rear Uppercut,9.0,,False
V5,V5.xlsx,508,11830.0,11845.0,Lead Hook,16.0,,False
V5,V5.xlsx,509,11882.0,11888.0,Jab,7.0,,False
V5,V5.xlsx,510,11891.0,11900.0,Rear Uppercut,10.0,,False
V5,V5.xlsx,511,11901.0,11915.0,Lead Hook,15.0,,False
V5,V5.xlsx,512,12005.0,12013.0,Rear Uppercut,9.0,,False
V5,V5.xlsx,513,12014.0,12027.0,Lead Hook,14.0,,False
V5,V5.xlsx,514,12040.0,12047.0,Jab,8.0,,False
V5,V5.xlsx,515,12051.0,12058.0,Rear Uppercut,8.0,,False
V5,V5.xlsx,516,12059.0,12075.0,Lead Hook,17.0,,False
V5,V5.xlsx,517,12086.0,12093.0,Jab,8.0,,False
V5,V5.xlsx,518,12095.0,12103.0,Rear Uppercut,9.0,,False
V5,V5.xlsx,519,12104.0,12114.0,Lead Hook,11.0,,False
V5,V5.xlsx,520,12176.0,12184.0,Rear Uppercut,9.0,,False
V5,V5.xlsx,521,12244.0,12250.0,Jab,7.0,,False
V5,V5.xlsx,522,12252.0,12259.0,Rear Hook,8.0,,False
V5,V5.xlsx,523,12271.0,12284.0,Rear Hook,14.0,,False
V5,V5.xlsx,524,12307.0,12321.0,Rear Hook,15.0,,False
V5,V5.xlsx,525,12367.0,12371.0,Jab,5.0,,False
V5,V5.xlsx,526,12372.0,12377.0,Rear Hook,6.0,,False
V5,V5.xlsx,527,12385.0,12393.0,Rear Hook,9.0,,False
V5,V5.xlsx,528,12407.0,12419.0,Rear Hook,13.0,,False
V5,V5.xlsx,529,12450.0,12455.0,Jab,6.0,,False
V5,V5.xlsx,530,12457.0,12463.0,Rear Hook,7.0,,False
V5,V5.xlsx,531,12472.0,12481.0,Rear Hook,10.0,,False
V5,V5.xlsx,532,12495.0,12505.0,Rear Hook,11.0,,False
V5,V5.xlsx,533,12555.0,12560.0,Jab,6.0,,False
V5,V5.xlsx,534,12567.0,12561.0,Rear Hook,,end_before_start,True
V5,V5.xlsx,535,12575.0,12585.0,Rear Hook,11.0,,False
V5,V5.xlsx,536,12600.0,12612.0,Rear Hook,13.0,,False
V5,V5.xlsx,537,12652.0,12657.0,Jab,6.0,,False
V5,V5.xlsx,538,12666.0,12672.0,Lead Hook,7.0,,False
V5,V5.xlsx,539,12676.0,12686.0,Rear Uppercut,11.0,,False
V5,V5.xlsx,540,12724.0,12729.0,Jab,6.0,,False
V5,V5.xlsx,541,12732.0,12740.0,Lead Hook,9.0,,False
V5,V5.xlsx,542,12743.0,12756.0,Rear Uppercut,14.0,,False
V5,V5.xlsx,543,12779.0,12785.0,Jab,7.0,,False
V5,V5.xlsx,544,12787.0,12795.0,Lead Hook,9.0,,False
V5,V5.xlsx,545,12797.0,12810.0,Rear Uppercut,14.0,,False
V5,V5.xlsx,546,12822.0,12828.0,Jab,7.0,,False
V5,V5.xlsx,547,12829.0,12837.0,Lead Hook,9.0,,False
V5,V5.xlsx,548,12841.0,12851.0,Rear Uppercut,11.0,,False
V5,V5.xlsx,549,12858.0,12863.0,Jab,6.0,,False
V5,V5.xlsx,550,12865.0,12873.0,Lead Hook,9.0,,False
V5,V5.xlsx,551,12877.0,12886.0,Rear Uppercut,10.0,,False
V5,V5.xlsx,552,12902.0,12910.0,Lead Hook,9.0,,False
V5,V5.xlsx,553,12913.0,12922.0,Rear Uppercut,10.0,,False
V5,V5.xlsx,554,12928.0,12933.0,Jab,6.0,,False
V5,V5.xlsx,555,12935.0,12942.0,Lead Hook,8.0,,False
V5,V5.xlsx,556,12947.0,12957.0,Rear Uppercut,11.0,,False
V5,V5.xlsx,557,13098.0,13107.0,Cross,10.0,,False
V5,V5.xlsx,558,13252.0,13262.0,Cross,11.0,,False
V5,V5.xlsx,559,13439.0,13450.0,Cross,12.0,,False
V5,V5.xlsx,560,13636.0,13647.0,Cross,12.0,,False
V5,V5.xlsx,561,13681.0,13686.0,Jab,6.0,,False
V5,V5.xlsx,562,13692.0,13702.0,Lead Hook,11.0,,False
V5,V5.xlsx,563,13724.0,13729.0,Jab,6.0,,False
V5,V5.xlsx,564,13737.0,13751.0,Lead Uppercut,15.0,,False
V5,V5.xlsx,565,13787.0,13793.0,Jab,7.0,,False
V5,V5.xlsx,566,13797.0,13809.0,Lead Uppercut,13.0,,False
V5,V5.xlsx,567,13877.0,13883.0,Jab,7.0,,False
V5,V5.xlsx,568,13888.0,13901.0,Lead Uppercut,14.0,,False
V5,V5.xlsx,569,13944.0,13949.0,Jab,6.0,,False
V5,V5.xlsx,570,13996.0,14000.0,Jab,5.0,,False
V5,V5.xlsx,571,14001.0,14009.0,Cross,9.0,,False
V5,V5.xlsx,572,14018.0,14024.0,Rear Uppercut,7.0,,False
V5,V5.xlsx,573,14030.0,14038.0,Jab,9.0,,False
V5,V5.xlsx,574,14130.0,14139.0,Jab,10.0,,False
V5,V5.xlsx,575,14208.0,14218.0,Jab,11.0,,False
V5,V5.xlsx,576,14245.0,14255.0,Jab,11.0,,False
V5,V5.xlsx,577,14280.0,14289.0,Jab,10.0,,False
V5,V5.xlsx,578,14307.0,14315.0,Jab,9.0,,False
V5,V5.xlsx,579,14316.0,14327.0,Jab,12.0,,False
V5,V5.xlsx,580,14356.0,14365.0,Jab,10.0,,False
V5,V5.xlsx,581,14388.0,14397.0,Jab,10.0,,False
V5,V5.xlsx,582,14423.0,14433.0,Jab,11.0,,False
V5,V5.xlsx,583,14458.0,14469.0,Jab,12.0,,False
V5,V5.xlsx,584,14493.0,14501.0,Jab,9.0,,False
V5,V5.xlsx,585,14537.0,14547.0,Jab,11.0,,False
V5,V5.xlsx,586,14605.0,14624.0,Cross,20.0,,False
V5,V5.xlsx,587,14770.0,14777.0,Jab,8.0,,False
V5,V5.xlsx,588,14778.0,14786.0,Cross,9.0,,False
V5,V5.xlsx,589,14851.0,14860.0,Jab,10.0,,False
V5,V5.xlsx,590,14861.0,14869.0,Cross,9.0,,False
V5,V5.xlsx,591,14931.0,14948.0,Jab,18.0,,False
V5,V5.xlsx,592,14949.0,14956.0,Cross,8.0,,False
V5,V5.xlsx,593,14995.0,15008.0,Jab,14.0,,False
V5,V5.xlsx,594,15010.0,15019.0,Cross,10.0,,False
V5,V5.xlsx,595,15084.0,15095.0,Cross,12.0,,False
V5,V5.xlsx,596,15128.0,15149.0,Jab,22.0,,False
V5,V5.xlsx,597,15150.0,15164.0,Cross,15.0,,False
V6,V6.xlsx,0,157.0,171.0,Lead Uppercut,15.0,,False
V6,V6.xlsx,1,311.0,320.0,Lead Uppercut,10.0,,False
V6,V6.xlsx,2,348.0,356.0,Lead Uppercut,9.0,,False
V6,V6.xlsx,3,391.0,402.0,Lead Hook,12.0,,False
V6,V6.xlsx,4,402.0,415.0,Rear Hook,14.0,,False
V6,V6.xlsx,5,486.0,496.0,Lead Hook,11.0,,False
V6,V6.xlsx,6,541.0,549.0,Rear Uppercut,9.0,,False
V6,V6.xlsx,7,566.0,576.0,Lead Uppercut,11.0,,False
V6,V6.xlsx,8,5283.0,5301.0,Lead Hook,19.0,,False
V6,V6.xlsx,9,5377.0,5391.0,Lead Hook,15.0,,False
V6,V6.xlsx,10,5446.0,5461.0,Lead Hook,16.0,,False
V6,V6.xlsx,11,5521.0,5534.0,Lead Hook,14.0,,False
V6,V6.xlsx,12,5594.0,5609.0,Lead Hook,16.0,,False
V6,V6.xlsx,13,5667.0,5682.0,Lead Hook,16.0,,False
V6,V6.xlsx,14,5741.0,5758.0,Lead Hook,18.0,,False
V6,V6.xlsx,15,5819.0,5836.0,Lead Hook,18.0,,False
V6,V6.xlsx,16,5894.0,5911.0,Lead Hook,18.0,,False
V6,V6.xlsx,17,5976.0,5992.0,Lead Hook,17.0,,False
V6,V6.xlsx,18,6052.0,6070.0,Lead Hook,19.0,,False
V6,V6.xlsx,19,6128.0,6142.0,Lead Hook,15.0,,False
V6,V6.xlsx,20,6200.0,6215.0,Lead Hook,16.0,,False
V6,V6.xlsx,21,6285.0,6306.0,Lead Hook,22.0,,False
V6,V6.xlsx,22,6381.0,6398.0,Lead Hook,18.0,,False
V6,V6.xlsx,23,6468.0,6484.0,Lead Hook,17.0,,False
V6,V6.xlsx,24,6566.0,6588.0,Lead Hook,23.0,,False
V6,V6.xlsx,25,6674.0,6689.0,Lead Hook,16.0,,False
V6,V6.xlsx,26,6743.0,6758.0,Lead Hook,16.0,,False
V6,V6.xlsx,27,6816.0,6831.0,Lead Hook,16.0,,False
V6,V6.xlsx,28,6888.0,6903.0,Lead Hook,16.0,,False
V6,V6.xlsx,29,6966.0,6983.0,Lead Hook,18.0,,False
V6,V6.xlsx,30,7048.0,7068.0,Lead Hook,21.0,,False
V6,V6.xlsx,31,7128.0,7145.0,Lead Hook,18.0,,False
V6,V6.xlsx,32,7208.0,7222.0,Lead Hook,15.0,,False
V6,V6.xlsx,33,7285.0,7298.0,Lead Hook,14.0,,False
V6,V6.xlsx,34,7394.0,7409.0,Lead Hook,16.0,,False
V6,V6.xlsx,35,7467.0,7485.0,Lead Hook,19.0,,False
V6,V6.xlsx,36,7546.0,7561.0,Lead Hook,16.0,,False
V6,V6.xlsx,37,7618.0,7635.0,Lead Hook,18.0,,False
V6,V6.xlsx,38,7694.0,7709.0,Lead Hook,16.0,,False
V6,V6.xlsx,39,7906.0,7927.0,Rear Hook,22.0,,False
V6,V6.xlsx,40,8110.0,8128.0,Rear Hook,19.0,,False
V6,V6.xlsx,41,8183.0,8205.0,Rear Hook,23.0,,False
V6,V6.xlsx,42,8247.0,8268.0,Rear Hook,22.0,,False
V6,V6.xlsx,43,8306.0,8322.0,Rear Hook,17.0,,False
V6,V6.xlsx,44,8368.0,8385.0,Rear Hook,18.0,,False
V6,V6.xlsx,45,8447.0,8466.0,Rear Hook,20.0,,False
V6,V6.xlsx,46,8514.0,8531.0,Rear Hook,18.0,,False
V6,V6.xlsx,47,8576.0,8596.0,Rear Hook,21.0,,False
V6,V6.xlsx,48,8639.0,8657.0,Rear Hook,19.0,,False
V6,V6.xlsx,49,8702.0,8721.0,Rear Hook,20.0,,False
V6,V6.xlsx,50,8765.0,8782.0,Rear Hook,18.0,,False
V6,V6.xlsx,51,8824.0,8842.0,Rear Hook,19.0,,False
V6,V6.xlsx,52,8886.0,8905.0,Rear Hook,20.0,,False
V6,V6.xlsx,53,8949.0,8969.0,Rear Hook,21.0,,False
V6,V6.xlsx,54,9011.0,9029.0,Rear Hook,19.0,,False
V6,V6.xlsx,55,9070.0,9089.0,Rear Hook,20.0,,False
V6,V6.xlsx,56,9167.0,9189.0,Lead Hook,23.0,,False
V6,V6.xlsx,57,9203.0,9223.0,Lead Hook,21.0,,False
V6,V6.xlsx,58,9232.0,9256.0,Rear Hook,25.0,,False
V6,V6.xlsx,59,9283.0,9301.0,Lead Hook,19.0,,False
V6,V6.xlsx,60,9318.0,9339.0,Lead Hook,22.0,,False
V6,V6.xlsx,61,9358.0,9381.0,Rear Hook,24.0,,False
V6,V6.xlsx,62,9419.0,9436.0,Lead Hook,18.0,,False
V6,V6.xlsx,63,9460.0,9480.0,Lead Hook,21.0,,False
V6,V6.xlsx,64,9506.0,9528.0,Rear Hook,23.0,,False
V6,V6.xlsx,65,9559.0,9574.0,Lead Hook,16.0,,False
V6,V6.xlsx,66,9580.0,9596.0,Lead Hook,17.0,,False
V6,V6.xlsx,67,9611.0,9633.0,Rear Hook,23.0,,False
V6,V6.xlsx,68,9657.0,9675.0,Lead Hook,19.0,,False
V6,V6.xlsx,69,9681.0,9703.0,Lead Hook,23.0,,False
V6,V6.xlsx,70,9717.0,9734.0,Rear Hook,18.0,,False
V6,V6.xlsx,71,9792.0,9807.0,Lead Hook,16.0,,False
V6,V6.xlsx,72,9820.0,9836.0,Lead Hook,17.0,,False
V6,V6.xlsx,73,9850.0,9874.0,Rear Hook,25.0,,False
V6,V6.xlsx,74,9949.0,9966.0,Lead Hook,18.0,,False
V6,V6.xlsx,75,9973.0,9988.0,Lead Hook,16.0,,False
V6,V6.xlsx,76,9994.0,10014.0,Rear Hook,21.0,,False
V6,V6.xlsx,77,10047.0,10063.0,Lead Hook,17.0,,False
V6,V6.xlsx,78,10077.0,10091.0,Lead Hook,15.0,,False
V6,V6.xlsx,79,10095.0,10117.0,Rear Hook,23.0,,False
V6,V6.xlsx,80,10200.0,10216.0,Lead Hook,17.0,,False
V6,V6.xlsx,81,10224.0,10238.0,Lead Hook,15.0,,False
V6,V6.xlsx,82,10242.0,10260.0,Rear Hook,19.0,,False
V6,V6.xlsx,83,10322.0,10336.0,Lead Hook,15.0,,False
V6,V6.xlsx,84,10342.0,10356.0,Lead Hook,15.0,,False
V6,V6.xlsx,85,10358.0,10377.0,Rear Hook,20.0,,False
V6,V6.xlsx,86,10442.0,10457.0,Lead Hook,16.0,,False
V6,V6.xlsx,87,10461.0,10475.0,Lead Hook,15.0,,False
V6,V6.xlsx,88,10476.0,10492.0,Rear Hook,17.0,,False
V6,V6.xlsx,89,10550.0,10565.0,Lead Hook,16.0,,False
V6,V6.xlsx,90,10570.0,10584.0,Lead Hook,15.0,,False
V6,V6.xlsx,91,10588.0,10608.0,Rear Hook,21.0,,False
V6,V6.xlsx,92,10676.0,10691.0,Lead Hook,16.0,,False
V6,V6.xlsx,93,10698.0,10712.0,Lead Hook,15.0,,False
V6,V6.xlsx,94,10715.0,10737.0,Rear Hook,23.0,,False
V6,V6.xlsx,95,10777.0,10792.0,Lead Hook,16.0,,False
V6,V6.xlsx,96,10799.0,10813.0,Lead Hook,15.0,,False
V6,V6.xlsx,97,10838.0,10855.0,Rear Hook,18.0,,False
V6,V6.xlsx,98,12831.0,12851.0,Lead Hook,21.0,,False
V6,V6.xlsx,99,12844.0,12869.0,Rear Hook,26.0,,False
V6,V6.xlsx,100,12845.0,12869.0,Rear Hook,25.0,,False
V6,V6.xlsx,101,13054.0,13076.0,Lead Hook,23.0,,False
V6,V6.xlsx,102,13070.0,13093.0,Rear Hook,24.0,,False
V6,V6.xlsx,103,13147.0,13162.0,Lead Hook,16.0,,False
V6,V6.xlsx,104,13158.0,13172.0,Rear Hook,15.0,,False
V6,V6.xlsx,105,13217.0,13232.0,Lead Hook,16.0,,False
V6,V6.xlsx,106,13228.0,13243.0,Rear Hook,16.0,,False
V6,V6.xlsx,107,13289.0,13304.0,Lead Hook,16.0,,False
V6,V6.xlsx,108,13300.0,13314.0,Rear Hook,15.0,,False
V6,V6.xlsx,109,13361.0,13376.0,Lead Hook,16.0,,False
V6,V6.xlsx,110,13371.0,13386.0,Rear Hook,16.0,,False
V6,V6.xlsx,111,13440.0,13453.0,Lead Hook,14.0,,False
V6,V6.xlsx,112,13448.0,13464.0,Rear Hook,17.0,,False
V6,V6.xlsx,113,13511.0,13527.0,Lead Hook,17.0,,False
V6,V6.xlsx,114,13521.0,13537.0,Rear Hook,17.0,,False
V6,V6.xlsx,115,13580.0,13594.0,Lead Hook,15.0,,False
V6,V6.xlsx,116,13590.0,13606.0,Rear Hook,17.0,,False
V6,V6.xlsx,117,13659.0,13675.0,Lead Hook,17.0,,False
V6,V6.xlsx,118,13669.0,13685.0,Rear Hook,17.0,,False
V6,V6.xlsx,119,13735.0,13749.0,Lead Hook,15.0,,False
V6,V6.xlsx,120,13746.0,13760.0,Rear Hook,15.0,,False
V6,V6.xlsx,121,13817.0,13833.0,Lead Hook,17.0,,False
V6,V6.xlsx,122,13828.0,13844.0,Rear Hook,17.0,,False
V6,V6.xlsx,123,13893.0,13909.0,Lead Hook,17.0,,False
V6,V6.xlsx,124,13904.0,13920.0,Rear Hook,17.0,,False
V6,V6.xlsx,125,13970.0,13985.0,Lead Hook,16.0,,False
V6,V6.xlsx,126,13980.0,13995.0,Rear Hook,16.0,,False
V6,V6.xlsx,127,14041.0,14055.0,Lead Hook,15.0,,False
V6,V6.xlsx,128,14051.0,14064.0,Rear Hook,14.0,,False
V6,V6.xlsx,129,14105.0,14119.0,Lead Hook,15.0,,False
V6,V6.xlsx,130,14115.0,14128.0,Rear Hook,14.0,,False
V6,V6.xlsx,131,14169.0,14181.0,Lead Hook,13.0,,False
V6,V6.xlsx,132,14178.0,14193.0,Rear Hook,16.0,,False
V6,V6.xlsx,133,14232.0,14247.0,Lead Hook,16.0,,False
V6,V6.xlsx,134,14242.0,14257.0,Rear Hook,16.0,,False
V6,V6.xlsx,135,14296.0,14310.0,Lead Hook,15.0,,False
V6,V6.xlsx,136,14305.0,14320.0,Rear Hook,16.0,,False
V6,V6.xlsx,137,14363.0,14376.0,Lead Hook,14.0,,False
V6,V6.xlsx,138,14372.0,14387.0,Rear Hook,16.0,,False
V6,V6.xlsx,139,14428.0,14438.0,Lead Hook,11.0,,False
V6,V6.xlsx,140,14436.0,14450.0,Rear Hook,15.0,,False
V6,V6.xlsx,141,14493.0,14507.0,Lead Hook,15.0,,False
V6,V6.xlsx,142,14505.0,14521.0,Rear Hook,17.0,,False
V6,V6.xlsx,143,14705.0,14727.0,Lead Uppercut,23.0,,False
V6,V6.xlsx,144,14778.0,14799.0,Lead Uppercut,22.0,,False
V6,V6.xlsx,145,14849.0,14869.0,Lead Uppercut,21.0,,False
V6,V6.xlsx,146,15165.0,15184.0,Lead Uppercut,20.0,,False
V6,V6.xlsx,147,15213.0,15236.0,Lead Uppercut,24.0,,False
V6,V6.xlsx,148,15279.0,15299.0,Lead Uppercut,21.0,,False
V6,V6.xlsx,149,15340.0,15357.0,Lead Uppercut,18.0,,False
V6,V6.xlsx,150,15401.0,15421.0,Lead Hook,21.0,,False
V6,V6.xlsx,151,15448.0,15468.0,Lead Uppercut,21.0,,False
V6,V6.xlsx,152,15474.0,15492.0,Rear Uppercut,19.0,,False
V6,V6.xlsx,153,15526.0,15546.0,Lead Uppercut,21.0,,False
V6,V6.xlsx,154,15555.0,15572.0,Rear Uppercut,18.0,,False
V6,V6.xlsx,155,15615.0,15633.0,Lead Uppercut,19.0,,False
V6,V6.xlsx,156,15641.0,15658.0,Rear Uppercut,18.0,,False
V6,V6.xlsx,157,15707.0,15726.0,Lead Uppercut,20.0,,False
V6,V6.xlsx,158,15730.0,15747.0,Rear Uppercut,18.0,,False
V6,V6.xlsx,159,15798.0,15817.0,Lead Uppercut,20.0,,False
V6,V6.xlsx,160,15812.0,15829.0,Rear Uppercut,18.0,,False
V6,V6.xlsx,161,15891.0,15903.0,Lead Uppercut,13.0,,False
V6,V6.xlsx,162,15901.0,15916.0,Rear Uppercut,16.0,,False
V6,V6.xlsx,163,15960.0,15973.0,Lead Uppercut,14.0,,False
V6,V6.xlsx,164,15971.0,15984.0,Rear Uppercut,14.0,,False
V6,V6.xlsx,165,16014.0,16028.0,Lead Uppercut,15.0,,False
V6,V6.xlsx,166,16026.0,16038.0,Rear Uppercut,13.0,,False
V6,V6.xlsx,167,16059.0,16071.0,Lead Uppercut,13.0,,False
V6,V6.xlsx,168,16069.0,16080.0,Rear Uppercut,12.0,,False
V6,V6.xlsx,169,16100.0,16111.0,Lead Uppercut,12.0,,False
V6,V6.xlsx,170,16103.0,16122.0,Rear Uppercut,20.0,,False
V6,V6.xlsx,171,16249.0,16267.0,Lead Uppercut,19.0,,False
V6,V6.xlsx,172,16262.0,16276.0,Rear Uppercut,15.0,,False
V6,V6.xlsx,173,16280.0,16304.0,Lead Uppercut,25.0,,False
V6,V6.xlsx,174,16321.0,16337.0,Lead Uppercut,17.0,,False
V6,V6.xlsx,175,16332.0,16346.0,Rear Uppercut,15.0,,False
V6,V6.xlsx,176,16367.0,16381.0,Lead Uppercut,15.0,,False
V6,V6.xlsx,177,16377.0,16390.0,Rear Uppercut,14.0,,False
V6,V6.xlsx,178,16403.0,16417.0,Lead Uppercut,15.0,,False
V6,V6.xlsx,179,16414.0,16428.0,Rear Uppercut,15.0,,False
V6,V6.xlsx,180,16469.0,16482.0,Lead Uppercut,14.0,,False
V6,V6.xlsx,181,16481.0,16495.0,Rear Uppercut,15.0,,False
V6,V6.xlsx,182,16523.0,16538.0,Lead Uppercut,16.0,,False
V6,V6.xlsx,183,16534.0,16548.0,Rear Uppercut,15.0,,False
V6,V6.xlsx,184,16579.0,16595.0,Lead Uppercut,17.0,,False
V6,V6.xlsx,185,16592.0,16607.0,Rear Uppercut,16.0,,False
V6,V6.xlsx,186,16669.0,16680.0,Lead Uppercut,12.0,,False
V6,V6.xlsx,187,16682.0,16695.0,Rear Uppercut,14.0,,False
V6,V6.xlsx,188,16727.0,16737.0,Lead Uppercut,11.0,,False
V6,V6.xlsx,189,16738.0,16752.0,Rear Uppercut,15.0,,False
V6,V6.xlsx,190,16806.0,16818.0,Lead Uppercut,13.0,,False
V6,V6.xlsx,191,16816.0,16831.0,Rear Uppercut,16.0,,False
V6,V6.xlsx,192,16858.0,16874.0,Lead Uppercut,17.0,,False
V6,V6.xlsx,193,16868.0,16883.0,Rear Uppercut,16.0,,False
V6,V6.xlsx,194,16918.0,16930.0,Lead Uppercut,13.0,,False
V6,V6.xlsx,195,16925.0,16938.0,Rear Uppercut,14.0,,False
V6,V6.xlsx,196,16988.0,17000.0,Lead Uppercut,13.0,,False
V6,V6.xlsx,197,16996.0,17008.0,Rear Uppercut,13.0,,False
V6,V6.xlsx,198,17050.0,17062.0,Lead Uppercut,13.0,,False
V6,V6.xlsx,199,17056.0,17066.0,Rear Uppercut,11.0,,False
V6,V6.xlsx,200,17139.0,17150.0,Lead Uppercut,12.0,,False
V6,V6.xlsx,201,17147.0,17160.0,Rear Uppercut,14.0,,False
V6,V6.xlsx,202,17215.0,17226.0,Lead Uppercut,12.0,,False
V6,V6.xlsx,203,17223.0,17234.0,Rear Uppercut,12.0,,False
V6,V6.xlsx,204,17276.0,17287.0,Lead Uppercut,12.0,,False
V6,V6.xlsx,205,17282.0,17293.0,Rear Uppercut,12.0,,False
V6,V6.xlsx,206,17333.0,17344.0,Lead Uppercut,12.0,,False
V6,V6.xlsx,207,17342.0,17352.0,Rear Uppercut,11.0,,False
V6,V6.xlsx,208,17393.0,17406.0,Lead Uppercut,14.0,,False
V6,V6.xlsx,209,17402.0,17412.0,Rear Uppercut,11.0,,False
V6,V6.xlsx,210,17488.0,17500.0,Lead Uppercut,13.0,,False
V6,V6.xlsx,211,17496.0,17507.0,Rear Uppercut,12.0,,False
V6,V6.xlsx,212,17545.0,17555.0,Lead Uppercut,11.0,,False
V6,V6.xlsx,213,17553.0,17564.0,Rear Uppercut,12.0,,False
V6,V6.xlsx,214,17600.0,17615.0,Lead Uppercut,16.0,,False
V6,V6.xlsx,215,17610.0,17622.0,Rear Uppercut,13.0,,False
V6,V6.xlsx,216,17683.0,17694.0,Lead Uppercut,12.0,,False
V6,V6.xlsx,217,17692.0,17703.0,Rear Uppercut,12.0,,False
V6,V6.xlsx,218,17748.0,17758.0,Lead Uppercut,11.0,,False
V6,V6.xlsx,219,17756.0,17771.0,Rear Uppercut,16.0,,False
V6,V6.xlsx,220,17813.0,17825.0,Lead Uppercut,13.0,,False
V6,V6.xlsx,221,17821.0,17833.0,Rear Uppercut,13.0,,False
V6,V6.xlsx,222,17878.0,17889.0,Lead Uppercut,12.0,,False
V6,V6.xlsx,223,17886.0,17899.0,Rear Uppercut,14.0,,False
V6,V6.xlsx,224,17943.0,17957.0,Lead Uppercut,15.0,,False
V6,V6.xlsx,225,17953.0,17966.0,Rear Uppercut,14.0,,False
V6,V6.xlsx,226,18014.0,18029.0,Lead Uppercut,16.0,,False
V6,V6.xlsx,227,18024.0,18037.0,Rear Uppercut,14.0,,False
V6,V6.xlsx,228,18099.0,18112.0,Lead Uppercut,14.0,,False
V6,V6.xlsx,229,18107.0,18120.0,Rear Uppercut,14.0,,False
V6,V6.xlsx,230,18185.0,18196.0,Lead Uppercut,12.0,,False
V6,V6.xlsx,231,18195.0,18208.0,Rear Uppercut,14.0,,False
V6,V6.xlsx,232,18320.0,18332.0,Lead Uppercut,13.0,,False
V6,V6.xlsx,233,18329.0,18341.0,Rear Uppercut,13.0,,False
V6,V6.xlsx,234,18413.0,18424.0,Lead Uppercut,12.0,,False
V6,V6.xlsx,235,18421.0,18434.0,Rear Uppercut,14.0,,False
V6,V6.xlsx,236,18487.0,18502.0,Lead Uppercut,16.0,,False
V6,V6.xlsx,237,18495.0,18509.0,Rear Uppercut,15.0,,False
V6,V6.xlsx,238,18584.0,18597.0,Lead Uppercut,14.0,,False
V6,V6.xlsx,239,18593.0,18603.0,Rear Uppercut,11.0,,False
V6,V6.xlsx,240,18691.0,18703.0,Lead Uppercut,13.0,,False
V6,V6.xlsx,241,18700.0,18713.0,Rear Uppercut,14.0,,False
V6,V6.xlsx,242,18779.0,18793.0,Lead Uppercut,15.0,,False
V6,V6.xlsx,243,18789.0,18800.0,Rear Uppercut,12.0,,False
V6,V6.xlsx,244,18868.0,18882.0,Lead Uppercut,15.0,,False
V6,V6.xlsx,245,18877.0,18888.0,Rear Uppercut,12.0,,False
V6,V6.xlsx,246,18950.0,18964.0,Lead Uppercut,15.0,,False
V6,V6.xlsx,247,18960.0,18972.0,Rear Uppercut,13.0,,False
V6,V6.xlsx,248,19087.0,19102.0,Lead Uppercut,16.0,,False
V6,V6.xlsx,249,19096.0,19106.0,Rear Uppercut,11.0,,False
V6,V6.xlsx,250,19238.0,19249.0,Lead Uppercut,12.0,,False
V6,V6.xlsx,251,19245.0,19257.0,Rear Uppercut,13.0,,False
V6,V6.xlsx,252,19347.0,19360.0,Lead Uppercut,14.0,,False
V6,V6.xlsx,253,19355.0,19367.0,Rear Uppercut,13.0,,False
V6,V6.xlsx,254,19422.0,19435.0,Lead Uppercut,14.0,,False
V6,V6.xlsx,255,19430.0,19442.0,Rear Uppercut,13.0,,False
V6,V6.xlsx,256,19795.0,19809.0,Lead Uppercut,15.0,,False
V6,V6.xlsx,257,19840.0,19856.0,Lead Uppercut,17.0,,False
V6,V6.xlsx,258,19953.0,19977.0,Rear Uppercut,25.0,,False
V6,V6.xlsx,259,19987.0,20007.0,Rear Uppercut,21.0,,False
V6,V6.xlsx,260,20028.0,20046.0,Lead Uppercut,19.0,,False
V6,V6.xlsx,261,20069.0,20085.0,Rear Uppercut,17.0,,False
V6,V6.xlsx,262,20096.0,20109.0,Lead Uppercut,14.0,,False
V6,V6.xlsx,263,20118.0,20136.0,Lead Uppercut,19.0,,False
V6,V6.xlsx,264,20287.0,20298.0,Rear Uppercut,12.0,,False
V6,V6.xlsx,265,20308.0,20317.0,Lead Uppercut,10.0,,False
V6,V6.xlsx,266,20370.0,20388.0,Lead Uppercut,19.0,,False
V6,V6.xlsx,267,20440.0,20455.0,Rear Uppercut,16.0,,False
V6,V6.xlsx,268,20460.0,20479.0,Lead Uppercut,20.0,,False
V6,V6.xlsx,269,20631.0,20644.0,Lead Uppercut,14.0,,False
V6,V6.xlsx,270,20781.0,20792.0,Lead Uppercut,12.0,,False
V6,V6.xlsx,271,21144.0,21156.0,Rear Uppercut,13.0,,False
V6,V6.xlsx,272,21192.0,21203.0,Rear Uppercut,12.0,,False
V6,V6.xlsx,273,21228.0,21242.0,Lead Uppercut,15.0,,False
V6,V6.xlsx,274,21248.0,21261.0,Rear Uppercut,14.0,,False
V6,V6.xlsx,275,21574.0,21583.0,Rear Uppercut,10.0,,False
V6,V6.xlsx,276,21620.0,21631.0,Rear Uppercut,12.0,,False
V6,V6.xlsx,277,21813.0,21826.0,Lead Uppercut,14.0,,False
V6,V6.xlsx,278,21840.0,21853.0,Rear Uppercut,14.0,,False
V6,V6.xlsx,279,22311.0,22323.0,Rear Uppercut,13.0,,False
V6,V6.xlsx,280,22334.0,22346.0,Lead Uppercut,13.0,,False
V6,V6.xlsx,281,22497.0,22509.0,Lead Uppercut,13.0,,False
V6,V6.xlsx,282,22540.0,22551.0,Rear Uppercut,12.0,,False
V6,V6.xlsx,283,23013.0,23022.0,Rear Uppercut,10.0,,False
V6,V6.xlsx,284,23032.0,23044.0,Lead Uppercut,13.0,,False
V6,V6.xlsx,285,23212.0,23227.0,Lead Uppercut,16.0,,False
V6,V6.xlsx,286,23274.0,23287.0,Lead Uppercut,14.0,,False
V6,V6.xlsx,287,23349.0,23361.0,Lead Uppercut,13.0,,False
V6,V6.xlsx,288,23419.0,23432.0,Lead Uppercut,14.0,,False
V6,V6.xlsx,289,23475.0,23488.0,Lead Uppercut,14.0,,False
V6,V6.xlsx,290,23515.0,23533.0,Lead Uppercut,19.0,,False
V6,V6.xlsx,291,23552.0,23566.0,Lead Uppercut,15.0,,False
V6,V6.xlsx,292,23601.0,23615.0,Lead Uppercut,15.0,,False
V6,V6.xlsx,293,23649.0,23663.0,Lead Uppercut,15.0,,False
V6,V6.xlsx,294,23694.0,23709.0,Lead Uppercut,16.0,,False
V6,V6.xlsx,295,23739.0,23753.0,Lead Uppercut,15.0,,False
V6,V6.xlsx,296,23784.0,23797.0,Lead Uppercut,14.0,,False
V6,V6.xlsx,297,23830.0,23843.0,Lead Uppercut,14.0,,False
V6,V6.xlsx,298,23896.0,23910.0,Lead Uppercut,15.0,,False
V6,V6.xlsx,299,23946.0,23960.0,Lead Uppercut,15.0,,False
V6,V6.xlsx,300,23989.0,24004.0,Lead Uppercut,16.0,,False
V6,V6.xlsx,301,24039.0,24052.0,Lead Uppercut,14.0,,False
V6,V6.xlsx,302,24090.0,24105.0,Lead Uppercut,16.0,,False
V6,V6.xlsx,303,24156.0,24169.0,Lead Uppercut,14.0,,False
V6,V6.xlsx,304,24228.0,24243.0,Lead Uppercut,16.0,,False
V6,V6.xlsx,305,24324.0,24338.0,Lead Uppercut,15.0,,False
V6,V6.xlsx,306,24405.0,24419.0,Lead Uppercut,15.0,,False
V6,V6.xlsx,307,24498.0,24512.0,Lead Uppercut,15.0,,False
V6,V6.xlsx,308,24601.0,24615.0,Lead Uppercut,15.0,,False
V6,V6.xlsx,309,24716.0,24729.0,Lead Uppercut,14.0,,False
V6,V6.xlsx,310,24823.0,24840.0,Lead Uppercut,18.0,,False
V6,V6.xlsx,311,24901.0,24925.0,Lead Uppercut,25.0,,False
V6,V6.xlsx,312,25016.0,25030.0,Lead Uppercut,15.0,,False
V6,V6.xlsx,313,25094.0,25108.0,Lead Uppercut,15.0,,False
V6,V6.xlsx,314,25187.0,25202.0,Lead Uppercut,16.0,,False
V6,V6.xlsx,315,25257.0,25279.0,Lead Uppercut,23.0,,False
V6,V6.xlsx,316,25362.0,25382.0,Lead Uppercut,21.0,,False
V6,V6.xlsx,317,25455.0,25474.0,Lead Uppercut,20.0,,False
V6,V6.xlsx,318,25585.0,25598.0,Lead Uppercut,14.0,,False
V6,V6.xlsx,319,25627.0,25639.0,Lead Uppercut,13.0,,False
V6,V6.xlsx,320,25711.0,25724.0,Lead Uppercut,14.0,,False
V6,V6.xlsx,321,25769.0,25783.0,Lead Uppercut,15.0,,False
V6,V6.xlsx,322,25828.0,25842.0,Lead Uppercut,15.0,,False
V6,V6.xlsx,323,25893.0,25904.0,Lead Uppercut,12.0,,False
V6,V6.xlsx,324,25949.0,25964.0,Lead Uppercut,16.0,,False
V6,V6.xlsx,325,29972.0,29998.0,Lead Hook,27.0,,False
V6,V6.xlsx,326,29998.0,30025.0,Rear Hook,28.0,,False
V6,V6.xlsx,327,30028.0,30054.0,Lead Uppercut,27.0,,False
V6,V6.xlsx,328,30056.0,30080.0,Rear Uppercut,25.0,,False
V6,V6.xlsx,329,30246.0,30259.0,Rear Uppercut,14.0,,False
V6,V6.xlsx,330,30253.0,30263.0,Lead Uppercut,11.0,,False
V6,V6.xlsx,331,30258.0,30268.0,Rear Uppercut,11.0,,False
V6,V6.xlsx,332,30263.0,30278.0,Lead Hook,16.0,,False
V6,V6.xlsx,333,30509.0,30531.0,Lead Hook,23.0,,False
V6,V6.xlsx,334,30535.0,30557.0,Rear Hook,23.0,,False
V6,V6.xlsx,335,30563.0,30585.0,Lead Uppercut,23.0,,False
V6,V6.xlsx,336,30594.0,30615.0,Rear Uppercut,22.0,,False
V6,V6.xlsx,337,30735.0,30758.0,Lead Hook,24.0,,False
V6,V6.xlsx,338,30756.0,30771.0,Rear Hook,16.0,,False
V6,V6.xlsx,339,30776.0,30796.0,Lead Uppercut,21.0,,False
V6,V6.xlsx,340,30803.0,30822.0,Rear Uppercut,20.0,,False
V6,V6.xlsx,341,30859.0,30878.0,Lead Hook,20.0,,False
V6,V6.xlsx,342,30874.0,30894.0,Rear Hook,21.0,,False
V6,V6.xlsx,343,30894.0,30916.0,Lead Uppercut,23.0,,False
V6,V6.xlsx,344,30920.0,30941.0,Rear Uppercut,22.0,,False
V6,V6.xlsx,345,31017.0,31042.0,Lead Uppercut,26.0,,False
V6,V6.xlsx,346,31048.0,31075.0,Rear Uppercut,28.0,,False
V6,V6.xlsx,347,31097.0,31117.0,Lead Uppercut,21.0,,False
V6,V6.xlsx,348,31133.0,31156.0,Rear Uppercut,24.0,,False
V6,V6.xlsx,349,31243.0,31262.0,Lead Hook,20.0,,False
V6,V6.xlsx,350,31264.0,31291.0,Rear Hook,28.0,,False
V6,V6.xlsx,351,31291.0,31310.0,Lead Uppercut,20.0,,False
V6,V6.xlsx,352,31316.0,31335.0,Rear Uppercut,20.0,,False
V6,V6.xlsx,353,31373.0,31396.0,Lead Hook,24.0,,False
V6,V6.xlsx,354,31390.0,31410.0,Rear Hook,21.0,,False
V6,V6.xlsx,355,31409.0,31429.0,Lead Uppercut,21.0,,False
V6,V6.xlsx,356,31436.0,31457.0,Rear Uppercut,22.0,,False
V6,V6.xlsx,357,31489.0,31507.0,Lead Hook,19.0,,False
V6,V6.xlsx,358,31502.0,31522.0,Rear Hook,21.0,,False
V6,V6.xlsx,359,31527.0,31542.0,Lead Uppercut,16.0,,False
V6,V6.xlsx,360,31538.0,31554.0,Rear Uppercut,17.0,,False
V6,V6.xlsx,361,31597.0,31615.0,Lead Hook,19.0,,False
V6,V6.xlsx,362,31611.0,31629.0,Rear Hook,19.0,,False
V6,V6.xlsx,363,31630.0,31645.0,Lead Uppercut,16.0,,False
V6,V6.xlsx,364,31641.0,31659.0,Rear Uppercut,19.0,,False
V6,V6.xlsx,365,31683.0,31700.0,Lead Hook,18.0,,False
V6,V6.xlsx,366,31695.0,31717.0,Rear Hook,23.0,,False
V6,V6.xlsx,367,31720.0,31738.0,Lead Uppercut,19.0,,False
V6,V6.xlsx,368,31746.0,31763.0,Rear Uppercut,18.0,,False
V6,V6.xlsx,369,31806.0,31822.0,Lead Hook,17.0,,False
V6,V6.xlsx,370,31819.0,31836.0,Rear Hook,18.0,,False
V6,V6.xlsx,371,31835.0,31847.0,Lead Uppercut,13.0,,False
V6,V6.xlsx,372,31845.0,31863.0,Rear Uppercut,19.0,,False
V6,V6.xlsx,373,31897.0,31916.0,Lead Hook,20.0,,False
V6,V6.xlsx,374,31910.0,31926.0,Rear Hook,17.0,,False
V6,V6.xlsx,375,31926.0,31943.0,Lead Uppercut,18.0,,False
V6,V6.xlsx,376,31938.0,31956.0,Rear Uppercut,19.0,,False
V6,V6.xlsx,377,31001.0,31020.0,Lead Hook,20.0,,False
V6,V6.xlsx,378,32012.0,32033.0,Rear Hook,22.0,,False
V6,V6.xlsx,379,32027.0,32043.0,Lead Uppercut,17.0,,False
V6,V6.xlsx,380,32040.0,32055.0,Rear Uppercut,16.0,,False
V6,V6.xlsx,381,32295.0,32310.0,Lead Hook,16.0,,False
V6,V6.xlsx,382,32305.0,32321.0,Rear Hook,17.0,,False
V6,V6.xlsx,383,32707.0,32724.0,Lead Hook,18.0,,False
V6,V6.xlsx,384,32720.0,32734.0,Rear Hook,15.0,,False
V6,V6.xlsx,385,32824.0,32837.0,Lead Hook,14.0,,False
V6,V6.xlsx,386,32834.0,32848.0,Rear Hook,15.0,,False
V6,V6.xlsx,387,32905.0,32919.0,Lead Hook,15.0,,False
V6,V6.xlsx,388,32916.0,32929.0,Rear Hook,14.0,,False
V6,V6.xlsx,389,32995.0,33010.0,Lead Hook,16.0,,False
V6,V6.xlsx,390,33006.0,33021.0,Rear Hook,16.0,,False
V6,V6.xlsx,391,33085.0,33100.0,Lead Hook,16.0,,False
V6,V6.xlsx,392,33097.0,33111.0,Rear Hook,15.0,,False
V6,V6.xlsx,393,33174.0,33189.0,Lead Hook,16.0,,False
V6,V6.xlsx,394,33184.0,33198.0,Rear Hook,15.0,,False
V6,V6.xlsx,395,33263.0,33278.0,Lead Hook,16.0,,False
V6,V6.xlsx,396,33273.0,33289.0,Rear Hook,17.0,,False
V6,V6.xlsx,397,33354.0,33368.0,Lead Hook,15.0,,False
V6,V6.xlsx,398,33363.0,33380.0,Rear Hook,18.0,,False
V6,V6.xlsx,399,33441.0,33457.0,Lead Hook,17.0,,False
V6,V6.xlsx,400,33454.0,33471.0,Rear Hook,18.0,,False
V6,V6.xlsx,401,33538.0,33555.0,Lead Hook,18.0,,False
V6,V6.xlsx,402,33550.0,33568.0,Rear Hook,19.0,,False
V6,V6.xlsx,403,33639.0,33656.0,Lead Hook,18.0,,False
V6,V6.xlsx,404,33650.0,33667.0,Rear Hook,18.0,,False
V6,V6.xlsx,405,33735.0,33753.0,Lead Hook,19.0,,False
V6,V6.xlsx,406,33748.0,33763.0,Rear Hook,16.0,,False
V6,V6.xlsx,407,33824.0,33839.0,Lead Hook,16.0,,False
V6,V6.xlsx,408,33833.0,33850.0,Rear Hook,18.0,,False
V6,V6.xlsx,409,33911.0,33929.0,Lead Hook,19.0,,False
V6,V6.xlsx,410,34063.0,34079.0,Lead Hook,17.0,,False
V6,V6.xlsx,411,34074.0,34091.0,Rear Hook,18.0,,False
V6,V6.xlsx,412,34158.0,34173.0,Lead Hook,16.0,,False
V6,V6.xlsx,413,34169.0,34185.0,Rear Hook,17.0,,False
V6,V6.xlsx,414,34245.0,34261.0,Lead Hook,17.0,,False
V6,V6.xlsx,415,34256.0,34271.0,Rear Hook,16.0,,False
V6,V6.xlsx,416,34333.0,34350.0,Lead Hook,18.0,,False
V6,V6.xlsx,417,34345.0,34361.0,Rear Hook,17.0,,False
V6,V6.xlsx,418,34420.0,34437.0,Lead Hook,18.0,,False
V6,V6.xlsx,419,34432.0,34447.0,Rear Hook,16.0,,False
V6,V6.xlsx,420,34510.0,34527.0,Lead Hook,18.0,,False
V6,V6.xlsx,421,34522.0,34538.0,Rear Hook,17.0,,False
V6,V6.xlsx,422,34600.0,34616.0,Lead Hook,17.0,,False
V6,V6.xlsx,423,34611.0,34627.0,Rear Hook,17.0,,False
V6,V6.xlsx,424,34688.0,34707.0,Lead Hook,20.0,,False
V6,V6.xlsx,425,34702.0,34718.0,Rear Hook,17.0,,False
V6,V6.xlsx,426,34793.0,34810.0,Lead Hook,18.0,,False
V6,V6.xlsx,427,34805.0,34821.0,Rear Hook,17.0,,False
V6,V6.xlsx,428,34886.0,34904.0,Lead Hook,19.0,,False
V6,V6.xlsx,429,34898.0,34915.0,Rear Hook,18.0,,False
V6,V6.xlsx,430,34979.0,34996.0,Lead Hook,18.0,,False
V6,V6.xlsx,431,34992.0,35007.0,Rear Hook,16.0,,False
V6,V6.xlsx,432,35073.0,35089.0,Lead Hook,17.0,,False
V6,V6.xlsx,433,35086.0,35100.0,Rear Hook,15.0,,False
V6,V6.xlsx,434,35166.0,35182.0,Lead Hook,17.0,,False
V6,V6.xlsx,435,35178.0,35193.0,Rear Hook,16.0,,False
V6,V6.xlsx,436,36814.0,36829.0,Lead Uppercut,16.0,,False
V6,V6.xlsx,437,36825.0,36845.0,Rear Uppercut,21.0,,False
V6,V6.xlsx,438,36843.0,36859.0,Lead Uppercut,17.0,,False
V6,V6.xlsx,439,36856.0,36875.0,Rear Uppercut,20.0,,False
V6,V6.xlsx,440,36876.0,36892.0,Lead Uppercut,17.0,,False
V6,V6.xlsx,441,36888.0,36906.0,Rear Uppercut,19.0,,False
V6,V6.xlsx,442,36905.0,36920.0,Lead Uppercut,16.0,,False
V6,V6.xlsx,443,36917.0,36936.0,Rear Uppercut,20.0,,False
V6,V6.xlsx,444,36933.0,36949.0,Lead Uppercut,17.0,,False
V6,V6.xlsx,445,36946.0,36961.0,Rear Uppercut,16.0,,False
V6,V6.xlsx,446,36961.0,36977.0,Lead Uppercut,17.0,,False
V6,V6.xlsx,447,36972.0,36987.0,Rear Uppercut,16.0,,False
V6,V6.xlsx,448,36985.0,37002.0,Lead Uppercut,18.0,,False
V6,V6.xlsx,449,36995.0,37010.0,Rear Uppercut,16.0,,False
V6,V6.xlsx,450,37009.0,37026.0,Lead Uppercut,18.0,,False
V6,V6.xlsx,451,37022.0,37032.0,Rear Uppercut,11.0,,False
V6,V6.xlsx,452,37035.0,37051.0,Lead Uppercut,17.0,,False
V6,V6.xlsx,453,37047.0,37061.0,Rear Uppercut,15.0,,False
V6,V6.xlsx,454,37061.0,37076.0,Lead Uppercut,16.0,,False
V6,V6.xlsx,455,37072.0,37088.0,Rear Uppercut,17.0,,False
V6,V6.xlsx,456,37086.0,37104.0,Lead Uppercut,19.0,,False
V6,V6.xlsx,457,37099.0,37112.0,Rear Uppercut,14.0,,False
V6,V6.xlsx,458,37113.0,37128.0,Lead Uppercut,16.0,,False
V6,V6.xlsx,459,37125.0,37138.0,Rear Uppercut,14.0,,False
V6,V6.xlsx,460,37135.0,37154.0,Lead Uppercut,20.0,,False
V6,V6.xlsx,461,37150.0,37162.0,Rear Uppercut,13.0,,False
V6,V6.xlsx,462,37163.0,37178.0,Lead Uppercut,16.0,,False
V6,V6.xlsx,463,37175.0,37190.0,Rear Uppercut,16.0,,False
V6,V6.xlsx,464,37190.0,37206.0,Lead Uppercut,17.0,,False
V6,V6.xlsx,465,37203.0,37218.0,Rear Uppercut,16.0,,False
V6,V6.xlsx,466,37216.0,37230.0,Lead Uppercut,15.0,,False
V6,V6.xlsx,467,37227.0,37241.0,Rear Uppercut,15.0,,False
V6,V6.xlsx,468,37241.0,37257.0,Lead Uppercut,17.0,,False
V6,V6.xlsx,469,37253.0,37267.0,Rear Uppercut,15.0,,False
V6,V6.xlsx,470,37267.0,37279.0,Lead Uppercut,13.0,,False
V6,V6.xlsx,471,37278.0,37292.0,Rear Uppercut,15.0,,False
V6,V6.xlsx,472,37290.0,37307.0,Lead Uppercut,18.0,,False
V6,V6.xlsx,473,37303.0,37312.0,Rear Uppercut,10.0,,False
V6,V6.xlsx,474,37317.0,37333.0,Lead Uppercut,17.0,,False
V6,V6.xlsx,475,37329.0,37341.0,Rear Uppercut,13.0,,False
V6,V6.xlsx,476,37341.0,37367.0,Lead Uppercut,27.0,,False
V6,V6.xlsx,477,37372.0,37396.0,Rear Uppercut,25.0,,False
V6,V6.xlsx,478,37399.0,37422.0,Lead Uppercut,24.0,,False
V6,V6.xlsx,479,37441.0,37453.0,Rear Uppercut,13.0,,False
V6,V6.xlsx,480,37450.0,37467.0,Lead Uppercut,18.0,,False
V6,V6.xlsx,481,37470.0,37484.0,Rear Uppercut,15.0,,False
V6,V6.xlsx,482,37480.0,37495.0,Lead Uppercut,16.0,,False
V6,V6.xlsx,483,37497.0,37511.0,Lead Uppercut,15.0,,False
V6,V6.xlsx,484,37508.0,37522.0,Rear Uppercut,15.0,,False
V6,V6.xlsx,485,37521.0,37537.0,Lead Uppercut,17.0,,False
V6,V6.xlsx,486,37535.0,37549.0,Rear Uppercut,15.0,,False
V6,V6.xlsx,487,37548.0,37564.0,Lead Uppercut,17.0,,False
V6,V6.xlsx,488,37560.0,37575.0,Rear Uppercut,16.0,,False
V6,V6.xlsx,489,37576.0,37590.0,Lead Uppercut,15.0,,False
V6,V6.xlsx,490,37587.0,37601.0,Rear Uppercut,15.0,,False
V6,V6.xlsx,491,37603.0,37621.0,Lead Uppercut,19.0,,False
V6,V6.xlsx,492,37615.0,37629.0,Rear Uppercut,15.0,,False
V6,V6.xlsx,493,37632.0,37648.0,Lead Uppercut,17.0,,False
V6,V6.xlsx,494,37644.0,37656.0,Rear Uppercut,13.0,,False
V6,V6.xlsx,495,37659.0,37675.0,Lead Uppercut,17.0,,False
V6,V6.xlsx,496,37670.0,37685.0,Rear Uppercut,16.0,,False
V6,V6.xlsx,497,37685.0,37702.0,Lead Uppercut,18.0,,False
V6,V6.xlsx,498,37697.0,37712.0,Rear Uppercut,16.0,,False
V6,V6.xlsx,499,37713.0,37730.0,Lead Uppercut,18.0,,False
V6,V6.xlsx,500,37724.0,37739.0,Rear Uppercut,16.0,,False
V6,V6.xlsx,501,37738.0,37755.0,Lead Uppercut,18.0,,False
V6,V6.xlsx,502,37750.0,37765.0,Rear Uppercut,16.0,,False
V6,V6.xlsx,503,37765.0,37779.0,Lead Uppercut,15.0,,False
V6,V6.xlsx,504,37775.0,37791.0,Rear Uppercut,17.0,,False
V6,V6.xlsx,505,37797.0,37804.0,Lead Uppercut,8.0,,False
V6,V6.xlsx,506,37801.0,37817.0,Lead Uppercut,17.0,,False
V6,V6.xlsx,507,37816.0,37829.0,Rear Uppercut,14.0,,False
V6,V6.xlsx,508,37826.0,37844.0,Lead Uppercut,19.0,,False
V6,V6.xlsx,509,37851.0,37869.0,Rear Uppercut,19.0,,False
V6,V6.xlsx,510,37865.0,37878.0,Lead Uppercut,14.0,,False
V6,V6.xlsx,511,37875.0,37891.0,Rear Uppercut,17.0,,False
V6,V6.xlsx,512,37890.0,37904.0,Lead Uppercut,15.0,,False
V6,V6.xlsx,513,37902.0,37917.0,Rear Uppercut,16.0,,False
V6,V6.xlsx,514,37915.0,37930.0,Lead Uppercut,16.0,,False
V6,V6.xlsx,515,37927.0,37940.0,Rear Uppercut,14.0,,False
V6,V6.xlsx,516,37941.0,37954.0,Lead Uppercut,14.0,,False
V6,V6.xlsx,517,37951.0,37966.0,Rear Hook,16.0,,False
V6,V6.xlsx,518,37967.0,37979.0,Lead Uppercut,13.0,,False
V6,V6.xlsx,519,37977.0,37993.0,Rear Uppercut,17.0,,False
V6,V6.xlsx,520,37991.0,38004.0,Lead Uppercut,14.0,,False
V6,V6.xlsx,521,38001.0,38016.0,Rear Uppercut,16.0,,False
V6,V6.xlsx,522,38016.0,38030.0,Lead Uppercut,15.0,,False
V6,V6.xlsx,523,38027.0,38042.0,Rear Uppercut,16.0,,False
V6,V6.xlsx,524,38042.0,38055.0,Lead Uppercut,14.0,,False
V6,V6.xlsx,525,38054.0,38066.0,Rear Uppercut,13.0,,False
V6,V6.xlsx,526,38067.0,38079.0,Lead Uppercut,13.0,,False
V6,V6.xlsx,527,38077.0,38091.0,Rear Uppercut,15.0,,False
V6,V6.xlsx,528,38092.0,38105.0,Lead Uppercut,14.0,,False
V6,V6.xlsx,529,38102.0,38118.0,Rear Uppercut,17.0,,False
V6,V6.xlsx,530,38118.0,38129.0,Lead Uppercut,12.0,,False
V6,V6.xlsx,531,38127.0,38143.0,Rear Uppercut,17.0,,False
V6,V6.xlsx,532,38141.0,38154.0,Lead Uppercut,14.0,,False
V6,V6.xlsx,533,38151.0,38168.0,Rear Uppercut,18.0,,False
V6,V6.xlsx,534,38166.0,38180.0,Lead Uppercut,15.0,,False
V6,V6.xlsx,535,38175.0,38191.0,Rear Uppercut,17.0,,False
V6,V6.xlsx,536,38189.0,38202.0,Lead Uppercut,14.0,,False
V6,V6.xlsx,537,38198.0,38215.0,Rear Uppercut,18.0,,False
V6,V6.xlsx,538,38215.0,38226.0,Lead Uppercut,12.0,,False
V6,V6.xlsx,539,38224.0,38239.0,Rear Uppercut,16.0,,False
V6,V6.xlsx,540,38238.0,38251.0,Lead Uppercut,14.0,,False
V6,V6.xlsx,541,38249.0,38263.0,Rear Uppercut,15.0,,False
V6,V6.xlsx,542,38263.0,38275.0,Lead Uppercut,13.0,,False
V6,V6.xlsx,543,38273.0,38287.0,Rear Uppercut,15.0,,False
V6,V6.xlsx,544,38286.0,38301.0,Lead Uppercut,16.0,,False
V6,V6.xlsx,545,38297.0,38313.0,Rear Uppercut,17.0,,False
V6,V6.xlsx,546,38312.0,38325.0,Lead Uppercut,14.0,,False
V6,V6.xlsx,547,38323.0,38334.0,Rear Uppercut,12.0,,False
V6,V6.xlsx,548,38336.0,38349.0,Lead Uppercut,14.0,,False
V6,V6.xlsx,549,38346.0,38364.0,Rear Uppercut,19.0,,False
V6,V6.xlsx,550,38360.0,38373.0,Lead Uppercut,14.0,,False
V6,V6.xlsx,551,38370.0,38385.0,Rear Uppercut,16.0,,False
V6,V6.xlsx,552,38385.0,38397.0,Lead Uppercut,13.0,,False
V6,V6.xlsx,553,38394.0,38409.0,Rear Uppercut,16.0,,False
V6,V6.xlsx,554,38407.0,38422.0,Lead Uppercut,16.0,,False
V6,V6.xlsx,555,38418.0,38433.0,Rear Uppercut,16.0,,False
V6,V6.xlsx,556,38431.0,38445.0,Lead Uppercut,15.0,,False
V6,V6.xlsx,557,38442.0,38459.0,Rear Uppercut,18.0,,False
V6,V6.xlsx,558,38456.0,38468.0,Lead Uppercut,13.0,,False
V6,V6.xlsx,559,38465.0,38480.0,Rear Uppercut,16.0,,False
V6,V6.xlsx,560,38480.0,38492.0,Lead Uppercut,13.0,,False
V6,V6.xlsx,561,38490.0,38501.0,Rear Uppercut,12.0,,False
V6,V6.xlsx,562,38503.0,38516.0,Lead Uppercut,14.0,,False
V6,V6.xlsx,563,38514.0,38525.0,Rear Uppercut,12.0,,False
V6,V6.xlsx,564,38526.0,38540.0,Lead Uppercut,15.0,,False
V6,V6.xlsx,565,38537.0,38552.0,Rear Uppercut,16.0,,False
V6,V6.xlsx,566,38550.0,38563.0,Lead Uppercut,14.0,,False
V6,V6.xlsx,567,38560.0,38574.0,Rear Uppercut,15.0,,False
V6,V6.xlsx,568,38574.0,38586.0,Lead Uppercut,13.0,,False
V6,V6.xlsx,569,38585.0,38601.0,Rear Uppercut,17.0,,False
V6,V6.xlsx,570,38599.0,38611.0,Lead Uppercut,13.0,,False
V6,V6.xlsx,571,38609.0,38624.0,Rear Uppercut,16.0,,False
V6,V6.xlsx,572,38622.0,38635.0,Lead Uppercut,14.0,,False
V6,V6.xlsx,573,38921.0,38945.0,Rear Uppercut,25.0,,False
V6,V6.xlsx,574,39001.0,39023.0,Lead Uppercut,23.0,,False
V6,V6.xlsx,575,39273.0,39292.0,Rear Uppercut,20.0,,False
V6,V6.xlsx,576,39323.0,39341.0,Lead Uppercut,19.0,,False
V6,V6.xlsx,577,39373.0,39389.0,Rear Uppercut,17.0,,False
V6,V6.xlsx,578,39421.0,39438.0,Rear Uppercut,18.0,,False
V6,V6.xlsx,579,39471.0,39489.0,Rear Uppercut,19.0,,False
V6,V6.xlsx,580,39685.0,39698.0,Rear Uppercut,14.0,,False
V6,V6.xlsx,581,39725.0,39739.0,Lead Uppercut,15.0,,False
V6,V6.xlsx,582,39763.0,39774.0,Lead Uppercut,12.0,,False
V6,V6.xlsx,583,39799.0,39811.0,Rear Uppercut,13.0,,False
V6,V6.xlsx,584,39866.0,39879.0,Rear Uppercut,14.0,,False
V6,V6.xlsx,585,39901.0,39916.0,Lead Uppercut,16.0,,False
V6,V6.xlsx,586,39942.0,39959.0,Lead Uppercut,18.0,,False
V6,V6.xlsx,587,39985.0,40000.0,Rear Uppercut,16.0,,False
V6,V6.xlsx,588,40029.0,40042.0,Rear Uppercut,14.0,,False
V6,V6.xlsx,589,40070.0,40084.0,Lead Uppercut,15.0,,False
V6,V6.xlsx,590,40111.0,40126.0,Lead Uppercut,16.0,,False
V6,V6.xlsx,591,40156.0,40170.0,Rear Uppercut,15.0,,False
V6,V6.xlsx,592,40197.0,40211.0,Rear Uppercut,15.0,,False
V6,V6.xlsx,593,40252.0,40266.0,Lead Uppercut,15.0,,False
V6,V6.xlsx,594,40294.0,40309.0,Lead Uppercut,16.0,,False
V6,V6.xlsx,595,40336.0,40349.0,Rear Uppercut,14.0,,False
V6,V6.xlsx,596,40382.0,40395.0,Rear Uppercut,14.0,,False
V6,V6.xlsx,597,40427.0,40441.0,Lead Uppercut,15.0,,False
V6,V6.xlsx,598,40471.0,40486.0,Lead Uppercut,16.0,,False
V6,V6.xlsx,599,40517.0,40533.0,Rear Uppercut,17.0,,False
V6,V6.xlsx,600,40562.0,40577.0,Rear Uppercut,16.0,,False
V6,V6.xlsx,601,40624.0,40639.0,Lead Uppercut,16.0,,False
V6,V6.xlsx,602,40668.0,40684.0,Lead Uppercut,17.0,,False
V6,V6.xlsx,603,40711.0,40725.0,Rear Uppercut,15.0,,False
V6,V6.xlsx,604,40755.0,40769.0,Rear Uppercut,15.0,,False
V6,V6.xlsx,605,40802.0,40818.0,Lead Uppercut,17.0,,False
V6,V6.xlsx,606,40851.0,40870.0,Lead Uppercut,20.0,,False
V6,V6.xlsx,607,40896.0,40911.0,Rear Uppercut,16.0,,False
V6,V6.xlsx,608,40945.0,40960.0,Rear Uppercut,16.0,,False
V6,V6.xlsx,609,40994.0,41012.0,Lead Uppercut,19.0,,False
V6,V6.xlsx,610,41045.0,41061.0,Lead Uppercut,17.0,,False
V6,V6.xlsx,611,41090.0,41104.0,Rear Uppercut,15.0,,False
V6,V6.xlsx,612,41137.0,41151.0,Rear Uppercut,15.0,,False
V6,V6.xlsx,613,41191.0,41206.0,Lead Uppercut,16.0,,False
V6,V6.xlsx,614,41238.0,41254.0,Lead Uppercut,17.0,,False
V6,V6.xlsx,615,41287.0,41300.0,Rear Uppercut,14.0,,False
V6,V6.xlsx,616,41336.0,41352.0,Lead Uppercut,17.0,,False
V6,V6.xlsx,617,41365.0,41379.0,Rear Uppercut,15.0,,False
V6,V6.xlsx,618,41410.0,41426.0,Lead Uppercut,17.0,,False
V6,V6.xlsx,619,41456.0,41471.0,Lead Uppercut,16.0,,False
V6,V6.xlsx,620,41499.0,41513.0,Rear Uppercut,15.0,,False
V6,V6.xlsx,621,41545.0,41558.0,Rear Uppercut,14.0,,False
V6,V6.xlsx,622,41591.0,41609.0,Lead Uppercut,19.0,,False
V6,V6.xlsx,623,41637.0,41652.0,Lead Uppercut,16.0,,False
V6,V6.xlsx,624,41685.0,41700.0,Rear Uppercut,16.0,,False
V6,V6.xlsx,625,41735.0,41749.0,Rear Uppercut,15.0,,False
V6,V6.xlsx,626,41783.0,41799.0,Lead Uppercut,17.0,,False
V6,V6.xlsx,627,41832.0,41849.0,Lead Uppercut,18.0,,False
V6,V6.xlsx,628,41878.0,41892.0,Rear Uppercut,15.0,,False
V6,V6.xlsx,629,41923.0,41934.0,Rear Uppercut,12.0,,False
V6,V6.xlsx,630,41964.0,41979.0,Lead Uppercut,16.0,,False
V6,V6.xlsx,631,42007.0,42021.0,Lead Uppercut,15.0,,False
V6,V6.xlsx,632,42051.0,42065.0,Rear Uppercut,15.0,,False
V6,V6.xlsx,633,42096.0,42109.0,Rear Uppercut,14.0,,False
V6,V6.xlsx,634,42144.0,42158.0,Lead Uppercut,15.0,,False
V6,V6.xlsx,635,42192.0,42211.0,Lead Uppercut,20.0,,False
V6,V6.xlsx,636,42287.0,42301.0,Rear Uppercut,15.0,,False
V6,V6.xlsx,637,42330.0,42347.0,Lead Uppercut,18.0,,False
V6,V6.xlsx,638,42383.0,42399.0,Lead Uppercut,17.0,,False
V6,V6.xlsx,639,42427.0,42441.0,Rear Uppercut,15.0,,False
V6,V6.xlsx,640,42486.0,42500.0,Rear Uppercut,15.0,,False
V6,V6.xlsx,641,42552.0,42568.0,Lead Uppercut,17.0,,False
V6,V6.xlsx,642,42599.0,42616.0,Lead Uppercut,18.0,,False
V6,V6.xlsx,643,42643.0,42657.0,Rear Uppercut,15.0,,False
V6,V6.xlsx,644,42692.0,42707.0,Rear Uppercut,16.0,,False
V6,V6.xlsx,645,42743.0,42757.0,Lead Uppercut,15.0,,False
V6,V6.xlsx,646,42792.0,42807.0,Lead Uppercut,16.0,,False
V6,V6.xlsx,647,42836.0,42851.0,Rear Uppercut,16.0,,False
V6,V6.xlsx,648,42898.0,42914.0,Rear Uppercut,17.0,,False
V6,V6.xlsx,649,42952.0,42971.0,Lead Uppercut,20.0,,False
V6,V6.xlsx,650,43003.0,43017.0,Rear Uppercut,15.0,,False
V6,V6.xlsx,651,43027.0,43041.0,Lead Uppercut,15.0,,False
V6,V6.xlsx,652,43112.0,43126.0,Rear Uppercut,15.0,,False
V6,V6.xlsx,653,43139.0,43155.0,Lead Uppercut,17.0,,False
V6,V6.xlsx,654,43200.0,43215.0,Rear Uppercut,16.0,,False
V6,V6.xlsx,655,43228.0,43247.0,Lead Uppercut,20.0,,False
V6,V6.xlsx,656,43272.0,43286.0,Rear Uppercut,15.0,,False
V6,V6.xlsx,657,43299.0,43314.0,Lead Uppercut,16.0,,False
V6,V6.xlsx,658,43343.0,43357.0,Rear Uppercut,15.0,,False
V6,V6.xlsx,659,43370.0,43388.0,Lead Uppercut,19.0,,False
V6,V6.xlsx,660,43413.0,43426.0,Rear Uppercut,14.0,,False
V6,V6.xlsx,661,43439.0,43459.0,Lead Uppercut,21.0,,False
V6,V6.xlsx,662,43486.0,43500.0,Rear Uppercut,15.0,,False
V6,V6.xlsx,663,43504.0,43513.0,Lead Uppercut,10.0,,False
V6,V6.xlsx,664,43556.0,43569.0,Rear Uppercut,14.0,,False
V6,V6.xlsx,665,43582.0,43600.0,Lead Uppercut,19.0,,False
V6,V6.xlsx,666,43632.0,43645.0,Rear Uppercut,14.0,,False
V6,V6.xlsx,667,43657.0,43673.0,Lead Uppercut,17.0,,False
V6,V6.xlsx,668,43704.0,43716.0,Rear Uppercut,13.0,,False
V6,V6.xlsx,669,43732.0,43747.0,Lead Uppercut,16.0,,False
V6,V6.xlsx,670,43783.0,43797.0,Rear Uppercut,15.0,,False
V6,V6.xlsx,671,43810.0,43824.0,Lead Uppercut,15.0,,False
V6,V6.xlsx,672,43853.0,43866.0,Rear Uppercut,14.0,,False
V6,V6.xlsx,673,43878.0,43894.0,Lead Uppercut,17.0,,False
V6,V6.xlsx,674,43926.0,43940.0,Rear Uppercut,15.0,,False
V6,V6.xlsx,675,43954.0,43968.0,Lead Uppercut,15.0,,False
V6,V6.xlsx,676,44001.0,44014.0,Rear Uppercut,14.0,,False
V6,V6.xlsx,677,44028.0,44042.0,Lead Uppercut,15.0,,False
V6,V6.xlsx,678,44102.0,44116.0,Rear Uppercut,15.0,,False
V6,V6.xlsx,679,44175.0,44189.0,Rear Uppercut,15.0,,False
V6,V6.xlsx,680,44201.0,44216.0,Lead Uppercut,16.0,,False
V6,V6.xlsx,681,44250.0,44263.0,Rear Uppercut,14.0,,False
V6,V6.xlsx,682,44277.0,44291.0,Lead Uppercut,15.0,,False
V6,V6.xlsx,683,44325.0,44338.0,Rear Uppercut,14.0,,False
V6,V6.xlsx,684,44352.0,44372.0,Lead Uppercut,21.0,,False
V6,V6.xlsx,685,,,,,missing_start;missing_end;missing_class,True
V6,V6.xlsx,686,,,,,missing_start;missing_end;missing_class,True
V6,V6.xlsx,687,,,,,missing_start;missing_end;missing_class,True
V6,V6.xlsx,688,,,,,missing_start;missing_end;missing_class,True
V6,V6.xlsx,689,,,,,missing_start;missing_end;missing_class,True
V6,V6.xlsx,690,,,,,missing_start;missing_end;missing_class,True
V6,V6.xlsx,691,,,,,missing_start;missing_end;missing_class,True
V6,V6.xlsx,692,,,,,missing_start;missing_end;missing_class,True
V6,V6.xlsx,693,,,,,missing_start;missing_end;missing_class,True
V6,V6.xlsx,694,,,,,missing_start;missing_end;missing_class,True
V6,V6.xlsx,695,,,,,missing_start;missing_end;missing_class,True
V6,V6.xlsx,696,,,,,missing_start;missing_end;missing_class,True
V6,V6.xlsx,697,,,,,missing_start;missing_end;missing_class,True
V6,V6.xlsx,698,,,,,missing_start;missing_end;missing_class,True
V6,V6.xlsx,699,,,,,missing_start;missing_end;missing_class,True
V6,V6.xlsx,700,,,,,missing_start;missing_end;missing_class,True
V6,V6.xlsx,701,,,,,missing_start;missing_end;missing_class,True
V6,V6.xlsx,702,,,,,missing_start;missing_end;missing_class,True
V6,V6.xlsx,703,,,,,missing_start;missing_end;missing_class,True
V6,V6.xlsx,704,,,,,missing_start;missing_end;missing_class,True
V6,V6.xlsx,705,,,,,missing_start;missing_end;missing_class,True
V6,V6.xlsx,706,,,,,missing_start;missing_end;missing_class,True
V6,V6.xlsx,707,,,,,missing_start;missing_end;missing_class,True
V6,V6.xlsx,708,,,,,missing_start;missing_end;missing_class,True
V6,V6.xlsx,709,,,,,missing_start;missing_end;missing_class,True
V6,V6.xlsx,710,,,,,missing_start;missing_end;missing_class,True
V6,V6.xlsx,711,,,,,missing_start;missing_end;missing_class,True
V6,V6.xlsx,712,,,,,missing_start;missing_end;missing_class,True
V6,V6.xlsx,713,,,,,missing_start;missing_end;missing_class,True
V6,V6.xlsx,714,,,,,missing_start;missing_end;missing_class,True
V6,V6.xlsx,715,,,,,missing_start;missing_end;missing_class,True
V6,V6.xlsx,716,,,,,missing_start;missing_end;missing_class,True
V6,V6.xlsx,717,,,,,missing_start;missing_end;missing_class,True
V6,V6.xlsx,718,,,,,missing_start;missing_end;missing_class,True
V6,V6.xlsx,719,,,,,missing_start;missing_end;missing_class,True
V6,V6.xlsx,720,,,,,missing_start;missing_end;missing_class,True
V6,V6.xlsx,721,,,,,missing_start;missing_end;missing_class,True
V6,V6.xlsx,722,,,,,missing_start;missing_end;missing_class,True
V6,V6.xlsx,723,,,,,missing_start;missing_end;missing_class,True
V6,V6.xlsx,724,,,,,missing_start;missing_end;missing_class,True
V6,V6.xlsx,725,,,,,missing_start;missing_end;missing_class,True
V6,V6.xlsx,726,,,,,missing_start;missing_end;missing_class,True
V6,V6.xlsx,727,,,,,missing_start;missing_end;missing_class,True
V6,V6.xlsx,728,,,,,missing_start;missing_end;missing_class,True
V6,V6.xlsx,729,,,,,missing_start;missing_end;missing_class,True
V6,V6.xlsx,730,,,,,missing_start;missing_end;missing_class,True
V6,V6.xlsx,731,,,,,missing_start;missing_end;missing_class,True
V6,V6.xlsx,732,,,,,missing_start;missing_end;missing_class,True
V6,V6.xlsx,733,,,,,missing_start;missing_end;missing_class,True
V6,V6.xlsx,734,,,,,missing_start;missing_end;missing_class,True
V6,V6.xlsx,735,,,,,missing_start;missing_end;missing_class,True
V6,V6.xlsx,736,,,,,missing_start;missing_end;missing_class,True
V6,V6.xlsx,737,,,,,missing_start;missing_end;missing_class,True
V6,V6.xlsx,738,,,,,missing_start;missing_end;missing_class,True
V6,V6.xlsx,739,,,,,missing_start;missing_end;missing_class,True
V6,V6.xlsx,740,,,,,missing_start;missing_end;missing_class,True
V6,V6.xlsx,741,,,,,missing_start;missing_end;missing_class,True
V6,V6.xlsx,742,,,,,missing_start;missing_end;missing_class,True
V6,V6.xlsx,743,,,,,missing_start;missing_end;missing_class,True
V6,V6.xlsx,744,,,,,missing_start;missing_end;missing_class,True
V6,V6.xlsx,745,,,,,missing_start;missing_end;missing_class,True
V6,V6.xlsx,746,,,,,missing_start;missing_end;missing_class,True
V6,V6.xlsx,747,,,,,missing_start;missing_end;missing_class,True
V6,V6.xlsx,748,,,,,missing_start;missing_end;missing_class,True
V6,V6.xlsx,749,,,,,missing_start;missing_end;missing_class,True
V6,V6.xlsx,750,,,,,missing_start;missing_end;missing_class,True
V6,V6.xlsx,751,,,,,missing_start;missing_end;missing_class,True
V6,V6.xlsx,752,,,,,missing_start;missing_end;missing_class,True
V6,V6.xlsx,753,,,,,missing_start;missing_end;missing_class,True
V6,V6.xlsx,754,,,,,missing_start;missing_end;missing_class,True
V6,V6.xlsx,755,,,,,missing_start;missing_end;missing_class,True
V6,V6.xlsx,756,,,,,missing_start;missing_end;missing_class,True
V6,V6.xlsx,757,,,,,missing_start;missing_end;missing_class,True
V6,V6.xlsx,758,,,,,missing_start;missing_end;missing_class,True
V6,V6.xlsx,759,,,,,missing_start;missing_end;missing_class,True
V6,V6.xlsx,760,,,,,missing_start;missing_end;missing_class,True
V6,V6.xlsx,761,,,,,missing_start;missing_end;missing_class,True
V6,V6.xlsx,762,,,,,missing_start;missing_end;missing_class,True
V6,V6.xlsx,763,,,,,missing_start;missing_end;missing_class,True
V6,V6.xlsx,764,,,,,missing_start;missing_end;missing_class,True
V6,V6.xlsx,765,,,,,missing_start;missing_end;missing_class,True
V6,V6.xlsx,766,,,,,missing_start;missing_end;missing_class,True
V6,V6.xlsx,767,,,,,missing_start;missing_end;missing_class,True
V6,V6.xlsx,768,,,,,missing_start;missing_end;missing_class,True
V6,V6.xlsx,769,,,,,missing_start;missing_end;missing_class,True
V6,V6.xlsx,770,,,,,missing_start;missing_end;missing_class,True
V6,V6.xlsx,771,,,,,missing_start;missing_end;missing_class,True
V6,V6.xlsx,772,,,,,missing_start;missing_end;missing_class,True
V6,V6.xlsx,773,,,,,missing_start;missing_end;missing_class,True
V6,V6.xlsx,774,,,,,missing_start;missing_end;missing_class,True
V6,V6.xlsx,775,,,,,missing_start;missing_end;missing_class,True
V6,V6.xlsx,776,,,,,missing_start;missing_end;missing_class,True
V6,V6.xlsx,777,,,,,missing_start;missing_end;missing_class,True
V6,V6.xlsx,778,,,,,missing_start;missing_end;missing_class,True
V6,V6.xlsx,779,,,,,missing_start;missing_end;missing_class,True
V6,V6.xlsx,780,,,,,missing_start;missing_end;missing_class,True
V6,V6.xlsx,781,,,,,missing_start;missing_end;missing_class,True
V6,V6.xlsx,782,,,,,missing_start;missing_end;missing_class,True
V6,V6.xlsx,783,,,,,missing_start;missing_end;missing_class,True
V6,V6.xlsx,784,,,,,missing_start;missing_end;missing_class,True
V6,V6.xlsx,785,,,,,missing_start;missing_end;missing_class,True
V6,V6.xlsx,786,,,,,missing_start;missing_end;missing_class,True
V6,V6.xlsx,787,,,,,missing_start;missing_end;missing_class,True
V6,V6.xlsx,788,,,,,missing_start;missing_end;missing_class,True
V6,V6.xlsx,789,,,,,missing_start;missing_end;missing_class,True
V6,V6.xlsx,790,,,,,missing_start;missing_end;missing_class,True
V6,V6.xlsx,791,,,,,missing_start;missing_end;missing_class,True
V6,V6.xlsx,792,,,,,missing_start;missing_end;missing_class,True
V6,V6.xlsx,793,,,,,missing_start;missing_end;missing_class,True
V6,V6.xlsx,794,,,,,missing_start;missing_end;missing_class,True
V6,V6.xlsx,795,,,,,missing_start;missing_end;missing_class,True
V6,V6.xlsx,796,,,,,missing_start;missing_end;missing_class,True
V6,V6.xlsx,797,,,,,missing_start;missing_end;missing_class,True
V6,V6.xlsx,798,,,,,missing_start;missing_end;missing_class,True
V6,V6.xlsx,799,,,,,missing_start;missing_end;missing_class,True
V6,V6.xlsx,800,,,,,missing_start;missing_end;missing_class,True
V6,V6.xlsx,801,,,,,missing_start;missing_end;missing_class,True
V6,V6.xlsx,802,,,,,missing_start;missing_end;missing_class,True
V6,V6.xlsx,803,,,,,missing_start;missing_end;missing_class,True
V7,V7.xlsx,0,4541.0,4557.0,Jab,17.0,,False
V7,V7.xlsx,1,4559.0,4574.0,Jab,16.0,,False
V7,V7.xlsx,2,4662.0,4686.0,Lead Hook,25.0,,False
V7,V7.xlsx,3,4686.0,4710.0,Rear Uppercut,25.0,,False
V7,V7.xlsx,4,4711.0,4735.0,Lead Hook,25.0,,False
V7,V7.xlsx,5,4756.0,4769.0,Jab,14.0,,False
V7,V7.xlsx,6,4770.0,4783.0,Jab,14.0,,False
V7,V7.xlsx,7,4817.0,4839.0,Lead Hook,23.0,,False
V7,V7.xlsx,8,4835.0,4855.0,Rear Uppercut,21.0,,False
V7,V7.xlsx,9,4986.0,4993.0,Jab,8.0,,False
V7,V7.xlsx,10,4994.0,5002.0,Jab,9.0,,False
V7,V7.xlsx,11,5000.0,5010.0,Cross,11.0,,False
V7,V7.xlsx,12,5093.0,5102.0,Jab,10.0,,False
V7,V7.xlsx,13,5101.0,5109.0,Jab,9.0,,False
V7,V7.xlsx,14,5107.0,5119.0,Cross,13.0,,False
V7,V7.xlsx,15,5270.0,5278.0,Jab,9.0,,False
V7,V7.xlsx,16,5278.0,5285.0,Jab,8.0,,False
V7,V7.xlsx,17,5283.0,5294.0,Cross,12.0,,False
V7,V7.xlsx,18,5390.0,5397.0,Jab,8.0,,False
V7,V7.xlsx,19,5401.0,5411.0,Cross,11.0,,False
V7,V7.xlsx,20,5409.0,5415.0,Jab,7.0,,False
V7,V7.xlsx,21,5416.0,5426.0,Jab,11.0,,False
V7,V7.xlsx,22,5916.0,5940.0,Jab,25.0,,False
V7,V7.xlsx,23,5940.0,5963.0,Cross,24.0,,False
V7,V7.xlsx,24,5955.0,5978.0,Lead Uppercut,24.0,,False
V7,V7.xlsx,25,6046.0,6066.0,Lead Uppercut,21.0,,False
V7,V7.xlsx,26,6172.0,6196.0,Lead Uppercut,25.0,,False
V7,V7.xlsx,27,6199.0,6223.0,Lead Hook,25.0,,False
V7,V7.xlsx,28,6227.0,6249.0,Cross,23.0,,False
V7,V7.xlsx,29,6244.0,6267.0,Lead Uppercut,24.0,,False
V7,V7.xlsx,30,6353.0,6364.0,Jab,12.0,,False
V7,V7.xlsx,31,6365.0,6377.0,Cross,13.0,,False
V7,V7.xlsx,32,6375.0,6393.0,Lead Uppercut,19.0,,False
V7,V7.xlsx,33,6471.0,6485.0,Jab,15.0,,False
V7,V7.xlsx,34,6484.0,6501.0,Cross,18.0,,False
V7,V7.xlsx,35,6495.0,6507.0,Lead Uppercut,13.0,,False
V7,V7.xlsx,36,6509.0,6532.0,Lead Hook,24.0,,False
V7,V7.xlsx,37,7261.0,7276.0,Lead Uppercut,16.0,,False
V7,V7.xlsx,38,7743.0,7758.0,Rear Hook,16.0,,False
V7,V7.xlsx,39,7753.0,7762.0,Lead Hook,10.0,,False
V7,V7.xlsx,40,7761.0,7777.0,Rear Uppercut,17.0,,False
V7,V7.xlsx,41,7819.0,7833.0,Rear Hook,15.0,,False
V7,V7.xlsx,42,7827.0,7840.0,Lead Uppercut,14.0,,False
V7,V7.xlsx,43,7834.0,7848.0,Rear Uppercut,15.0,,False
V7,V7.xlsx,44,7842.0,7863.0,Lead Hook,22.0,,False
V7,V7.xlsx,45,7939.0,7956.0,Rear Hook,18.0,,False
V7,V7.xlsx,46,7950.0,7962.0,Lead Uppercut,13.0,,False
V7,V7.xlsx,47,7957.0,7970.0,Rear Uppercut,14.0,,False
V7,V7.xlsx,48,7964.0,7981.0,Lead Hook,18.0,,False
V7,V7.xlsx,49,7982.0,7993.0,Cross,12.0,,False
V7,V7.xlsx,50,8109.0,8123.0,Rear Hook,15.0,,False
V7,V7.xlsx,51,8128.0,8130.0,Lead Uppercut,3.0,,False
V7,V7.xlsx,52,8125.0,8138.0,Rear Uppercut,14.0,,False
V7,V7.xlsx,53,8134.0,8151.0,Lead Hook,18.0,,False
V7,V7.xlsx,54,8151.0,8162.0,Cross,12.0,,False
V7,V7.xlsx,55,8157.0,8175.0,Lead Uppercut,19.0,,False
V7,V7.xlsx,56,9231.0,9240.0,Jab,10.0,,False
V7,V7.xlsx,57,9240.0,9248.0,Jab,9.0,,False
V7,V7.xlsx,58,9246.0,9258.0,Cross,13.0,,False
V7,V7.xlsx,59,9396.0,9404.0,Jab,9.0,,False
V7,V7.xlsx,60,9404.0,9411.0,Jab,8.0,,False
V7,V7.xlsx,61,9410.0,9419.0,Cross,10.0,,False
V7,V7.xlsx,62,9795.0,9805.0,Jab,11.0,,False
V7,V7.xlsx,63,9805.0,9813.0,Jab,9.0,,False
V7,V7.xlsx,64,9812.0,9821.0,Cross,10.0,,False
V7,V7.xlsx,65,10007.0,10015.0,Jab,9.0,,False
V7,V7.xlsx,66,10015.0,10022.0,Jab,8.0,,False
V7,V7.xlsx,67,10021.0,10031.0,Cross,11.0,,False
V7,V7.xlsx,68,10196.0,10204.0,Jab,9.0,,False
V7,V7.xlsx,69,10204.0,10212.0,Jab,9.0,,False
V7,V7.xlsx,70,10211.0,10221.0,Cross,11.0,,False
V7,V7.xlsx,71,10389.0,10398.0,Jab,10.0,,False
V7,V7.xlsx,72,10398.0,10405.0,Jab,8.0,,False
V7,V7.xlsx,73,10403.0,10414.0,Cross,12.0,,False
V7,V7.xlsx,74,10582.0,10592.0,Jab,11.0,,False
V7,V7.xlsx,75,10592.0,10600.0,Jab,9.0,,False
V7,V7.xlsx,76,10599.0,10608.0,Cross,10.0,,False
V7,V7.xlsx,77,10607.0,10624.0,Lead Hook,18.0,,False
V7,V7.xlsx,78,10773.0,10782.0,Cross,10.0,,False
V7,V7.xlsx,79,10780.0,10793.0,Lead Hook,14.0,,False
V7,V7.xlsx,80,10970.0,10979.0,Cross,10.0,,False
V7,V7.xlsx,81,10977.0,10991.0,Lead Hook,15.0,,False
V7,V7.xlsx,82,11131.0,11140.0,Cross,10.0,,False
V7,V7.xlsx,83,11140.0,11154.0,Lead Hook,15.0,,False
V7,V7.xlsx,84,11281.0,11289.0,Cross,9.0,,False
V7,V7.xlsx,85,11287.0,11300.0,Lead Hook,14.0,,False
V7,V7.xlsx,86,11463.0,11473.0,Cross,11.0,,False
V7,V7.xlsx,87,11470.0,11484.0,Lead Hook,15.0,,False
V7,V7.xlsx,88,11629.0,11637.0,Cross,9.0,,False
V7,V7.xlsx,89,11636.0,11656.0,Cross,21.0,,False
V7,V7.xlsx,90,11826.0,11834.0,Cross,9.0,,False
V7,V7.xlsx,91,11833.0,11847.0,Lead Hook,15.0,,False
V7,V7.xlsx,92,11966.0,11974.0,Cross,9.0,,False
V7,V7.xlsx,93,11972.0,11983.0,Lead Hook,12.0,,False
V7,V7.xlsx,94,11983.0,11995.0,Rear Uppercut,13.0,,False
V7,V7.xlsx,95,12173.0,12182.0,Cross,10.0,,False
V7,V7.xlsx,96,12179.0,12188.0,Lead Hook,10.0,,False
V7,V7.xlsx,97,12183.0,12201.0,Rear Uppercut,19.0,,False
V7,V7.xlsx,98,12425.0,12433.0,Cross,9.0,,False
V7,V7.xlsx,99,12430.0,12440.0,Lead Hook,11.0,,False
V7,V7.xlsx,100,12435.0,12453.0,Rear Uppercut,19.0,,False
V7,V7.xlsx,101,12610.0,12618.0,Cross,9.0,,False
V7,V7.xlsx,102,12615.0,12626.0,Lead Hook,12.0,,False
V7,V7.xlsx,103,12622.0,12635.0,Rear Uppercut,14.0,,False
V7,V7.xlsx,104,12777.0,12787.0,Cross,11.0,,False
V7,V7.xlsx,105,12785.0,12794.0,Lead Hook,10.0,,False
V7,V7.xlsx,106,12790.0,12805.0,Rear Uppercut,16.0,,False
V7,V7.xlsx,107,12984.0,12995.0,Lead Hook,12.0,,False
V7,V7.xlsx,108,12991.0,13005.0,Rear Uppercut,15.0,,False
V7,V7.xlsx,109,13163.0,13174.0,Lead Hook,12.0,,False
V7,V7.xlsx,110,13170.0,13184.0,Rear Uppercut,15.0,,False
V7,V7.xlsx,111,13327.0,13346.0,Lead Hook,20.0,,False
V7,V7.xlsx,112,13340.0,13353.0,Rear Uppercut,14.0,,False
V7,V7.xlsx,113,13350.0,13366.0,Lead Hook,17.0,,False
V7,V7.xlsx,114,13487.0,13499.0,Lead Hook,13.0,,False
V7,V7.xlsx,115,13495.0,13506.0,Rear Uppercut,12.0,,False
V7,V7.xlsx,116,13501.0,13517.0,Lead Hook,17.0,,False
V7,V7.xlsx,117,13636.0,13644.0,Lead Hook,9.0,,False
V7,V7.xlsx,118,13639.0,13649.0,Rear Uppercut,11.0,,False
V7,V7.xlsx,119,13647.0,13663.0,Lead Hook,17.0,,False
V7,V7.xlsx,120,13807.0,13817.0,Lead Hook,11.0,,False
V7,V7.xlsx,121,13811.0,13821.0,Rear Uppercut,11.0,,False
V7,V7.xlsx,122,13818.0,13838.0,Lead Hook,21.0,,False
V7,V7.xlsx,123,13965.0,13976.0,Lead Hook,12.0,,False
V7,V7.xlsx,124,13970.0,13983.0,Rear Uppercut,14.0,,False
V7,V7.xlsx,125,13978.0,13997.0,Lead Hook,20.0,,False
V7,V7.xlsx,126,14162.0,14175.0,Lead Hook,14.0,,False
V7,V7.xlsx,127,14169.0,14181.0,Rear Uppercut,13.0,,False
V7,V7.xlsx,128,14177.0,14193.0,Lead Hook,17.0,,False
V7,V7.xlsx,129,14394.0,14406.0,Lead Hook,13.0,,False
V7,V7.xlsx,130,14400.0,14410.0,Rear Uppercut,11.0,,False
V7,V7.xlsx,131,14407.0,14425.0,Lead Hook,19.0,,False
V7,V7.xlsx,132,14644.0,14661.0,Lead Uppercut,18.0,,False
V7,V7.xlsx,133,14788.0,14799.0,Lead Uppercut,12.0,,False
V7,V7.xlsx,134,15040.0,15051.0,Lead Uppercut,12.0,,False
V7,V7.xlsx,135,15197.0,15208.0,Lead Uppercut,12.0,,False
V7,V7.xlsx,136,15375.0,15387.0,Lead Uppercut,13.0,,False
V7,V7.xlsx,137,15517.0,15527.0,Lead Uppercut,11.0,,False
V7,V7.xlsx,138,15693.0,15704.0,Lead Uppercut,12.0,,False
V7,V7.xlsx,139,15843.0,15852.0,Lead Uppercut,10.0,,False
V7,V7.xlsx,140,16011.0,16024.0,Lead Uppercut,14.0,,False
V7,V7.xlsx,141,16026.0,16041.0,Lead Hook,16.0,,False
V7,V7.xlsx,142,16145.0,16155.0,Lead Uppercut,11.0,,False
V7,V7.xlsx,143,16158.0,16171.0,Lead Hook,14.0,,False
V7,V7.xlsx,144,16362.0,16369.0,Lead Uppercut,8.0,,False
V7,V7.xlsx,145,16371.0,16389.0,Lead Hook,19.0,,False
V7,V7.xlsx,146,16487.0,16497.0,Lead Uppercut,11.0,,False
V7,V7.xlsx,147,16499.0,16513.0,Lead Hook,15.0,,False
V7,V7.xlsx,148,16638.0,16649.0,Lead Uppercut,12.0,,False
V7,V7.xlsx,149,16651.0,16663.0,Lead Hook,13.0,,False
V7,V7.xlsx,150,16807.0,16816.0,Lead Uppercut,10.0,,False
V7,V7.xlsx,151,16818.0,16832.0,Lead Hook,15.0,,False
V7,V7.xlsx,152,16984.0,16993.0,Lead Uppercut,10.0,,False
V7,V7.xlsx,153,16994.0,17009.0,Lead Hook,16.0,,False
V7,V7.xlsx,154,17160.0,17169.0,Lead Uppercut,10.0,,False
V7,V7.xlsx,155,17170.0,17191.0,Lead Hook,22.0,,False
V7,V7.xlsx,156,17320.0,17334.0,Lead Uppercut,15.0,,False
V7,V7.xlsx,157,17336.0,17351.0,Lead Hook,16.0,,False
V7,V7.xlsx,158,17454.0,17463.0,Lead Uppercut,10.0,,False
V7,V7.xlsx,159,17463.0,17474.0,Lead Hook,12.0,,False
V7,V7.xlsx,160,17819.0,17828.0,Lead Uppercut,10.0,,False
V7,V7.xlsx,161,17828.0,17838.0,Lead Hook,11.0,,False
V7,V7.xlsx,162,17999.0,18008.0,Lead Uppercut,10.0,,False
V7,V7.xlsx,163,18010.0,18019.0,Lead Hook,10.0,,False
V7,V7.xlsx,164,18141.0,18149.0,Lead Uppercut,9.0,,False
V7,V7.xlsx,165,18150.0,18158.0,Lead Hook,9.0,,False
V7,V7.xlsx,166,18238.0,18249.0,Lead Uppercut,12.0,,False
V7,V7.xlsx,167,18253.0,18269.0,Lead Hook,17.0,,False
V7,V7.xlsx,168,18363.0,18373.0,Lead Uppercut,11.0,,False
V7,V7.xlsx,169,18374.0,18382.0,Lead Hook,9.0,,False
V7,V7.xlsx,170,18576.0,18588.0,Lead Uppercut,13.0,,False
V7,V7.xlsx,171,18588.0,18598.0,Lead Hook,11.0,,False
V7,V7.xlsx,172,18602.0,18615.0,Lead Uppercut,14.0,,False
V7,V7.xlsx,173,18795.0,18803.0,Lead Uppercut,9.0,,False
V7,V7.xlsx,174,18804.0,18814.0,Lead Hook,11.0,,False
V7,V7.xlsx,175,18818.0,18830.0,Lead Uppercut,13.0,,False
V7,V7.xlsx,176,18988.0,18998.0,Lead Uppercut,11.0,,False
V7,V7.xlsx,177,19051.0,19063.0,Lead Uppercut,13.0,,False
V7,V7.xlsx,178,19213.0,19222.0,Lead Uppercut,10.0,,False
V7,V7.xlsx,179,19224.0,19241.0,Lead Hook,18.0,,False
V7,V7.xlsx,180,19247.0,19257.0,Lead Uppercut,11.0,,False
V7,V7.xlsx,181,19361.0,19370.0,Lead Uppercut,10.0,,False
V7,V7.xlsx,182,19371.0,19380.0,Lead Hook,10.0,,False
V7,V7.xlsx,183,19385.0,19393.0,Lead Uppercut,9.0,,False
V7,V7.xlsx,184,19525.0,19533.0,Lead Uppercut,9.0,,False
V7,V7.xlsx,185,19535.0,19544.0,Lead Hook,10.0,,False
V7,V7.xlsx,186,19547.0,19557.0,Lead Uppercut,11.0,,False
V7,V7.xlsx,187,19684.0,19692.0,Lead Uppercut,9.0,,False
V7,V7.xlsx,188,19695.0,19704.0,Lead Hook,10.0,,False
V7,V7.xlsx,189,19709.0,19719.0,Lead Uppercut,11.0,,False
V7,V7.xlsx,190,19824.0,19833.0,Lead Uppercut,10.0,,False
V7,V7.xlsx,191,19835.0,19845.0,Lead Hook,11.0,,False
V7,V7.xlsx,192,19850.0,19859.0,Lead Uppercut,10.0,,False
V7,V7.xlsx,193,19996.0,20018.0,Rear Hook,23.0,,False
V7,V7.xlsx,194,20014.0,20034.0,Lead Hook,21.0,,False
V8,V8.xlsx,0,1372.0,1381.0,Jab,10.0,,False
V8,V8.xlsx,1,1437.0,1445.0,Jab,9.0,,False
V8,V8.xlsx,2,1446.0,1454.0,Jab,9.0,,False
V8,V8.xlsx,3,1481.0,1488.0,Jab,8.0,,False
V8,V8.xlsx,4,1497.0,1505.0,Cross,9.0,,False
V8,V8.xlsx,5,1535.0,1554.0,Lead Uppercut,20.0,,False
V8,V8.xlsx,6,1568.0,1583.0,Rear Uppercut,16.0,,False
V8,V8.xlsx,7,1737.0,1746.0,Cross,10.0,,False
V8,V8.xlsx,8,1741.0,1756.0,Lead Hook,16.0,,False
V8,V8.xlsx,9,1752.0,1758.0,Rear Uppercut,7.0,,False
V8,V8.xlsx,10,1759.0,1776.0,Lead Hook,18.0,,False
V8,V8.xlsx,11,1829.0,1839.0,Jab,11.0,,False
V8,V8.xlsx,12,1846.0,1854.0,Jab,9.0,,False
V8,V8.xlsx,13,1853.0,1860.0,Cross,8.0,,False
V8,V8.xlsx,14,1858.0,1870.0,Lead Hook,13.0,,False
V8,V8.xlsx,15,1886.0,1894.0,Cross,9.0,,False
V8,V8.xlsx,16,1889.0,1898.0,Lead Uppercut,10.0,,False
V8,V8.xlsx,17,1902.0,1913.0,Lead Hook,12.0,,False
V8,V8.xlsx,18,1941.0,1955.0,Rear Uppercut,15.0,,False
V8,V8.xlsx,19,1955.0,1967.0,Lead Hook,13.0,,False
V8,V8.xlsx,20,4849.0,4859.0,Jab,11.0,,False
V8,V8.xlsx,21,4906.0,4915.0,Jab,10.0,,False
V8,V8.xlsx,22,4915.0,4923.0,Jab,9.0,,False
V8,V8.xlsx,23,5055.0,5063.0,Jab,9.0,,False
V8,V8.xlsx,24,5120.0,5128.0,Jab,9.0,,False
V8,V8.xlsx,25,5128.0,5137.0,Jab,10.0,,False
V8,V8.xlsx,26,5191.0,5198.0,Jab,8.0,,False
V8,V8.xlsx,27,5199.0,5208.0,Jab,10.0,,False
V8,V8.xlsx,28,5361.0,5371.0,Jab,11.0,,False
V8,V8.xlsx,29,5427.0,5440.0,Jab,14.0,,False
V8,V8.xlsx,30,5522.0,5532.0,Jab,11.0,,False
V8,V8.xlsx,31,5634.0,5642.0,Jab,9.0,,False
V8,V8.xlsx,32,5642.0,5650.0,Jab,9.0,,False
V8,V8.xlsx,33,5650.0,5659.0,Jab,10.0,,False
V8,V8.xlsx,34,5695.0,5704.0,Jab,10.0,,False
V8,V8.xlsx,35,5761.0,5770.0,Jab,10.0,,False
V8,V8.xlsx,36,5774.0,5783.0,Jab,10.0,,False
V8,V8.xlsx,37,5842.0,5853.0,Jab,12.0,,False
V8,V8.xlsx,38,5938.0,5948.0,Jab,11.0,,False
V8,V8.xlsx,39,6962.0,6971.0,Cross,10.0,,False
V8,V8.xlsx,40,7018.0,7027.0,Cross,10.0,,False
V8,V8.xlsx,41,7095.0,7104.0,Cross,10.0,,False
V8,V8.xlsx,42,7143.0,7153.0,Cross,11.0,,False
V8,V8.xlsx,43,7249.0,7259.0,Cross,11.0,,False
V8,V8.xlsx,44,7321.0,7330.0,Cross,10.0,,False
V8,V8.xlsx,45,7326.0,7335.0,Lead Uppercut,10.0,,False
V8,V8.xlsx,46,7580.0,7590.0,Cross,11.0,,False
V8,V8.xlsx,47,7699.0,7709.0,Cross,11.0,,False
V8,V8.xlsx,48,7920.0,7929.0,Cross,10.0,,False
V8,V8.xlsx,49,7974.0,7984.0,Cross,11.0,,False
V8,V8.xlsx,50,8064.0,8073.0,Cross,10.0,,False
V8,V8.xlsx,51,8068.0,8079.0,Lead Uppercut,12.0,,False
V8,V8.xlsx,52,8098.0,8107.0,Cross,10.0,,False
V8,V8.xlsx,53,8152.0,8161.0,Cross,10.0,,False
V8,V8.xlsx,54,8242.0,8252.0,Cross,11.0,,False
V8,V8.xlsx,55,8302.0,8325.0,Cross,24.0,,False
V8,V8.xlsx,56,8471.0,8480.0,Cross,10.0,,False
V8,V8.xlsx,57,8474.0,8493.0,Lead Hook,20.0,,False
V8,V8.xlsx,58,8534.0,8549.0,Lead Hook,16.0,,False
V8,V8.xlsx,59,8637.0,8646.0,Lead Hook,10.0,,False
V8,V8.xlsx,60,8756.0,8764.0,Cross,9.0,,False
V8,V8.xlsx,61,8760.0,8779.0,Lead Hook,20.0,,False
V8,V8.xlsx,62,8842.0,8857.0,Lead Uppercut,16.0,,False
V8,V8.xlsx,63,8913.0,8921.0,Lead Hook,9.0,,False
V8,V8.xlsx,64,8913.0,8935.0,Lead Uppercut,23.0,,False
V8,V8.xlsx,65,8988.0,9007.0,Lead Hook,20.0,,False
V8,V8.xlsx,66,9065.0,9080.0,Lead Hook,16.0,,False
V8,V8.xlsx,67,9084.0,9095.0,Lead Uppercut,12.0,,False
V8,V8.xlsx,68,9114.0,9122.0,Cross,9.0,,False
V8,V8.xlsx,69,9121.0,9132.0,Lead Hook,12.0,,False
V8,V8.xlsx,70,9181.0,9197.0,Lead Uppercut,17.0,,False
V8,V8.xlsx,71,9214.0,9230.0,Rear Uppercut,17.0,,False
V8,V8.xlsx,72,9272.0,9287.0,Lead Hook,16.0,,False
V8,V8.xlsx,73,9286.0,9299.0,Rear Uppercut,14.0,,False
V8,V8.xlsx,74,9335.0,9344.0,Cross,10.0,,False
V8,V8.xlsx,75,9339.0,9350.0,Lead Uppercut,12.0,,False
V8,V8.xlsx,76,9357.0,9369.0,Rear Uppercut,13.0,,False
V8,V8.xlsx,77,9365.0,9382.0,Lead Hook,18.0,,False
V8,V8.xlsx,78,9406.0,9419.0,Lead Hook,14.0,,False
V8,V8.xlsx,79,9444.0,9459.0,Rear Uppercut,16.0,,False
V8,V8.xlsx,80,9534.0,9547.0,Rear Uppercut,14.0,,False
V8,V8.xlsx,81,9600.0,9610.0,Cross,11.0,,False
V8,V8.xlsx,82,9637.0,9646.0,Cross,10.0,,False
V8,V8.xlsx,83,9643.0,9651.0,Lead Uppercut,9.0,,False
V8,V8.xlsx,84,9652.0,9662.0,Lead Hook,11.0,,False
V8,V8.xlsx,85,9660.0,9671.0,Rear Uppercut,12.0,,False
V8,V8.xlsx,86,9670.0,9685.0,Lead Hook,16.0,,False
V8,V8.xlsx,87,9732.0,9740.0,Cross,9.0,,False
V8,V8.xlsx,88,9747.0,9757.0,Lead Hook,11.0,,False
V8,V8.xlsx,89,9775.0,9784.0,Cross,10.0,,False
V8,V8.xlsx,90,9792.0,9806.0,Lead Hook,15.0,,False
V8,V8.xlsx,91,9838.0,9855.0,Lead Hook,18.0,,False
V8,V8.xlsx,92,9885.0,9900.0,Lead Hook,16.0,,False
V8,V8.xlsx,93,9901.0,9917.0,Rear Uppercut,17.0,,False
V8,V8.xlsx,94,9982.0,9991.0,Rear Uppercut,10.0,,False
V8,V8.xlsx,95,9988.0,10002.0,Lead Hook,15.0,,False
V8,V8.xlsx,96,10049.0,10057.0,Lead Hook,9.0,,False
V8,V8.xlsx,97,10058.0,10068.0,Lead Hook,11.0,,False
V8,V8.xlsx,98,10123.0,10136.0,Lead Hook,14.0,,False
V8,V8.xlsx,99,10142.0,10150.0,Lead Uppercut,9.0,,False
V8,V8.xlsx,100,10157.0,10169.0,Rear Uppercut,13.0,,False
V8,V8.xlsx,101,10480.0,10489.0,Cross,10.0,,False
V8,V8.xlsx,102,10561.0,10569.0,Cross,9.0,,False
V8,V8.xlsx,103,10726.0,10742.0,Lead Hook,17.0,,False
V8,V8.xlsx,104,10811.0,10829.0,Lead Hook,19.0,,False
V8,V8.xlsx,105,11018.0,11027.0,Cross,10.0,,False
V8,V8.xlsx,106,11088.0,11101.0,Lead Hook,14.0,,False
V8,V8.xlsx,107,11185.0,11206.0,Lead Hook,22.0,,False
V8,V8.xlsx,108,11215.0,11227.0,Lead Hook,13.0,,False
V8,V8.xlsx,109,11303.0,11309.0,Cross,7.0,,False
V8,V8.xlsx,110,11400.0,11406.0,Cross,7.0,,False
V8,V8.xlsx,111,11405.0,11416.0,Lead Hook,12.0,,False
V8,V8.xlsx,112,11470.0,11482.0,Lead Hook,13.0,,False
V8,V8.xlsx,113,12173.0,12189.0,Lead Hook,17.0,,False
V8,V8.xlsx,114,12253.0,12261.0,Lead Hook,9.0,,False
V8,V8.xlsx,115,12386.0,12395.0,Lead Uppercut,10.0,,False
V8,V8.xlsx,116,12474.0,12484.0,Lead Hook,11.0,,False
V8,V8.xlsx,117,12483.0,12492.0,Rear Uppercut,10.0,,False
V8,V8.xlsx,118,12492.0,12505.0,Lead Hook,14.0,,False
V8,V8.xlsx,119,12571.0,12584.0,Lead Hook,14.0,,False
V8,V8.xlsx,120,13045.0,13054.0,Lead Hook,10.0,,False
V8,V8.xlsx,121,13121.0,13136.0,Lead Hook,16.0,,False
V8,V8.xlsx,122,13510.0,13519.0,Lead Uppercut,10.0,,False
V8,V8.xlsx,123,13567.0,13576.0,Lead Hook,10.0,,False
V8,V8.xlsx,124,13584.0,13595.0,Lead Hook,12.0,,False
V8,V8.xlsx,125,13727.0,13735.0,Lead Hook,9.0,,False
V8,V8.xlsx,126,14056.0,14072.0,Lead Hook,17.0,,False
V8,V8.xlsx,127,14159.0,14173.0,Lead Hook,15.0,,False
V8,V8.xlsx,128,14181.0,14197.0,Lead Hook,17.0,,False
V8,V8.xlsx,129,14357.0,14367.0,Lead Hook,11.0,,False
V8,V8.xlsx,130,14636.0,14648.0,Lead Hook,13.0,,False
V8,V8.xlsx,131,15110.0,15121.0,Lead Hook,12.0,,False
V8,V8.xlsx,132,15235.0,15249.0,Lead Hook,15.0,,False
V8,V8.xlsx,133,15273.0,15288.0,Lead Hook,16.0,,False
V8,V8.xlsx,134,15352.0,15363.0,Lead Hook,12.0,,False
V8,V8.xlsx,135,15441.0,15450.0,Lead Hook,10.0,,False
V8,V8.xlsx,136,15466.0,15477.0,Lead Hook,12.0,,False
V8,V8.xlsx,137,15536.0,15544.0,Lead Hook,9.0,,False
V8,V8.xlsx,138,15774.0,15784.0,Lead Hook,11.0,,False
V8,V8.xlsx,139,15830.0,15843.0,Lead Hook,14.0,,False
V8,V8.xlsx,140,15883.0,15891.0,Rear Uppercut,9.0,,False
V8,V8.xlsx,141,15889.0,15904.0,Lead Hook,16.0,,False
V8,V8.xlsx,142,15961.0,15969.0,Lead Uppercut,9.0,,False
V8,V8.xlsx,143,15973.0,15985.0,Lead Hook,13.0,,False
V8,V8.xlsx,144,16135.0,16149.0,Lead Hook,15.0,,False
V8,V8.xlsx,145,16275.0,16284.0,Rear Uppercut,10.0,,False
V8,V8.xlsx,146,16288.0,16301.0,Lead Hook,14.0,,False
V8,V8.xlsx,147,16305.0,16317.0,Lead Uppercut,13.0,,False
V8,V8.xlsx,148,16327.0,16337.0,Lead Hook,11.0,,False
V8,V8.xlsx,149,16472.0,16481.0,Lead Hook,10.0,,False
V8,V8.xlsx,150,16496.0,16507.0,Lead Uppercut,12.0,,False
V8,V8.xlsx,151,16534.0,16547.0,Lead Hook,14.0,,False
V8,V8.xlsx,152,16560.0,16569.0,Rear Uppercut,10.0,,False
V8,V8.xlsx,153,16569.0,16579.0,Lead Hook,11.0,,False
V8,V8.xlsx,154,16685.0,16693.0,Lead Hook,9.0,,False
V8,V8.xlsx,155,16700.0,16712.0,Lead Uppercut,13.0,,False
V8,V8.xlsx,156,16790.0,16801.0,Lead Hook,12.0,,False
V8,V8.xlsx,157,16805.0,16817.0,Lead Uppercut,13.0,,False
V8,V8.xlsx,158,16831.0,16839.0,Lead Hook,9.0,,False
V8,V8.xlsx,159,16924.0,16932.0,Lead Hook,9.0,,False
V8,V8.xlsx,160,17109.0,17119.0,Lead Uppercut,11.0,,False
V8,V8.xlsx,161,17121.0,17133.0,Lead Hook,13.0,,False
V8,V8.xlsx,162,17335.0,17346.0,Lead Hook,12.0,,False
V8,V8.xlsx,163,17345.0,17352.0,Rear Uppercut,8.0,,False
V8,V8.xlsx,164,17349.0,17356.0,Lead Uppercut,8.0,,False
V8,V8.xlsx,165,17353.0,17359.0,Rear Uppercut,7.0,,False
V8,V8.xlsx,166,17362.0,17374.0,Lead Uppercut,13.0,,False
V8,V8.xlsx,167,17695.0,17709.0,Lead Hook,15.0,,False
V8,V8.xlsx,168,17776.0,17787.0,Lead Hook,12.0,,False
V8,V8.xlsx,169,17810.0,17823.0,Rear Uppercut,14.0,,False
V8,V8.xlsx,170,17823.0,17836.0,Lead Hook,14.0,,False
V8,V8.xlsx,171,17873.0,17888.0,Rear Uppercut,16.0,,False
V8,V8.xlsx,172,17912.0,17925.0,Lead Uppercut,14.0,,False
V8,V8.xlsx,173,17948.0,17959.0,Lead Uppercut,12.0,,False
V8,V8.xlsx,174,18011.0,18022.0,Lead Uppercut,12.0,,False
V8,V8.xlsx,175,18067.0,18079.0,Lead Uppercut,13.0,,False
V8,V8.xlsx,176,18121.0,18136.0,Lead Hook,16.0,,False
V8,V8.xlsx,177,18384.0,18398.0,Lead Uppercut,15.0,,False
V8,V8.xlsx,178,18406.0,18422.0,Lead Hook,17.0,,False
V8,V8.xlsx,179,18419.0,18433.0,Rear Uppercut,15.0,,False
V8,V8.xlsx,180,18435.0,18447.0,Lead Hook,13.0,,False
V8,V8.xlsx,181,18466.0,18478.0,Lead Uppercut,13.0,,False
V8,V8.xlsx,182,18523.0,18532.0,Rear Uppercut,10.0,,False
V8,V8.xlsx,183,18531.0,18543.0,Lead Hook,13.0,,False
V8,V8.xlsx,184,18597.0,18610.0,Lead Hook,14.0,,False
V8,V8.xlsx,185,18615.0,18627.0,Lead Uppercut,13.0,,False
V8,V8.xlsx,186,18654.0,18665.0,Rear Uppercut,12.0,,False
V8,V8.xlsx,187,18663.0,18676.0,Lead Hook,14.0,,False
V8,V8.xlsx,188,18711.0,18727.0,Lead Hook,17.0,,False
V8,V8.xlsx,189,18776.0,18788.0,Rear Uppercut,13.0,,False
V8,V8.xlsx,190,18784.0,18795.0,Lead Hook,12.0,,False
V8,V8.xlsx,191,18965.0,18977.0,Lead Hook,13.0,,False
V8,V8.xlsx,192,19033.0,19047.0,Lead Hook,15.0,,False
V8,V8.xlsx,193,19065.0,19076.0,Rear Uppercut,12.0,,False
V8,V8.xlsx,194,19072.0,19089.0,Lead Hook,18.0,,False
V8,V8.xlsx,195,19117.0,19131.0,Lead Uppercut,15.0,,False
V8,V8.xlsx,196,19162.0,19175.0,Lead Hook,14.0,,False
V8,V8.xlsx,197,19336.0,19351.0,Lead Hook,16.0,,False
V8,V8.xlsx,198,19378.0,19391.0,Lead Hook,14.0,,False
V9,V9.xlsx,0,3459.0,3473.0,Jab,15.0,,False
V9,V9.xlsx,1,3474.0,3483.0,Cross,10.0,,False
V9,V9.xlsx,2,3562.0,3569.0,Jab,8.0,,False
V9,V9.xlsx,3,3570.0,3578.0,Cross,9.0,,False
V9,V9.xlsx,4,3824.0,3831.0,Jab,8.0,,False
V9,V9.xlsx,5,3832.0,3841.0,Cross,10.0,,False
V9,V9.xlsx,6,4015.0,4022.0,Jab,8.0,,False
V9,V9.xlsx,7,4023.0,4031.0,Cross,9.0,,False
V9,V9.xlsx,8,4363.0,4370.0,Jab,8.0,,False
V9,V9.xlsx,9,4371.0,4379.0,Cross,9.0,,False
V9,V9.xlsx,10,4407.0,4413.0,Jab,7.0,,False
V9,V9.xlsx,11,4414.0,4423.0,Cross,10.0,,False
V9,V9.xlsx,12,4470.0,4476.0,Jab,7.0,,False
V9,V9.xlsx,13,4477.0,4485.0,Cross,9.0,,False
V9,V9.xlsx,14,4658.0,4665.0,Jab,8.0,,False
V9,V9.xlsx,15,4666.0,4673.0,Cross,8.0,,False
V9,V9.xlsx,16,4697.0,4704.0,Jab,8.0,,False
V9,V9.xlsx,17,4705.0,4714.0,Cross,10.0,,False
V9,V9.xlsx,18,4728.0,4735.0,Jab,8.0,,False
V9,V9.xlsx,19,4736.0,4747.0,Cross,12.0,,False
V9,V9.xlsx,20,5463.0,5478.0,Lead Uppercut,16.0,,False
V9,V9.xlsx,21,5479.0,5493.0,Rear Uppercut,15.0,,False
V9,V9.xlsx,22,5729.0,5738.0,Lead Uppercut,10.0,,False
V9,V9.xlsx,23,5739.0,5749.0,Rear Uppercut,11.0,,False
V9,V9.xlsx,24,5850.0,5860.0,Lead Uppercut,11.0,,False
V9,V9.xlsx,25,5861.0,5870.0,Rear Uppercut,10.0,,False
V9,V9.xlsx,26,5831.0,5941.0,Lead Uppercut,111.0,,False
V9,V9.xlsx,27,5942.0,5952.0,Rear Uppercut,11.0,,False
V9,V9.xlsx,28,6015.0,6023.0,Lead Uppercut,9.0,,False
V9,V9.xlsx,29,6024.0,6034.0,Rear Uppercut,11.0,,False
V9,V9.xlsx,30,6221.0,6230.0,Lead Uppercut,10.0,,False
V9,V9.xlsx,31,6231.0,6240.0,Rear Uppercut,10.0,,False
V9,V9.xlsx,32,6284.0,6292.0,Lead Uppercut,9.0,,False
V9,V9.xlsx,33,6293.0,6301.0,Rear Uppercut,9.0,,False
V9,V9.xlsx,34,6346.0,6354.0,Lead Uppercut,9.0,,False
V9,V9.xlsx,35,6355.0,6363.0,Rear Uppercut,9.0,,False
V9,V9.xlsx,36,6404.0,6411.0,Lead Uppercut,8.0,,False
V9,V9.xlsx,37,6412.0,6422.0,Rear Uppercut,11.0,,False
V9,V9.xlsx,38,6463.0,6471.0,Lead Uppercut,9.0,,False
V9,V9.xlsx,39,6472.0,6482.0,Rear Uppercut,11.0,,False
V9,V9.xlsx,40,6524.0,6531.0,Lead Uppercut,8.0,,False
V9,V9.xlsx,41,6532.0,6543.0,Rear Uppercut,12.0,,False
V9,V9.xlsx,42,6575.0,6582.0,Lead Uppercut,8.0,,False
V9,V9.xlsx,43,6583.0,6593.0,Rear Uppercut,11.0,,False
V9,V9.xlsx,44,6608.0,6616.0,Lead Uppercut,9.0,,False
V9,V9.xlsx,45,6617.0,6627.0,Rear Uppercut,11.0,,False
V9,V9.xlsx,46,6641.0,6650.0,Lead Uppercut,10.0,,False
V9,V9.xlsx,47,6651.0,6663.0,Rear Uppercut,13.0,,False
V9,V9.xlsx,48,7411.0,7425.0,Lead Hook,15.0,,False
V9,V9.xlsx,49,7426.0,7443.0,Rear Hook,18.0,,False
V9,V9.xlsx,50,7670.0,7681.0,Lead Hook,12.0,,False
V9,V9.xlsx,51,7681.0,7694.0,Rear Hook,14.0,,False
V9,V9.xlsx,52,7754.0,7765.0,Lead Hook,12.0,,False
V9,V9.xlsx,53,7765.0,7777.0,Rear Hook,13.0,,False
V9,V9.xlsx,54,7820.0,7830.0,Lead Hook,11.0,,False
V9,V9.xlsx,55,7831.0,7842.0,Rear Hook,12.0,,False
V9,V9.xlsx,56,8012.0,8024.0,Lead Hook,13.0,,False
V9,V9.xlsx,57,8025.0,8037.0,Rear Hook,13.0,,False
V9,V9.xlsx,58,8079.0,8090.0,Lead Hook,12.0,,False
V9,V9.xlsx,59,8091.0,8103.0,Rear Hook,13.0,,False
V9,V9.xlsx,60,8142.0,8154.0,Lead Hook,13.0,,False
V9,V9.xlsx,61,8154.0,8166.0,Rear Hook,13.0,,False
V9,V9.xlsx,62,8205.0,8216.0,Lead Hook,12.0,,False
V9,V9.xlsx,63,8216.0,8230.0,Rear Hook,15.0,,False
V9,V9.xlsx,64,8250.0,8262.0,Lead Hook,13.0,,False
V9,V9.xlsx,65,8262.0,8275.0,Rear Hook,14.0,,False
V9,V9.xlsx,66,8285.0,8297.0,Lead Hook,13.0,,False
V9,V9.xlsx,67,8297.0,8311.0,Rear Hook,15.0,,False
V9,V9.xlsx,68,8320.0,8333.0,Lead Hook,14.0,,False
V9,V9.xlsx,69,8333.0,8347.0,Rear Hook,15.0,,False
V9,V9.xlsx,70,9294.0,9315.0,Jab,22.0,,False
V9,V9.xlsx,71,9313.0,9328.0,Rear Uppercut,16.0,,False
V9,V9.xlsx,72,9377.0,9394.0,Jab,18.0,,False
V9,V9.xlsx,73,9392.0,9406.0,Rear Uppercut,15.0,,False
V9,V9.xlsx,74,9452.0,9458.0,Jab,7.0,,False
V9,V9.xlsx,75,9457.0,9466.0,Rear Uppercut,10.0,,False
V9,V9.xlsx,76,9710.0,9719.0,Jab,10.0,,False
V9,V9.xlsx,77,9718.0,9726.0,Rear Uppercut,9.0,,False
V9,V9.xlsx,78,9772.0,9779.0,Jab,8.0,,False
V9,V9.xlsx,79,9778.0,9788.0,Rear Uppercut,11.0,,False
V9,V9.xlsx,80,9833.0,9840.0,Jab,8.0,,False
V9,V9.xlsx,81,9839.0,9850.0,Rear Uppercut,12.0,,False
V9,V9.xlsx,82,9896.0,9901.0,Jab,6.0,,False
V9,V9.xlsx,83,9900.0,9911.0,Rear Uppercut,12.0,,False
V9,V9.xlsx,84,9957.0,9963.0,Jab,7.0,,False
V9,V9.xlsx,85,9962.0,9972.0,Rear Uppercut,11.0,,False
V9,V9.xlsx,86,10017.0,10023.0,Jab,7.0,,False
V9,V9.xlsx,87,10022.0,10032.0,Rear Uppercut,11.0,,False
V9,V9.xlsx,88,10198.0,10206.0,Jab,9.0,,False
V9,V9.xlsx,89,10205.0,10215.0,Rear Uppercut,11.0,,False
V9,V9.xlsx,90,10925.0,10931.0,Cross,7.0,,False
V9,V9.xlsx,91,10931.0,10936.0,Jab,6.0,,False
V9,V9.xlsx,92,10936.0,10945.0,Cross,10.0,,False
V9,V9.xlsx,93,11007.0,11012.0,Cross,6.0,,False
V9,V9.xlsx,94,11012.0,11017.0,Jab,6.0,,False
V9,V9.xlsx,95,11018.0,11026.0,Cross,9.0,,False
V9,V9.xlsx,96,11077.0,11082.0,Cross,6.0,,False
V9,V9.xlsx,97,11083.0,11089.0,Jab,7.0,,False
V9,V9.xlsx,98,11089.0,11098.0,Cross,10.0,,False
V9,V9.xlsx,99,11373.0,11379.0,Cross,7.0,,False
V9,V9.xlsx,100,11379.0,11385.0,Jab,7.0,,False
V9,V9.xlsx,101,11385.0,11394.0,Cross,10.0,,False
V9,V9.xlsx,102,11446.0,11452.0,Cross,7.0,,False
V9,V9.xlsx,103,11452.0,11457.0,Jab,6.0,,False
V9,V9.xlsx,104,11457.0,11466.0,Cross,10.0,,False
V9,V9.xlsx,105,11519.0,11525.0,Cross,7.0,,False
V9,V9.xlsx,106,11525.0,11530.0,Jab,6.0,,False
V9,V9.xlsx,107,11530.0,11539.0,Cross,10.0,,False
V9,V9.xlsx,108,12630.0,12637.0,Jab,8.0,,False
V9,V9.xlsx,109,12637.0,12642.0,Cross,6.0,,False
V9,V9.xlsx,110,12642.0,12655.0,Lead Hook,14.0,,False
V9,V9.xlsx,111,12717.0,12723.0,Jab,7.0,,False
V9,V9.xlsx,112,12723.0,12729.0,Cross,7.0,,False
V9,V9.xlsx,113,12729.0,12743.0,Lead Hook,15.0,,False
V9,V9.xlsx,114,12994.0,13000.0,Jab,7.0,,False
V9,V9.xlsx,115,13000.0,13005.0,Cross,6.0,,False
V9,V9.xlsx,116,13005.0,13018.0,Lead Hook,14.0,,False
V9,V9.xlsx,117,13068.0,13074.0,Jab,7.0,,False
V9,V9.xlsx,118,13074.0,13079.0,Cross,6.0,,False
V9,V9.xlsx,119,13079.0,13092.0,Lead Hook,14.0,,False
V9,V9.xlsx,120,13144.0,13150.0,Jab,7.0,,False
V9,V9.xlsx,121,13150.0,13156.0,Cross,7.0,,False
V9,V9.xlsx,122,13156.0,13169.0,Lead Hook,14.0,,False
V9,V9.xlsx,123,13233.0,13246.0,Lead Hook,14.0,,False
V9,V9.xlsx,124,13309.0,13317.0,Lead Hook,9.0,,False
V9,V9.xlsx,125,13448.0,13462.0,Lead Hook,15.0,,False
V9,V9.xlsx,126,13504.0,13520.0,Lead Hook,17.0,,False
V9,V9.xlsx,127,14049.0,14066.0,Lead Uppercut,18.0,,False
V9,V9.xlsx,128,14067.0,14086.0,Rear Uppercut,20.0,,False
V9,V9.xlsx,129,14392.0,14397.0,Lead Uppercut,6.0,,False
V9,V9.xlsx,130,14398.0,14405.0,Rear Uppercut,8.0,,False
V9,V9.xlsx,131,14462.0,14467.0,Lead Uppercut,6.0,,False
V9,V9.xlsx,132,14468.0,14475.0,Rear Uppercut,8.0,,False
V9,V9.xlsx,133,14550.0,14555.0,Lead Uppercut,6.0,,False
V9,V9.xlsx,134,14556.0,14565.0,Rear Uppercut,10.0,,False
V9,V9.xlsx,135,14623.0,14627.0,Lead Uppercut,5.0,,False
V9,V9.xlsx,136,14628.0,14636.0,Rear Uppercut,9.0,,False
V9,V9.xlsx,137,14712.0,14717.0,Lead Uppercut,6.0,,False
V9,V9.xlsx,138,14718.0,14724.0,Rear Uppercut,7.0,,False
V9,V9.xlsx,139,14926.0,14930.0,Lead Uppercut,5.0,,False
V9,V9.xlsx,140,14931.0,14937.0,Rear Uppercut,7.0,,False
V9,V9.xlsx,141,14995.0,15000.0,Lead Uppercut,6.0,,False
V9,V9.xlsx,142,15001.0,15009.0,Rear Uppercut,9.0,,False
V9,V9.xlsx,143,15065.0,15069.0,Lead Uppercut,5.0,,False
V9,V9.xlsx,144,15070.0,15077.0,Rear Uppercut,8.0,,False
V9,V9.xlsx,145,15130.0,15135.0,Lead Uppercut,6.0,,False
V9,V9.xlsx,146,15136.0,15144.0,Rear Uppercut,9.0,,False
V9,V9.xlsx,147,15174.0,15179.0,Lead Uppercut,6.0,,False
V9,V9.xlsx,148,15175.0,15190.0,Rear Uppercut,16.0,,False
