clip_dir,label,video_id,center_frame,clip_start,clip_end,clip_length,punch_type,split
data/processed/clips/straight_V1_000195_v000001,0,V1.mp4,195,187,198,12,straight,train
data/processed/clips/hook_V1_000214_v000002,1,V1.mp4,214,206,217,12,hook,train
data/processed/clips/straight_V1_000234_v000003,0,V1.mp4,234,226,237,12,straight,train
data/processed/clips/straight_V1_000239_v000004,0,V1.mp4,239,231,242,12,straight,train
data/processed/clips/straight_V1_000348_v000005,0,V1.mp4,348,340,351,12,straight,train
data/processed/clips/straight_V1_001005_v000006,0,V1.mp4,1005,997,1008,12,straight,train
data/processed/clips/hook_V1_001019_v000007,1,V1.mp4,1019,1011,1022,12,hook,train
data/processed/clips/hook_V1_001051_v000008,1,V1.mp4,1051,1043,1054,12,hook,train
data/processed/clips/straight_V1_001076_v000009,0,V1.mp4,1076,1068,1079,12,straight,train
data/processed/clips/hook_V1_001111_v000010,1,V1.mp4,1111,1103,1114,12,hook,train
data/processed/clips/straight_V1_001122_v000011,0,V1.mp4,1122,1114,1125,12,straight,train
data/processed/clips/straight_V1_001184_v000012,0,V1.mp4,1184,1176,1187,12,straight,train
data/processed/clips/straight_V1_001231_v000013,0,V1.mp4,1231,1223,1234,12,straight,train
data/processed/clips/hook_V1_001238_v000014,1,V1.mp4,1238,1230,1241,12,hook,train
data/processed/clips/hook_V1_001358_v000015,1,V1.mp4,1358,1350,1361,12,hook,train
data/processed/clips/straight_V1_001386_v000016,0,V1.mp4,1386,1378,1389,12,straight,train
data/processed/clips/hook_V1_001392_v000017,1,V1.mp4,1392,1384,1395,12,hook,train
data/processed/clips/straight_V1_001420_v000018,0,V1.mp4,1420,1412,1423,12,straight,train
data/processed/clips/hook_V1_001425_v000019,1,V1.mp4,1425,1417,1428,12,hook,train
data/processed/clips/straight_V1_001452_v000020,0,V1.mp4,1452,1444,1455,12,straight,train
data/processed/clips/straight_V1_001470_v000021,0,V1.mp4,1470,1462,1473,12,straight,train
data/processed/clips/hook_V1_001525_v000022,1,V1.mp4,1525,1517,1528,12,hook,train
data/processed/clips/hook_V1_001559_v000023,1,V1.mp4,1559,1551,1562,12,hook,train
data/processed/clips/straight_V1_001571_v000024,0,V1.mp4,1571,1563,1574,12,straight,train
data/processed/clips/straight_V1_001582_v000025,0,V1.mp4,1582,1574,1585,12,straight,train
data/processed/clips/straight_V1_001604_v000026,0,V1.mp4,1604,1596,1607,12,straight,train
data/processed/clips/hook_V1_001624_v000027,1,V1.mp4,1624,1616,1627,12,hook,train
data/processed/clips/straight_V1_001942_v000028,0,V1.mp4,1942,1934,1945,12,straight,train
data/processed/clips/straight_V1_002038_v000029,0,V1.mp4,2038,2030,2041,12,straight,train
data/processed/clips/straight_V1_002076_v000030,0,V1.mp4,2076,2068,2079,12,straight,train
data/processed/clips/straight_V1_002082_v000031,0,V1.mp4,2082,2074,2085,12,straight,train
data/processed/clips/straight_V1_002094_v000032,0,V1.mp4,2094,2086,2097,12,straight,train
data/processed/clips/hook_V1_002116_v000033,1,V1.mp4,2116,2108,2119,12,hook,train
data/processed/clips/hook_V1_002183_v000034,1,V1.mp4,2183,2175,2186,12,hook,train
data/processed/clips/straight_V1_002229_v000035,0,V1.mp4,2229,2221,2232,12,straight,train
data/processed/clips/hook_V1_002249_v000036,1,V1.mp4,2249,2241,2252,12,hook,train
data/processed/clips/straight_V1_002262_v000037,0,V1.mp4,2262,2254,2265,12,straight,train
data/processed/clips/hook_V1_002383_v000038,1,V1.mp4,2383,2375,2386,12,hook,train
data/processed/clips/straight_V1_002441_v000039,0,V1.mp4,2441,2433,2444,12,straight,train
data/processed/clips/hook_V1_002485_v000040,1,V1.mp4,2485,2477,2488,12,hook,train
data/processed/clips/none_V1_002746_v000041,3,V1.mp4,2746,2738,2749,12,none,train
data/processed/clips/none_V1_002756_v000042,3,V1.mp4,2756,2748,2759,12,none,train
data/processed/clips/none_V1_002795_v000043,3,V1.mp4,2795,2787,2798,12,none,train
data/processed/clips/none_V1_002796_v000044,3,V1.mp4,2796,2788,2799,12,none,train
data/processed/clips/none_V1_002798_v000045,3,V1.mp4,2798,2790,2801,12,none,train
data/processed/clips/none_V1_002800_v000046,3,V1.mp4,2800,2792,2803,12,none,train
data/processed/clips/none_V1_002801_v000047,3,V1.mp4,2801,2793,2804,12,none,train
data/processed/clips/none_V1_002803_v000048,3,V1.mp4,2803,2795,2806,12,none,train
data/processed/clips/none_V1_002804_v000049,3,V1.mp4,2804,2796,2807,12,none,train
data/processed/clips/none_V1_002806_v000050,3,V1.mp4,2806,2798,2809,12,none,train
data/processed/clips/none_V1_002808_v000051,3,V1.mp4,2808,2800,2811,12,none,train
data/processed/clips/none_V1_002809_v000052,3,V1.mp4,2809,2801,2812,12,none,train
data/processed/clips/none_V1_002812_v000053,3,V1.mp4,2812,2804,2815,12,none,train
data/processed/clips/none_V1_002813_v000054,3,V1.mp4,2813,2805,2816,12,none,train
data/processed/clips/none_V1_002814_v000055,3,V1.mp4,2814,2806,2817,12,none,train
data/processed/clips/none_V1_002815_v000056,3,V1.mp4,2815,2807,2818,12,none,train
data/processed/clips/none_V1_002817_v000057,3,V1.mp4,2817,2809,2820,12,none,train
data/processed/clips/none_V1_002819_v000058,3,V1.mp4,2819,2811,2822,12,none,train
data/processed/clips/none_V1_002823_v000059,3,V1.mp4,2823,2815,2826,12,none,train
data/processed/clips/none_V1_002827_v000060,3,V1.mp4,2827,2819,2830,12,none,train
data/processed/clips/none_V1_002830_v000061,3,V1.mp4,2830,2822,2833,12,none,train
data/processed/clips/none_V1_002840_v000062,3,V1.mp4,2840,2832,2843,12,none,train
data/processed/clips/none_V1_002841_v000063,3,V1.mp4,2841,2833,2844,12,none,train
data/processed/clips/none_V1_002845_v000064,3,V1.mp4,2845,2837,2848,12,none,train
data/processed/clips/none_V1_002850_v000065,3,V1.mp4,2850,2842,2853,12,none,train
data/processed/clips/none_V1_002851_v000066,3,V1.mp4,2851,2843,2854,12,none,train
data/processed/clips/none_V1_002852_v000067,3,V1.mp4,2852,2844,2855,12,none,train
data/processed/clips/none_V1_002853_v000068,3,V1.mp4,2853,2845,2856,12,none,train
data/processed/clips/none_V1_002854_v000069,3,V1.mp4,2854,2846,2857,12,none,train
data/processed/clips/none_V1_002858_v000070,3,V1.mp4,2858,2850,2861,12,none,train
data/processed/clips/none_V1_002860_v000071,3,V1.mp4,2860,2852,2863,12,none,train
data/processed/clips/none_V1_002864_v000072,3,V1.mp4,2864,2856,2867,12,none,train
data/processed/clips/none_V1_002867_v000073,3,V1.mp4,2867,2859,2870,12,none,train
data/processed/clips/none_V1_002869_v000074,3,V1.mp4,2869,2861,2872,12,none,train
data/processed/clips/none_V1_002871_v000075,3,V1.mp4,2871,2863,2874,12,none,train
data/processed/clips/none_V1_002877_v000076,3,V1.mp4,2877,2869,2880,12,none,train
data/processed/clips/none_V1_002880_v000077,3,V1.mp4,2880,2872,2883,12,none,train
data/processed/clips/none_V1_002881_v000078,3,V1.mp4,2881,2873,2884,12,none,train
data/processed/clips/none_V1_002885_v000079,3,V1.mp4,2885,2877,2888,12,none,train
data/processed/clips/none_V1_002892_v000080,3,V1.mp4,2892,2884,2895,12,none,train
data/processed/clips/none_V1_002893_v000081,3,V1.mp4,2893,2885,2896,12,none,train
data/processed/clips/none_V1_002895_v000082,3,V1.mp4,2895,2887,2898,12,none,train
data/processed/clips/none_V1_002896_v000083,3,V1.mp4,2896,2888,2899,12,none,train
data/processed/clips/none_V1_002897_v000084,3,V1.mp4,2897,2889,2900,12,none,train
data/processed/clips/none_V1_002899_v000085,3,V1.mp4,2899,2891,2902,12,none,train
data/processed/clips/hook_V1_003522_v000086,1,V1.mp4,3522,3514,3525,12,hook,train
data/processed/clips/straight_V1_003534_v000087,0,V1.mp4,3534,3526,3537,12,straight,train
data/processed/clips/straight_V1_003542_v000088,0,V1.mp4,3542,3534,3545,12,straight,train
data/processed/clips/straight_V1_003576_v000089,0,V1.mp4,3576,3568,3579,12,straight,train
data/processed/clips/hook_V1_003611_v000090,1,V1.mp4,3611,3603,3614,12,hook,train
data/processed/clips/straight_V1_003631_v000091,0,V1.mp4,3631,3623,3634,12,straight,train
data/processed/clips/hook_V1_003642_v000092,1,V1.mp4,3642,3634,3645,12,hook,train
data/processed/clips/hook_V1_003703_v000093,1,V1.mp4,3703,3695,3706,12,hook,train
data/processed/clips/hook_V1_003735_v000094,1,V1.mp4,3735,3727,3738,12,hook,train
data/processed/clips/straight_V1_003761_v000095,0,V1.mp4,3761,3753,3764,12,straight,train
data/processed/clips/hook_V1_003830_v000096,1,V1.mp4,3830,3822,3833,12,hook,train
data/processed/clips/hook_V1_003957_v000097,1,V1.mp4,3957,3949,3960,12,hook,train
data/processed/clips/straight_V1_003969_v000098,0,V1.mp4,3969,3961,3972,12,straight,train
data/processed/clips/hook_V1_004021_v000099,1,V1.mp4,4021,4013,4024,12,hook,train
data/processed/clips/hook_V1_004050_v000100,1,V1.mp4,4050,4042,4053,12,hook,train
data/processed/clips/hook_V1_004083_v000101,1,V1.mp4,4083,4075,4086,12,hook,train
data/processed/clips/hook_V1_004115_v000102,1,V1.mp4,4115,4107,4118,12,hook,train
data/processed/clips/straight_V1_004127_v000103,0,V1.mp4,4127,4119,4130,12,straight,train
data/processed/clips/hook_V1_004179_v000104,1,V1.mp4,4179,4171,4182,12,hook,train
data/processed/clips/hook_V1_004243_v000105,1,V1.mp4,4243,4235,4246,12,hook,train
data/processed/clips/straight_V1_004266_v000106,0,V1.mp4,4266,4258,4269,12,straight,train
data/processed/clips/straight_V1_004506_v000107,0,V1.mp4,4506,4498,4509,12,straight,train
data/processed/clips/hook_V1_004513_v000108,1,V1.mp4,4513,4505,4516,12,hook,train
data/processed/clips/hook_V1_004582_v000109,1,V1.mp4,4582,4574,4585,12,hook,train
data/processed/clips/hook_V1_004617_v000110,1,V1.mp4,4617,4609,4620,12,hook,train
data/processed/clips/straight_V1_004633_v000111,0,V1.mp4,4633,4625,4636,12,straight,train
data/processed/clips/straight_V1_004769_v000112,0,V1.mp4,4769,4761,4772,12,straight,train
data/processed/clips/straight_V1_004786_v000113,0,V1.mp4,4786,4778,4789,12,straight,train
data/processed/clips/hook_V1_004790_v000114,1,V1.mp4,4790,4782,4793,12,hook,train
data/processed/clips/straight_V1_004804_v000115,0,V1.mp4,4804,4796,4807,12,straight,train
data/processed/clips/hook_V1_004824_v000116,1,V1.mp4,4824,4816,4827,12,hook,train
data/processed/clips/hook_V1_004861_v000117,1,V1.mp4,4861,4853,4864,12,hook,train
data/processed/clips/hook_V1_004896_v000118,1,V1.mp4,4896,4888,4899,12,hook,train
data/processed/clips/hook_V1_006056_v000119,1,V1.mp4,6056,6048,6059,12,hook,train
data/processed/clips/hook_V1_006085_v000120,1,V1.mp4,6085,6077,6088,12,hook,train
data/processed/clips/hook_V1_006113_v000121,1,V1.mp4,6113,6105,6116,12,hook,train
data/processed/clips/hook_V1_006243_v000122,1,V1.mp4,6243,6235,6246,12,hook,train
data/processed/clips/straight_V1_006255_v000123,0,V1.mp4,6255,6247,6258,12,straight,train
data/processed/clips/hook_V1_006298_v000124,1,V1.mp4,6298,6290,6301,12,hook,train
data/processed/clips/hook_V1_006325_v000125,1,V1.mp4,6325,6317,6328,12,hook,train
data/processed/clips/straight_V1_006372_v000126,0,V1.mp4,6372,6364,6375,12,straight,train
data/processed/clips/straight_V1_006459_v000127,0,V1.mp4,6459,6451,6462,12,straight,train
data/processed/clips/straight_V1_006510_v000128,0,V1.mp4,6510,6502,6513,12,straight,train
data/processed/clips/hook_V1_006548_v000129,1,V1.mp4,6548,6540,6551,12,hook,train
data/processed/clips/straight_V1_006560_v000130,0,V1.mp4,6560,6552,6563,12,straight,train
data/processed/clips/hook_V1_006577_v000131,1,V1.mp4,6577,6569,6580,12,hook,train
data/processed/clips/straight_V1_006616_v000132,0,V1.mp4,6616,6608,6619,12,straight,train
data/processed/clips/straight_V1_006656_v000133,0,V1.mp4,6656,6648,6659,12,straight,train
data/processed/clips/straight_V1_006741_v000134,0,V1.mp4,6741,6733,6744,12,straight,train
data/processed/clips/hook_V1_006830_v000135,1,V1.mp4,6830,6822,6833,12,hook,train
data/processed/clips/straight_V1_006848_v000136,0,V1.mp4,6848,6840,6851,12,straight,train
data/processed/clips/hook_V1_006915_v000137,1,V1.mp4,6915,6907,6918,12,hook,train
data/processed/clips/hook_V1_006944_v000138,1,V1.mp4,6944,6936,6947,12,hook,train
data/processed/clips/straight_V1_007076_v000139,0,V1.mp4,7076,7068,7079,12,straight,train
data/processed/clips/straight_V1_007148_v000140,0,V1.mp4,7148,7140,7151,12,straight,train
data/processed/clips/straight_V1_007211_v000141,0,V1.mp4,7211,7203,7214,12,straight,train
data/processed/clips/straight_V1_007254_v000142,0,V1.mp4,7254,7246,7257,12,straight,train
data/processed/clips/straight_V1_007284_v000143,0,V1.mp4,7284,7276,7287,12,straight,train
data/processed/clips/straight_V1_007323_v000144,0,V1.mp4,7323,7315,7326,12,straight,train
data/processed/clips/hook_V1_007518_v000145,1,V1.mp4,7518,7510,7521,12,hook,train
data/processed/clips/none_V1_007530_v000146,3,V1.mp4,7530,7522,7533,12,none,train
data/processed/clips/none_V1_007531_v000147,3,V1.mp4,7531,7523,7534,12,none,train
data/processed/clips/none_V1_007532_v000148,3,V1.mp4,7532,7524,7535,12,none,train
data/processed/clips/none_V1_007533_v000149,3,V1.mp4,7533,7525,7536,12,none,train
data/processed/clips/none_V1_007537_v000150,3,V1.mp4,7537,7529,7540,12,none,train
data/processed/clips/none_V1_007538_v000151,3,V1.mp4,7538,7530,7541,12,none,train
data/processed/clips/none_V1_007539_v000152,3,V1.mp4,7539,7531,7542,12,none,train
data/processed/clips/none_V1_007540_v000153,3,V1.mp4,7540,7532,7543,12,none,train
data/processed/clips/none_V1_007545_v000154,3,V1.mp4,7545,7537,7548,12,none,train
data/processed/clips/none_V1_007689_v000155,3,V1.mp4,7689,7681,7692,12,none,train
data/processed/clips/none_V1_007690_v000156,3,V1.mp4,7690,7682,7693,12,none,train
data/processed/clips/none_V1_007693_v000157,3,V1.mp4,7693,7685,7696,12,none,train
data/processed/clips/none_V1_007695_v000158,3,V1.mp4,7695,7687,7698,12,none,train
data/processed/clips/none_V1_007696_v000159,3,V1.mp4,7696,7688,7699,12,none,train
data/processed/clips/none_V1_007697_v000160,3,V1.mp4,7697,7689,7700,12,none,train
data/processed/clips/none_V1_007700_v000161,3,V1.mp4,7700,7692,7703,12,none,train
data/processed/clips/none_V1_007701_v000162,3,V1.mp4,7701,7693,7704,12,none,train
data/processed/clips/none_V1_007703_v000163,3,V1.mp4,7703,7695,7706,12,none,train
data/processed/clips/none_V1_007738_v000164,3,V1.mp4,7738,7730,7741,12,none,train
data/processed/clips/none_V1_007740_v000165,3,V1.mp4,7740,7732,7743,12,none,train
data/processed/clips/none_V1_007740_v000166,3,V1.mp4,7740,7732,7743,12,none,train
data/processed/clips/none_V1_007743_v000167,3,V1.mp4,7743,7735,7746,12,none,train
data/processed/clips/none_V1_007746_v000168,3,V1.mp4,7746,7738,7749,12,none,train
data/processed/clips/none_V1_007748_v000169,3,V1.mp4,7748,7740,7751,12,none,train
data/processed/clips/none_V1_007748_v000170,3,V1.mp4,7748,7740,7751,12,none,train
data/processed/clips/none_V1_007779_v000171,3,V1.mp4,7779,7771,7782,12,none,train
data/processed/clips/none_V1_007781_v000172,3,V1.mp4,7781,7773,7784,12,none,train
data/processed/clips/none_V1_007784_v000173,3,V1.mp4,7784,7776,7787,12,none,train
data/processed/clips/none_V1_007785_v000174,3,V1.mp4,7785,7777,7788,12,none,train
data/processed/clips/none_V1_008116_v000175,3,V1.mp4,8116,8108,8119,12,none,train
data/processed/clips/none_V1_008120_v000176,3,V1.mp4,8120,8112,8123,12,none,train
data/processed/clips/none_V1_008121_v000177,3,V1.mp4,8121,8113,8124,12,none,train
data/processed/clips/straight_V1_009030_v000178,0,V1.mp4,9030,9022,9033,12,straight,train
data/processed/clips/straight_V1_009503_v000179,0,V1.mp4,9503,9495,9506,12,straight,train
data/processed/clips/straight_V1_009541_v000180,0,V1.mp4,9541,9533,9544,12,straight,train
data/processed/clips/straight_V1_009767_v000181,0,V1.mp4,9767,9759,9770,12,straight,train
data/processed/clips/straight_V1_009794_v000182,0,V1.mp4,9794,9786,9797,12,straight,train
data/processed/clips/straight_V1_009964_v000183,0,V1.mp4,9964,9956,9967,12,straight,train
data/processed/clips/straight_V1_010071_v000184,0,V1.mp4,10071,10063,10074,12,straight,train
data/processed/clips/straight_V1_010083_v000185,0,V1.mp4,10083,10075,10086,12,straight,train
data/processed/clips/straight_V1_010109_v000186,0,V1.mp4,10109,10101,10112,12,straight,train
data/processed/clips/straight_V1_010149_v000187,0,V1.mp4,10149,10141,10152,12,straight,train
data/processed/clips/straight_V1_010303_v000188,0,V1.mp4,10303,10295,10306,12,straight,train
data/processed/clips/none_V1_010474_v000189,3,V1.mp4,10474,10466,10477,12,none,train
data/processed/clips/none_V1_010481_v000190,3,V1.mp4,10481,10473,10484,12,none,train
data/processed/clips/none_V1_010484_v000191,3,V1.mp4,10484,10476,10487,12,none,train
data/processed/clips/none_V1_010486_v000192,3,V1.mp4,10486,10478,10489,12,none,train
data/processed/clips/none_V1_010487_v000193,3,V1.mp4,10487,10479,10490,12,none,train
data/processed/clips/none_V1_010682_v000194,3,V1.mp4,10682,10674,10685,12,none,train
data/processed/clips/none_V1_010683_v000195,3,V1.mp4,10683,10675,10686,12,none,train
data/processed/clips/none_V1_010689_v000196,3,V1.mp4,10689,10681,10692,12,none,train
data/processed/clips/none_V1_010691_v000197,3,V1.mp4,10691,10683,10694,12,none,train
data/processed/clips/none_V1_010692_v000198,3,V1.mp4,10692,10684,10695,12,none,train
data/processed/clips/none_V1_010694_v000199,3,V1.mp4,10694,10686,10697,12,none,train
data/processed/clips/none_V1_010695_v000200,3,V1.mp4,10695,10687,10698,12,none,train
data/processed/clips/none_V1_010696_v000201,3,V1.mp4,10696,10688,10699,12,none,train
data/processed/clips/none_V1_010697_v000202,3,V1.mp4,10697,10689,10700,12,none,train
data/processed/clips/hook_V1_010718_v000203,1,V1.mp4,10718,10710,10721,12,hook,train
data/processed/clips/straight_V1_010863_v000204,0,V1.mp4,10863,10855,10866,12,straight,train
data/processed/clips/hook_V1_010913_v000205,1,V1.mp4,10913,10905,10916,12,hook,train
data/processed/clips/straight_V1_011009_v000206,0,V1.mp4,11009,11001,11012,12,straight,train
data/processed/clips/hook_V1_011280_v000207,1,V1.mp4,11280,11272,11283,12,hook,train
data/processed/clips/hook_V1_011281_v000208,1,V1.mp4,11281,11273,11284,12,hook,train
data/processed/clips/hook_V1_011282_v000209,1,V1.mp4,11282,11274,11285,12,hook,train
data/processed/clips/hook_V1_011290_v000210,1,V1.mp4,11290,11282,11293,12,hook,train
data/processed/clips/hook_V1_011292_v000211,1,V1.mp4,11292,11284,11295,12,hook,train
data/processed/clips/hook_V1_011294_v000212,1,V1.mp4,11294,11286,11297,12,hook,train
data/processed/clips/hook_V1_011296_v000213,1,V1.mp4,11296,11288,11299,12,hook,train
data/processed/clips/hook_V1_011297_v000214,1,V1.mp4,11297,11289,11300,12,hook,train
data/processed/clips/hook_V1_011301_v000215,1,V1.mp4,11301,11293,11304,12,hook,train
data/processed/clips/none_V1_011307_v000216,3,V1.mp4,11307,11299,11310,12,none,train
data/processed/clips/none_V1_011308_v000217,3,V1.mp4,11308,11300,11311,12,none,train
data/processed/clips/none_V1_011314_v000218,3,V1.mp4,11314,11306,11317,12,none,train
data/processed/clips/none_V1_011316_v000219,3,V1.mp4,11316,11308,11319,12,none,train
data/processed/clips/none_V1_011319_v000220,3,V1.mp4,11319,11311,11322,12,none,train
data/processed/clips/none_V1_011320_v000221,3,V1.mp4,11320,11312,11323,12,none,train
data/processed/clips/none_V1_011323_v000222,3,V1.mp4,11323,11315,11326,12,none,train
data/processed/clips/none_V1_011328_v000223,3,V1.mp4,11328,11320,11331,12,none,train
data/processed/clips/none_V1_011330_v000224,3,V1.mp4,11330,11322,11333,12,none,train
data/processed/clips/hook_V10_000042_v000225,1,V10.mp4,42,34,45,12,hook,train
data/processed/clips/straight_V10_000742_v000226,0,V10.mp4,742,734,745,12,straight,train
data/processed/clips/uppercut_V10_000781_v000227,2,V10.mp4,781,773,784,12,uppercut,train
data/processed/clips/uppercut_V10_000883_v000228,2,V10.mp4,883,875,886,12,uppercut,train
data/processed/clips/straight_V10_000966_v000229,0,V10.mp4,966,958,969,12,straight,train
data/processed/clips/uppercut_V10_000998_v000230,2,V10.mp4,998,990,1001,12,uppercut,train
data/processed/clips/hook_V10_001070_v000231,1,V10.mp4,1070,1062,1073,12,hook,train
data/processed/clips/uppercut_V10_001089_v000232,2,V10.mp4,1089,1081,1092,12,uppercut,train
data/processed/clips/straight_V10_001143_v000233,0,V10.mp4,1143,1135,1146,12,straight,train
data/processed/clips/uppercut_V10_001184_v000234,2,V10.mp4,1184,1176,1187,12,uppercut,train
data/processed/clips/straight_V10_001338_v000235,0,V10.mp4,1338,1330,1341,12,straight,train
data/processed/clips/uppercut_V10_001378_v000236,2,V10.mp4,1378,1370,1381,12,uppercut,train
data/processed/clips/uppercut_V10_001408_v000237,2,V10.mp4,1408,1400,1411,12,uppercut,train
data/processed/clips/straight_V10_001460_v000238,0,V10.mp4,1460,1452,1463,12,straight,train
data/processed/clips/uppercut_V10_001504_v000239,2,V10.mp4,1504,1496,1507,12,uppercut,train
data/processed/clips/straight_V10_001568_v000240,0,V10.mp4,1568,1560,1571,12,straight,train
data/processed/clips/straight_V10_001579_v000241,0,V10.mp4,1579,1571,1582,12,straight,train
data/processed/clips/uppercut_V10_001623_v000242,2,V10.mp4,1623,1615,1626,12,uppercut,train
data/processed/clips/uppercut_V10_001691_v000243,2,V10.mp4,1691,1683,1694,12,uppercut,train
data/processed/clips/uppercut_V10_001716_v000244,2,V10.mp4,1716,1708,1719,12,uppercut,train
data/processed/clips/hook_V10_001824_v000245,1,V10.mp4,1824,1816,1827,12,hook,train
data/processed/clips/uppercut_V10_001849_v000246,2,V10.mp4,1849,1841,1852,12,uppercut,train
data/processed/clips/uppercut_V10_001875_v000247,2,V10.mp4,1875,1867,1878,12,uppercut,train
data/processed/clips/straight_V10_001920_v000248,0,V10.mp4,1920,1912,1923,12,straight,train
data/processed/clips/hook_V10_001973_v000249,1,V10.mp4,1973,1965,1976,12,hook,train
data/processed/clips/uppercut_V10_001996_v000250,2,V10.mp4,1996,1988,1999,12,uppercut,train
data/processed/clips/uppercut_V10_002030_v000251,2,V10.mp4,2030,2022,2033,12,uppercut,train
data/processed/clips/straight_V10_002123_v000252,0,V10.mp4,2123,2115,2126,12,straight,train
data/processed/clips/hook_V10_002139_v000253,1,V10.mp4,2139,2131,2142,12,hook,train
data/processed/clips/uppercut_V10_002161_v000254,2,V10.mp4,2161,2153,2164,12,uppercut,train
data/processed/clips/straight_V10_002249_v000255,0,V10.mp4,2249,2241,2252,12,straight,train
data/processed/clips/straight_V10_002279_v000256,0,V10.mp4,2279,2271,2282,12,straight,train
data/processed/clips/hook_V10_002300_v000257,1,V10.mp4,2300,2292,2303,12,hook,train
data/processed/clips/uppercut_V10_002322_v000258,2,V10.mp4,2322,2314,2325,12,uppercut,train
data/processed/clips/uppercut_V10_002467_v000259,2,V10.mp4,2467,2459,2470,12,uppercut,train
data/processed/clips/straight_V10_002494_v000260,0,V10.mp4,2494,2486,2497,12,straight,train
data/processed/clips/straight_V10_002563_v000261,0,V10.mp4,2563,2555,2566,12,straight,train
data/processed/clips/uppercut_V10_002598_v000262,2,V10.mp4,2598,2590,2601,12,uppercut,train
data/processed/clips/hook_V10_002696_v000263,1,V10.mp4,2696,2688,2699,12,hook,train
data/processed/clips/uppercut_V10_002718_v000264,2,V10.mp4,2718,2710,2721,12,uppercut,train
data/processed/clips/uppercut_V10_002751_v000265,2,V10.mp4,2751,2743,2754,12,uppercut,train
data/processed/clips/straight_V10_002801_v000266,0,V10.mp4,2801,2793,2804,12,straight,train
data/processed/clips/straight_V10_002819_v000267,0,V10.mp4,2819,2811,2822,12,straight,train
data/processed/clips/hook_V10_002839_v000268,1,V10.mp4,2839,2831,2842,12,hook,train
data/processed/clips/uppercut_V10_002860_v000269,2,V10.mp4,2860,2852,2863,12,uppercut,train
data/processed/clips/straight_V10_002943_v000270,0,V10.mp4,2943,2935,2946,12,straight,train
data/processed/clips/uppercut_V10_002979_v000271,2,V10.mp4,2979,2971,2982,12,uppercut,train
data/processed/clips/hook_V10_003077_v000272,1,V10.mp4,3077,3069,3080,12,hook,train
data/processed/clips/uppercut_V10_003098_v000273,2,V10.mp4,3098,3090,3101,12,uppercut,train
data/processed/clips/uppercut_V10_003129_v000274,2,V10.mp4,3129,3121,3132,12,uppercut,train
data/processed/clips/uppercut_V10_003156_v000275,2,V10.mp4,3156,3148,3159,12,uppercut,train
data/processed/clips/hook_V10_003250_v000276,1,V10.mp4,3250,3242,3253,12,hook,train
data/processed/clips/uppercut_V10_003270_v000277,2,V10.mp4,3270,3262,3273,12,uppercut,train
data/processed/clips/straight_V10_003490_v000278,0,V10.mp4,3490,3482,3493,12,straight,train
data/processed/clips/uppercut_V10_003537_v000279,2,V10.mp4,3537,3529,3540,12,uppercut,train
data/processed/clips/uppercut_V10_003569_v000280,2,V10.mp4,3569,3561,3572,12,uppercut,train
data/processed/clips/uppercut_V10_003669_v000281,2,V10.mp4,3669,3661,3672,12,uppercut,train
data/processed/clips/uppercut_V10_003696_v000282,2,V10.mp4,3696,3688,3699,12,uppercut,train
data/processed/clips/straight_V10_003749_v000283,0,V10.mp4,3749,3741,3752,12,straight,train
data/processed/clips/straight_V10_003755_v000284,0,V10.mp4,3755,3747,3758,12,straight,train
data/processed/clips/hook_V10_003772_v000285,1,V10.mp4,3772,3764,3775,12,hook,train
data/processed/clips/uppercut_V10_003793_v000286,2,V10.mp4,3793,3785,3796,12,uppercut,train
data/processed/clips/uppercut_V10_003923_v000287,2,V10.mp4,3923,3915,3926,12,uppercut,train
data/processed/clips/uppercut_V10_003955_v000288,2,V10.mp4,3955,3947,3958,12,uppercut,train
data/processed/clips/straight_V10_004038_v000289,0,V10.mp4,4038,4030,4041,12,straight,train
data/processed/clips/hook_V10_004052_v000290,1,V10.mp4,4052,4044,4055,12,hook,train
data/processed/clips/uppercut_V10_004105_v000291,2,V10.mp4,4105,4097,4108,12,uppercut,train
data/processed/clips/hook_V10_004256_v000292,1,V10.mp4,4256,4248,4259,12,hook,train
data/processed/clips/uppercut_V10_004286_v000293,2,V10.mp4,4286,4278,4289,12,uppercut,train
data/processed/clips/straight_V10_004314_v000294,0,V10.mp4,4314,4306,4317,12,straight,train
data/processed/clips/straight_V10_004363_v000295,0,V10.mp4,4363,4355,4366,12,straight,train
data/processed/clips/straight_V10_004380_v000296,0,V10.mp4,4380,4372,4383,12,straight,train
data/processed/clips/hook_V10_004400_v000297,1,V10.mp4,4400,4392,4403,12,hook,train
data/processed/clips/uppercut_V10_004424_v000298,2,V10.mp4,4424,4416,4427,12,uppercut,train
data/processed/clips/uppercut_V10_004455_v000299,2,V10.mp4,4455,4447,4458,12,uppercut,train
data/processed/clips/none_V10_004482_v000300,3,V10.mp4,4482,4474,4485,12,none,train
data/processed/clips/straight_V10_004509_v000301,0,V10.mp4,4509,4501,4512,12,straight,train
data/processed/clips/straight_V10_004516_v000302,0,V10.mp4,4516,4508,4519,12,straight,train
data/processed/clips/hook_V10_004532_v000303,1,V10.mp4,4532,4524,4535,12,hook,train
data/processed/clips/uppercut_V10_004552_v000304,2,V10.mp4,4552,4544,4555,12,uppercut,train
data/processed/clips/uppercut_V10_004622_v000305,2,V10.mp4,4622,4614,4625,12,uppercut,train
data/processed/clips/hook_V10_004704_v000306,1,V10.mp4,4704,4696,4707,12,hook,train
data/processed/clips/uppercut_V10_004725_v000307,2,V10.mp4,4725,4717,4728,12,uppercut,train
data/processed/clips/none_V10_004939_v000308,3,V10.mp4,4939,4931,4942,12,none,train
data/processed/clips/none_V10_004941_v000309,3,V10.mp4,4941,4933,4944,12,none,train
data/processed/clips/none_V10_004945_v000310,3,V10.mp4,4945,4937,4948,12,none,train
data/processed/clips/none_V10_004947_v000311,3,V10.mp4,4947,4939,4950,12,none,train
data/processed/clips/none_V10_004949_v000312,3,V10.mp4,4949,4941,4952,12,none,train
data/processed/clips/none_V10_004952_v000313,3,V10.mp4,4952,4944,4955,12,none,train
data/processed/clips/none_V10_004954_v000314,3,V10.mp4,4954,4946,4957,12,none,train
data/processed/clips/none_V10_004955_v000315,3,V10.mp4,4955,4947,4958,12,none,train
data/processed/clips/none_V10_004960_v000316,3,V10.mp4,4960,4952,4963,12,none,train
data/processed/clips/none_V10_004961_v000317,3,V10.mp4,4961,4953,4964,12,none,train
data/processed/clips/none_V10_004963_v000318,3,V10.mp4,4963,4955,4966,12,none,train
data/processed/clips/none_V10_004969_v000319,3,V10.mp4,4969,4961,4972,12,none,train
data/processed/clips/none_V10_004972_v000320,3,V10.mp4,4972,4964,4975,12,none,train
data/processed/clips/none_V10_004976_v000321,3,V10.mp4,4976,4968,4979,12,none,train
data/processed/clips/none_V10_004985_v000322,3,V10.mp4,4985,4977,4988,12,none,train
data/processed/clips/none_V10_004986_v000323,3,V10.mp4,4986,4978,4989,12,none,train
data/processed/clips/none_V10_004987_v000324,3,V10.mp4,4987,4979,4990,12,none,train
data/processed/clips/none_V10_005052_v000325,3,V10.mp4,5052,5044,5055,12,none,train
data/processed/clips/none_V10_005056_v000326,3,V10.mp4,5056,5048,5059,12,none,train
data/processed/clips/none_V10_005058_v000327,3,V10.mp4,5058,5050,5061,12,none,train
data/processed/clips/none_V10_005059_v000328,3,V10.mp4,5059,5051,5062,12,none,train
data/processed/clips/none_V10_005061_v000329,3,V10.mp4,5061,5053,5064,12,none,train
data/processed/clips/none_V10_005062_v000330,3,V10.mp4,5062,5054,5065,12,none,train
data/processed/clips/none_V10_005063_v000331,3,V10.mp4,5063,5055,5066,12,none,train
data/processed/clips/none_V10_005064_v000332,3,V10.mp4,5064,5056,5067,12,none,train
data/processed/clips/none_V10_005065_v000333,3,V10.mp4,5065,5057,5068,12,none,train
data/processed/clips/none_V10_005068_v000334,3,V10.mp4,5068,5060,5071,12,none,train
data/processed/clips/none_V10_005070_v000335,3,V10.mp4,5070,5062,5073,12,none,train
data/processed/clips/none_V10_005076_v000336,3,V10.mp4,5076,5068,5079,12,none,train
data/processed/clips/none_V10_005079_v000337,3,V10.mp4,5079,5071,5082,12,none,train
data/processed/clips/none_V10_005080_v000338,3,V10.mp4,5080,5072,5083,12,none,train
data/processed/clips/none_V10_005087_v000339,3,V10.mp4,5087,5079,5090,12,none,train
data/processed/clips/none_V10_005090_v000340,3,V10.mp4,5090,5082,5093,12,none,train
data/processed/clips/none_V10_005294_v000341,3,V10.mp4,5294,5286,5297,12,none,train
data/processed/clips/none_V10_005297_v000342,3,V10.mp4,5297,5289,5300,12,none,train
data/processed/clips/none_V10_005298_v000343,3,V10.mp4,5298,5290,5301,12,none,train
data/processed/clips/none_V10_005307_v000344,3,V10.mp4,5307,5299,5310,12,none,train
data/processed/clips/none_V10_005312_v000345,3,V10.mp4,5312,5304,5315,12,none,train
data/processed/clips/none_V10_005313_v000346,3,V10.mp4,5313,5305,5316,12,none,train
data/processed/clips/none_V10_005318_v000347,3,V10.mp4,5318,5310,5321,12,none,train
data/processed/clips/none_V10_005321_v000348,3,V10.mp4,5321,5313,5324,12,none,train
data/processed/clips/none_V10_005329_v000349,3,V10.mp4,5329,5321,5332,12,none,train
data/processed/clips/none_V10_005336_v000350,3,V10.mp4,5336,5328,5339,12,none,train
data/processed/clips/none_V10_005338_v000351,3,V10.mp4,5338,5330,5341,12,none,train
data/processed/clips/none_V10_005353_v000352,3,V10.mp4,5353,5345,5356,12,none,train
data/processed/clips/none_V10_005386_v000353,3,V10.mp4,5386,5378,5389,12,none,train
data/processed/clips/none_V10_005391_v000354,3,V10.mp4,5391,5383,5394,12,none,train
data/processed/clips/none_V10_005395_v000355,3,V10.mp4,5395,5387,5398,12,none,train
data/processed/clips/none_V10_005406_v000356,3,V10.mp4,5406,5398,5409,12,none,train
data/processed/clips/none_V10_005459_v000357,3,V10.mp4,5459,5451,5462,12,none,train
data/processed/clips/none_V10_005463_v000358,3,V10.mp4,5463,5455,5466,12,none,train
data/processed/clips/none_V10_005469_v000359,3,V10.mp4,5469,5461,5472,12,none,train
data/processed/clips/none_V10_005471_v000360,3,V10.mp4,5471,5463,5474,12,none,train
data/processed/clips/none_V10_005478_v000361,3,V10.mp4,5478,5470,5481,12,none,train
data/processed/clips/none_V10_005488_v000362,3,V10.mp4,5488,5480,5491,12,none,train
data/processed/clips/none_V10_005498_v000363,3,V10.mp4,5498,5490,5501,12,none,train
data/processed/clips/straight_V10_006396_v000364,0,V10.mp4,6396,6388,6399,12,straight,train
data/processed/clips/straight_V10_006425_v000365,0,V10.mp4,6425,6417,6428,12,straight,train
data/processed/clips/uppercut_V10_006448_v000366,2,V10.mp4,6448,6440,6451,12,uppercut,train
data/processed/clips/uppercut_V10_006512_v000367,2,V10.mp4,6512,6504,6515,12,uppercut,train
data/processed/clips/straight_V10_006572_v000368,0,V10.mp4,6572,6564,6575,12,straight,train
data/processed/clips/uppercut_V10_006614_v000369,2,V10.mp4,6614,6606,6617,12,uppercut,train
data/processed/clips/straight_V10_006713_v000370,0,V10.mp4,6713,6705,6716,12,straight,train
data/processed/clips/uppercut_V10_006733_v000371,2,V10.mp4,6733,6725,6736,12,uppercut,train
data/processed/clips/uppercut_V10_006805_v000372,2,V10.mp4,6805,6797,6808,12,uppercut,train
data/processed/clips/straight_V10_006921_v000373,0,V10.mp4,6921,6913,6924,12,straight,train
data/processed/clips/hook_V10_006939_v000374,1,V10.mp4,6939,6931,6942,12,hook,train
data/processed/clips/hook_V10_006973_v000375,1,V10.mp4,6973,6965,6976,12,hook,train
data/processed/clips/uppercut_V10_007007_v000376,2,V10.mp4,7007,6999,7010,12,uppercut,train
data/processed/clips/hook_V10_007148_v000377,1,V10.mp4,7148,7140,7151,12,hook,train
data/processed/clips/straight_V10_007359_v000378,0,V10.mp4,7359,7351,7362,12,straight,train
data/processed/clips/straight_V10_007366_v000379,0,V10.mp4,7366,7358,7369,12,straight,train
data/processed/clips/straight_V10_007499_v000380,0,V10.mp4,7499,7491,7502,12,straight,train
data/processed/clips/hook_V10_007541_v000381,1,V10.mp4,7541,7533,7544,12,hook,train
data/processed/clips/straight_V10_007865_v000382,0,V10.mp4,7865,7857,7868,12,straight,train
data/processed/clips/straight_V10_007897_v000383,0,V10.mp4,7897,7889,7900,12,straight,train
data/processed/clips/uppercut_V10_007966_v000384,2,V10.mp4,7966,7958,7969,12,uppercut,train
data/processed/clips/uppercut_V10_007985_v000385,2,V10.mp4,7985,7977,7988,12,uppercut,train
data/processed/clips/straight_V10_008036_v000386,0,V10.mp4,8036,8028,8039,12,straight,train
data/processed/clips/straight_V10_008042_v000387,0,V10.mp4,8042,8034,8045,12,straight,train
data/processed/clips/straight_V10_008065_v000388,0,V10.mp4,8065,8057,8068,12,straight,train
data/processed/clips/hook_V10_008084_v000389,1,V10.mp4,8084,8076,8087,12,hook,train
data/processed/clips/straight_V10_008191_v000390,0,V10.mp4,8191,8183,8194,12,straight,train
data/processed/clips/straight_V10_008275_v000391,0,V10.mp4,8275,8267,8278,12,straight,train
data/processed/clips/hook_V10_008293_v000392,1,V10.mp4,8293,8285,8296,12,hook,train
data/processed/clips/hook_V10_008609_v000393,1,V10.mp4,8609,8601,8612,12,hook,train
data/processed/clips/straight_V10_008701_v000394,0,V10.mp4,8701,8693,8704,12,straight,train
data/processed/clips/hook_V10_008744_v000395,1,V10.mp4,8744,8736,8747,12,hook,train
data/processed/clips/uppercut_V10_008913_v000396,2,V10.mp4,8913,8905,8916,12,uppercut,train
data/processed/clips/straight_V10_008990_v000397,0,V10.mp4,8990,8982,8993,12,straight,train
data/processed/clips/straight_V10_009017_v000398,0,V10.mp4,9017,9009,9020,12,straight,train
data/processed/clips/hook_V10_009038_v000399,1,V10.mp4,9038,9030,9041,12,hook,train
data/processed/clips/straight_V10_009101_v000400,0,V10.mp4,9101,9093,9104,12,straight,train
data/processed/clips/straight_V10_009376_v000401,0,V10.mp4,9376,9368,9379,12,straight,train
data/processed/clips/straight_V10_009434_v000402,0,V10.mp4,9434,9426,9437,12,straight,train
data/processed/clips/straight_V10_009440_v000403,0,V10.mp4,9440,9432,9443,12,straight,train
data/processed/clips/hook_V10_009478_v000404,1,V10.mp4,9478,9470,9481,12,hook,train
data/processed/clips/straight_V10_009521_v000405,0,V10.mp4,9521,9513,9524,12,straight,train
data/processed/clips/hook_V10_009692_v000406,1,V10.mp4,9692,9684,9695,12,hook,train
data/processed/clips/straight_V10_009808_v000407,0,V10.mp4,9808,9800,9811,12,straight,train
data/processed/clips/straight_V10_009842_v000408,0,V10.mp4,9842,9834,9845,12,straight,train
data/processed/clips/straight_V10_009963_v000409,0,V10.mp4,9963,9955,9966,12,straight,train
data/processed/clips/straight_V10_009980_v000410,0,V10.mp4,9980,9972,9983,12,straight,train
data/processed/clips/hook_V10_010032_v000411,1,V10.mp4,10032,10024,10035,12,hook,train
data/processed/clips/straight_V10_010096_v000412,0,V10.mp4,10096,10088,10099,12,straight,train
data/processed/clips/straight_V10_010107_v000413,0,V10.mp4,10107,10099,10110,12,straight,train
data/processed/clips/straight_V10_010163_v000414,0,V10.mp4,10163,10155,10166,12,straight,train
data/processed/clips/straight_V10_010185_v000415,0,V10.mp4,10185,10177,10188,12,straight,train
data/processed/clips/hook_V10_010206_v000416,1,V10.mp4,10206,10198,10209,12,hook,train
data/processed/clips/straight_V10_010364_v000417,0,V10.mp4,10364,10356,10367,12,straight,train
data/processed/clips/straight_V10_010370_v000418,0,V10.mp4,10370,10362,10373,12,straight,train
data/processed/clips/straight_V10_010390_v000419,0,V10.mp4,10390,10382,10393,12,straight,train
data/processed/clips/straight_V10_010493_v000420,0,V10.mp4,10493,10485,10496,12,straight,train
data/processed/clips/straight_V10_010516_v000421,0,V10.mp4,10516,10508,10519,12,straight,train
data/processed/clips/none_V10_010704_v000422,3,V10.mp4,10704,10696,10707,12,none,train
data/processed/clips/none_V10_010705_v000423,3,V10.mp4,10705,10697,10708,12,none,train
data/processed/clips/none_V10_010715_v000424,3,V10.mp4,10715,10707,10718,12,none,train
data/processed/clips/none_V10_010796_v000425,3,V10.mp4,10796,10788,10799,12,none,train
data/processed/clips/none_V10_010818_v000426,3,V10.mp4,10818,10810,10821,12,none,train
data/processed/clips/none_V10_010820_v000427,3,V10.mp4,10820,10812,10823,12,none,train
data/processed/clips/none_V10_010821_v000428,3,V10.mp4,10821,10813,10824,12,none,train
data/processed/clips/none_V10_010822_v000429,3,V10.mp4,10822,10814,10825,12,none,train
data/processed/clips/none_V10_010823_v000430,3,V10.mp4,10823,10815,10826,12,none,train
data/processed/clips/none_V10_010827_v000431,3,V10.mp4,10827,10819,10830,12,none,train
data/processed/clips/none_V10_010862_v000432,3,V10.mp4,10862,10854,10865,12,none,train
data/processed/clips/none_V10_010872_v000433,3,V10.mp4,10872,10864,10875,12,none,train
data/processed/clips/none_V10_010876_v000434,3,V10.mp4,10876,10868,10879,12,none,train
data/processed/clips/none_V10_010885_v000435,3,V10.mp4,10885,10877,10888,12,none,train
data/processed/clips/none_V10_010886_v000436,3,V10.mp4,10886,10878,10889,12,none,train
data/processed/clips/none_V10_010894_v000437,3,V10.mp4,10894,10886,10897,12,none,train
data/processed/clips/none_V10_010898_v000438,3,V10.mp4,10898,10890,10901,12,none,train
data/processed/clips/none_V10_010906_v000439,3,V10.mp4,10906,10898,10909,12,none,train
data/processed/clips/none_V10_011036_v000440,3,V10.mp4,11036,11028,11039,12,none,train
data/processed/clips/none_V10_011040_v000441,3,V10.mp4,11040,11032,11043,12,none,train
data/processed/clips/none_V10_011042_v000442,3,V10.mp4,11042,11034,11045,12,none,train
data/processed/clips/none_V10_011049_v000443,3,V10.mp4,11049,11041,11052,12,none,train
data/processed/clips/none_V10_011051_v000444,3,V10.mp4,11051,11043,11054,12,none,train
data/processed/clips/none_V10_011052_v000445,3,V10.mp4,11052,11044,11055,12,none,train
data/processed/clips/none_V10_011056_v000446,3,V10.mp4,11056,11048,11059,12,none,train
data/processed/clips/none_V10_011128_v000447,3,V10.mp4,11128,11120,11131,12,none,train
data/processed/clips/none_V10_011130_v000448,3,V10.mp4,11130,11122,11133,12,none,train
data/processed/clips/none_V10_011131_v000449,3,V10.mp4,11131,11123,11134,12,none,train
data/processed/clips/none_V10_011132_v000450,3,V10.mp4,11132,11124,11135,12,none,train
data/processed/clips/none_V10_011136_v000451,3,V10.mp4,11136,11128,11139,12,none,train
data/processed/clips/none_V10_011139_v000452,3,V10.mp4,11139,11131,11142,12,none,train
data/processed/clips/none_V10_011142_v000453,3,V10.mp4,11142,11134,11145,12,none,train
data/processed/clips/none_V10_011147_v000454,3,V10.mp4,11147,11139,11150,12,none,train
data/processed/clips/none_V10_011148_v000455,3,V10.mp4,11148,11140,11151,12,none,train
data/processed/clips/none_V10_011150_v000456,3,V10.mp4,11150,11142,11153,12,none,train
data/processed/clips/none_V10_011157_v000457,3,V10.mp4,11157,11149,11160,12,none,train
data/processed/clips/uppercut_V10_011257_v000458,2,V10.mp4,11257,11249,11260,12,uppercut,train
data/processed/clips/uppercut_V10_011308_v000459,2,V10.mp4,11308,11300,11311,12,uppercut,train
data/processed/clips/uppercut_V10_011428_v000460,2,V10.mp4,11428,11420,11431,12,uppercut,train
data/processed/clips/straight_V10_011453_v000461,0,V10.mp4,11453,11445,11456,12,straight,train
data/processed/clips/hook_V10_011485_v000462,1,V10.mp4,11485,11477,11488,12,hook,train
data/processed/clips/uppercut_V10_011499_v000463,2,V10.mp4,11499,11491,11502,12,uppercut,train
data/processed/clips/none_V10_011537_v000464,3,V10.mp4,11537,11529,11540,12,none,train
data/processed/clips/none_V10_011538_v000465,3,V10.mp4,11538,11530,11541,12,none,train
data/processed/clips/hook_V10_012273_v000466,1,V10.mp4,12273,12265,12276,12,hook,train
data/processed/clips/hook_V10_012295_v000467,1,V10.mp4,12295,12287,12298,12,hook,train
data/processed/clips/hook_V10_012314_v000468,1,V10.mp4,12314,12306,12317,12,hook,train
data/processed/clips/hook_V10_012373_v000469,1,V10.mp4,12373,12365,12376,12,hook,train
data/processed/clips/hook_V10_012392_v000470,1,V10.mp4,12392,12384,12395,12,hook,train
data/processed/clips/hook_V10_012411_v000471,1,V10.mp4,12411,12403,12414,12,hook,train
data/processed/clips/uppercut_V10_012428_v000472,2,V10.mp4,12428,12420,12431,12,uppercut,train
data/processed/clips/hook_V10_012525_v000473,1,V10.mp4,12525,12517,12528,12,hook,train
data/processed/clips/hook_V10_012857_v000474,1,V10.mp4,12857,12849,12860,12,hook,train
data/processed/clips/hook_V10_013114_v000475,1,V10.mp4,13114,13106,13117,12,hook,train
data/processed/clips/hook_V10_013131_v000476,1,V10.mp4,13131,13123,13134,12,hook,train
data/processed/clips/hook_V10_013375_v000477,1,V10.mp4,13375,13367,13378,12,hook,train
data/processed/clips/hook_V10_013392_v000478,1,V10.mp4,13392,13384,13395,12,hook,train
data/processed/clips/straight_V10_013630_v000479,0,V10.mp4,13630,13622,13633,12,straight,train
data/processed/clips/hook_V10_013689_v000480,1,V10.mp4,13689,13681,13692,12,hook,train
data/processed/clips/hook_V10_013705_v000481,1,V10.mp4,13705,13697,13708,12,hook,train
data/processed/clips/hook_V10_014054_v000482,1,V10.mp4,14054,14046,14057,12,hook,train
data/processed/clips/hook_V10_014212_v000483,1,V10.mp4,14212,14204,14215,12,hook,train
data/processed/clips/hook_V10_014221_v000484,1,V10.mp4,14221,14213,14224,12,hook,train
data/processed/clips/hook_V10_014230_v000485,1,V10.mp4,14230,14222,14233,12,hook,train
data/processed/clips/hook_V10_014243_v000486,1,V10.mp4,14243,14235,14246,12,hook,train
data/processed/clips/hook_V10_014403_v000487,1,V10.mp4,14403,14395,14406,12,hook,train
data/processed/clips/hook_V10_014930_v000488,1,V10.mp4,14930,14922,14933,12,hook,train
data/processed/clips/hook_V10_014945_v000489,1,V10.mp4,14945,14937,14948,12,hook,train
data/processed/clips/straight_V10_015272_v000490,0,V10.mp4,15272,15264,15275,12,straight,train
data/processed/clips/hook_V10_015674_v000491,1,V10.mp4,15674,15666,15677,12,hook,train
data/processed/clips/hook_V10_015708_v000492,1,V10.mp4,15708,15700,15711,12,hook,train
data/processed/clips/hook_V10_016304_v000493,1,V10.mp4,16304,16296,16307,12,hook,train
data/processed/clips/hook_V10_016316_v000494,1,V10.mp4,16316,16308,16319,12,hook,train
data/processed/clips/hook_V10_016343_v000495,1,V10.mp4,16343,16335,16346,12,hook,train
data/processed/clips/hook_V10_016385_v000496,1,V10.mp4,16385,16377,16388,12,hook,train
data/processed/clips/hook_V10_016399_v000497,1,V10.mp4,16399,16391,16402,12,hook,train
data/processed/clips/none_V10_016488_v000498,3,V10.mp4,16488,16480,16491,12,none,train
data/processed/clips/none_V10_016490_v000499,3,V10.mp4,16490,16482,16493,12,none,train
data/processed/clips/none_V10_016494_v000500,3,V10.mp4,16494,16486,16497,12,none,train
data/processed/clips/none_V10_016497_v000501,3,V10.mp4,16497,16489,16500,12,none,train
data/processed/clips/none_V10_016501_v000502,3,V10.mp4,16501,16493,16504,12,none,train
data/processed/clips/none_V12_000341_v000503,3,V12.mp4,341,333,344,12,none,train
data/processed/clips/none_V12_000343_v000504,3,V12.mp4,343,335,346,12,none,train
data/processed/clips/none_V12_000345_v000505,3,V12.mp4,345,337,348,12,none,train
data/processed/clips/none_V12_000346_v000506,3,V12.mp4,346,338,349,12,none,train
data/processed/clips/none_V12_000348_v000507,3,V12.mp4,348,340,351,12,none,train
data/processed/clips/none_V12_000351_v000508,3,V12.mp4,351,343,354,12,none,train
data/processed/clips/none_V12_000352_v000509,3,V12.mp4,352,344,355,12,none,train
data/processed/clips/straight_V12_001044_v000510,0,V12.mp4,1044,1036,1047,12,straight,train
data/processed/clips/straight_V12_001357_v000511,0,V12.mp4,1357,1349,1360,12,straight,train
data/processed/clips/none_V12_001661_v000512,3,V12.mp4,1661,1653,1664,12,none,train
data/processed/clips/none_V12_001662_v000513,3,V12.mp4,1662,1654,1665,12,none,train
data/processed/clips/none_V12_001665_v000514,3,V12.mp4,1665,1657,1668,12,none,train
data/processed/clips/none_V12_001666_v000515,3,V12.mp4,1666,1658,1669,12,none,train
data/processed/clips/none_V12_001667_v000516,3,V12.mp4,1667,1659,1670,12,none,train
data/processed/clips/none_V12_001668_v000517,3,V12.mp4,1668,1660,1671,12,none,train
data/processed/clips/none_V12_001671_v000518,3,V12.mp4,1671,1663,1674,12,none,train
data/processed/clips/straight_V12_001849_v000519,0,V12.mp4,1849,1841,1852,12,straight,train
data/processed/clips/straight_V12_001935_v000520,0,V12.mp4,1935,1927,1938,12,straight,train
data/processed/clips/straight_V12_001943_v000521,0,V12.mp4,1943,1935,1946,12,straight,train
data/processed/clips/straight_V12_002482_v000522,0,V12.mp4,2482,2474,2485,12,straight,train
data/processed/clips/straight_V12_002876_v000523,0,V12.mp4,2876,2868,2879,12,straight,train
data/processed/clips/straight_V12_002890_v000524,0,V12.mp4,2890,2882,2893,12,straight,train
data/processed/clips/straight_V12_002972_v000525,0,V12.mp4,2972,2964,2975,12,straight,train
data/processed/clips/straight_V12_002978_v000526,0,V12.mp4,2978,2970,2981,12,straight,train
data/processed/clips/straight_V12_003040_v000527,0,V12.mp4,3040,3032,3043,12,straight,train
data/processed/clips/straight_V12_003064_v000528,0,V12.mp4,3064,3056,3067,12,straight,train
data/processed/clips/straight_V12_003093_v000529,0,V12.mp4,3093,3085,3096,12,straight,train
data/processed/clips/hook_V12_003373_v000530,1,V12.mp4,3373,3365,3376,12,hook,train
data/processed/clips/hook_V12_003951_v000531,1,V12.mp4,3951,3943,3954,12,hook,train
data/processed/clips/hook_V12_004433_v000532,1,V12.mp4,4433,4425,4436,12,hook,train
data/processed/clips/hook_V12_004627_v000533,1,V12.mp4,4627,4619,4630,12,hook,train
data/processed/clips/hook_V12_004693_v000534,1,V12.mp4,4693,4685,4696,12,hook,train
data/processed/clips/hook_V12_004826_v000535,1,V12.mp4,4826,4818,4829,12,hook,train
data/processed/clips/hook_V12_004873_v000536,1,V12.mp4,4873,4865,4876,12,hook,train
data/processed/clips/straight_V12_005117_v000537,0,V12.mp4,5117,5109,5120,12,straight,train
data/processed/clips/straight_V12_005240_v000538,0,V12.mp4,5240,5232,5243,12,straight,train
data/processed/clips/straight_V12_005520_v000539,0,V12.mp4,5520,5512,5523,12,straight,train
data/processed/clips/none_V12_005838_v000540,3,V12.mp4,5838,5830,5841,12,none,train
data/processed/clips/none_V12_005840_v000541,3,V12.mp4,5840,5832,5843,12,none,train
data/processed/clips/none_V12_005841_v000542,3,V12.mp4,5841,5833,5844,12,none,train
data/processed/clips/none_V12_005843_v000543,3,V12.mp4,5843,5835,5846,12,none,train
data/processed/clips/none_V12_005844_v000544,3,V12.mp4,5844,5836,5847,12,none,train
data/processed/clips/none_V12_005845_v000545,3,V12.mp4,5845,5837,5848,12,none,train
data/processed/clips/none_V12_005846_v000546,3,V12.mp4,5846,5838,5849,12,none,train
data/processed/clips/none_V12_005849_v000547,3,V12.mp4,5849,5841,5852,12,none,train
data/processed/clips/none_V12_005849_v000548,3,V12.mp4,5849,5841,5852,12,none,train
data/processed/clips/none_V12_005851_v000549,3,V12.mp4,5851,5843,5854,12,none,train
data/processed/clips/none_V12_005854_v000550,3,V12.mp4,5854,5846,5857,12,none,train
data/processed/clips/none_V12_005855_v000551,3,V12.mp4,5855,5847,5858,12,none,train
data/processed/clips/none_V12_005858_v000552,3,V12.mp4,5858,5850,5861,12,none,train
data/processed/clips/none_V12_005859_v000553,3,V12.mp4,5859,5851,5862,12,none,train
data/processed/clips/none_V12_005864_v000554,3,V12.mp4,5864,5856,5867,12,none,train
data/processed/clips/straight_V12_006037_v000555,0,V12.mp4,6037,6029,6040,12,straight,train
data/processed/clips/hook_V12_006133_v000556,1,V12.mp4,6133,6125,6136,12,hook,train
data/processed/clips/hook_V12_006239_v000557,1,V12.mp4,6239,6231,6242,12,hook,train
data/processed/clips/hook_V12_006404_v000558,1,V12.mp4,6404,6396,6407,12,hook,train
data/processed/clips/straight_V12_006542_v000559,0,V12.mp4,6542,6534,6545,12,straight,train
data/processed/clips/straight_V12_006618_v000560,0,V12.mp4,6618,6610,6621,12,straight,train
data/processed/clips/hook_V12_006624_v000561,1,V12.mp4,6624,6616,6627,12,hook,train
data/processed/clips/hook_V12_006704_v000562,1,V12.mp4,6704,6696,6707,12,hook,train
data/processed/clips/hook_V12_006783_v000563,1,V12.mp4,6783,6775,6786,12,hook,train
data/processed/clips/straight_V12_006855_v000564,0,V12.mp4,6855,6847,6858,12,straight,train
data/processed/clips/hook_V12_007243_v000565,1,V12.mp4,7243,7235,7246,12,hook,train
data/processed/clips/hook_V12_007417_v000566,1,V12.mp4,7417,7409,7420,12,hook,train
data/processed/clips/hook_V12_007759_v000567,1,V12.mp4,7759,7751,7762,12,hook,train
data/processed/clips/hook_V12_007839_v000568,1,V12.mp4,7839,7831,7842,12,hook,train
data/processed/clips/hook_V12_008080_v000569,1,V12.mp4,8080,8072,8083,12,hook,train
data/processed/clips/hook_V12_008720_v000570,1,V12.mp4,8720,8712,8723,12,hook,train
data/processed/clips/straight_V12_008801_v000571,0,V12.mp4,8801,8793,8804,12,straight,train
data/processed/clips/straight_V12_008821_v000572,0,V12.mp4,8821,8813,8824,12,straight,train
data/processed/clips/straight_V12_009014_v000573,0,V12.mp4,9014,9006,9017,12,straight,train
data/processed/clips/straight_V12_009207_v000574,0,V12.mp4,9207,9199,9210,12,straight,train
data/processed/clips/hook_V12_009217_v000575,1,V12.mp4,9217,9209,9220,12,hook,train
data/processed/clips/straight_V12_009261_v000576,0,V12.mp4,9261,9253,9264,12,straight,train
data/processed/clips/hook_V12_009270_v000577,1,V12.mp4,9270,9262,9273,12,hook,train
data/processed/clips/straight_V12_009623_v000578,0,V12.mp4,9623,9615,9626,12,straight,train
data/processed/clips/uppercut_V12_009701_v000579,2,V12.mp4,9701,9693,9704,12,uppercut,train
data/processed/clips/hook_V12_009775_v000580,1,V12.mp4,9775,9767,9778,12,hook,train
data/processed/clips/uppercut_V12_009805_v000581,2,V12.mp4,9805,9797,9808,12,uppercut,train
data/processed/clips/straight_V12_009900_v000582,0,V12.mp4,9900,9892,9903,12,straight,train
data/processed/clips/uppercut_V12_009907_v000583,2,V12.mp4,9907,9899,9910,12,uppercut,train
data/processed/clips/uppercut_V12_010079_v000584,2,V12.mp4,10079,10071,10082,12,uppercut,train
data/processed/clips/uppercut_V12_010181_v000585,2,V12.mp4,10181,10173,10184,12,uppercut,train
data/processed/clips/uppercut_V12_010279_v000586,2,V12.mp4,10279,10271,10282,12,uppercut,train
data/processed/clips/uppercut_V12_010387_v000587,2,V12.mp4,10387,10379,10390,12,uppercut,train
data/processed/clips/hook_V12_010447_v000588,1,V12.mp4,10447,10439,10450,12,hook,train
data/processed/clips/uppercut_V12_010465_v000589,2,V12.mp4,10465,10457,10468,12,uppercut,train
data/processed/clips/hook_V12_010562_v000590,1,V12.mp4,10562,10554,10565,12,hook,train
data/processed/clips/straight_V12_010579_v000591,0,V12.mp4,10579,10571,10582,12,straight,train
data/processed/clips/uppercut_V12_010587_v000592,2,V12.mp4,10587,10579,10590,12,uppercut,train
data/processed/clips/hook_V12_010752_v000593,1,V12.mp4,10752,10744,10755,12,hook,train
data/processed/clips/hook_V12_010947_v000594,1,V12.mp4,10947,10939,10950,12,hook,train
data/processed/clips/straight_V12_011067_v000595,0,V12.mp4,11067,11059,11070,12,straight,train
data/processed/clips/straight_V12_011120_v000596,0,V12.mp4,11120,11112,11123,12,straight,train
data/processed/clips/straight_V12_011257_v000597,0,V12.mp4,11257,11249,11260,12,straight,train
data/processed/clips/straight_V12_011265_v000598,0,V12.mp4,11265,11257,11268,12,straight,train
data/processed/clips/hook_V12_011279_v000599,1,V12.mp4,11279,11271,11282,12,hook,train
data/processed/clips/straight_V12_011399_v000600,0,V12.mp4,11399,11391,11402,12,straight,train
data/processed/clips/hook_V12_011419_v000601,1,V12.mp4,11419,11411,11422,12,hook,train
data/processed/clips/straight_V12_011458_v000602,0,V12.mp4,11458,11450,11461,12,straight,train
data/processed/clips/straight_V12_011482_v000603,0,V12.mp4,11482,11474,11485,12,straight,train
data/processed/clips/straight_V12_011571_v000604,0,V12.mp4,11571,11563,11574,12,straight,train
data/processed/clips/straight_V12_011618_v000605,0,V12.mp4,11618,11610,11621,12,straight,train
data/processed/clips/hook_V12_011731_v000606,1,V12.mp4,11731,11723,11734,12,hook,train
data/processed/clips/straight_V12_011748_v000607,0,V12.mp4,11748,11740,11751,12,straight,train
data/processed/clips/straight_V12_011855_v000608,0,V12.mp4,11855,11847,11858,12,straight,train
data/processed/clips/straight_V12_011898_v000609,0,V12.mp4,11898,11890,11901,12,straight,train
data/processed/clips/straight_V12_011944_v000610,0,V12.mp4,11944,11936,11947,12,straight,train
data/processed/clips/straight_V12_011953_v000611,0,V12.mp4,11953,11945,11956,12,straight,train
data/processed/clips/hook_V12_011960_v000612,1,V12.mp4,11960,11952,11963,12,hook,train
data/processed/clips/none_V12_012082_v000613,3,V12.mp4,12082,12074,12085,12,none,train
data/processed/clips/none_V12_012082_v000614,3,V12.mp4,12082,12074,12085,12,none,train
data/processed/clips/none_V12_012086_v000615,3,V12.mp4,12086,12078,12089,12,none,train
data/processed/clips/none_V12_012088_v000616,3,V12.mp4,12088,12080,12091,12,none,train
data/processed/clips/none_V12_012091_v000617,3,V12.mp4,12091,12083,12094,12,none,train
data/processed/clips/none_V12_012091_v000618,3,V12.mp4,12091,12083,12094,12,none,train
data/processed/clips/none_V12_012091_v000619,3,V12.mp4,12091,12083,12094,12,none,train
data/processed/clips/none_V12_012091_v000620,3,V12.mp4,12091,12083,12094,12,none,train
data/processed/clips/none_V12_012091_v000621,3,V12.mp4,12091,12083,12094,12,none,train
data/processed/clips/none_V12_012092_v000622,3,V12.mp4,12092,12084,12095,12,none,train
data/processed/clips/none_V12_012096_v000623,3,V12.mp4,12096,12088,12099,12,none,train
data/processed/clips/none_V12_012097_v000624,3,V12.mp4,12097,12089,12100,12,none,train
data/processed/clips/none_V12_012099_v000625,3,V12.mp4,12099,12091,12102,12,none,train
data/processed/clips/none_V12_012103_v000626,3,V12.mp4,12103,12095,12106,12,none,train
data/processed/clips/none_V12_012106_v000627,3,V12.mp4,12106,12098,12109,12,none,train
data/processed/clips/none_V12_012350_v000628,3,V12.mp4,12350,12342,12353,12,none,train
data/processed/clips/none_V12_012353_v000629,3,V12.mp4,12353,12345,12356,12,none,train
data/processed/clips/none_V12_012355_v000630,3,V12.mp4,12355,12347,12358,12,none,train
data/processed/clips/none_V12_012356_v000631,3,V12.mp4,12356,12348,12359,12,none,train
data/processed/clips/none_V12_012357_v000632,3,V12.mp4,12357,12349,12360,12,none,train
data/processed/clips/none_V12_012358_v000633,3,V12.mp4,12358,12350,12361,12,none,train
data/processed/clips/none_V12_012360_v000634,3,V12.mp4,12360,12352,12363,12,none,train
data/processed/clips/none_V12_012361_v000635,3,V12.mp4,12361,12353,12364,12,none,train
data/processed/clips/none_V12_012364_v000636,3,V12.mp4,12364,12356,12367,12,none,train
data/processed/clips/none_V12_012381_v000637,3,V12.mp4,12381,12373,12384,12,none,train
data/processed/clips/none_V12_012383_v000638,3,V12.mp4,12383,12375,12386,12,none,train
data/processed/clips/none_V12_012384_v000639,3,V12.mp4,12384,12376,12387,12,none,train
data/processed/clips/none_V12_012385_v000640,3,V12.mp4,12385,12377,12388,12,none,train
data/processed/clips/none_V12_012385_v000641,3,V12.mp4,12385,12377,12388,12,none,train
data/processed/clips/none_V12_012386_v000642,3,V12.mp4,12386,12378,12389,12,none,train
data/processed/clips/none_V12_012388_v000643,3,V12.mp4,12388,12380,12391,12,none,train
data/processed/clips/none_V12_012389_v000644,3,V12.mp4,12389,12381,12392,12,none,train
data/processed/clips/none_V12_012390_v000645,3,V12.mp4,12390,12382,12393,12,none,train
data/processed/clips/none_V12_012393_v000646,3,V12.mp4,12393,12385,12396,12,none,train
data/processed/clips/none_V12_012394_v000647,3,V12.mp4,12394,12386,12397,12,none,train
data/processed/clips/none_V12_012395_v000648,3,V12.mp4,12395,12387,12398,12,none,train
data/processed/clips/none_V12_012397_v000649,3,V12.mp4,12397,12389,12400,12,none,train
data/processed/clips/none_V12_012398_v000650,3,V12.mp4,12398,12390,12401,12,none,train
data/processed/clips/none_V12_012399_v000651,3,V12.mp4,12399,12391,12402,12,none,train
data/processed/clips/none_V12_012406_v000652,3,V12.mp4,12406,12398,12409,12,none,train
data/processed/clips/none_V12_012407_v000653,3,V12.mp4,12407,12399,12410,12,none,train
data/processed/clips/none_V12_012408_v000654,3,V12.mp4,12408,12400,12411,12,none,train
data/processed/clips/none_V12_012409_v000655,3,V12.mp4,12409,12401,12412,12,none,train
data/processed/clips/none_V12_012410_v000656,3,V12.mp4,12410,12402,12413,12,none,train
data/processed/clips/none_V12_012411_v000657,3,V12.mp4,12411,12403,12414,12,none,train
data/processed/clips/none_V12_012413_v000658,3,V12.mp4,12413,12405,12416,12,none,train
data/processed/clips/none_V12_012414_v000659,3,V12.mp4,12414,12406,12417,12,none,train
data/processed/clips/none_V12_012415_v000660,3,V12.mp4,12415,12407,12418,12,none,train
data/processed/clips/straight_V12_012622_v000661,0,V12.mp4,12622,12614,12625,12,straight,train
data/processed/clips/none_V12_013091_v000662,3,V12.mp4,13091,13083,13094,12,none,train
data/processed/clips/none_V12_013092_v000663,3,V12.mp4,13092,13084,13095,12,none,train
data/processed/clips/none_V12_013097_v000664,3,V12.mp4,13097,13089,13100,12,none,train
data/processed/clips/none_V12_013098_v000665,3,V12.mp4,13098,13090,13101,12,none,train
data/processed/clips/none_V12_013099_v000666,3,V12.mp4,13099,13091,13102,12,none,train
data/processed/clips/none_V12_014886_v000667,3,V12.mp4,14886,14878,14889,12,none,train
data/processed/clips/none_V12_014887_v000668,3,V12.mp4,14887,14879,14890,12,none,train
data/processed/clips/none_V12_014889_v000669,3,V12.mp4,14889,14881,14892,12,none,train
data/processed/clips/none_V12_014890_v000670,3,V12.mp4,14890,14882,14893,12,none,train
data/processed/clips/none_V12_014894_v000671,3,V12.mp4,14894,14886,14897,12,none,train
data/processed/clips/none_V12_014895_v000672,3,V12.mp4,14895,14887,14898,12,none,train
data/processed/clips/none_V12_014897_v000673,3,V12.mp4,14897,14889,14900,12,none,train
data/processed/clips/none_V12_014898_v000674,3,V12.mp4,14898,14890,14901,12,none,train
data/processed/clips/none_V12_014899_v000675,3,V12.mp4,14899,14891,14902,12,none,train
data/processed/clips/hook_V12_015467_v000676,1,V12.mp4,15467,15459,15470,12,hook,train
data/processed/clips/hook_V12_015685_v000677,1,V12.mp4,15685,15677,15688,12,hook,train
data/processed/clips/straight_V12_015856_v000678,0,V12.mp4,15856,15848,15859,12,straight,train
data/processed/clips/hook_V12_015980_v000679,1,V12.mp4,15980,15972,15983,12,hook,train
data/processed/clips/hook_V12_016298_v000680,1,V12.mp4,16298,16290,16301,12,hook,train
data/processed/clips/straight_V12_016494_v000681,0,V12.mp4,16494,16486,16497,12,straight,train
data/processed/clips/hook_V12_016546_v000682,1,V12.mp4,16546,16538,16549,12,hook,train
data/processed/clips/hook_V12_016560_v000683,1,V12.mp4,16560,16552,16563,12,hook,train
data/processed/clips/hook_V12_016830_v000684,1,V12.mp4,16830,16822,16833,12,hook,train
data/processed/clips/hook_V12_016841_v000685,1,V12.mp4,16841,16833,16844,12,hook,train
data/processed/clips/hook_V12_016965_v000686,1,V12.mp4,16965,16957,16968,12,hook,train
data/processed/clips/straight_V12_017655_v000687,0,V12.mp4,17655,17647,17658,12,straight,train
data/processed/clips/straight_V12_018013_v000688,0,V12.mp4,18013,18005,18016,12,straight,train
data/processed/clips/straight_V12_018036_v000689,0,V12.mp4,18036,18028,18039,12,straight,train
data/processed/clips/straight_V12_018065_v000690,0,V12.mp4,18065,18057,18068,12,straight,train
data/processed/clips/straight_V12_018340_v000691,0,V12.mp4,18340,18332,18343,12,straight,train
data/processed/clips/none_V12_018540_v000692,3,V12.mp4,18540,18532,18543,12,none,train
data/processed/clips/none_V12_018541_v000693,3,V12.mp4,18541,18533,18544,12,none,train
data/processed/clips/none_V12_018542_v000694,3,V12.mp4,18542,18534,18545,12,none,train
data/processed/clips/none_V12_018550_v000695,3,V12.mp4,18550,18542,18553,12,none,train
data/processed/clips/none_V12_018552_v000696,3,V12.mp4,18552,18544,18555,12,none,train
data/processed/clips/none_V12_018553_v000697,3,V12.mp4,18553,18545,18556,12,none,train
data/processed/clips/none_V12_018554_v000698,3,V12.mp4,18554,18546,18557,12,none,train
data/processed/clips/none_V12_018557_v000699,3,V12.mp4,18557,18549,18560,12,none,train
data/processed/clips/hook_V12_018690_v000700,1,V12.mp4,18690,18682,18693,12,hook,train
data/processed/clips/hook_V12_018795_v000701,1,V12.mp4,18795,18787,18798,12,hook,train
data/processed/clips/uppercut_V12_018812_v000702,2,V12.mp4,18812,18804,18815,12,uppercut,train
data/processed/clips/uppercut_V12_018838_v000703,2,V12.mp4,18838,18830,18841,12,uppercut,train
data/processed/clips/hook_V12_019054_v000704,1,V12.mp4,19054,19046,19057,12,hook,train
data/processed/clips/hook_V12_019061_v000705,1,V12.mp4,19061,19053,19064,12,hook,train
data/processed/clips/hook_V12_019067_v000706,1,V12.mp4,19067,19059,19070,12,hook,train
data/processed/clips/hook_V12_019186_v000707,1,V12.mp4,19186,19178,19189,12,hook,train
data/processed/clips/hook_V12_019202_v000708,1,V12.mp4,19202,19194,19205,12,hook,train
data/processed/clips/hook_V12_019217_v000709,1,V12.mp4,19217,19209,19220,12,hook,train
data/processed/clips/hook_V12_019235_v000710,1,V12.mp4,19235,19227,19238,12,hook,train
data/processed/clips/hook_V12_019255_v000711,1,V12.mp4,19255,19247,19258,12,hook,train
data/processed/clips/hook_V12_019261_v000712,1,V12.mp4,19261,19253,19264,12,hook,train
data/processed/clips/hook_V12_019267_v000713,1,V12.mp4,19267,19259,19270,12,hook,train
data/processed/clips/hook_V12_019287_v000714,1,V12.mp4,19287,19279,19290,12,hook,train
data/processed/clips/hook_V12_019293_v000715,1,V12.mp4,19293,19285,19296,12,hook,train
data/processed/clips/hook_V12_019305_v000716,1,V12.mp4,19305,19297,19308,12,hook,train
data/processed/clips/hook_V12_019433_v000717,1,V12.mp4,19433,19425,19436,12,hook,train
data/processed/clips/hook_V12_019447_v000718,1,V12.mp4,19447,19439,19450,12,hook,train
data/processed/clips/hook_V12_019532_v000719,1,V12.mp4,19532,19524,19535,12,hook,train
data/processed/clips/hook_V12_019583_v000720,1,V12.mp4,19583,19575,19586,12,hook,train
data/processed/clips/hook_V12_019636_v000721,1,V12.mp4,19636,19628,19639,12,hook,train
data/processed/clips/straight_V12_019828_v000722,0,V12.mp4,19828,19820,19831,12,straight,train
data/processed/clips/straight_V12_019836_v000723,0,V12.mp4,19836,19828,19839,12,straight,train
data/processed/clips/straight_V12_020412_v000724,0,V12.mp4,20412,20404,20415,12,straight,train
data/processed/clips/uppercut_V12_020662_v000725,2,V12.mp4,20662,20654,20665,12,uppercut,train
data/processed/clips/straight_V12_020711_v000726,0,V12.mp4,20711,20703,20714,12,straight,train
data/processed/clips/uppercut_V12_020729_v000727,2,V12.mp4,20729,20721,20732,12,uppercut,train
data/processed/clips/uppercut_V12_020781_v000728,2,V12.mp4,20781,20773,20784,12,uppercut,train
data/processed/clips/straight_V12_020864_v000729,0,V12.mp4,20864,20856,20867,12,straight,train
data/processed/clips/uppercut_V12_020870_v000730,2,V12.mp4,20870,20862,20873,12,uppercut,train
data/processed/clips/uppercut_V12_020941_v000731,2,V12.mp4,20941,20933,20944,12,uppercut,train
data/processed/clips/straight_V12_020999_v000732,0,V12.mp4,20999,20991,21002,12,straight,train
data/processed/clips/uppercut_V12_021010_v000733,2,V12.mp4,21010,21002,21013,12,uppercut,train
data/processed/clips/uppercut_V12_021085_v000734,2,V12.mp4,21085,21077,21088,12,uppercut,train
data/processed/clips/uppercut_V12_021145_v000735,2,V12.mp4,21145,21137,21148,12,uppercut,train
data/processed/clips/uppercut_V12_021270_v000736,2,V12.mp4,21270,21262,21273,12,uppercut,train
data/processed/clips/straight_V12_021335_v000737,0,V12.mp4,21335,21327,21338,12,straight,train
data/processed/clips/uppercut_V12_021346_v000738,2,V12.mp4,21346,21338,21349,12,uppercut,train
data/processed/clips/uppercut_V12_021422_v000739,2,V12.mp4,21422,21414,21425,12,uppercut,train
data/processed/clips/uppercut_V12_021500_v000740,2,V12.mp4,21500,21492,21503,12,uppercut,train
data/processed/clips/none_V12_021715_v000741,3,V12.mp4,21715,21707,21718,12,none,train
data/processed/clips/uppercut_V12_022229_v000742,2,V12.mp4,22229,22221,22232,12,uppercut,train
data/processed/clips/uppercut_V12_022298_v000743,2,V12.mp4,22298,22290,22301,12,uppercut,train
data/processed/clips/uppercut_V12_022426_v000744,2,V12.mp4,22426,22418,22429,12,uppercut,train
data/processed/clips/straight_V12_022494_v000745,0,V12.mp4,22494,22486,22497,12,straight,train
data/processed/clips/uppercut_V12_022556_v000746,2,V12.mp4,22556,22548,22559,12,uppercut,train
data/processed/clips/straight_V12_022615_v000747,0,V12.mp4,22615,22607,22618,12,straight,train
data/processed/clips/uppercut_V12_022626_v000748,2,V12.mp4,22626,22618,22629,12,uppercut,train
data/processed/clips/uppercut_V12_022722_v000749,2,V12.mp4,22722,22714,22725,12,uppercut,train
data/processed/clips/straight_V12_022782_v000750,0,V12.mp4,22782,22774,22785,12,straight,train
data/processed/clips/straight_V12_022833_v000751,0,V12.mp4,22833,22825,22836,12,straight,train
data/processed/clips/uppercut_V12_022846_v000752,2,V12.mp4,22846,22838,22849,12,uppercut,train
data/processed/clips/straight_V12_022897_v000753,0,V12.mp4,22897,22889,22900,12,straight,train
data/processed/clips/uppercut_V12_022969_v000754,2,V12.mp4,22969,22961,22972,12,uppercut,train
data/processed/clips/uppercut_V12_023087_v000755,2,V12.mp4,23087,23079,23090,12,uppercut,train
data/processed/clips/uppercut_V12_023212_v000756,2,V12.mp4,23212,23204,23215,12,uppercut,train
data/processed/clips/uppercut_V12_023329_v000757,2,V12.mp4,23329,23321,23332,12,uppercut,train
data/processed/clips/straight_V12_023385_v000758,0,V12.mp4,23385,23377,23388,12,straight,train
data/processed/clips/uppercut_V12_023450_v000759,2,V12.mp4,23450,23442,23453,12,uppercut,train
data/processed/clips/uppercut_V12_023512_v000760,2,V12.mp4,23512,23504,23515,12,uppercut,train
data/processed/clips/straight_V12_023544_v000761,0,V12.mp4,23544,23536,23547,12,straight,train
data/processed/clips/straight_V2_004199_v000762,0,V2.mp4,4199,4191,4202,12,straight,train
data/processed/clips/straight_V2_004344_v000763,0,V2.mp4,4344,4336,4347,12,straight,train
data/processed/clips/straight_V2_004359_v000764,0,V2.mp4,4359,4351,4362,12,straight,train
data/processed/clips/straight_V2_004372_v000765,0,V2.mp4,4372,4364,4375,12,straight,train
data/processed/clips/straight_V2_004452_v000766,0,V2.mp4,4452,4444,4455,12,straight,train
data/processed/clips/straight_V2_004463_v000767,0,V2.mp4,4463,4455,4466,12,straight,train
data/processed/clips/straight_V2_004517_v000768,0,V2.mp4,4517,4509,4520,12,straight,train
data/processed/clips/straight_V2_004570_v000769,0,V2.mp4,4570,4562,4573,12,straight,train
data/processed/clips/hook_V2_004732_v000770,1,V2.mp4,4732,4724,4735,12,hook,train
data/processed/clips/straight_V2_006419_v000771,0,V2.mp4,6419,6411,6422,12,straight,train
data/processed/clips/straight_V2_006460_v000772,0,V2.mp4,6460,6452,6463,12,straight,train
data/processed/clips/straight_V2_006515_v000773,0,V2.mp4,6515,6507,6518,12,straight,train
data/processed/clips/hook_V2_006556_v000774,1,V2.mp4,6556,6548,6559,12,hook,train
data/processed/clips/straight_V2_006595_v000775,0,V2.mp4,6595,6587,6598,12,straight,train
data/processed/clips/straight_V2_006724_v000776,0,V2.mp4,6724,6716,6727,12,straight,train
data/processed/clips/straight_V2_006757_v000777,0,V2.mp4,6757,6749,6760,12,straight,train
data/processed/clips/hook_V2_006854_v000778,1,V2.mp4,6854,6846,6857,12,hook,train
data/processed/clips/straight_V2_006908_v000779,0,V2.mp4,6908,6900,6911,12,straight,train
data/processed/clips/straight_V2_007029_v000780,0,V2.mp4,7029,7021,7032,12,straight,train
data/processed/clips/straight_V2_007196_v000781,0,V2.mp4,7196,7188,7199,12,straight,train
data/processed/clips/straight_V2_007628_v000782,0,V2.mp4,7628,7620,7631,12,straight,train
data/processed/clips/straight_V2_007752_v000783,0,V2.mp4,7752,7744,7755,12,straight,train
data/processed/clips/hook_V2_007815_v000784,1,V2.mp4,7815,7807,7818,12,hook,train
data/processed/clips/hook_V2_007839_v000785,1,V2.mp4,7839,7831,7842,12,hook,train
data/processed/clips/hook_V2_007865_v000786,1,V2.mp4,7865,7857,7868,12,hook,train
data/processed/clips/hook_V2_007904_v000787,1,V2.mp4,7904,7896,7907,12,hook,train
data/processed/clips/hook_V2_007933_v000788,1,V2.mp4,7933,7925,7936,12,hook,train
data/processed/clips/hook_V2_007968_v000789,1,V2.mp4,7968,7960,7971,12,hook,train
data/processed/clips/hook_V2_007992_v000790,1,V2.mp4,7992,7984,7995,12,hook,train
data/processed/clips/hook_V2_008029_v000791,1,V2.mp4,8029,8021,8032,12,hook,train
data/processed/clips/hook_V2_008068_v000792,1,V2.mp4,8068,8060,8071,12,hook,train
data/processed/clips/hook_V2_008138_v000793,1,V2.mp4,8138,8130,8141,12,hook,train
data/processed/clips/hook_V2_008178_v000794,1,V2.mp4,8178,8170,8181,12,hook,train
data/processed/clips/hook_V2_008216_v000795,1,V2.mp4,8216,8208,8219,12,hook,train
data/processed/clips/hook_V2_008255_v000796,1,V2.mp4,8255,8247,8258,12,hook,train
data/processed/clips/hook_V2_008294_v000797,1,V2.mp4,8294,8286,8297,12,hook,train
data/processed/clips/hook_V2_008395_v000798,1,V2.mp4,8395,8387,8398,12,hook,train
data/processed/clips/hook_V2_008444_v000799,1,V2.mp4,8444,8436,8447,12,hook,train
data/processed/clips/hook_V2_008468_v000800,1,V2.mp4,8468,8460,8471,12,hook,train
data/processed/clips/hook_V2_008513_v000801,1,V2.mp4,8513,8505,8516,12,hook,train
data/processed/clips/straight_V2_009767_v000802,0,V2.mp4,9767,9759,9770,12,straight,train
data/processed/clips/hook_V2_009794_v000803,1,V2.mp4,9794,9786,9797,12,hook,train
data/processed/clips/hook_V2_009916_v000804,1,V2.mp4,9916,9908,9919,12,hook,train
data/processed/clips/straight_V2_010188_v000805,0,V2.mp4,10188,10180,10191,12,straight,train
data/processed/clips/straight_V2_010215_v000806,0,V2.mp4,10215,10207,10218,12,straight,train
data/processed/clips/straight_V2_010269_v000807,0,V2.mp4,10269,10261,10272,12,straight,train
data/processed/clips/hook_V2_010442_v000808,1,V2.mp4,10442,10434,10445,12,hook,train
data/processed/clips/straight_V2_010499_v000809,0,V2.mp4,10499,10491,10502,12,straight,train
data/processed/clips/hook_V2_010539_v000810,1,V2.mp4,10539,10531,10542,12,hook,train
data/processed/clips/straight_V2_010691_v000811,0,V2.mp4,10691,10683,10694,12,straight,train
data/processed/clips/hook_V2_010756_v000812,1,V2.mp4,10756,10748,10759,12,hook,train
data/processed/clips/hook_V2_010825_v000813,1,V2.mp4,10825,10817,10828,12,hook,train
data/processed/clips/hook_V2_010887_v000814,1,V2.mp4,10887,10879,10890,12,hook,train
data/processed/clips/hook_V2_010962_v000815,1,V2.mp4,10962,10954,10965,12,hook,train
data/processed/clips/hook_V2_011060_v000816,1,V2.mp4,11060,11052,11063,12,hook,train
data/processed/clips/hook_V2_011106_v000817,1,V2.mp4,11106,11098,11109,12,hook,train
data/processed/clips/hook_V2_011175_v000818,1,V2.mp4,11175,11167,11178,12,hook,train
data/processed/clips/hook_V2_011267_v000819,1,V2.mp4,11267,11259,11270,12,hook,train
data/processed/clips/hook_V2_011373_v000820,1,V2.mp4,11373,11365,11376,12,hook,train
data/processed/clips/hook_V2_011411_v000821,1,V2.mp4,11411,11403,11414,12,hook,train
data/processed/clips/hook_V2_011510_v000822,1,V2.mp4,11510,11502,11513,12,hook,train
data/processed/clips/hook_V2_011621_v000823,1,V2.mp4,11621,11613,11624,12,hook,train
data/processed/clips/hook_V2_011911_v000824,1,V2.mp4,11911,11903,11914,12,hook,train
data/processed/clips/hook_V2_011967_v000825,1,V2.mp4,11967,11959,11970,12,hook,train
data/processed/clips/hook_V2_012001_v000826,1,V2.mp4,12001,11993,12004,12,hook,train
data/processed/clips/hook_V2_012076_v000827,1,V2.mp4,12076,12068,12079,12,hook,train
data/processed/clips/straight_V2_013047_v000828,0,V2.mp4,13047,13039,13050,12,straight,train
data/processed/clips/straight_V2_013127_v000829,0,V2.mp4,13127,13119,13130,12,straight,train
data/processed/clips/straight_V2_013209_v000830,0,V2.mp4,13209,13201,13212,12,straight,train
data/processed/clips/straight_V2_013679_v000831,0,V2.mp4,13679,13671,13682,12,straight,train
data/processed/clips/straight_V2_013820_v000832,0,V2.mp4,13820,13812,13823,12,straight,train
data/processed/clips/straight_V2_013867_v000833,0,V2.mp4,13867,13859,13870,12,straight,train
data/processed/clips/straight_V2_013904_v000834,0,V2.mp4,13904,13896,13907,12,straight,train
data/processed/clips/hook_V2_013964_v000835,1,V2.mp4,13964,13956,13967,12,hook,train
data/processed/clips/straight_V2_014047_v000836,0,V2.mp4,14047,14039,14050,12,straight,train
data/processed/clips/straight_V2_014189_v000837,0,V2.mp4,14189,14181,14192,12,straight,train
data/processed/clips/straight_V2_014243_v000838,0,V2.mp4,14243,14235,14246,12,straight,train
data/processed/clips/hook_V2_015882_v000839,1,V2.mp4,15882,15874,15885,12,hook,train
data/processed/clips/hook_V2_015897_v000840,1,V2.mp4,15897,15889,15900,12,hook,train
data/processed/clips/straight_V2_015995_v000841,0,V2.mp4,15995,15987,15998,12,straight,train
data/processed/clips/hook_V2_016551_v000842,1,V2.mp4,16551,16543,16554,12,hook,train
data/processed/clips/hook_V2_016567_v000843,1,V2.mp4,16567,16559,16570,12,hook,train
data/processed/clips/straight_V2_016637_v000844,0,V2.mp4,16637,16629,16640,12,straight,train
data/processed/clips/hook_V2_016708_v000845,1,V2.mp4,16708,16700,16711,12,hook,train
data/processed/clips/hook_V2_016811_v000846,1,V2.mp4,16811,16803,16814,12,hook,train
data/processed/clips/hook_V2_016823_v000847,1,V2.mp4,16823,16815,16826,12,hook,train
data/processed/clips/hook_V2_017047_v000848,1,V2.mp4,17047,17039,17050,12,hook,train
data/processed/clips/hook_V2_017310_v000849,1,V2.mp4,17310,17302,17313,12,hook,train
data/processed/clips/hook_V2_017403_v000850,1,V2.mp4,17403,17395,17406,12,hook,train
data/processed/clips/hook_V2_017419_v000851,1,V2.mp4,17419,17411,17422,12,hook,train
data/processed/clips/hook_V2_017616_v000852,1,V2.mp4,17616,17608,17619,12,hook,train
data/processed/clips/hook_V2_017808_v000853,1,V2.mp4,17808,17800,17811,12,hook,train
data/processed/clips/straight_V2_017904_v000854,0,V2.mp4,17904,17896,17907,12,straight,train
data/processed/clips/straight_V2_017950_v000855,0,V2.mp4,17950,17942,17953,12,straight,train
data/processed/clips/straight_V2_018050_v000856,0,V2.mp4,18050,18042,18053,12,straight,train
data/processed/clips/straight_V2_018183_v000857,0,V2.mp4,18183,18175,18186,12,straight,train
data/processed/clips/straight_V2_018284_v000858,0,V2.mp4,18284,18276,18287,12,straight,train
data/processed/clips/straight_V2_018312_v000859,0,V2.mp4,18312,18304,18315,12,straight,train
data/processed/clips/straight_V2_018366_v000860,0,V2.mp4,18366,18358,18369,12,straight,train
data/processed/clips/straight_V2_018495_v000861,0,V2.mp4,18495,18487,18498,12,straight,train
data/processed/clips/straight_V2_018549_v000862,0,V2.mp4,18549,18541,18552,12,straight,train
data/processed/clips/hook_V2_019045_v000863,1,V2.mp4,19045,19037,19048,12,hook,train
data/processed/clips/hook_V2_019589_v000864,1,V2.mp4,19589,19581,19592,12,hook,train
data/processed/clips/hook_V2_019694_v000865,1,V2.mp4,19694,19686,19697,12,hook,train
data/processed/clips/hook_V2_019964_v000866,1,V2.mp4,19964,19956,19967,12,hook,train
data/processed/clips/straight_V2_020039_v000867,0,V2.mp4,20039,20031,20042,12,straight,train
data/processed/clips/straight_V2_020058_v000868,0,V2.mp4,20058,20050,20061,12,straight,train
data/processed/clips/straight_V2_020095_v000869,0,V2.mp4,20095,20087,20098,12,straight,train
data/processed/clips/straight_V2_020120_v000870,0,V2.mp4,20120,20112,20123,12,straight,train
data/processed/clips/straight_V2_020159_v000871,0,V2.mp4,20159,20151,20162,12,straight,train
data/processed/clips/straight_V2_020184_v000872,0,V2.mp4,20184,20176,20187,12,straight,train
data/processed/clips/straight_V2_020223_v000873,0,V2.mp4,20223,20215,20226,12,straight,train
data/processed/clips/straight_V2_020289_v000874,0,V2.mp4,20289,20281,20292,12,straight,train
data/processed/clips/straight_V2_020374_v000875,0,V2.mp4,20374,20366,20377,12,straight,train
data/processed/clips/straight_V2_020428_v000876,0,V2.mp4,20428,20420,20431,12,straight,train
data/processed/clips/straight_V2_020492_v000877,0,V2.mp4,20492,20484,20495,12,straight,train
data/processed/clips/straight_V2_020552_v000878,0,V2.mp4,20552,20544,20555,12,straight,train
data/processed/clips/straight_V2_020588_v000879,0,V2.mp4,20588,20580,20591,12,straight,train
data/processed/clips/straight_V2_020614_v000880,0,V2.mp4,20614,20606,20617,12,straight,train
data/processed/clips/straight_V2_020730_v000881,0,V2.mp4,20730,20722,20733,12,straight,train
data/processed/clips/straight_V2_021743_v000882,0,V2.mp4,21743,21735,21746,12,straight,train
data/processed/clips/straight_V2_021756_v000883,0,V2.mp4,21756,21748,21759,12,straight,train
data/processed/clips/straight_V2_021771_v000884,0,V2.mp4,21771,21763,21774,12,straight,train
data/processed/clips/none_V3_001836_v000885,3,V3.mp4,1836,1828,1839,12,none,train
data/processed/clips/none_V3_001877_v000886,3,V3.mp4,1877,1869,1880,12,none,train
data/processed/clips/straight_V3_001959_v000887,0,V3.mp4,1959,1951,1962,12,straight,train
data/processed/clips/uppercut_V3_002097_v000888,2,V3.mp4,2097,2089,2100,12,uppercut,train
data/processed/clips/uppercut_V3_002128_v000889,2,V3.mp4,2128,2120,2131,12,uppercut,train
data/processed/clips/straight_V3_004643_v000890,0,V3.mp4,4643,4635,4646,12,straight,train
data/processed/clips/straight_V3_004686_v000891,0,V3.mp4,4686,4678,4689,12,straight,train
data/processed/clips/straight_V3_004826_v000892,0,V3.mp4,4826,4818,4829,12,straight,train
data/processed/clips/straight_V3_004861_v000893,0,V3.mp4,4861,4853,4864,12,straight,train
data/processed/clips/straight_V3_004892_v000894,0,V3.mp4,4892,4884,4895,12,straight,train
data/processed/clips/straight_V3_004921_v000895,0,V3.mp4,4921,4913,4924,12,straight,train
data/processed/clips/straight_V3_005043_v000896,0,V3.mp4,5043,5035,5046,12,straight,train
data/processed/clips/straight_V3_005073_v000897,0,V3.mp4,5073,5065,5076,12,straight,train
data/processed/clips/straight_V3_005164_v000898,0,V3.mp4,5164,5156,5167,12,straight,train
data/processed/clips/straight_V3_005195_v000899,0,V3.mp4,5195,5187,5198,12,straight,train
data/processed/clips/uppercut_V3_005250_v000900,2,V3.mp4,5250,5242,5253,12,uppercut,train
data/processed/clips/straight_V3_005728_v000901,0,V3.mp4,5728,5720,5731,12,straight,train
data/processed/clips/hook_V3_005745_v000902,1,V3.mp4,5745,5737,5748,12,hook,train
data/processed/clips/straight_V3_005796_v000903,0,V3.mp4,5796,5788,5799,12,straight,train
data/processed/clips/hook_V3_005961_v000904,1,V3.mp4,5961,5953,5964,12,hook,train
data/processed/clips/uppercut_V3_006144_v000905,2,V3.mp4,6144,6136,6147,12,uppercut,train
data/processed/clips/straight_V3_006683_v000906,0,V3.mp4,6683,6675,6686,12,straight,train
data/processed/clips/straight_V3_006727_v000907,0,V3.mp4,6727,6719,6730,12,straight,train
data/processed/clips/straight_V3_006779_v000908,0,V3.mp4,6779,6771,6782,12,straight,train
data/processed/clips/hook_V3_006813_v000909,1,V3.mp4,6813,6805,6816,12,hook,train
data/processed/clips/hook_V3_006871_v000910,1,V3.mp4,6871,6863,6874,12,hook,train
data/processed/clips/straight_V3_006896_v000911,0,V3.mp4,6896,6888,6899,12,straight,train
data/processed/clips/hook_V3_006962_v000912,1,V3.mp4,6962,6954,6965,12,hook,train
data/processed/clips/hook_V3_007008_v000913,1,V3.mp4,7008,7000,7011,12,hook,train
data/processed/clips/straight_V3_007084_v000914,0,V3.mp4,7084,7076,7087,12,straight,train
data/processed/clips/straight_V3_007167_v000915,0,V3.mp4,7167,7159,7170,12,straight,train
data/processed/clips/hook_V3_007228_v000916,1,V3.mp4,7228,7220,7231,12,hook,train
data/processed/clips/hook_V3_007270_v000917,1,V3.mp4,7270,7262,7273,12,hook,train
data/processed/clips/hook_V3_007439_v000918,1,V3.mp4,7439,7431,7442,12,hook,train
data/processed/clips/hook_V3_007456_v000919,1,V3.mp4,7456,7448,7459,12,hook,train
data/processed/clips/straight_V3_007483_v000920,0,V3.mp4,7483,7475,7486,12,straight,train
data/processed/clips/hook_V3_007694_v000921,1,V3.mp4,7694,7686,7697,12,hook,train
data/processed/clips/straight_V3_007879_v000922,0,V3.mp4,7879,7871,7882,12,straight,train
data/processed/clips/hook_V3_007889_v000923,1,V3.mp4,7889,7881,7892,12,hook,train
data/processed/clips/straight_V3_007927_v000924,0,V3.mp4,7927,7919,7930,12,straight,train
data/processed/clips/hook_V3_008419_v000925,1,V3.mp4,8419,8411,8422,12,hook,train
data/processed/clips/hook_V3_008473_v000926,1,V3.mp4,8473,8465,8476,12,hook,train
data/processed/clips/hook_V3_008703_v000927,1,V3.mp4,8703,8695,8706,12,hook,train
data/processed/clips/straight_V3_008924_v000928,0,V3.mp4,8924,8916,8927,12,straight,train
data/processed/clips/hook_V3_009082_v000929,1,V3.mp4,9082,9074,9085,12,hook,train
data/processed/clips/straight_V3_009112_v000930,0,V3.mp4,9112,9104,9115,12,straight,train
data/processed/clips/hook_V3_009131_v000931,1,V3.mp4,9131,9123,9134,12,hook,train
data/processed/clips/hook_V3_009178_v000932,1,V3.mp4,9178,9170,9181,12,hook,train
data/processed/clips/hook_V3_009217_v000933,1,V3.mp4,9217,9209,9220,12,hook,train
data/processed/clips/hook_V3_009263_v000934,1,V3.mp4,9263,9255,9266,12,hook,train
data/processed/clips/straight_V3_009377_v000935,0,V3.mp4,9377,9369,9380,12,straight,train
data/processed/clips/hook_V3_009484_v000936,1,V3.mp4,9484,9476,9487,12,hook,train
data/processed/clips/hook_V3_009741_v000937,1,V3.mp4,9741,9733,9744,12,hook,train
data/processed/clips/hook_V3_009859_v000938,1,V3.mp4,9859,9851,9862,12,hook,train
data/processed/clips/hook_V3_009921_v000939,1,V3.mp4,9921,9913,9924,12,hook,train
data/processed/clips/hook_V3_009984_v000940,1,V3.mp4,9984,9976,9987,12,hook,train
data/processed/clips/hook_V3_010118_v000941,1,V3.mp4,10118,10110,10121,12,hook,train
data/processed/clips/hook_V3_010224_v000942,1,V3.mp4,10224,10216,10227,12,hook,train
data/processed/clips/hook_V3_010373_v000943,1,V3.mp4,10373,10365,10376,12,hook,train
data/processed/clips/hook_V3_010416_v000944,1,V3.mp4,10416,10408,10419,12,hook,train
data/processed/clips/hook_V3_010451_v000945,1,V3.mp4,10451,10443,10454,12,hook,train
data/processed/clips/hook_V3_010488_v000946,1,V3.mp4,10488,10480,10491,12,hook,train
data/processed/clips/hook_V3_010579_v000947,1,V3.mp4,10579,10571,10582,12,hook,train
data/processed/clips/hook_V3_010624_v000948,1,V3.mp4,10624,10616,10627,12,hook,train
data/processed/clips/straight_V3_011575_v000949,0,V3.mp4,11575,11567,11578,12,straight,train
data/processed/clips/straight_V3_012010_v000950,0,V3.mp4,12010,12002,12013,12,straight,train
data/processed/clips/straight_V3_012027_v000951,0,V3.mp4,12027,12019,12030,12,straight,train
data/processed/clips/straight_V3_014615_v000952,0,V3.mp4,14615,14607,14618,12,straight,train
data/processed/clips/straight_V3_014677_v000953,0,V3.mp4,14677,14669,14680,12,straight,train
data/processed/clips/straight_V3_014803_v000954,0,V3.mp4,14803,14795,14806,12,straight,train
data/processed/clips/straight_V3_014887_v000955,0,V3.mp4,14887,14879,14890,12,straight,train
data/processed/clips/straight_V3_014887_v000956,0,V3.mp4,14887,14879,14890,12,straight,train
data/processed/clips/straight_V3_015081_v000957,0,V3.mp4,15081,15073,15084,12,straight,train
data/processed/clips/straight_V3_015123_v000958,0,V3.mp4,15123,15115,15126,12,straight,train
data/processed/clips/straight_V3_015134_v000959,0,V3.mp4,15134,15126,15137,12,straight,train
data/processed/clips/straight_V3_015248_v000960,0,V3.mp4,15248,15240,15251,12,straight,train
data/processed/clips/hook_V3_015372_v000961,1,V3.mp4,15372,15364,15375,12,hook,train
data/processed/clips/hook_V3_015409_v000962,1,V3.mp4,15409,15401,15412,12,hook,train
data/processed/clips/hook_V3_015590_v000963,1,V3.mp4,15590,15582,15593,12,hook,train
data/processed/clips/hook_V3_015720_v000964,1,V3.mp4,15720,15712,15723,12,hook,train
data/processed/clips/hook_V3_015925_v000965,1,V3.mp4,15925,15917,15928,12,hook,train
data/processed/clips/hook_V3_016140_v000966,1,V3.mp4,16140,16132,16143,12,hook,train
data/processed/clips/hook_V3_016203_v000967,1,V3.mp4,16203,16195,16206,12,hook,train
data/processed/clips/hook_V3_016236_v000968,1,V3.mp4,16236,16228,16239,12,hook,train
data/processed/clips/hook_V3_016251_v000969,1,V3.mp4,16251,16243,16254,12,hook,train
data/processed/clips/hook_V3_016264_v000970,1,V3.mp4,16264,16256,16267,12,hook,train
data/processed/clips/hook_V3_016342_v000971,1,V3.mp4,16342,16334,16345,12,hook,train
data/processed/clips/hook_V3_016357_v000972,1,V3.mp4,16357,16349,16360,12,hook,train
data/processed/clips/hook_V3_016372_v000973,1,V3.mp4,16372,16364,16375,12,hook,train
data/processed/clips/hook_V3_016477_v000974,1,V3.mp4,16477,16469,16480,12,hook,train
data/processed/clips/hook_V3_016520_v000975,1,V3.mp4,16520,16512,16523,12,hook,train
data/processed/clips/hook_V3_016559_v000976,1,V3.mp4,16559,16551,16562,12,hook,train
data/processed/clips/hook_V3_016617_v000977,1,V3.mp4,16617,16609,16620,12,hook,train
data/processed/clips/hook_V3_016663_v000978,1,V3.mp4,16663,16655,16666,12,hook,train
data/processed/clips/straight_V3_017233_v000979,0,V3.mp4,17233,17225,17236,12,straight,train
data/processed/clips/straight_V3_017254_v000980,0,V3.mp4,17254,17246,17257,12,straight,train
data/processed/clips/uppercut_V3_017277_v000981,2,V3.mp4,17277,17269,17280,12,uppercut,train
data/processed/clips/straight_V3_017294_v000982,0,V3.mp4,17294,17286,17297,12,straight,train
data/processed/clips/straight_V3_017552_v000983,0,V3.mp4,17552,17544,17555,12,straight,train
data/processed/clips/uppercut_V3_017596_v000984,2,V3.mp4,17596,17588,17599,12,uppercut,train
data/processed/clips/straight_V3_018215_v000985,0,V3.mp4,18215,18207,18218,12,straight,train
data/processed/clips/uppercut_V3_018233_v000986,2,V3.mp4,18233,18225,18236,12,uppercut,train
data/processed/clips/uppercut_V3_018297_v000987,2,V3.mp4,18297,18289,18300,12,uppercut,train
data/processed/clips/straight_V3_018331_v000988,0,V3.mp4,18331,18323,18334,12,straight,train
data/processed/clips/uppercut_V3_018478_v000989,2,V3.mp4,18478,18470,18481,12,uppercut,train
data/processed/clips/uppercut_V3_018535_v000990,2,V3.mp4,18535,18527,18538,12,uppercut,train
data/processed/clips/uppercut_V3_018587_v000991,2,V3.mp4,18587,18579,18590,12,uppercut,train
data/processed/clips/uppercut_V3_018645_v000992,2,V3.mp4,18645,18637,18648,12,uppercut,train
data/processed/clips/uppercut_V3_018701_v000993,2,V3.mp4,18701,18693,18704,12,uppercut,train
data/processed/clips/uppercut_V3_018860_v000994,2,V3.mp4,18860,18852,18863,12,uppercut,train
data/processed/clips/hook_V3_018945_v000995,1,V3.mp4,18945,18937,18948,12,hook,train
data/processed/clips/uppercut_V3_018956_v000996,2,V3.mp4,18956,18948,18959,12,uppercut,train
data/processed/clips/uppercut_V3_019013_v000997,2,V3.mp4,19013,19005,19016,12,uppercut,train
data/processed/clips/hook_V3_019063_v000998,1,V3.mp4,19063,19055,19066,12,hook,train
data/processed/clips/uppercut_V3_019076_v000999,2,V3.mp4,19076,19068,19079,12,uppercut,train
data/processed/clips/uppercut_V3_019189_v001000,2,V3.mp4,19189,19181,19192,12,uppercut,train
data/processed/clips/hook_V3_019236_v001001,1,V3.mp4,19236,19228,19239,12,hook,train
data/processed/clips/uppercut_V3_019366_v001002,2,V3.mp4,19366,19358,19369,12,uppercut,train
data/processed/clips/uppercut_V3_019419_v001003,2,V3.mp4,19419,19411,19422,12,uppercut,train
data/processed/clips/uppercut_V3_019475_v001004,2,V3.mp4,19475,19467,19478,12,uppercut,train
data/processed/clips/uppercut_V3_019528_v001005,2,V3.mp4,19528,19520,19531,12,uppercut,train
data/processed/clips/hook_V3_019728_v001006,1,V3.mp4,19728,19720,19731,12,hook,train
data/processed/clips/straight_V3_020362_v001007,0,V3.mp4,20362,20354,20365,12,straight,train
data/processed/clips/uppercut_V3_020393_v001008,2,V3.mp4,20393,20385,20396,12,uppercut,train
data/processed/clips/straight_V3_020408_v001009,0,V3.mp4,20408,20400,20411,12,straight,train
data/processed/clips/uppercut_V3_020456_v001010,2,V3.mp4,20456,20448,20459,12,uppercut,train
data/processed/clips/uppercut_V3_020972_v001011,2,V3.mp4,20972,20964,20975,12,uppercut,train
data/processed/clips/uppercut_V3_021110_v001012,2,V3.mp4,21110,21102,21113,12,uppercut,train
data/processed/clips/uppercut_V3_021226_v001013,2,V3.mp4,21226,21218,21229,12,uppercut,train
data/processed/clips/uppercut_V3_021276_v001014,2,V3.mp4,21276,21268,21279,12,uppercut,train
data/processed/clips/uppercut_V3_021335_v001015,2,V3.mp4,21335,21327,21338,12,uppercut,train
data/processed/clips/uppercut_V3_021387_v001016,2,V3.mp4,21387,21379,21390,12,uppercut,train
data/processed/clips/uppercut_V3_021492_v001017,2,V3.mp4,21492,21484,21495,12,uppercut,train
data/processed/clips/uppercut_V3_021543_v001018,2,V3.mp4,21543,21535,21546,12,uppercut,train
data/processed/clips/hook_V3_021662_v001019,1,V3.mp4,21662,21654,21665,12,hook,train
data/processed/clips/uppercut_V3_021673_v001020,2,V3.mp4,21673,21665,21676,12,uppercut,train
data/processed/clips/hook_V3_021952_v001021,1,V3.mp4,21952,21944,21955,12,hook,train
data/processed/clips/hook_V3_022017_v001022,1,V3.mp4,22017,22009,22020,12,hook,train
data/processed/clips/hook_V3_022388_v001023,1,V3.mp4,22388,22380,22391,12,hook,train
data/processed/clips/straight_V3_024342_v001024,0,V3.mp4,24342,24334,24345,12,straight,train
data/processed/clips/straight_V3_024459_v001025,0,V3.mp4,24459,24451,24462,12,straight,train
data/processed/clips/straight_V3_024645_v001026,0,V3.mp4,24645,24637,24648,12,straight,train
data/processed/clips/straight_V3_024913_v001027,0,V3.mp4,24913,24905,24916,12,straight,train
data/processed/clips/straight_V3_024979_v001028,0,V3.mp4,24979,24971,24982,12,straight,train
data/processed/clips/straight_V3_025008_v001029,0,V3.mp4,25008,25000,25011,12,straight,train
data/processed/clips/straight_V3_025019_v001030,0,V3.mp4,25019,25011,25022,12,straight,train
data/processed/clips/straight_V3_025084_v001031,0,V3.mp4,25084,25076,25087,12,straight,train
data/processed/clips/straight_V3_025286_v001032,0,V3.mp4,25286,25278,25289,12,straight,train
data/processed/clips/straight_V3_025779_v001033,0,V3.mp4,25779,25771,25782,12,straight,train
data/processed/clips/straight_V3_026139_v001034,0,V3.mp4,26139,26131,26142,12,straight,train
data/processed/clips/straight_V3_026240_v001035,0,V3.mp4,26240,26232,26243,12,straight,train
data/processed/clips/straight_V3_026317_v001036,0,V3.mp4,26317,26309,26320,12,straight,train
data/processed/clips/straight_V3_026778_v001037,0,V3.mp4,26778,26770,26781,12,straight,train
data/processed/clips/straight_V3_027166_v001038,0,V3.mp4,27166,27158,27169,12,straight,train
data/processed/clips/straight_V3_027258_v001039,0,V3.mp4,27258,27250,27261,12,straight,train
data/processed/clips/straight_V3_027413_v001040,0,V3.mp4,27413,27405,27416,12,straight,train
data/processed/clips/straight_V3_027787_v001041,0,V3.mp4,27787,27779,27790,12,straight,train
data/processed/clips/straight_V3_027787_v001042,0,V3.mp4,27787,27779,27790,12,straight,train
data/processed/clips/straight_V4_009640_v001043,0,V4.mp4,9640,9632,9643,12,straight,train
data/processed/clips/hook_V4_009648_v001044,1,V4.mp4,9648,9640,9651,12,hook,train
data/processed/clips/straight_V4_009734_v001045,0,V4.mp4,9734,9726,9737,12,straight,train
data/processed/clips/hook_V4_009741_v001046,1,V4.mp4,9741,9733,9744,12,hook,train
data/processed/clips/straight_V4_009832_v001047,0,V4.mp4,9832,9824,9835,12,straight,train
data/processed/clips/hook_V4_009839_v001048,1,V4.mp4,9839,9831,9842,12,hook,train
data/processed/clips/straight_V4_009930_v001049,0,V4.mp4,9930,9922,9933,12,straight,train
data/processed/clips/hook_V4_009938_v001050,1,V4.mp4,9938,9930,9941,12,hook,train
data/processed/clips/straight_V4_010046_v001051,0,V4.mp4,10046,10038,10049,12,straight,train
data/processed/clips/hook_V4_010054_v001052,1,V4.mp4,10054,10046,10057,12,hook,train
data/processed/clips/hook_V4_010213_v001053,1,V4.mp4,10213,10205,10216,12,hook,train
data/processed/clips/hook_V4_010326_v001054,1,V4.mp4,10326,10318,10329,12,hook,train
data/processed/clips/hook_V4_010413_v001055,1,V4.mp4,10413,10405,10416,12,hook,train
data/processed/clips/straight_V4_010599_v001056,0,V4.mp4,10599,10591,10602,12,straight,train
data/processed/clips/hook_V4_010607_v001057,1,V4.mp4,10607,10599,10610,12,hook,train
data/processed/clips/straight_V4_010681_v001058,0,V4.mp4,10681,10673,10684,12,straight,train
data/processed/clips/hook_V4_010688_v001059,1,V4.mp4,10688,10680,10691,12,hook,train
data/processed/clips/hook_V4_011666_v001060,1,V4.mp4,11666,11658,11669,12,hook,train
data/processed/clips/hook_V4_011690_v001061,1,V4.mp4,11690,11682,11693,12,hook,train
data/processed/clips/hook_V4_011715_v001062,1,V4.mp4,11715,11707,11718,12,hook,train
data/processed/clips/hook_V4_011741_v001063,1,V4.mp4,11741,11733,11744,12,hook,train
data/processed/clips/hook_V4_011786_v001064,1,V4.mp4,11786,11778,11789,12,hook,train
data/processed/clips/hook_V4_011820_v001065,1,V4.mp4,11820,11812,11823,12,hook,train
data/processed/clips/straight_V4_011867_v001066,0,V4.mp4,11867,11859,11870,12,straight,train
data/processed/clips/straight_V4_012183_v001067,0,V4.mp4,12183,12175,12186,12,straight,train
data/processed/clips/straight_V4_012406_v001068,0,V4.mp4,12406,12398,12409,12,straight,train
data/processed/clips/hook_V4_012887_v001069,1,V4.mp4,12887,12879,12890,12,hook,train
data/processed/clips/hook_V4_012918_v001070,1,V4.mp4,12918,12910,12921,12,hook,train
data/processed/clips/hook_V4_012974_v001071,1,V4.mp4,12974,12966,12977,12,hook,train
data/processed/clips/hook_V4_013020_v001072,1,V4.mp4,13020,13012,13023,12,hook,train
data/processed/clips/hook_V4_013132_v001073,1,V4.mp4,13132,13124,13135,12,hook,train
data/processed/clips/hook_V4_013160_v001074,1,V4.mp4,13160,13152,13163,12,hook,train
data/processed/clips/hook_V4_013186_v001075,1,V4.mp4,13186,13178,13189,12,hook,train
data/processed/clips/hook_V4_013214_v001076,1,V4.mp4,13214,13206,13217,12,hook,train
data/processed/clips/hook_V4_020688_v001077,1,V4.mp4,20688,20680,20691,12,hook,train
data/processed/clips/hook_V4_021557_v001078,1,V4.mp4,21557,21549,21560,12,hook,train
data/processed/clips/hook_V4_021574_v001079,1,V4.mp4,21574,21566,21577,12,hook,train
data/processed/clips/straight_V4_021967_v001080,0,V4.mp4,21967,21959,21970,12,straight,train
data/processed/clips/hook_V4_021993_v001081,1,V4.mp4,21993,21985,21996,12,hook,train
data/processed/clips/hook_V4_022013_v001082,1,V4.mp4,22013,22005,22016,12,hook,train
data/processed/clips/straight_V4_023690_v001083,0,V4.mp4,23690,23682,23693,12,straight,train
data/processed/clips/hook_V4_023774_v001084,1,V4.mp4,23774,23766,23777,12,hook,train
data/processed/clips/hook_V4_023795_v001085,1,V4.mp4,23795,23787,23798,12,hook,train
data/processed/clips/hook_V4_023970_v001086,1,V4.mp4,23970,23962,23973,12,hook,train
data/processed/clips/hook_V4_024002_v001087,1,V4.mp4,24002,23994,24005,12,hook,train
data/processed/clips/hook_V4_024070_v001088,1,V4.mp4,24070,24062,24073,12,hook,train
data/processed/clips/straight_V4_024145_v001089,0,V4.mp4,24145,24137,24148,12,straight,train
data/processed/clips/hook_V4_024157_v001090,1,V4.mp4,24157,24149,24160,12,hook,train
data/processed/clips/hook_V4_024170_v001091,1,V4.mp4,24170,24162,24173,12,hook,train
data/processed/clips/hook_V4_024180_v001092,1,V4.mp4,24180,24172,24183,12,hook,train
data/processed/clips/hook_V4_024195_v001093,1,V4.mp4,24195,24187,24198,12,hook,train
data/processed/clips/hook_V4_024465_v001094,1,V4.mp4,24465,24457,24468,12,hook,train
data/processed/clips/hook_V4_024672_v001095,1,V4.mp4,24672,24664,24675,12,hook,train
data/processed/clips/hook_V4_025029_v001096,1,V4.mp4,25029,25021,25032,12,hook,train
data/processed/clips/hook_V4_026092_v001097,1,V4.mp4,26092,26084,26095,12,hook,train
data/processed/clips/hook_V4_026410_v001098,1,V4.mp4,26410,26402,26413,12,hook,train
data/processed/clips/hook_V4_026429_v001099,1,V4.mp4,26429,26421,26432,12,hook,train
data/processed/clips/hook_V4_026444_v001100,1,V4.mp4,26444,26436,26447,12,hook,train
data/processed/clips/hook_V4_027314_v001101,1,V4.mp4,27314,27306,27317,12,hook,train
data/processed/clips/hook_V4_027330_v001102,1,V4.mp4,27330,27322,27333,12,hook,train
data/processed/clips/hook_V4_027341_v001103,1,V4.mp4,27341,27333,27344,12,hook,train
data/processed/clips/hook_V4_027454_v001104,1,V4.mp4,27454,27446,27457,12,hook,train
data/processed/clips/hook_V4_027484_v001105,1,V4.mp4,27484,27476,27487,12,hook,train
data/processed/clips/hook_V4_027911_v001106,1,V4.mp4,27911,27903,27914,12,hook,train
data/processed/clips/hook_V4_027928_v001107,1,V4.mp4,27928,27920,27931,12,hook,train
data/processed/clips/hook_V4_027942_v001108,1,V4.mp4,27942,27934,27945,12,hook,train
data/processed/clips/hook_V4_028853_v001109,1,V4.mp4,28853,28845,28856,12,hook,train
data/processed/clips/hook_V4_028868_v001110,1,V4.mp4,28868,28860,28871,12,hook,train
data/processed/clips/hook_V4_028878_v001111,1,V4.mp4,28878,28870,28881,12,hook,train
data/processed/clips/hook_V4_029144_v001112,1,V4.mp4,29144,29136,29147,12,hook,train
data/processed/clips/hook_V4_029159_v001113,1,V4.mp4,29159,29151,29162,12,hook,train
data/processed/clips/hook_V4_029171_v001114,1,V4.mp4,29171,29163,29174,12,hook,train
data/processed/clips/straight_V5_000026_v001115,0,V5.mp4,26,18,29,12,straight,train
data/processed/clips/straight_V5_000129_v001116,0,V5.mp4,129,121,132,12,straight,train
data/processed/clips/straight_V5_000234_v001117,0,V5.mp4,234,226,237,12,straight,train
data/processed/clips/uppercut_V5_000262_v001118,2,V5.mp4,262,254,265,12,uppercut,train
data/processed/clips/uppercut_V5_000327_v001119,2,V5.mp4,327,319,330,12,uppercut,train
data/processed/clips/uppercut_V5_000385_v001120,2,V5.mp4,385,377,388,12,uppercut,train
data/processed/clips/straight_V5_000422_v001121,0,V5.mp4,422,414,425,12,straight,train
data/processed/clips/uppercut_V5_000446_v001122,2,V5.mp4,446,438,449,12,uppercut,train
data/processed/clips/uppercut_V5_000485_v001123,2,V5.mp4,485,477,488,12,uppercut,train
data/processed/clips/uppercut_V5_000566_v001124,2,V5.mp4,566,558,569,12,uppercut,train
data/processed/clips/straight_V5_000592_v001125,0,V5.mp4,592,584,595,12,straight,train
data/processed/clips/uppercut_V5_000647_v001126,2,V5.mp4,647,639,650,12,uppercut,train
data/processed/clips/straight_V5_000671_v001127,0,V5.mp4,671,663,674,12,straight,train
data/processed/clips/uppercut_V5_000718_v001128,2,V5.mp4,718,710,721,12,uppercut,train
data/processed/clips/straight_V5_000781_v001129,0,V5.mp4,781,773,784,12,straight,train
data/processed/clips/straight_V5_000798_v001130,0,V5.mp4,798,790,801,12,straight,train
data/processed/clips/straight_V5_000857_v001131,0,V5.mp4,857,849,860,12,straight,train
data/processed/clips/straight_V5_001000_v001132,0,V5.mp4,1000,992,1003,12,straight,train
data/processed/clips/straight_V5_001064_v001133,0,V5.mp4,1064,1056,1067,12,straight,train
data/processed/clips/uppercut_V5_001074_v001134,2,V5.mp4,1074,1066,1077,12,uppercut,train
data/processed/clips/uppercut_V5_001131_v001135,2,V5.mp4,1131,1123,1134,12,uppercut,train
data/processed/clips/straight_V5_001170_v001136,0,V5.mp4,1170,1162,1173,12,straight,train
data/processed/clips/straight_V5_001177_v001137,0,V5.mp4,1177,1169,1180,12,straight,train
data/processed/clips/uppercut_V5_001187_v001138,2,V5.mp4,1187,1179,1190,12,uppercut,train
data/processed/clips/uppercut_V5_001243_v001139,2,V5.mp4,1243,1235,1246,12,uppercut,train
data/processed/clips/uppercut_V5_001295_v001140,2,V5.mp4,1295,1287,1298,12,uppercut,train
data/processed/clips/uppercut_V5_001361_v001141,2,V5.mp4,1361,1353,1364,12,uppercut,train
data/processed/clips/straight_V5_001404_v001142,0,V5.mp4,1404,1396,1407,12,straight,train
data/processed/clips/uppercut_V5_001414_v001143,2,V5.mp4,1414,1406,1417,12,uppercut,train
data/processed/clips/straight_V5_001443_v001144,0,V5.mp4,1443,1435,1446,12,straight,train
data/processed/clips/straight_V5_001449_v001145,0,V5.mp4,1449,1441,1452,12,straight,train
data/processed/clips/uppercut_V5_001464_v001146,2,V5.mp4,1464,1456,1467,12,uppercut,train
data/processed/clips/uppercut_V5_001524_v001147,2,V5.mp4,1524,1516,1527,12,uppercut,train
data/processed/clips/uppercut_V5_001570_v001148,2,V5.mp4,1570,1562,1573,12,uppercut,train
data/processed/clips/uppercut_V5_001616_v001149,2,V5.mp4,1616,1608,1619,12,uppercut,train
data/processed/clips/uppercut_V5_001660_v001150,2,V5.mp4,1660,1652,1663,12,uppercut,train
data/processed/clips/straight_V5_001709_v001151,0,V5.mp4,1709,1701,1712,12,straight,train
data/processed/clips/straight_V5_001804_v001152,0,V5.mp4,1804,1796,1807,12,straight,train
data/processed/clips/hook_V5_001834_v001153,1,V5.mp4,1834,1826,1837,12,hook,train
data/processed/clips/straight_V5_001983_v001154,0,V5.mp4,1983,1975,1986,12,straight,train
data/processed/clips/straight_V5_002079_v001155,0,V5.mp4,2079,2071,2082,12,straight,train
data/processed/clips/uppercut_V5_002088_v001156,2,V5.mp4,2088,2080,2091,12,uppercut,train
data/processed/clips/uppercut_V5_002096_v001157,2,V5.mp4,2096,2088,2099,12,uppercut,train
data/processed/clips/straight_V5_002103_v001158,0,V5.mp4,2103,2095,2106,12,straight,train
data/processed/clips/uppercut_V5_002152_v001159,2,V5.mp4,2152,2144,2155,12,uppercut,train
data/processed/clips/uppercut_V5_002158_v001160,2,V5.mp4,2158,2150,2161,12,uppercut,train
data/processed/clips/uppercut_V5_002234_v001161,2,V5.mp4,2234,2226,2237,12,uppercut,train
data/processed/clips/uppercut_V5_002240_v001162,2,V5.mp4,2240,2232,2243,12,uppercut,train
data/processed/clips/straight_V5_002248_v001163,0,V5.mp4,2248,2240,2251,12,straight,train
data/processed/clips/uppercut_V5_002282_v001164,2,V5.mp4,2282,2274,2285,12,uppercut,train
data/processed/clips/uppercut_V5_002289_v001165,2,V5.mp4,2289,2281,2292,12,uppercut,train
data/processed/clips/uppercut_V5_002344_v001166,2,V5.mp4,2344,2336,2347,12,uppercut,train
data/processed/clips/uppercut_V5_002352_v001167,2,V5.mp4,2352,2344,2355,12,uppercut,train
data/processed/clips/uppercut_V5_002421_v001168,2,V5.mp4,2421,2413,2424,12,uppercut,train
data/processed/clips/uppercut_V5_002427_v001169,2,V5.mp4,2427,2419,2430,12,uppercut,train
data/processed/clips/uppercut_V5_002455_v001170,2,V5.mp4,2455,2447,2458,12,uppercut,train
data/processed/clips/uppercut_V5_002461_v001171,2,V5.mp4,2461,2453,2464,12,uppercut,train
data/processed/clips/straight_V5_002467_v001172,0,V5.mp4,2467,2459,2470,12,straight,train
data/processed/clips/uppercut_V5_002517_v001173,2,V5.mp4,2517,2509,2520,12,uppercut,train
data/processed/clips/uppercut_V5_002564_v001174,2,V5.mp4,2564,2556,2567,12,uppercut,train
data/processed/clips/straight_V5_002596_v001175,0,V5.mp4,2596,2588,2599,12,straight,train
data/processed/clips/uppercut_V5_002606_v001176,2,V5.mp4,2606,2598,2609,12,uppercut,train
data/processed/clips/uppercut_V5_002652_v001177,2,V5.mp4,2652,2644,2655,12,uppercut,train
data/processed/clips/uppercut_V5_002686_v001178,2,V5.mp4,2686,2678,2689,12,uppercut,train
data/processed/clips/uppercut_V5_002742_v001179,2,V5.mp4,2742,2734,2745,12,uppercut,train
data/processed/clips/uppercut_V5_002785_v001180,2,V5.mp4,2785,2777,2788,12,uppercut,train
data/processed/clips/uppercut_V5_002839_v001181,2,V5.mp4,2839,2831,2842,12,uppercut,train
data/processed/clips/uppercut_V5_002869_v001182,2,V5.mp4,2869,2861,2872,12,uppercut,train
data/processed/clips/straight_V5_003059_v001183,0,V5.mp4,3059,3051,3062,12,straight,train
data/processed/clips/straight_V5_003099_v001184,0,V5.mp4,3099,3091,3102,12,straight,train
data/processed/clips/straight_V5_003163_v001185,0,V5.mp4,3163,3155,3166,12,straight,train
data/processed/clips/straight_V5_003171_v001186,0,V5.mp4,3171,3163,3174,12,straight,train
data/processed/clips/straight_V5_003228_v001187,0,V5.mp4,3228,3220,3231,12,straight,train
data/processed/clips/straight_V5_003300_v001188,0,V5.mp4,3300,3292,3303,12,straight,train
data/processed/clips/hook_V5_003314_v001189,1,V5.mp4,3314,3306,3317,12,hook,train
data/processed/clips/hook_V5_003465_v001190,1,V5.mp4,3465,3457,3468,12,hook,train
data/processed/clips/hook_V5_003553_v001191,1,V5.mp4,3553,3545,3556,12,hook,train
data/processed/clips/hook_V5_003648_v001192,1,V5.mp4,3648,3640,3651,12,hook,train
data/processed/clips/straight_V5_003729_v001193,0,V5.mp4,3729,3721,3732,12,straight,train
data/processed/clips/hook_V5_003738_v001194,1,V5.mp4,3738,3730,3741,12,hook,train
data/processed/clips/hook_V5_003815_v001195,1,V5.mp4,3815,3807,3818,12,hook,train
data/processed/clips/uppercut_V5_004016_v001196,2,V5.mp4,4016,4008,4019,12,uppercut,train
data/processed/clips/hook_V5_004027_v001197,1,V5.mp4,4027,4019,4030,12,hook,train
data/processed/clips/uppercut_V5_004090_v001198,2,V5.mp4,4090,4082,4093,12,uppercut,train
data/processed/clips/hook_V5_004101_v001199,1,V5.mp4,4101,4093,4104,12,hook,train
data/processed/clips/straight_V5_004154_v001200,0,V5.mp4,4154,4146,4157,12,straight,train
data/processed/clips/uppercut_V5_004166_v001201,2,V5.mp4,4166,4158,4169,12,uppercut,train
data/processed/clips/hook_V5_004177_v001202,1,V5.mp4,4177,4169,4180,12,hook,train
data/processed/clips/uppercut_V5_004221_v001203,2,V5.mp4,4221,4213,4224,12,uppercut,train
data/processed/clips/hook_V5_004230_v001204,1,V5.mp4,4230,4222,4233,12,hook,train
data/processed/clips/straight_V5_004259_v001205,0,V5.mp4,4259,4251,4262,12,straight,train
data/processed/clips/uppercut_V5_004272_v001206,2,V5.mp4,4272,4264,4275,12,uppercut,train
data/processed/clips/hook_V5_004283_v001207,1,V5.mp4,4283,4275,4286,12,hook,train
data/processed/clips/uppercut_V5_004356_v001208,2,V5.mp4,4356,4348,4359,12,uppercut,train
data/processed/clips/uppercut_V5_004412_v001209,2,V5.mp4,4412,4404,4415,12,uppercut,train
data/processed/clips/hook_V5_004421_v001210,1,V5.mp4,4421,4413,4424,12,hook,train
data/processed/clips/straight_V5_004456_v001211,0,V5.mp4,4456,4448,4459,12,straight,train
data/processed/clips/uppercut_V5_004464_v001212,2,V5.mp4,4464,4456,4467,12,uppercut,train
data/processed/clips/hook_V5_004472_v001213,1,V5.mp4,4472,4464,4475,12,hook,train
data/processed/clips/uppercut_V5_004514_v001214,2,V5.mp4,4514,4506,4517,12,uppercut,train
data/processed/clips/hook_V5_004522_v001215,1,V5.mp4,4522,4514,4525,12,hook,train
data/processed/clips/uppercut_V5_004562_v001216,2,V5.mp4,4562,4554,4565,12,uppercut,train
data/processed/clips/hook_V5_004571_v001217,1,V5.mp4,4571,4563,4574,12,hook,train
data/processed/clips/uppercut_V5_004610_v001218,2,V5.mp4,4610,4602,4613,12,uppercut,train
data/processed/clips/hook_V5_004619_v001219,1,V5.mp4,4619,4611,4622,12,hook,train
data/processed/clips/straight_V5_004646_v001220,0,V5.mp4,4646,4638,4649,12,straight,train
data/processed/clips/uppercut_V5_004658_v001221,2,V5.mp4,4658,4650,4661,12,uppercut,train
data/processed/clips/straight_V5_004782_v001222,0,V5.mp4,4782,4774,4785,12,straight,train
data/processed/clips/uppercut_V5_005000_v001223,2,V5.mp4,5000,4992,5003,12,uppercut,train
data/processed/clips/uppercut_V5_005070_v001224,2,V5.mp4,5070,5062,5073,12,uppercut,train
data/processed/clips/uppercut_V5_005139_v001225,2,V5.mp4,5139,5131,5142,12,uppercut,train
data/processed/clips/straight_V5_005157_v001226,0,V5.mp4,5157,5149,5160,12,straight,train
data/processed/clips/straight_V5_005164_v001227,0,V5.mp4,5164,5156,5167,12,straight,train
data/processed/clips/uppercut_V5_005184_v001228,2,V5.mp4,5184,5176,5187,12,uppercut,train
data/processed/clips/uppercut_V5_005228_v001229,2,V5.mp4,5228,5220,5231,12,uppercut,train
data/processed/clips/uppercut_V5_005271_v001230,2,V5.mp4,5271,5263,5274,12,uppercut,train
data/processed/clips/straight_V5_005287_v001231,0,V5.mp4,5287,5279,5290,12,straight,train
data/processed/clips/uppercut_V5_005315_v001232,2,V5.mp4,5315,5307,5318,12,uppercut,train
data/processed/clips/straight_V5_005464_v001233,0,V5.mp4,5464,5456,5467,12,straight,train
data/processed/clips/straight_V5_005488_v001234,0,V5.mp4,5488,5480,5491,12,straight,train
data/processed/clips/hook_V5_005697_v001235,1,V5.mp4,5697,5689,5700,12,hook,train
data/processed/clips/straight_V5_005830_v001236,0,V5.mp4,5830,5822,5833,12,straight,train
data/processed/clips/hook_V5_005857_v001237,1,V5.mp4,5857,5849,5860,12,hook,train
data/processed/clips/hook_V5_005920_v001238,1,V5.mp4,5920,5912,5923,12,hook,train
data/processed/clips/hook_V5_005968_v001239,1,V5.mp4,5968,5960,5971,12,hook,train
data/processed/clips/uppercut_V5_006042_v001240,2,V5.mp4,6042,6034,6045,12,uppercut,train
data/processed/clips/uppercut_V5_006107_v001241,2,V5.mp4,6107,6099,6110,12,uppercut,train
data/processed/clips/uppercut_V5_006170_v001242,2,V5.mp4,6170,6162,6173,12,uppercut,train
data/processed/clips/uppercut_V5_006230_v001243,2,V5.mp4,6230,6222,6233,12,uppercut,train
data/processed/clips/uppercut_V5_006287_v001244,2,V5.mp4,6287,6279,6290,12,uppercut,train
data/processed/clips/uppercut_V5_006334_v001245,2,V5.mp4,6334,6326,6337,12,uppercut,train
data/processed/clips/straight_V5_006648_v001246,0,V5.mp4,6648,6640,6651,12,straight,train
data/processed/clips/uppercut_V5_006722_v001247,2,V5.mp4,6722,6714,6725,12,uppercut,train
data/processed/clips/hook_V5_006730_v001248,1,V5.mp4,6730,6722,6733,12,hook,train
data/processed/clips/uppercut_V5_006761_v001249,2,V5.mp4,6761,6753,6764,12,uppercut,train
data/processed/clips/hook_V5_006770_v001250,1,V5.mp4,6770,6762,6773,12,hook,train
data/processed/clips/uppercut_V5_006828_v001251,2,V5.mp4,6828,6820,6831,12,uppercut,train
data/processed/clips/uppercut_V5_006865_v001252,2,V5.mp4,6865,6857,6868,12,uppercut,train
data/processed/clips/hook_V5_006873_v001253,1,V5.mp4,6873,6865,6876,12,hook,train
data/processed/clips/uppercut_V5_006933_v001254,2,V5.mp4,6933,6925,6936,12,uppercut,train
data/processed/clips/hook_V5_006940_v001255,1,V5.mp4,6940,6932,6943,12,hook,train
data/processed/clips/uppercut_V5_006971_v001256,2,V5.mp4,6971,6963,6974,12,uppercut,train
data/processed/clips/straight_V5_007034_v001257,0,V5.mp4,7034,7026,7037,12,straight,train
data/processed/clips/uppercut_V5_007042_v001258,2,V5.mp4,7042,7034,7045,12,uppercut,train
data/processed/clips/hook_V5_007049_v001259,1,V5.mp4,7049,7041,7052,12,hook,train
data/processed/clips/uppercut_V5_007079_v001260,2,V5.mp4,7079,7071,7082,12,uppercut,train
data/processed/clips/hook_V5_007087_v001261,1,V5.mp4,7087,7079,7090,12,hook,train
data/processed/clips/straight_V5_007139_v001262,0,V5.mp4,7139,7131,7142,12,straight,train
data/processed/clips/uppercut_V5_007146_v001263,2,V5.mp4,7146,7138,7149,12,uppercut,train
data/processed/clips/hook_V5_007154_v001264,1,V5.mp4,7154,7146,7157,12,hook,train
data/processed/clips/uppercut_V5_007187_v001265,2,V5.mp4,7187,7179,7190,12,uppercut,train
data/processed/clips/hook_V5_007193_v001266,1,V5.mp4,7193,7185,7196,12,hook,train
data/processed/clips/straight_V5_007258_v001267,0,V5.mp4,7258,7250,7261,12,straight,train
data/processed/clips/uppercut_V5_007267_v001268,2,V5.mp4,7267,7259,7270,12,uppercut,train
data/processed/clips/straight_V5_007322_v001269,0,V5.mp4,7322,7314,7325,12,straight,train
data/processed/clips/uppercut_V5_007332_v001270,2,V5.mp4,7332,7324,7335,12,uppercut,train
data/processed/clips/uppercut_V5_007450_v001271,2,V5.mp4,7450,7442,7453,12,uppercut,train
data/processed/clips/uppercut_V5_007514_v001272,2,V5.mp4,7514,7506,7517,12,uppercut,train
data/processed/clips/uppercut_V5_007547_v001273,2,V5.mp4,7547,7539,7550,12,uppercut,train
data/processed/clips/uppercut_V5_007608_v001274,2,V5.mp4,7608,7600,7611,12,uppercut,train
data/processed/clips/uppercut_V5_007617_v001275,2,V5.mp4,7617,7609,7620,12,uppercut,train
data/processed/clips/uppercut_V5_007649_v001276,2,V5.mp4,7649,7641,7652,12,uppercut,train
data/processed/clips/uppercut_V5_007658_v001277,2,V5.mp4,7658,7650,7661,12,uppercut,train
data/processed/clips/uppercut_V5_007713_v001278,2,V5.mp4,7713,7705,7716,12,uppercut,train
data/processed/clips/hook_V5_007757_v001279,1,V5.mp4,7757,7749,7760,12,hook,train
data/processed/clips/uppercut_V5_007766_v001280,2,V5.mp4,7766,7758,7769,12,uppercut,train
data/processed/clips/hook_V5_007804_v001281,1,V5.mp4,7804,7796,7807,12,hook,train
data/processed/clips/uppercut_V5_007812_v001282,2,V5.mp4,7812,7804,7815,12,uppercut,train
data/processed/clips/hook_V5_007838_v001283,1,V5.mp4,7838,7830,7841,12,hook,train
data/processed/clips/uppercut_V5_007848_v001284,2,V5.mp4,7848,7840,7851,12,uppercut,train
data/processed/clips/uppercut_V5_007876_v001285,2,V5.mp4,7876,7868,7879,12,uppercut,train
data/processed/clips/hook_V5_007896_v001286,1,V5.mp4,7896,7888,7899,12,hook,train
data/processed/clips/uppercut_V5_007904_v001287,2,V5.mp4,7904,7896,7907,12,uppercut,train
data/processed/clips/straight_V5_008319_v001288,0,V5.mp4,8319,8311,8322,12,straight,train
data/processed/clips/straight_V5_008395_v001289,0,V5.mp4,8395,8387,8398,12,straight,train
data/processed/clips/straight_V5_008711_v001290,0,V5.mp4,8711,8703,8714,12,straight,train
data/processed/clips/uppercut_V5_009087_v001291,2,V5.mp4,9087,9079,9090,12,uppercut,train
data/processed/clips/uppercut_V5_009216_v001292,2,V5.mp4,9216,9208,9219,12,uppercut,train
data/processed/clips/uppercut_V5_009353_v001293,2,V5.mp4,9353,9345,9356,12,uppercut,train
data/processed/clips/straight_V5_009512_v001294,0,V5.mp4,9512,9504,9515,12,straight,train
data/processed/clips/uppercut_V5_009519_v001295,2,V5.mp4,9519,9511,9522,12,uppercut,train
data/processed/clips/uppercut_V5_009724_v001296,2,V5.mp4,9724,9716,9727,12,uppercut,train
data/processed/clips/hook_V5_009857_v001297,1,V5.mp4,9857,9849,9860,12,hook,train
data/processed/clips/hook_V5_009987_v001298,1,V5.mp4,9987,9979,9990,12,hook,train
data/processed/clips/hook_V5_010110_v001299,1,V5.mp4,10110,10102,10113,12,hook,train
data/processed/clips/hook_V5_010235_v001300,1,V5.mp4,10235,10227,10238,12,hook,train
data/processed/clips/straight_V5_010366_v001301,0,V5.mp4,10366,10358,10369,12,straight,train
data/processed/clips/uppercut_V5_010385_v001302,2,V5.mp4,10385,10377,10388,12,uppercut,train
data/processed/clips/uppercut_V5_010636_v001303,2,V5.mp4,10636,10628,10639,12,uppercut,train
data/processed/clips/straight_V5_010721_v001304,0,V5.mp4,10721,10713,10724,12,straight,train
data/processed/clips/uppercut_V5_010729_v001305,2,V5.mp4,10729,10721,10732,12,uppercut,train
data/processed/clips/uppercut_V5_010799_v001306,2,V5.mp4,10799,10791,10802,12,uppercut,train
data/processed/clips/hook_V5_010832_v001307,1,V5.mp4,10832,10824,10835,12,hook,train
data/processed/clips/uppercut_V5_010895_v001308,2,V5.mp4,10895,10887,10898,12,uppercut,train
data/processed/clips/hook_V5_010921_v001309,1,V5.mp4,10921,10913,10924,12,hook,train
data/processed/clips/uppercut_V5_010982_v001310,2,V5.mp4,10982,10974,10985,12,uppercut,train
data/processed/clips/uppercut_V5_011072_v001311,2,V5.mp4,11072,11064,11075,12,uppercut,train
data/processed/clips/uppercut_V5_011157_v001312,2,V5.mp4,11157,11149,11160,12,uppercut,train
data/processed/clips/uppercut_V5_011212_v001313,2,V5.mp4,11212,11204,11215,12,uppercut,train
data/processed/clips/hook_V5_011219_v001314,1,V5.mp4,11219,11211,11222,12,hook,train
data/processed/clips/uppercut_V5_011272_v001315,2,V5.mp4,11272,11264,11275,12,uppercut,train
data/processed/clips/hook_V5_011279_v001316,1,V5.mp4,11279,11271,11282,12,hook,train
data/processed/clips/hook_V5_011295_v001317,1,V5.mp4,11295,11287,11298,12,hook,train
data/processed/clips/straight_V5_011325_v001318,0,V5.mp4,11325,11317,11328,12,straight,train
data/processed/clips/uppercut_V5_011333_v001319,2,V5.mp4,11333,11325,11336,12,uppercut,train
data/processed/clips/uppercut_V5_011392_v001320,2,V5.mp4,11392,11384,11395,12,uppercut,train
data/processed/clips/hook_V5_011399_v001321,1,V5.mp4,11399,11391,11402,12,hook,train
data/processed/clips/hook_V5_011417_v001322,1,V5.mp4,11417,11409,11420,12,hook,train
data/processed/clips/uppercut_V5_011457_v001323,2,V5.mp4,11457,11449,11460,12,uppercut,train
data/processed/clips/hook_V5_011464_v001324,1,V5.mp4,11464,11456,11467,12,hook,train
data/processed/clips/straight_V5_011618_v001325,0,V5.mp4,11618,11610,11621,12,straight,train
data/processed/clips/straight_V5_011670_v001326,0,V5.mp4,11670,11662,11673,12,straight,train
data/processed/clips/straight_V5_011774_v001327,0,V5.mp4,11774,11766,11777,12,straight,train
data/processed/clips/uppercut_V5_011823_v001328,2,V5.mp4,11823,11815,11826,12,uppercut,train
data/processed/clips/hook_V5_011834_v001329,1,V5.mp4,11834,11826,11837,12,hook,train
data/processed/clips/uppercut_V5_011895_v001330,2,V5.mp4,11895,11887,11898,12,uppercut,train
data/processed/clips/hook_V5_011906_v001331,1,V5.mp4,11906,11898,11909,12,hook,train
data/processed/clips/uppercut_V5_012011_v001332,2,V5.mp4,12011,12003,12014,12,uppercut,train
data/processed/clips/uppercut_V5_012055_v001333,2,V5.mp4,12055,12047,12058,12,uppercut,train
data/processed/clips/hook_V5_012064_v001334,1,V5.mp4,12064,12056,12067,12,hook,train
data/processed/clips/uppercut_V5_012100_v001335,2,V5.mp4,12100,12092,12103,12,uppercut,train
data/processed/clips/hook_V5_012108_v001336,1,V5.mp4,12108,12100,12111,12,hook,train
data/processed/clips/uppercut_V5_012141_v001337,2,V5.mp4,12141,12133,12144,12,uppercut,train
data/processed/clips/uppercut_V5_012180_v001338,2,V5.mp4,12180,12172,12183,12,uppercut,train
data/processed/clips/hook_V5_012189_v001339,1,V5.mp4,12189,12181,12192,12,hook,train
data/processed/clips/hook_V5_012257_v001340,1,V5.mp4,12257,12249,12260,12,hook,train
data/processed/clips/uppercut_V5_012267_v001341,2,V5.mp4,12267,12259,12270,12,uppercut,train
data/processed/clips/hook_V5_012276_v001342,1,V5.mp4,12276,12268,12279,12,hook,train
data/processed/clips/hook_V5_012311_v001343,1,V5.mp4,12311,12303,12314,12,hook,train
data/processed/clips/uppercut_V5_012382_v001344,2,V5.mp4,12382,12374,12385,12,uppercut,train
data/processed/clips/hook_V5_012388_v001345,1,V5.mp4,12388,12380,12391,12,hook,train
data/processed/clips/hook_V5_012460_v001346,1,V5.mp4,12460,12452,12463,12,hook,train
data/processed/clips/uppercut_V5_012467_v001347,2,V5.mp4,12467,12459,12470,12,uppercut,train
data/processed/clips/hook_V5_012564_v001348,1,V5.mp4,12564,12556,12567,12,hook,train
data/processed/clips/uppercut_V5_012571_v001349,2,V5.mp4,12571,12563,12574,12,uppercut,train
data/processed/clips/hook_V5_012604_v001350,1,V5.mp4,12604,12596,12607,12,hook,train
data/processed/clips/uppercut_V5_012680_v001351,2,V5.mp4,12680,12672,12683,12,uppercut,train
data/processed/clips/straight_V5_012727_v001352,0,V5.mp4,12727,12719,12730,12,straight,train
data/processed/clips/uppercut_V5_012748_v001353,2,V5.mp4,12748,12740,12751,12,uppercut,train
data/processed/clips/hook_V5_012792_v001354,1,V5.mp4,12792,12784,12795,12,hook,train
data/processed/clips/uppercut_V5_012803_v001355,2,V5.mp4,12803,12795,12806,12,uppercut,train
data/processed/clips/hook_V5_012834_v001356,1,V5.mp4,12834,12826,12837,12,hook,train
data/processed/clips/uppercut_V5_012846_v001357,2,V5.mp4,12846,12838,12849,12,uppercut,train
data/processed/clips/uppercut_V5_012882_v001358,2,V5.mp4,12882,12874,12885,12,uppercut,train
data/processed/clips/uppercut_V5_012918_v001359,2,V5.mp4,12918,12910,12921,12,uppercut,train
data/processed/clips/uppercut_V5_012951_v001360,2,V5.mp4,12951,12943,12954,12,uppercut,train
data/processed/clips/straight_V5_013641_v001361,0,V5.mp4,13641,13633,13644,12,straight,train
data/processed/clips/straight_V5_013684_v001362,0,V5.mp4,13684,13676,13687,12,straight,train
data/processed/clips/uppercut_V5_013696_v001363,2,V5.mp4,13696,13688,13699,12,uppercut,train
data/processed/clips/uppercut_V5_013741_v001364,2,V5.mp4,13741,13733,13744,12,uppercut,train
data/processed/clips/uppercut_V5_013802_v001365,2,V5.mp4,13802,13794,13805,12,uppercut,train
data/processed/clips/uppercut_V5_013894_v001366,2,V5.mp4,13894,13886,13897,12,uppercut,train
data/processed/clips/straight_V5_013997_v001367,0,V5.mp4,13997,13989,14000,12,straight,train
data/processed/clips/uppercut_V5_014022_v001368,2,V5.mp4,14022,14014,14025,12,uppercut,train
data/processed/clips/straight_V5_014284_v001369,0,V5.mp4,14284,14276,14287,12,straight,train
data/processed/clips/straight_V5_014426_v001370,0,V5.mp4,14426,14418,14429,12,straight,train
data/processed/clips/straight_V5_014540_v001371,0,V5.mp4,14540,14532,14543,12,straight,train
data/processed/clips/none_V6_000088_v001372,3,V6.mp4,88,80,91,12,none,val
data/processed/clips/none_V6_000090_v001373,3,V6.mp4,90,82,93,12,none,val
data/processed/clips/none_V6_000092_v001374,3,V6.mp4,92,84,95,12,none,val
data/processed/clips/none_V6_000094_v001375,3,V6.mp4,94,86,97,12,none,val
data/processed/clips/none_V6_000100_v001376,3,V6.mp4,100,92,103,12,none,val
data/processed/clips/none_V6_000101_v001377,3,V6.mp4,101,93,104,12,none,val
data/processed/clips/none_V6_000102_v001378,3,V6.mp4,102,94,105,12,none,val
data/processed/clips/none_V6_000107_v001379,3,V6.mp4,107,99,110,12,none,val
data/processed/clips/none_V6_000109_v001380,3,V6.mp4,109,101,112,12,none,val
data/processed/clips/none_V6_000110_v001381,3,V6.mp4,110,102,113,12,none,val
data/processed/clips/none_V6_000115_v001382,3,V6.mp4,115,107,118,12,none,val
data/processed/clips/none_V6_000118_v001383,3,V6.mp4,118,110,121,12,none,val
data/processed/clips/none_V6_000124_v001384,3,V6.mp4,124,116,127,12,none,val
data/processed/clips/none_V6_000127_v001385,3,V6.mp4,127,119,130,12,none,val
data/processed/clips/none_V6_000130_v001386,3,V6.mp4,130,122,133,12,none,val
data/processed/clips/none_V6_000131_v001387,3,V6.mp4,131,123,134,12,none,val
data/processed/clips/none_V6_000141_v001388,3,V6.mp4,141,133,144,12,none,val
data/processed/clips/none_V6_000142_v001389,3,V6.mp4,142,134,145,12,none,val
data/processed/clips/none_V6_000143_v001390,3,V6.mp4,143,135,146,12,none,val
data/processed/clips/none_V6_000146_v001391,3,V6.mp4,146,138,149,12,none,val
data/processed/clips/none_V6_000149_v001392,3,V6.mp4,149,141,152,12,none,val
data/processed/clips/none_V6_000152_v001393,3,V6.mp4,152,144,155,12,none,val
data/processed/clips/uppercut_V6_000167_v001394,2,V6.mp4,167,159,170,12,uppercut,val
data/processed/clips/straight_V6_000174_v001395,0,V6.mp4,174,166,177,12,straight,val
data/processed/clips/none_V6_000240_v001396,3,V6.mp4,240,232,243,12,none,val
data/processed/clips/none_V6_000241_v001397,3,V6.mp4,241,233,244,12,none,val
data/processed/clips/none_V6_000243_v001398,3,V6.mp4,243,235,246,12,none,val
data/processed/clips/none_V6_000244_v001399,3,V6.mp4,244,236,247,12,none,val
data/processed/clips/none_V6_000245_v001400,3,V6.mp4,245,237,248,12,none,val
data/processed/clips/none_V6_000281_v001401,3,V6.mp4,281,273,284,12,none,val
data/processed/clips/none_V6_000285_v001402,3,V6.mp4,285,277,288,12,none,val
data/processed/clips/none_V6_000287_v001403,3,V6.mp4,287,279,290,12,none,val
data/processed/clips/uppercut_V6_000315_v001404,2,V6.mp4,315,307,318,12,uppercut,val
data/processed/clips/uppercut_V6_000353_v001405,2,V6.mp4,353,345,356,12,uppercut,val
data/processed/clips/straight_V6_000474_v001406,0,V6.mp4,474,466,477,12,straight,val
data/processed/clips/uppercut_V6_000503_v001407,2,V6.mp4,503,495,506,12,uppercut,val
data/processed/clips/straight_V6_000536_v001408,0,V6.mp4,536,528,539,12,straight,val
data/processed/clips/uppercut_V6_000547_v001409,2,V6.mp4,547,539,550,12,uppercut,val
data/processed/clips/uppercut_V6_000571_v001410,2,V6.mp4,571,563,574,12,uppercut,val
data/processed/clips/none_V6_000689_v001411,3,V6.mp4,689,681,692,12,none,val
data/processed/clips/none_V6_000692_v001412,3,V6.mp4,692,684,695,12,none,val
data/processed/clips/none_V6_000693_v001413,3,V6.mp4,693,685,696,12,none,val
data/processed/clips/none_V6_000701_v001414,3,V6.mp4,701,693,704,12,none,val
data/processed/clips/none_V6_000708_v001415,3,V6.mp4,708,700,711,12,none,val
data/processed/clips/none_V6_000709_v001416,3,V6.mp4,709,701,712,12,none,val
data/processed/clips/none_V6_000713_v001417,3,V6.mp4,713,705,716,12,none,val
data/processed/clips/none_V6_000714_v001418,3,V6.mp4,714,706,717,12,none,val
data/processed/clips/none_V6_000719_v001419,3,V6.mp4,719,711,722,12,none,val
data/processed/clips/none_V6_000726_v001420,3,V6.mp4,726,718,729,12,none,val
data/processed/clips/none_V6_000736_v001421,3,V6.mp4,736,728,739,12,none,val
data/processed/clips/none_V6_000738_v001422,3,V6.mp4,738,730,741,12,none,val
data/processed/clips/none_V6_000739_v001423,3,V6.mp4,739,731,742,12,none,val
data/processed/clips/none_V6_000744_v001424,3,V6.mp4,744,736,747,12,none,val
data/processed/clips/none_V6_000745_v001425,3,V6.mp4,745,737,748,12,none,val
data/processed/clips/none_V6_000753_v001426,3,V6.mp4,753,745,756,12,none,val
data/processed/clips/none_V6_000755_v001427,3,V6.mp4,755,747,758,12,none,val
data/processed/clips/none_V6_000756_v001428,3,V6.mp4,756,748,759,12,none,val
data/processed/clips/none_V6_000761_v001429,3,V6.mp4,761,753,764,12,none,val
data/processed/clips/none_V6_000764_v001430,3,V6.mp4,764,756,767,12,none,val
data/processed/clips/none_V6_000768_v001431,3,V6.mp4,768,760,771,12,none,val
data/processed/clips/none_V6_000773_v001432,3,V6.mp4,773,765,776,12,none,val
data/processed/clips/none_V6_000776_v001433,3,V6.mp4,776,768,779,12,none,val
data/processed/clips/none_V6_000777_v001434,3,V6.mp4,777,769,780,12,none,val
data/processed/clips/none_V6_000778_v001435,3,V6.mp4,778,770,781,12,none,val
data/processed/clips/none_V6_000788_v001436,3,V6.mp4,788,780,791,12,none,val
data/processed/clips/none_V6_000789_v001437,3,V6.mp4,789,781,792,12,none,val
data/processed/clips/none_V6_000790_v001438,3,V6.mp4,790,782,793,12,none,val
data/processed/clips/none_V6_000801_v001439,3,V6.mp4,801,793,804,12,none,val
data/processed/clips/none_V6_000803_v001440,3,V6.mp4,803,795,806,12,none,val
data/processed/clips/none_V6_000804_v001441,3,V6.mp4,804,796,807,12,none,val
data/processed/clips/none_V6_000812_v001442,3,V6.mp4,812,804,815,12,none,val
data/processed/clips/none_V6_000816_v001443,3,V6.mp4,816,808,819,12,none,val
data/processed/clips/none_V6_000817_v001444,3,V6.mp4,817,809,820,12,none,val
data/processed/clips/none_V6_000820_v001445,3,V6.mp4,820,812,823,12,none,val
data/processed/clips/none_V6_000820_v001446,3,V6.mp4,820,812,823,12,none,val
data/processed/clips/none_V6_000826_v001447,3,V6.mp4,826,818,829,12,none,val
data/processed/clips/none_V6_000832_v001448,3,V6.mp4,832,824,835,12,none,val
data/processed/clips/none_V6_000833_v001449,3,V6.mp4,833,825,836,12,none,val
data/processed/clips/none_V6_000837_v001450,3,V6.mp4,837,829,840,12,none,val
data/processed/clips/none_V6_000838_v001451,3,V6.mp4,838,830,841,12,none,val
data/processed/clips/none_V6_000839_v001452,3,V6.mp4,839,831,842,12,none,val
data/processed/clips/none_V6_000849_v001453,3,V6.mp4,849,841,852,12,none,val
data/processed/clips/none_V6_000850_v001454,3,V6.mp4,850,842,853,12,none,val
data/processed/clips/none_V6_000851_v001455,3,V6.mp4,851,843,854,12,none,val
data/processed/clips/none_V6_000861_v001456,3,V6.mp4,861,853,864,12,none,val
data/processed/clips/none_V6_000871_v001457,3,V6.mp4,871,863,874,12,none,val
data/processed/clips/none_V6_000879_v001458,3,V6.mp4,879,871,882,12,none,val
data/processed/clips/none_V6_000887_v001459,3,V6.mp4,887,879,890,12,none,val
data/processed/clips/none_V6_000891_v001460,3,V6.mp4,891,883,894,12,none,val
data/processed/clips/none_V6_000892_v001461,3,V6.mp4,892,884,895,12,none,val
data/processed/clips/none_V6_000895_v001462,3,V6.mp4,895,887,898,12,none,val
data/processed/clips/none_V6_001320_v001463,3,V6.mp4,1320,1312,1323,12,none,val
data/processed/clips/none_V6_001322_v001464,3,V6.mp4,1322,1314,1325,12,none,val
data/processed/clips/none_V6_001325_v001465,3,V6.mp4,1325,1317,1328,12,none,val
data/processed/clips/none_V6_001327_v001466,3,V6.mp4,1327,1319,1330,12,none,val
data/processed/clips/none_V6_001330_v001467,3,V6.mp4,1330,1322,1333,12,none,val
data/processed/clips/none_V6_001337_v001468,3,V6.mp4,1337,1329,1340,12,none,val
data/processed/clips/none_V6_001339_v001469,3,V6.mp4,1339,1331,1342,12,none,val
data/processed/clips/none_V6_001340_v001470,3,V6.mp4,1340,1332,1343,12,none,val
data/processed/clips/none_V6_001341_v001471,3,V6.mp4,1341,1333,1344,12,none,val
data/processed/clips/none_V6_001342_v001472,3,V6.mp4,1342,1334,1345,12,none,val
data/processed/clips/none_V6_001342_v001473,3,V6.mp4,1342,1334,1345,12,none,val
data/processed/clips/none_V6_001343_v001474,3,V6.mp4,1343,1335,1346,12,none,val
data/processed/clips/none_V6_001347_v001475,3,V6.mp4,1347,1339,1350,12,none,val
data/processed/clips/none_V6_001349_v001476,3,V6.mp4,1349,1341,1352,12,none,val
data/processed/clips/none_V6_001351_v001477,3,V6.mp4,1351,1343,1354,12,none,val
data/processed/clips/none_V6_001351_v001478,3,V6.mp4,1351,1343,1354,12,none,val
data/processed/clips/none_V6_001353_v001479,3,V6.mp4,1353,1345,1356,12,none,val
data/processed/clips/none_V6_001358_v001480,3,V6.mp4,1358,1350,1361,12,none,val
data/processed/clips/straight_V6_002699_v001481,0,V6.mp4,2699,2691,2702,12,straight,val
data/processed/clips/straight_V6_002883_v001482,0,V6.mp4,2883,2875,2886,12,straight,val
data/processed/clips/straight_V6_003417_v001483,0,V6.mp4,3417,3409,3420,12,straight,val
data/processed/clips/straight_V6_003512_v001484,0,V6.mp4,3512,3504,3515,12,straight,val
data/processed/clips/straight_V6_003740_v001485,0,V6.mp4,3740,3732,3743,12,straight,val
data/processed/clips/straight_V6_004314_v001486,0,V6.mp4,4314,4306,4317,12,straight,val
data/processed/clips/straight_V6_005010_v001487,0,V6.mp4,5010,5002,5013,12,straight,val
data/processed/clips/hook_V6_005043_v001488,1,V6.mp4,5043,5035,5046,12,hook,val
data/processed/clips/straight_V6_005272_v001489,0,V6.mp4,5272,5264,5275,12,straight,val
data/processed/clips/straight_V6_005280_v001490,0,V6.mp4,5280,5272,5283,12,straight,val
data/processed/clips/hook_V6_005291_v001491,1,V6.mp4,5291,5283,5294,12,hook,val
data/processed/clips/straight_V6_005376_v001492,0,V6.mp4,5376,5368,5379,12,straight,val
data/processed/clips/straight_V6_005436_v001493,0,V6.mp4,5436,5428,5439,12,straight,val
data/processed/clips/straight_V6_005443_v001494,0,V6.mp4,5443,5435,5446,12,straight,val
data/processed/clips/straight_V6_005508_v001495,0,V6.mp4,5508,5500,5511,12,straight,val
data/processed/clips/straight_V6_005516_v001496,0,V6.mp4,5516,5508,5519,12,straight,val
data/processed/clips/straight_V6_005656_v001497,0,V6.mp4,5656,5648,5659,12,straight,val
data/processed/clips/hook_V6_005749_v001498,1,V6.mp4,5749,5741,5752,12,hook,val
data/processed/clips/hook_V6_005828_v001499,1,V6.mp4,5828,5820,5831,12,hook,val
data/processed/clips/straight_V6_005962_v001500,0,V6.mp4,5962,5954,5965,12,straight,val
data/processed/clips/hook_V6_005985_v001501,1,V6.mp4,5985,5977,5988,12,hook,val
data/processed/clips/hook_V6_006061_v001502,1,V6.mp4,6061,6053,6064,12,hook,val
data/processed/clips/straight_V6_006378_v001503,0,V6.mp4,6378,6370,6381,12,straight,val
data/processed/clips/hook_V6_006477_v001504,1,V6.mp4,6477,6469,6480,12,hook,val
data/processed/clips/hook_V6_006578_v001505,1,V6.mp4,6578,6570,6581,12,hook,val
data/processed/clips/straight_V6_006885_v001506,0,V6.mp4,6885,6877,6888,12,straight,val
data/processed/clips/hook_V6_006896_v001507,1,V6.mp4,6896,6888,6899,12,hook,val
data/processed/clips/hook_V6_006974_v001508,1,V6.mp4,6974,6966,6977,12,hook,val
data/processed/clips/straight_V6_007045_v001509,0,V6.mp4,7045,7037,7048,12,straight,val
data/processed/clips/straight_V6_007386_v001510,0,V6.mp4,7386,7378,7389,12,straight,val
data/processed/clips/hook_V6_007626_v001511,1,V6.mp4,7626,7618,7629,12,hook,val
data/processed/clips/straight_V6_007692_v001512,0,V6.mp4,7692,7684,7695,12,straight,val
data/processed/clips/hook_V6_008315_v001513,1,V6.mp4,8315,8307,8318,12,hook,val
data/processed/clips/hook_V6_008961_v001514,1,V6.mp4,8961,8953,8964,12,hook,val
data/processed/clips/hook_V6_009242_v001515,1,V6.mp4,9242,9234,9245,12,hook,val
data/processed/clips/hook_V6_009471_v001516,1,V6.mp4,9471,9463,9474,12,hook,val
data/processed/clips/straight_V6_009550_v001517,0,V6.mp4,9550,9542,9553,12,straight,val
data/processed/clips/hook_V6_009567_v001518,1,V6.mp4,9567,9559,9570,12,hook,val
data/processed/clips/hook_V6_009589_v001519,1,V6.mp4,9589,9581,9592,12,hook,val
data/processed/clips/hook_V6_009621_v001520,1,V6.mp4,9621,9613,9624,12,hook,val
data/processed/clips/hook_V6_009665_v001521,1,V6.mp4,9665,9657,9668,12,hook,val
data/processed/clips/hook_V6_009829_v001522,1,V6.mp4,9829,9821,9832,12,hook,val
data/processed/clips/hook_V6_009896_v001523,1,V6.mp4,9896,9888,9899,12,hook,val
data/processed/clips/hook_V6_010209_v001524,1,V6.mp4,10209,10201,10212,12,hook,val
data/processed/clips/straight_V6_010315_v001525,0,V6.mp4,10315,10307,10318,12,straight,val
data/processed/clips/hook_V6_010331_v001526,1,V6.mp4,10331,10323,10334,12,hook,val
data/processed/clips/hook_V6_010366_v001527,1,V6.mp4,10366,10358,10369,12,hook,val
data/processed/clips/hook_V6_010685_v001528,1,V6.mp4,10685,10677,10688,12,hook,val
data/processed/clips/hook_V6_010723_v001529,1,V6.mp4,10723,10715,10726,12,hook,val
data/processed/clips/hook_V6_010787_v001530,1,V6.mp4,10787,10779,10790,12,hook,val
data/processed/clips/hook_V6_010826_v001531,1,V6.mp4,10826,10818,10829,12,hook,val
data/processed/clips/hook_V6_012842_v001532,1,V6.mp4,12842,12834,12845,12,hook,val
data/processed/clips/hook_V6_012853_v001533,1,V6.mp4,12853,12845,12856,12,hook,val
data/processed/clips/straight_V6_013042_v001534,0,V6.mp4,13042,13034,13045,12,straight,val
data/processed/clips/hook_V6_013157_v001535,1,V6.mp4,13157,13149,13160,12,hook,val
data/processed/clips/straight_V6_013573_v001536,0,V6.mp4,13573,13565,13576,12,straight,val
data/processed/clips/hook_V6_013678_v001537,1,V6.mp4,13678,13670,13681,12,hook,val
data/processed/clips/hook_V6_013980_v001538,1,V6.mp4,13980,13972,13983,12,hook,val
data/processed/clips/hook_V6_014113_v001539,1,V6.mp4,14113,14105,14116,12,hook,val
data/processed/clips/hook_V6_014121_v001540,1,V6.mp4,14121,14113,14124,12,hook,val
data/processed/clips/straight_V6_014160_v001541,0,V6.mp4,14160,14152,14163,12,straight,val
data/processed/clips/straight_V6_014417_v001542,0,V6.mp4,14417,14409,14420,12,straight,val
data/processed/clips/hook_V6_014443_v001543,1,V6.mp4,14443,14435,14446,12,hook,val
data/processed/clips/uppercut_V6_014789_v001544,2,V6.mp4,14789,14781,14792,12,uppercut,val
data/processed/clips/uppercut_V6_014860_v001545,2,V6.mp4,14860,14852,14863,12,uppercut,val
data/processed/clips/uppercut_V6_015175_v001546,2,V6.mp4,15175,15167,15178,12,uppercut,val
data/processed/clips/uppercut_V6_015224_v001547,2,V6.mp4,15224,15216,15227,12,uppercut,val
data/processed/clips/uppercut_V6_015288_v001548,2,V6.mp4,15288,15280,15291,12,uppercut,val
data/processed/clips/uppercut_V6_015351_v001549,2,V6.mp4,15351,15343,15354,12,uppercut,val
data/processed/clips/uppercut_V6_015411_v001550,2,V6.mp4,15411,15403,15414,12,uppercut,val
data/processed/clips/uppercut_V6_015458_v001551,2,V6.mp4,15458,15450,15461,12,uppercut,val
data/processed/clips/uppercut_V6_015485_v001552,2,V6.mp4,15485,15477,15488,12,uppercut,val
data/processed/clips/uppercut_V6_015537_v001553,2,V6.mp4,15537,15529,15540,12,uppercut,val
data/processed/clips/uppercut_V6_015565_v001554,2,V6.mp4,15565,15557,15568,12,uppercut,val
data/processed/clips/uppercut_V6_015626_v001555,2,V6.mp4,15626,15618,15629,12,uppercut,val
data/processed/clips/uppercut_V6_015651_v001556,2,V6.mp4,15651,15643,15654,12,uppercut,val
data/processed/clips/uppercut_V6_015719_v001557,2,V6.mp4,15719,15711,15722,12,uppercut,val
data/processed/clips/uppercut_V6_015739_v001558,2,V6.mp4,15739,15731,15742,12,uppercut,val
data/processed/clips/uppercut_V6_015809_v001559,2,V6.mp4,15809,15801,15812,12,uppercut,val
data/processed/clips/uppercut_V6_015820_v001560,2,V6.mp4,15820,15812,15823,12,uppercut,val
data/processed/clips/uppercut_V6_015910_v001561,2,V6.mp4,15910,15902,15913,12,uppercut,val
data/processed/clips/uppercut_V6_015979_v001562,2,V6.mp4,15979,15971,15982,12,uppercut,val
data/processed/clips/uppercut_V6_016033_v001563,2,V6.mp4,16033,16025,16036,12,uppercut,val
data/processed/clips/uppercut_V6_016117_v001564,2,V6.mp4,16117,16109,16120,12,uppercut,val
data/processed/clips/uppercut_V6_016261_v001565,2,V6.mp4,16261,16253,16264,12,uppercut,val
data/processed/clips/uppercut_V6_016270_v001566,2,V6.mp4,16270,16262,16273,12,uppercut,val
data/processed/clips/uppercut_V6_016293_v001567,2,V6.mp4,16293,16285,16296,12,uppercut,val
data/processed/clips/uppercut_V6_016332_v001568,2,V6.mp4,16332,16324,16335,12,uppercut,val
data/processed/clips/uppercut_V6_016341_v001569,2,V6.mp4,16341,16333,16344,12,uppercut,val
data/processed/clips/uppercut_V6_016376_v001570,2,V6.mp4,16376,16368,16379,12,uppercut,val
data/processed/clips/uppercut_V6_016384_v001571,2,V6.mp4,16384,16376,16387,12,uppercut,val
data/processed/clips/uppercut_V6_016421_v001572,2,V6.mp4,16421,16413,16424,12,uppercut,val
data/processed/clips/uppercut_V6_016478_v001573,2,V6.mp4,16478,16470,16481,12,uppercut,val
data/processed/clips/uppercut_V6_016489_v001574,2,V6.mp4,16489,16481,16492,12,uppercut,val
data/processed/clips/uppercut_V6_016532_v001575,2,V6.mp4,16532,16524,16535,12,uppercut,val
data/processed/clips/uppercut_V6_016542_v001576,2,V6.mp4,16542,16534,16545,12,uppercut,val
data/processed/clips/uppercut_V6_016589_v001577,2,V6.mp4,16589,16581,16592,12,uppercut,val
data/processed/clips/uppercut_V6_016601_v001578,2,V6.mp4,16601,16593,16604,12,uppercut,val
data/processed/clips/uppercut_V6_016679_v001579,2,V6.mp4,16679,16671,16682,12,uppercut,val
data/processed/clips/uppercut_V6_016690_v001580,2,V6.mp4,16690,16682,16693,12,uppercut,val
data/processed/clips/uppercut_V6_016735_v001581,2,V6.mp4,16735,16727,16738,12,uppercut,val
data/processed/clips/uppercut_V6_016747_v001582,2,V6.mp4,16747,16739,16750,12,uppercut,val
data/processed/clips/uppercut_V6_016815_v001583,2,V6.mp4,16815,16807,16818,12,uppercut,val
data/processed/clips/uppercut_V6_016824_v001584,2,V6.mp4,16824,16816,16827,12,uppercut,val
data/processed/clips/uppercut_V6_016868_v001585,2,V6.mp4,16868,16860,16871,12,uppercut,val
data/processed/clips/uppercut_V6_016878_v001586,2,V6.mp4,16878,16870,16881,12,uppercut,val
data/processed/clips/uppercut_V6_016997_v001587,2,V6.mp4,16997,16989,17000,12,uppercut,val
data/processed/clips/uppercut_V6_017004_v001588,2,V6.mp4,17004,16996,17007,12,uppercut,val
data/processed/clips/uppercut_V6_017059_v001589,2,V6.mp4,17059,17051,17062,12,uppercut,val
data/processed/clips/uppercut_V6_017065_v001590,2,V6.mp4,17065,17057,17068,12,uppercut,val
data/processed/clips/uppercut_V6_017147_v001591,2,V6.mp4,17147,17139,17150,12,uppercut,val
data/processed/clips/uppercut_V6_017154_v001592,2,V6.mp4,17154,17146,17157,12,uppercut,val
data/processed/clips/uppercut_V6_017223_v001593,2,V6.mp4,17223,17215,17226,12,uppercut,val
data/processed/clips/uppercut_V6_017229_v001594,2,V6.mp4,17229,17221,17232,12,uppercut,val
data/processed/clips/uppercut_V6_017284_v001595,2,V6.mp4,17284,17276,17287,12,uppercut,val
data/processed/clips/uppercut_V6_017290_v001596,2,V6.mp4,17290,17282,17293,12,uppercut,val
data/processed/clips/uppercut_V6_017342_v001597,2,V6.mp4,17342,17334,17345,12,uppercut,val
data/processed/clips/uppercut_V6_017349_v001598,2,V6.mp4,17349,17341,17352,12,uppercut,val
data/processed/clips/uppercut_V6_017402_v001599,2,V6.mp4,17402,17394,17405,12,uppercut,val
data/processed/clips/uppercut_V6_017411_v001600,2,V6.mp4,17411,17403,17414,12,uppercut,val
data/processed/clips/uppercut_V6_017497_v001601,2,V6.mp4,17497,17489,17500,12,uppercut,val
data/processed/clips/uppercut_V6_017503_v001602,2,V6.mp4,17503,17495,17506,12,uppercut,val
data/processed/clips/uppercut_V6_017553_v001603,2,V6.mp4,17553,17545,17556,12,uppercut,val
data/processed/clips/uppercut_V6_017560_v001604,2,V6.mp4,17560,17552,17563,12,uppercut,val
data/processed/clips/uppercut_V6_017610_v001605,2,V6.mp4,17610,17602,17613,12,uppercut,val
data/processed/clips/uppercut_V6_017617_v001606,2,V6.mp4,17617,17609,17620,12,uppercut,val
data/processed/clips/straight_V6_017628_v001607,0,V6.mp4,17628,17620,17631,12,straight,val
data/processed/clips/uppercut_V6_017691_v001608,2,V6.mp4,17691,17683,17694,12,uppercut,val
data/processed/clips/uppercut_V6_017700_v001609,2,V6.mp4,17700,17692,17703,12,uppercut,val
data/processed/clips/uppercut_V6_017755_v001610,2,V6.mp4,17755,17747,17758,12,uppercut,val
data/processed/clips/uppercut_V6_017763_v001611,2,V6.mp4,17763,17755,17766,12,uppercut,val
data/processed/clips/uppercut_V6_017820_v001612,2,V6.mp4,17820,17812,17823,12,uppercut,val
data/processed/clips/uppercut_V6_017828_v001613,2,V6.mp4,17828,17820,17831,12,uppercut,val
data/processed/clips/uppercut_V6_017886_v001614,2,V6.mp4,17886,17878,17889,12,uppercut,val
data/processed/clips/uppercut_V6_017894_v001615,2,V6.mp4,17894,17886,17897,12,uppercut,val
data/processed/clips/uppercut_V6_017953_v001616,2,V6.mp4,17953,17945,17956,12,uppercut,val
data/processed/clips/uppercut_V6_017961_v001617,2,V6.mp4,17961,17953,17964,12,uppercut,val
data/processed/clips/uppercut_V6_018023_v001618,2,V6.mp4,18023,18015,18026,12,uppercut,val
data/processed/clips/uppercut_V6_018032_v001619,2,V6.mp4,18032,18024,18035,12,uppercut,val
data/processed/clips/uppercut_V6_018106_v001620,2,V6.mp4,18106,18098,18109,12,uppercut,val
data/processed/clips/uppercut_V6_018115_v001621,2,V6.mp4,18115,18107,18118,12,uppercut,val
data/processed/clips/uppercut_V6_018193_v001622,2,V6.mp4,18193,18185,18196,12,uppercut,val
data/processed/clips/uppercut_V6_018203_v001623,2,V6.mp4,18203,18195,18206,12,uppercut,val
data/processed/clips/straight_V6_018218_v001624,0,V6.mp4,18218,18210,18221,12,straight,val
data/processed/clips/uppercut_V6_018329_v001625,2,V6.mp4,18329,18321,18332,12,uppercut,val
data/processed/clips/uppercut_V6_018337_v001626,2,V6.mp4,18337,18329,18340,12,uppercut,val
data/processed/clips/uppercut_V6_018421_v001627,2,V6.mp4,18421,18413,18424,12,uppercut,val
data/processed/clips/uppercut_V6_018428_v001628,2,V6.mp4,18428,18420,18431,12,uppercut,val
data/processed/clips/uppercut_V6_018495_v001629,2,V6.mp4,18495,18487,18498,12,uppercut,val
data/processed/clips/uppercut_V6_018503_v001630,2,V6.mp4,18503,18495,18506,12,uppercut,val
data/processed/clips/uppercut_V6_018592_v001631,2,V6.mp4,18592,18584,18595,12,uppercut,val
data/processed/clips/uppercut_V6_018600_v001632,2,V6.mp4,18600,18592,18603,12,uppercut,val
data/processed/clips/uppercut_V6_018699_v001633,2,V6.mp4,18699,18691,18702,12,uppercut,val
data/processed/clips/uppercut_V6_018707_v001634,2,V6.mp4,18707,18699,18710,12,uppercut,val
data/processed/clips/uppercut_V6_018788_v001635,2,V6.mp4,18788,18780,18791,12,uppercut,val
data/processed/clips/uppercut_V6_018796_v001636,2,V6.mp4,18796,18788,18799,12,uppercut,val
data/processed/clips/uppercut_V6_018876_v001637,2,V6.mp4,18876,18868,18879,12,uppercut,val
data/processed/clips/uppercut_V6_018884_v001638,2,V6.mp4,18884,18876,18887,12,uppercut,val
data/processed/clips/uppercut_V6_018959_v001639,2,V6.mp4,18959,18951,18962,12,uppercut,val
data/processed/clips/uppercut_V6_018967_v001640,2,V6.mp4,18967,18959,18970,12,uppercut,val
data/processed/clips/uppercut_V6_019096_v001641,2,V6.mp4,19096,19088,19099,12,uppercut,val
data/processed/clips/uppercut_V6_019103_v001642,2,V6.mp4,19103,19095,19106,12,uppercut,val
data/processed/clips/straight_V6_019112_v001643,0,V6.mp4,19112,19104,19115,12,straight,val
data/processed/clips/straight_V6_019118_v001644,0,V6.mp4,19118,19110,19121,12,straight,val
data/processed/clips/uppercut_V6_019246_v001645,2,V6.mp4,19246,19238,19249,12,uppercut,val
data/processed/clips/uppercut_V6_019253_v001646,2,V6.mp4,19253,19245,19256,12,uppercut,val
data/processed/clips/uppercut_V6_019355_v001647,2,V6.mp4,19355,19347,19358,12,uppercut,val
data/processed/clips/uppercut_V6_019362_v001648,2,V6.mp4,19362,19354,19365,12,uppercut,val
data/processed/clips/straight_V6_019370_v001649,0,V6.mp4,19370,19362,19373,12,straight,val
data/processed/clips/uppercut_V6_019430_v001650,2,V6.mp4,19430,19422,19433,12,uppercut,val
data/processed/clips/uppercut_V6_019437_v001651,2,V6.mp4,19437,19429,19440,12,uppercut,val
data/processed/clips/straight_V6_022750_v001652,0,V6.mp4,22750,22742,22753,12,straight,val
data/processed/clips/straight_V6_022841_v001653,0,V6.mp4,22841,22833,22844,12,straight,val
data/processed/clips/straight_V6_023082_v001654,0,V6.mp4,23082,23074,23085,12,straight,val
data/processed/clips/uppercut_V6_023222_v001655,2,V6.mp4,23222,23214,23225,12,uppercut,val
data/processed/clips/uppercut_V6_023284_v001656,2,V6.mp4,23284,23276,23287,12,uppercut,val
data/processed/clips/uppercut_V6_023358_v001657,2,V6.mp4,23358,23350,23361,12,uppercut,val
data/processed/clips/uppercut_V6_023428_v001658,2,V6.mp4,23428,23420,23431,12,uppercut,val
data/processed/clips/straight_V6_023436_v001659,0,V6.mp4,23436,23428,23439,12,straight,val
data/processed/clips/uppercut_V6_023484_v001660,2,V6.mp4,23484,23476,23487,12,uppercut,val
data/processed/clips/straight_V6_023491_v001661,0,V6.mp4,23491,23483,23494,12,straight,val
data/processed/clips/uppercut_V6_023560_v001662,2,V6.mp4,23560,23552,23563,12,uppercut,val
data/processed/clips/uppercut_V6_023609_v001663,2,V6.mp4,23609,23601,23612,12,uppercut,val
data/processed/clips/uppercut_V6_023658_v001664,2,V6.mp4,23658,23650,23661,12,uppercut,val
data/processed/clips/uppercut_V6_023704_v001665,2,V6.mp4,23704,23696,23707,12,uppercut,val
data/processed/clips/uppercut_V6_023747_v001666,2,V6.mp4,23747,23739,23750,12,uppercut,val
data/processed/clips/uppercut_V6_023793_v001667,2,V6.mp4,23793,23785,23796,12,uppercut,val
data/processed/clips/uppercut_V6_023840_v001668,2,V6.mp4,23840,23832,23843,12,uppercut,val
data/processed/clips/uppercut_V6_023907_v001669,2,V6.mp4,23907,23899,23910,12,uppercut,val
data/processed/clips/uppercut_V6_023955_v001670,2,V6.mp4,23955,23947,23958,12,uppercut,val
data/processed/clips/straight_V6_023962_v001671,0,V6.mp4,23962,23954,23965,12,straight,val
data/processed/clips/uppercut_V6_023998_v001672,2,V6.mp4,23998,23990,24001,12,uppercut,val
data/processed/clips/uppercut_V6_024047_v001673,2,V6.mp4,24047,24039,24050,12,uppercut,val
data/processed/clips/uppercut_V6_024099_v001674,2,V6.mp4,24099,24091,24102,12,uppercut,val
data/processed/clips/straight_V6_024108_v001675,0,V6.mp4,24108,24100,24111,12,straight,val
data/processed/clips/uppercut_V6_024166_v001676,2,V6.mp4,24166,24158,24169,12,uppercut,val
data/processed/clips/uppercut_V6_024236_v001677,2,V6.mp4,24236,24228,24239,12,uppercut,val
data/processed/clips/uppercut_V6_024333_v001678,2,V6.mp4,24333,24325,24336,12,uppercut,val
data/processed/clips/straight_V6_024356_v001679,0,V6.mp4,24356,24348,24359,12,straight,val
data/processed/clips/uppercut_V6_024414_v001680,2,V6.mp4,24414,24406,24417,12,uppercut,val
data/processed/clips/uppercut_V6_024507_v001681,2,V6.mp4,24507,24499,24510,12,uppercut,val
data/processed/clips/straight_V6_024515_v001682,0,V6.mp4,24515,24507,24518,12,straight,val
data/processed/clips/uppercut_V6_024611_v001683,2,V6.mp4,24611,24603,24614,12,uppercut,val
data/processed/clips/uppercut_V6_024726_v001684,2,V6.mp4,24726,24718,24729,12,uppercut,val
data/processed/clips/uppercut_V6_024834_v001685,2,V6.mp4,24834,24826,24837,12,uppercut,val
data/processed/clips/uppercut_V6_024914_v001686,2,V6.mp4,24914,24906,24917,12,uppercut,val
data/processed/clips/uppercut_V6_025027_v001687,2,V6.mp4,25027,25019,25030,12,uppercut,val
data/processed/clips/straight_V6_025034_v001688,0,V6.mp4,25034,25026,25037,12,straight,val
data/processed/clips/uppercut_V6_025103_v001689,2,V6.mp4,25103,25095,25106,12,uppercut,val
data/processed/clips/straight_V6_025125_v001690,0,V6.mp4,25125,25117,25128,12,straight,val
data/processed/clips/uppercut_V6_025198_v001691,2,V6.mp4,25198,25190,25201,12,uppercut,val
data/processed/clips/straight_V6_025226_v001692,0,V6.mp4,25226,25218,25229,12,straight,val
data/processed/clips/uppercut_V6_025271_v001693,2,V6.mp4,25271,25263,25274,12,uppercut,val
data/processed/clips/uppercut_V6_025373_v001694,2,V6.mp4,25373,25365,25376,12,uppercut,val
data/processed/clips/uppercut_V6_025467_v001695,2,V6.mp4,25467,25459,25470,12,uppercut,val
data/processed/clips/uppercut_V6_025595_v001696,2,V6.mp4,25595,25587,25598,12,uppercut,val
data/processed/clips/uppercut_V6_025636_v001697,2,V6.mp4,25636,25628,25639,12,uppercut,val
data/processed/clips/straight_V6_025642_v001698,0,V6.mp4,25642,25634,25645,12,straight,val
data/processed/clips/straight_V6_025659_v001699,0,V6.mp4,25659,25651,25662,12,straight,val
data/processed/clips/uppercut_V6_025720_v001700,2,V6.mp4,25720,25712,25723,12,uppercut,val
data/processed/clips/uppercut_V6_025778_v001701,2,V6.mp4,25778,25770,25781,12,uppercut,val
data/processed/clips/uppercut_V6_025838_v001702,2,V6.mp4,25838,25830,25841,12,uppercut,val
data/processed/clips/uppercut_V6_025901_v001703,2,V6.mp4,25901,25893,25904,12,uppercut,val
data/processed/clips/uppercut_V6_025959_v001704,2,V6.mp4,25959,25951,25962,12,uppercut,val
data/processed/clips/straight_V6_025987_v001705,0,V6.mp4,25987,25979,25990,12,straight,val
data/processed/clips/straight_V6_027561_v001706,0,V6.mp4,27561,27553,27564,12,straight,val
data/processed/clips/hook_V6_029987_v001707,1,V6.mp4,29987,29979,29990,12,hook,val
data/processed/clips/uppercut_V6_030044_v001708,2,V6.mp4,30044,30036,30047,12,uppercut,val
data/processed/clips/uppercut_V6_030071_v001709,2,V6.mp4,30071,30063,30074,12,uppercut,val
data/processed/clips/straight_V6_030246_v001710,0,V6.mp4,30246,30238,30249,12,straight,val
data/processed/clips/hook_V6_030546_v001711,1,V6.mp4,30546,30538,30549,12,hook,val
data/processed/clips/uppercut_V6_030575_v001712,2,V6.mp4,30575,30567,30578,12,uppercut,val
data/processed/clips/uppercut_V6_030607_v001713,2,V6.mp4,30607,30599,30610,12,uppercut,val
data/processed/clips/uppercut_V6_030789_v001714,2,V6.mp4,30789,30781,30792,12,uppercut,val
data/processed/clips/uppercut_V6_030815_v001715,2,V6.mp4,30815,30807,30818,12,uppercut,val
data/processed/clips/uppercut_V6_030907_v001716,2,V6.mp4,30907,30899,30910,12,uppercut,val
data/processed/clips/uppercut_V6_030933_v001717,2,V6.mp4,30933,30925,30936,12,uppercut,val
data/processed/clips/hook_V6_031060_v001718,1,V6.mp4,31060,31052,31063,12,hook,val
data/processed/clips/uppercut_V6_031109_v001719,2,V6.mp4,31109,31101,31112,12,uppercut,val
data/processed/clips/uppercut_V6_031150_v001720,2,V6.mp4,31150,31142,31153,12,uppercut,val
data/processed/clips/straight_V6_031217_v001721,0,V6.mp4,31217,31209,31220,12,straight,val
data/processed/clips/hook_V6_031256_v001722,1,V6.mp4,31256,31248,31259,12,hook,val
data/processed/clips/uppercut_V6_031304_v001723,2,V6.mp4,31304,31296,31307,12,uppercut,val
data/processed/clips/uppercut_V6_031329_v001724,2,V6.mp4,31329,31321,31332,12,uppercut,val
data/processed/clips/uppercut_V6_031422_v001725,2,V6.mp4,31422,31414,31425,12,uppercut,val
data/processed/clips/uppercut_V6_031448_v001726,2,V6.mp4,31448,31440,31451,12,uppercut,val
data/processed/clips/uppercut_V6_031538_v001727,2,V6.mp4,31538,31530,31541,12,uppercut,val
data/processed/clips/uppercut_V6_031549_v001728,2,V6.mp4,31549,31541,31552,12,uppercut,val
data/processed/clips/straight_V6_031583_v001729,0,V6.mp4,31583,31575,31586,12,straight,val
data/processed/clips/hook_V6_031607_v001730,1,V6.mp4,31607,31599,31610,12,hook,val
data/processed/clips/hook_V6_031620_v001731,1,V6.mp4,31620,31612,31623,12,hook,val
data/processed/clips/uppercut_V6_031641_v001732,2,V6.mp4,31641,31633,31644,12,uppercut,val
data/processed/clips/uppercut_V6_031652_v001733,2,V6.mp4,31652,31644,31655,12,uppercut,val
data/processed/clips/straight_V6_031671_v001734,0,V6.mp4,31671,31663,31674,12,straight,val
data/processed/clips/uppercut_V6_031732_v001735,2,V6.mp4,31732,31724,31735,12,uppercut,val
data/processed/clips/uppercut_V6_031755_v001736,2,V6.mp4,31755,31747,31758,12,uppercut,val
data/processed/clips/straight_V6_031792_v001737,0,V6.mp4,31792,31784,31795,12,straight,val
data/processed/clips/straight_V6_031803_v001738,0,V6.mp4,31803,31795,31806,12,straight,val
data/processed/clips/hook_V6_031815_v001739,1,V6.mp4,31815,31807,31818,12,hook,val
data/processed/clips/uppercut_V6_031845_v001740,2,V6.mp4,31845,31837,31848,12,uppercut,val
data/processed/clips/uppercut_V6_031855_v001741,2,V6.mp4,31855,31847,31858,12,uppercut,val
data/processed/clips/hook_V6_031920_v001742,1,V6.mp4,31920,31912,31923,12,hook,val
data/processed/clips/uppercut_V6_031937_v001743,2,V6.mp4,31937,31929,31940,12,uppercut,val
data/processed/clips/uppercut_V6_031949_v001744,2,V6.mp4,31949,31941,31952,12,uppercut,val
data/processed/clips/uppercut_V6_032038_v001745,2,V6.mp4,32038,32030,32041,12,uppercut,val
data/processed/clips/uppercut_V6_032049_v001746,2,V6.mp4,32049,32041,32052,12,uppercut,val
data/processed/clips/hook_V6_032303_v001747,1,V6.mp4,32303,32295,32306,12,hook,val
data/processed/clips/straight_V6_032709_v001748,0,V6.mp4,32709,32701,32712,12,straight,val
data/processed/clips/hook_V6_032718_v001749,1,V6.mp4,32718,32710,32721,12,hook,val
data/processed/clips/hook_V6_032727_v001750,1,V6.mp4,32727,32719,32730,12,hook,val
data/processed/clips/hook_V6_032914_v001751,1,V6.mp4,32914,32906,32917,12,hook,val
data/processed/clips/hook_V6_032922_v001752,1,V6.mp4,32922,32914,32925,12,hook,val
data/processed/clips/straight_V6_033085_v001753,0,V6.mp4,33085,33077,33088,12,straight,val
data/processed/clips/hook_V6_033193_v001754,1,V6.mp4,33193,33185,33196,12,hook,val
data/processed/clips/straight_V6_033253_v001755,0,V6.mp4,33253,33245,33256,12,straight,val
data/processed/clips/hook_V6_033362_v001756,1,V6.mp4,33362,33354,33365,12,hook,val
data/processed/clips/hook_V6_033547_v001757,1,V6.mp4,33547,33539,33550,12,hook,val
data/processed/clips/straight_V6_033629_v001758,0,V6.mp4,33629,33621,33632,12,straight,val
data/processed/clips/hook_V6_033756_v001759,1,V6.mp4,33756,33748,33759,12,hook,val
data/processed/clips/straight_V6_034061_v001760,0,V6.mp4,34061,34053,34064,12,straight,val
data/processed/clips/hook_V6_034073_v001761,1,V6.mp4,34073,34065,34076,12,hook,val
data/processed/clips/hook_V6_034083_v001762,1,V6.mp4,34083,34075,34086,12,hook,val
data/processed/clips/hook_V6_034178_v001763,1,V6.mp4,34178,34170,34181,12,hook,val
data/processed/clips/straight_V6_034236_v001764,0,V6.mp4,34236,34228,34239,12,straight,val
data/processed/clips/straight_V6_034409_v001765,0,V6.mp4,34409,34401,34412,12,straight,val
data/processed/clips/hook_V6_034441_v001766,1,V6.mp4,34441,34433,34444,12,hook,val
data/processed/clips/hook_V6_034531_v001767,1,V6.mp4,34531,34523,34534,12,hook,val
data/processed/clips/hook_V6_034610_v001768,1,V6.mp4,34610,34602,34613,12,hook,val
data/processed/clips/uppercut_V7_002160_v001769,2,V7.mp4,2160,2152,2163,12,uppercut,val
data/processed/clips/uppercut_V7_002228_v001770,2,V7.mp4,2228,2220,2231,12,uppercut,val
data/processed/clips/uppercut_V7_002305_v001771,2,V7.mp4,2305,2297,2308,12,uppercut,val
data/processed/clips/uppercut_V7_002426_v001772,2,V7.mp4,2426,2418,2429,12,uppercut,val
data/processed/clips/uppercut_V7_002507_v001773,2,V7.mp4,2507,2499,2510,12,uppercut,val
data/processed/clips/straight_V7_004566_v001774,0,V7.mp4,4566,4558,4569,12,straight,val
data/processed/clips/uppercut_V7_004698_v001775,2,V7.mp4,4698,4690,4701,12,uppercut,val
data/processed/clips/straight_V7_004792_v001776,0,V7.mp4,4792,4784,4795,12,straight,val
data/processed/clips/hook_V7_004830_v001777,1,V7.mp4,4830,4822,4833,12,hook,val
data/processed/clips/uppercut_V7_004846_v001778,2,V7.mp4,4846,4838,4849,12,uppercut,val
data/processed/clips/straight_V7_005113_v001779,0,V7.mp4,5113,5105,5116,12,straight,val
data/processed/clips/straight_V7_005273_v001780,0,V7.mp4,5273,5265,5276,12,straight,val
data/processed/clips/straight_V7_005288_v001781,0,V7.mp4,5288,5280,5291,12,straight,val
data/processed/clips/straight_V7_005394_v001782,0,V7.mp4,5394,5386,5397,12,straight,val
data/processed/clips/straight_V7_005608_v001783,0,V7.mp4,5608,5600,5611,12,straight,val
data/processed/clips/straight_V7_005654_v001784,0,V7.mp4,5654,5646,5657,12,straight,val
data/processed/clips/uppercut_V7_005705_v001785,2,V7.mp4,5705,5697,5708,12,uppercut,val
data/processed/clips/uppercut_V7_005971_v001786,2,V7.mp4,5971,5963,5974,12,uppercut,val
data/processed/clips/uppercut_V7_006060_v001787,2,V7.mp4,6060,6052,6063,12,uppercut,val
data/processed/clips/straight_V7_006127_v001788,0,V7.mp4,6127,6119,6130,12,straight,val
data/processed/clips/straight_V7_006154_v001789,0,V7.mp4,6154,6146,6157,12,straight,val
data/processed/clips/uppercut_V7_006189_v001790,2,V7.mp4,6189,6181,6192,12,uppercut,val
data/processed/clips/hook_V7_006215_v001791,1,V7.mp4,6215,6207,6218,12,hook,val
data/processed/clips/uppercut_V7_006259_v001792,2,V7.mp4,6259,6251,6262,12,uppercut,val
data/processed/clips/uppercut_V7_006384_v001793,2,V7.mp4,6384,6376,6387,12,uppercut,val
data/processed/clips/hook_V7_006923_v001794,1,V7.mp4,6923,6915,6926,12,hook,val
data/processed/clips/uppercut_V7_007128_v001795,2,V7.mp4,7128,7120,7131,12,uppercut,val
data/processed/clips/straight_V7_007170_v001796,0,V7.mp4,7170,7162,7173,12,straight,val
data/processed/clips/uppercut_V7_007267_v001797,2,V7.mp4,7267,7259,7270,12,uppercut,val
data/processed/clips/hook_V7_007385_v001798,1,V7.mp4,7385,7377,7388,12,hook,val
data/processed/clips/uppercut_V7_007445_v001799,2,V7.mp4,7445,7437,7448,12,uppercut,val
data/processed/clips/uppercut_V7_007624_v001800,2,V7.mp4,7624,7616,7627,12,uppercut,val
data/processed/clips/hook_V7_007753_v001801,1,V7.mp4,7753,7745,7756,12,hook,val
data/processed/clips/uppercut_V7_007770_v001802,2,V7.mp4,7770,7762,7773,12,uppercut,val
data/processed/clips/uppercut_V7_007844_v001803,2,V7.mp4,7844,7836,7847,12,uppercut,val
data/processed/clips/hook_V7_007952_v001804,1,V7.mp4,7952,7944,7955,12,hook,val
data/processed/clips/hook_V7_007977_v001805,1,V7.mp4,7977,7969,7980,12,hook,val
data/processed/clips/uppercut_V7_008167_v001806,2,V7.mp4,8167,8159,8170,12,uppercut,val
data/processed/clips/straight_V7_009251_v001807,0,V7.mp4,9251,9243,9254,12,straight,val
data/processed/clips/straight_V7_010216_v001808,0,V7.mp4,10216,10208,10219,12,straight,val
data/processed/clips/straight_V7_010393_v001809,0,V7.mp4,10393,10385,10396,12,straight,val
data/processed/clips/hook_V7_010616_v001810,1,V7.mp4,10616,10608,10619,12,hook,val
data/processed/clips/straight_V7_010763_v001811,0,V7.mp4,10763,10755,10766,12,straight,val
data/processed/clips/hook_V7_010981_v001812,1,V7.mp4,10981,10973,10984,12,hook,val
data/processed/clips/straight_V7_011120_v001813,0,V7.mp4,11120,11112,11123,12,straight,val
data/processed/clips/straight_V7_011128_v001814,0,V7.mp4,11128,11120,11131,12,straight,val
data/processed/clips/straight_V7_011135_v001815,0,V7.mp4,11135,11127,11138,12,straight,val
data/processed/clips/straight_V7_011269_v001816,0,V7.mp4,11269,11261,11272,12,straight,val
data/processed/clips/straight_V7_011469_v001817,0,V7.mp4,11469,11461,11472,12,straight,val
data/processed/clips/hook_V7_011476_v001818,1,V7.mp4,11476,11468,11479,12,hook,val
data/processed/clips/straight_V7_011626_v001819,0,V7.mp4,11626,11618,11629,12,straight,val
data/processed/clips/hook_V7_011640_v001820,1,V7.mp4,11640,11632,11643,12,hook,val
data/processed/clips/straight_V7_011829_v001821,0,V7.mp4,11829,11821,11832,12,straight,val
data/processed/clips/straight_V7_011970_v001822,0,V7.mp4,11970,11962,11973,12,straight,val
data/processed/clips/hook_V7_011976_v001823,1,V7.mp4,11976,11968,11979,12,hook,val
data/processed/clips/uppercut_V7_011988_v001824,2,V7.mp4,11988,11980,11991,12,uppercut,val
data/processed/clips/hook_V7_012184_v001825,1,V7.mp4,12184,12176,12187,12,hook,val
data/processed/clips/uppercut_V7_012193_v001826,2,V7.mp4,12193,12185,12196,12,uppercut,val
data/processed/clips/straight_V7_012415_v001827,0,V7.mp4,12415,12407,12418,12,straight,val
data/processed/clips/hook_V7_012437_v001828,1,V7.mp4,12437,12429,12440,12,hook,val
data/processed/clips/uppercut_V7_012444_v001829,2,V7.mp4,12444,12436,12447,12,uppercut,val
data/processed/clips/hook_V7_012620_v001830,1,V7.mp4,12620,12612,12623,12,hook,val
data/processed/clips/uppercut_V7_012628_v001831,2,V7.mp4,12628,12620,12631,12,uppercut,val
data/processed/clips/straight_V7_012774_v001832,0,V7.mp4,12774,12766,12777,12,straight,val
data/processed/clips/uppercut_V7_012798_v001833,2,V7.mp4,12798,12790,12801,12,uppercut,val
data/processed/clips/straight_V7_012971_v001834,0,V7.mp4,12971,12963,12974,12,straight,val
data/processed/clips/straight_V7_012978_v001835,0,V7.mp4,12978,12970,12981,12,straight,val
data/processed/clips/straight_V7_012984_v001836,0,V7.mp4,12984,12976,12987,12,straight,val
data/processed/clips/uppercut_V7_013000_v001837,2,V7.mp4,13000,12992,13003,12,uppercut,val
data/processed/clips/straight_V7_013160_v001838,0,V7.mp4,13160,13152,13163,12,straight,val
data/processed/clips/uppercut_V7_013177_v001839,2,V7.mp4,13177,13169,13180,12,uppercut,val
data/processed/clips/straight_V7_013309_v001840,0,V7.mp4,13309,13301,13312,12,straight,val
data/processed/clips/hook_V7_013336_v001841,1,V7.mp4,13336,13328,13339,12,hook,val
data/processed/clips/uppercut_V7_013349_v001842,2,V7.mp4,13349,13341,13352,12,uppercut,val
data/processed/clips/uppercut_V7_013502_v001843,2,V7.mp4,13502,13494,13505,12,uppercut,val
data/processed/clips/straight_V7_013634_v001844,0,V7.mp4,13634,13626,13637,12,straight,val
data/processed/clips/uppercut_V7_013646_v001845,2,V7.mp4,13646,13638,13649,12,uppercut,val
data/processed/clips/straight_V7_013791_v001846,0,V7.mp4,13791,13783,13794,12,straight,val
data/processed/clips/straight_V7_013805_v001847,0,V7.mp4,13805,13797,13808,12,straight,val
data/processed/clips/hook_V7_013812_v001848,1,V7.mp4,13812,13804,13815,12,hook,val
data/processed/clips/uppercut_V7_013818_v001849,2,V7.mp4,13818,13810,13821,12,uppercut,val
data/processed/clips/hook_V7_013822_v001850,1,V7.mp4,13822,13814,13825,12,hook,val
data/processed/clips/straight_V7_013963_v001851,0,V7.mp4,13963,13955,13966,12,straight,val
data/processed/clips/uppercut_V7_013978_v001852,2,V7.mp4,13978,13970,13981,12,uppercut,val
data/processed/clips/straight_V7_014155_v001853,0,V7.mp4,14155,14147,14158,12,straight,val
data/processed/clips/hook_V7_014169_v001854,1,V7.mp4,14169,14161,14172,12,hook,val
data/processed/clips/uppercut_V7_014177_v001855,2,V7.mp4,14177,14169,14180,12,uppercut,val
data/processed/clips/uppercut_V7_014406_v001856,2,V7.mp4,14406,14398,14409,12,uppercut,val
data/processed/clips/straight_V7_014624_v001857,0,V7.mp4,14624,14616,14627,12,straight,val
data/processed/clips/uppercut_V7_014656_v001858,2,V7.mp4,14656,14648,14659,12,uppercut,val
data/processed/clips/straight_V7_014787_v001859,0,V7.mp4,14787,14779,14790,12,straight,val
data/processed/clips/uppercut_V7_014795_v001860,2,V7.mp4,14795,14787,14798,12,uppercut,val
data/processed/clips/straight_V7_015039_v001861,0,V7.mp4,15039,15031,15042,12,straight,val
data/processed/clips/uppercut_V7_015048_v001862,2,V7.mp4,15048,15040,15051,12,uppercut,val
data/processed/clips/uppercut_V7_015206_v001863,2,V7.mp4,15206,15198,15209,12,uppercut,val
data/processed/clips/uppercut_V7_015384_v001864,2,V7.mp4,15384,15376,15387,12,uppercut,val
data/processed/clips/uppercut_V7_015524_v001865,2,V7.mp4,15524,15516,15527,12,uppercut,val
data/processed/clips/straight_V7_015835_v001866,0,V7.mp4,15835,15827,15838,12,straight,val
data/processed/clips/straight_V7_016133_v001867,0,V7.mp4,16133,16125,16136,12,straight,val
data/processed/clips/straight_V7_016149_v001868,0,V7.mp4,16149,16141,16152,12,straight,val
data/processed/clips/straight_V7_016253_v001869,0,V7.mp4,16253,16245,16256,12,straight,val
data/processed/clips/straight_V7_016339_v001870,0,V7.mp4,16339,16331,16342,12,straight,val
data/processed/clips/straight_V7_016348_v001871,0,V7.mp4,16348,16340,16351,12,straight,val
data/processed/clips/hook_V7_016378_v001872,1,V7.mp4,16378,16370,16381,12,hook,val
data/processed/clips/straight_V7_016477_v001873,0,V7.mp4,16477,16469,16480,12,straight,val
data/processed/clips/uppercut_V7_016496_v001874,2,V7.mp4,16496,16488,16499,12,uppercut,val
data/processed/clips/uppercut_V7_016816_v001875,2,V7.mp4,16816,16808,16819,12,uppercut,val
data/processed/clips/straight_V7_016983_v001876,0,V7.mp4,16983,16975,16986,12,straight,val
data/processed/clips/uppercut_V7_016991_v001877,2,V7.mp4,16991,16983,16994,12,uppercut,val
data/processed/clips/uppercut_V7_017167_v001878,2,V7.mp4,17167,17159,17170,12,uppercut,val
data/processed/clips/uppercut_V7_017330_v001879,2,V7.mp4,17330,17322,17333,12,uppercut,val
data/processed/clips/hook_V7_017344_v001880,1,V7.mp4,17344,17336,17347,12,hook,val
data/processed/clips/straight_V7_017356_v001881,0,V7.mp4,17356,17348,17359,12,straight,val
data/processed/clips/uppercut_V7_017461_v001882,2,V7.mp4,17461,17453,17464,12,uppercut,val
data/processed/clips/uppercut_V7_017462_v001883,2,V7.mp4,17462,17454,17465,12,uppercut,val
data/processed/clips/hook_V7_017470_v001884,1,V7.mp4,17470,17462,17473,12,hook,val
data/processed/clips/straight_V7_017810_v001885,0,V7.mp4,17810,17802,17813,12,straight,val
data/processed/clips/none_V7_017929_v001886,3,V7.mp4,17929,17921,17932,12,none,val
data/processed/clips/none_V7_017932_v001887,3,V7.mp4,17932,17924,17935,12,none,val
data/processed/clips/none_V7_017933_v001888,3,V7.mp4,17933,17925,17936,12,none,val
data/processed/clips/straight_V7_018237_v001889,0,V7.mp4,18237,18229,18240,12,straight,val
data/processed/clips/uppercut_V7_018247_v001890,2,V7.mp4,18247,18239,18250,12,uppercut,val
data/processed/clips/straight_V7_018386_v001891,0,V7.mp4,18386,18378,18389,12,straight,val
data/processed/clips/uppercut_V7_018611_v001892,2,V7.mp4,18611,18603,18614,12,uppercut,val
data/processed/clips/none_V7_018646_v001893,3,V7.mp4,18646,18638,18649,12,none,val
data/processed/clips/none_V7_018662_v001894,3,V7.mp4,18662,18654,18665,12,none,val
data/processed/clips/none_V7_018667_v001895,3,V7.mp4,18667,18659,18670,12,none,val
data/processed/clips/none_V7_018668_v001896,3,V7.mp4,18668,18660,18671,12,none,val
data/processed/clips/none_V7_018670_v001897,3,V7.mp4,18670,18662,18673,12,none,val
data/processed/clips/none_V7_018671_v001898,3,V7.mp4,18671,18663,18674,12,none,val
data/processed/clips/none_V7_018676_v001899,3,V7.mp4,18676,18668,18679,12,none,val
data/processed/clips/none_V7_018677_v001900,3,V7.mp4,18677,18669,18680,12,none,val
data/processed/clips/none_V7_018681_v001901,3,V7.mp4,18681,18673,18684,12,none,val
data/processed/clips/none_V7_018682_v001902,3,V7.mp4,18682,18674,18685,12,none,val
data/processed/clips/none_V7_018685_v001903,3,V7.mp4,18685,18677,18688,12,none,val
data/processed/clips/none_V7_018690_v001904,3,V7.mp4,18690,18682,18693,12,none,val
data/processed/clips/none_V7_018697_v001905,3,V7.mp4,18697,18689,18700,12,none,val
data/processed/clips/none_V7_018698_v001906,3,V7.mp4,18698,18690,18701,12,none,val
data/processed/clips/straight_V7_018818_v001907,0,V7.mp4,18818,18810,18821,12,straight,val
data/processed/clips/uppercut_V7_018826_v001908,2,V7.mp4,18826,18818,18829,12,uppercut,val
data/processed/clips/uppercut_V7_019059_v001909,2,V7.mp4,19059,19051,19062,12,uppercut,val
data/processed/clips/none_V7_019105_v001910,3,V7.mp4,19105,19097,19108,12,none,val
data/processed/clips/none_V7_019106_v001911,3,V7.mp4,19106,19098,19109,12,none,val
data/processed/clips/none_V7_019110_v001912,3,V7.mp4,19110,19102,19113,12,none,val
data/processed/clips/none_V7_019115_v001913,3,V7.mp4,19115,19107,19118,12,none,val
data/processed/clips/none_V7_019116_v001914,3,V7.mp4,19116,19108,19119,12,none,val
data/processed/clips/none_V7_019117_v001915,3,V7.mp4,19117,19109,19120,12,none,val
data/processed/clips/none_V7_019118_v001916,3,V7.mp4,19118,19110,19121,12,none,val
data/processed/clips/none_V7_019119_v001917,3,V7.mp4,19119,19111,19122,12,none,val
data/processed/clips/none_V7_019123_v001918,3,V7.mp4,19123,19115,19126,12,none,val
data/processed/clips/none_V7_019125_v001919,3,V7.mp4,19125,19117,19128,12,none,val
data/processed/clips/none_V7_019127_v001920,3,V7.mp4,19127,19119,19130,12,none,val
data/processed/clips/none_V7_019129_v001921,3,V7.mp4,19129,19121,19132,12,none,val
data/processed/clips/straight_V7_019212_v001922,0,V7.mp4,19212,19204,19215,12,straight,val
data/processed/clips/uppercut_V7_019253_v001923,2,V7.mp4,19253,19245,19256,12,uppercut,val
data/processed/clips/hook_V7_019376_v001924,1,V7.mp4,19376,19368,19379,12,hook,val
data/processed/clips/straight_V7_019384_v001925,0,V7.mp4,19384,19376,19387,12,straight,val
data/processed/clips/uppercut_V7_019391_v001926,2,V7.mp4,19391,19383,19394,12,uppercut,val
data/processed/clips/straight_V7_019517_v001927,0,V7.mp4,19517,19509,19520,12,straight,val
data/processed/clips/uppercut_V7_019553_v001928,2,V7.mp4,19553,19545,19556,12,uppercut,val
data/processed/clips/straight_V7_019676_v001929,0,V7.mp4,19676,19668,19679,12,straight,val
data/processed/clips/uppercut_V7_019716_v001930,2,V7.mp4,19716,19708,19719,12,uppercut,val
data/processed/clips/straight_V7_019815_v001931,0,V7.mp4,19815,19807,19818,12,straight,val
data/processed/clips/straight_V7_019823_v001932,0,V7.mp4,19823,19815,19826,12,straight,val
data/processed/clips/hook_V7_019839_v001933,1,V7.mp4,19839,19831,19842,12,hook,val
data/processed/clips/uppercut_V7_019856_v001934,2,V7.mp4,19856,19848,19859,12,uppercut,val
data/processed/clips/hook_V7_020006_v001935,1,V7.mp4,20006,19998,20009,12,hook,val
data/processed/clips/hook_V7_020024_v001936,1,V7.mp4,20024,20016,20027,12,hook,val
data/processed/clips/uppercut_V7_020041_v001937,2,V7.mp4,20041,20033,20044,12,uppercut,val
data/processed/clips/uppercut_V7_020132_v001938,2,V7.mp4,20132,20124,20135,12,uppercut,val
data/processed/clips/uppercut_V7_020277_v001939,2,V7.mp4,20277,20269,20280,12,uppercut,val
data/processed/clips/none_V7_020510_v001940,3,V7.mp4,20510,20502,20513,12,none,val
data/processed/clips/none_V7_020512_v001941,3,V7.mp4,20512,20504,20515,12,none,val
data/processed/clips/none_V7_020513_v001942,3,V7.mp4,20513,20505,20516,12,none,val
data/processed/clips/none_V7_020514_v001943,3,V7.mp4,20514,20506,20517,12,none,val
data/processed/clips/none_V7_020518_v001944,3,V7.mp4,20518,20510,20521,12,none,val
data/processed/clips/none_V7_020520_v001945,3,V7.mp4,20520,20512,20523,12,none,val
data/processed/clips/none_V7_020524_v001946,3,V7.mp4,20524,20516,20527,12,none,val
data/processed/clips/none_V7_020526_v001947,3,V7.mp4,20526,20518,20529,12,none,val
data/processed/clips/none_V7_020529_v001948,3,V7.mp4,20529,20521,20532,12,none,val
data/processed/clips/none_V7_020532_v001949,3,V7.mp4,20532,20524,20535,12,none,val
data/processed/clips/none_V7_020537_v001950,3,V7.mp4,20537,20529,20540,12,none,val
data/processed/clips/none_V7_020539_v001951,3,V7.mp4,20539,20531,20542,12,none,val
data/processed/clips/none_V7_020541_v001952,3,V7.mp4,20541,20533,20544,12,none,val
data/processed/clips/none_V7_020542_v001953,3,V7.mp4,20542,20534,20545,12,none,val
data/processed/clips/none_V7_020543_v001954,3,V7.mp4,20543,20535,20546,12,none,val
data/processed/clips/none_V7_020592_v001955,3,V7.mp4,20592,20584,20595,12,none,val
data/processed/clips/none_V7_020593_v001956,3,V7.mp4,20593,20585,20596,12,none,val
data/processed/clips/none_V7_020598_v001957,3,V7.mp4,20598,20590,20601,12,none,val
data/processed/clips/none_V7_020599_v001958,3,V7.mp4,20599,20591,20602,12,none,val
data/processed/clips/uppercut_V7_020656_v001959,2,V7.mp4,20656,20648,20659,12,uppercut,val
data/processed/clips/hook_V7_020764_v001960,1,V7.mp4,20764,20756,20767,12,hook,val
data/processed/clips/hook_V7_020772_v001961,1,V7.mp4,20772,20764,20775,12,hook,val
data/processed/clips/uppercut_V7_020779_v001962,2,V7.mp4,20779,20771,20782,12,uppercut,val
data/processed/clips/uppercut_V7_020914_v001963,2,V7.mp4,20914,20906,20917,12,uppercut,val
data/processed/clips/hook_V7_021036_v001964,1,V7.mp4,21036,21028,21039,12,hook,val
data/processed/clips/uppercut_V7_021049_v001965,2,V7.mp4,21049,21041,21052,12,uppercut,val
data/processed/clips/hook_V7_021153_v001966,1,V7.mp4,21153,21145,21156,12,hook,val
data/processed/clips/uppercut_V7_021169_v001967,2,V7.mp4,21169,21161,21172,12,uppercut,val
data/processed/clips/hook_V7_021265_v001968,1,V7.mp4,21265,21257,21268,12,hook,val
data/processed/clips/uppercut_V7_021280_v001969,2,V7.mp4,21280,21272,21283,12,uppercut,val
data/processed/clips/hook_V7_021426_v001970,1,V7.mp4,21426,21418,21429,12,hook,val
data/processed/clips/uppercut_V7_021441_v001971,2,V7.mp4,21441,21433,21444,12,uppercut,val
data/processed/clips/hook_V7_021512_v001972,1,V7.mp4,21512,21504,21515,12,hook,val
data/processed/clips/uppercut_V7_021524_v001973,2,V7.mp4,21524,21516,21527,12,uppercut,val
data/processed/clips/uppercut_V7_021650_v001974,2,V7.mp4,21650,21642,21653,12,uppercut,val
data/processed/clips/uppercut_V7_021819_v001975,2,V7.mp4,21819,21811,21822,12,uppercut,val
data/processed/clips/hook_V7_021958_v001976,1,V7.mp4,21958,21950,21961,12,hook,val
data/processed/clips/uppercut_V7_021966_v001977,2,V7.mp4,21966,21958,21969,12,uppercut,val
data/processed/clips/hook_V7_021973_v001978,1,V7.mp4,21973,21965,21976,12,hook,val
data/processed/clips/uppercut_V7_022091_v001979,2,V7.mp4,22091,22083,22094,12,uppercut,val
data/processed/clips/hook_V7_022098_v001980,1,V7.mp4,22098,22090,22101,12,hook,val
data/processed/clips/hook_V7_022166_v001981,1,V7.mp4,22166,22158,22169,12,hook,val
data/processed/clips/uppercut_V7_022188_v001982,2,V7.mp4,22188,22180,22191,12,uppercut,val
data/processed/clips/uppercut_V7_022320_v001983,2,V7.mp4,22320,22312,22323,12,uppercut,val
data/processed/clips/uppercut_V7_022440_v001984,2,V7.mp4,22440,22432,22443,12,uppercut,val
data/processed/clips/hook_V7_022446_v001985,1,V7.mp4,22446,22438,22449,12,hook,val
data/processed/clips/uppercut_V7_022568_v001986,2,V7.mp4,22568,22560,22571,12,uppercut,val
data/processed/clips/hook_V7_022738_v001987,1,V7.mp4,22738,22730,22741,12,hook,val
data/processed/clips/uppercut_V7_022766_v001988,2,V7.mp4,22766,22758,22769,12,uppercut,val
data/processed/clips/hook_V7_022884_v001989,1,V7.mp4,22884,22876,22887,12,hook,val
data/processed/clips/straight_V7_022902_v001990,0,V7.mp4,22902,22894,22905,12,straight,val
data/processed/clips/uppercut_V7_023009_v001991,2,V7.mp4,23009,23001,23012,12,uppercut,val
data/processed/clips/uppercut_V7_023134_v001992,2,V7.mp4,23134,23126,23137,12,uppercut,val
data/processed/clips/hook_V7_023295_v001993,1,V7.mp4,23295,23287,23298,12,hook,val
data/processed/clips/hook_V7_023301_v001994,1,V7.mp4,23301,23293,23304,12,hook,val
data/processed/clips/uppercut_V7_023469_v001995,2,V7.mp4,23469,23461,23472,12,uppercut,val
data/processed/clips/straight_V7_023479_v001996,0,V7.mp4,23479,23471,23482,12,straight,val
data/processed/clips/uppercut_V7_023604_v001997,2,V7.mp4,23604,23596,23607,12,uppercut,val
data/processed/clips/hook_V7_023609_v001998,1,V7.mp4,23609,23601,23612,12,hook,val
data/processed/clips/hook_V7_023744_v001999,1,V7.mp4,23744,23736,23747,12,hook,val
data/processed/clips/hook_V7_023751_v002000,1,V7.mp4,23751,23743,23754,12,hook,val
data/processed/clips/uppercut_V7_023758_v002001,2,V7.mp4,23758,23750,23761,12,uppercut,val
data/processed/clips/hook_V7_023767_v002002,1,V7.mp4,23767,23759,23770,12,hook,val
data/processed/clips/hook_V7_023935_v002003,1,V7.mp4,23935,23927,23938,12,hook,val
data/processed/clips/uppercut_V7_023948_v002004,2,V7.mp4,23948,23940,23951,12,uppercut,val
data/processed/clips/uppercut_V7_023976_v002005,2,V7.mp4,23976,23968,23979,12,uppercut,val
data/processed/clips/uppercut_V7_024089_v002006,2,V7.mp4,24089,24081,24092,12,uppercut,val
data/processed/clips/hook_V7_024097_v002007,1,V7.mp4,24097,24089,24100,12,hook,val
data/processed/clips/straight_V7_024113_v002008,0,V7.mp4,24113,24105,24116,12,straight,val
data/processed/clips/uppercut_V7_024124_v002009,2,V7.mp4,24124,24116,24127,12,uppercut,val
data/processed/clips/hook_V7_024264_v002010,1,V7.mp4,24264,24256,24267,12,hook,val
data/processed/clips/uppercut_V7_024276_v002011,2,V7.mp4,24276,24268,24279,12,uppercut,val
data/processed/clips/uppercut_V7_024302_v002012,2,V7.mp4,24302,24294,24305,12,uppercut,val
data/processed/clips/hook_V7_024397_v002013,1,V7.mp4,24397,24389,24400,12,hook,val
data/processed/clips/hook_V7_024401_v002014,1,V7.mp4,24401,24393,24404,12,hook,val
data/processed/clips/uppercut_V7_024406_v002015,2,V7.mp4,24406,24398,24409,12,uppercut,val
data/processed/clips/straight_V7_024420_v002016,0,V7.mp4,24420,24412,24423,12,straight,val
data/processed/clips/uppercut_V7_024428_v002017,2,V7.mp4,24428,24420,24431,12,uppercut,val
data/processed/clips/uppercut_V7_024528_v002018,2,V7.mp4,24528,24520,24531,12,uppercut,val
data/processed/clips/hook_V7_024533_v002019,1,V7.mp4,24533,24525,24536,12,hook,val
data/processed/clips/uppercut_V7_024550_v002020,2,V7.mp4,24550,24542,24553,12,uppercut,val
data/processed/clips/hook_V7_024625_v002021,1,V7.mp4,24625,24617,24628,12,hook,val
data/processed/clips/uppercut_V7_024632_v002022,2,V7.mp4,24632,24624,24635,12,uppercut,val
data/processed/clips/uppercut_V7_024637_v002023,2,V7.mp4,24637,24629,24640,12,uppercut,val
data/processed/clips/hook_V7_024642_v002024,1,V7.mp4,24642,24634,24645,12,hook,val
data/processed/clips/uppercut_V7_024662_v002025,2,V7.mp4,24662,24654,24665,12,uppercut,val
data/processed/clips/uppercut_V7_024779_v002026,2,V7.mp4,24779,24771,24782,12,uppercut,val
data/processed/clips/uppercut_V7_024860_v002027,2,V7.mp4,24860,24852,24863,12,uppercut,val
data/processed/clips/hook_V7_024865_v002028,1,V7.mp4,24865,24857,24868,12,hook,val
data/processed/clips/uppercut_V7_024961_v002029,2,V7.mp4,24961,24953,24964,12,uppercut,val
data/processed/clips/uppercut_V7_024964_v002030,2,V7.mp4,24964,24956,24967,12,uppercut,val
data/processed/clips/uppercut_V7_024989_v002031,2,V7.mp4,24989,24981,24992,12,uppercut,val
data/processed/clips/hook_V7_025055_v002032,1,V7.mp4,25055,25047,25058,12,hook,val
data/processed/clips/uppercut_V7_025062_v002033,2,V7.mp4,25062,25054,25065,12,uppercut,val
data/processed/clips/uppercut_V7_025067_v002034,2,V7.mp4,25067,25059,25070,12,uppercut,val
data/processed/clips/hook_V7_025072_v002035,1,V7.mp4,25072,25064,25075,12,hook,val
data/processed/clips/straight_V7_025083_v002036,0,V7.mp4,25083,25075,25086,12,straight,val
data/processed/clips/uppercut_V7_025091_v002037,2,V7.mp4,25091,25083,25094,12,uppercut,val
data/processed/clips/hook_V7_025158_v002038,1,V7.mp4,25158,25150,25161,12,hook,val
data/processed/clips/uppercut_V7_025170_v002039,2,V7.mp4,25170,25162,25173,12,uppercut,val
data/processed/clips/uppercut_V7_025197_v002040,2,V7.mp4,25197,25189,25200,12,uppercut,val
data/processed/clips/hook_V7_025275_v002041,1,V7.mp4,25275,25267,25278,12,hook,val
data/processed/clips/straight_V7_025289_v002042,0,V7.mp4,25289,25281,25292,12,straight,val
data/processed/clips/uppercut_V7_025298_v002043,2,V7.mp4,25298,25290,25301,12,uppercut,val
data/processed/clips/none_V7_025358_v002044,3,V7.mp4,25358,25350,25361,12,none,val
data/processed/clips/none_V7_025368_v002045,3,V7.mp4,25368,25360,25371,12,none,val
data/processed/clips/none_V7_025369_v002046,3,V7.mp4,25369,25361,25372,12,none,val
data/processed/clips/none_V7_025371_v002047,3,V7.mp4,25371,25363,25374,12,none,val
data/processed/clips/none_V7_025372_v002048,3,V7.mp4,25372,25364,25375,12,none,val
data/processed/clips/none_V7_025373_v002049,3,V7.mp4,25373,25365,25376,12,none,val
data/processed/clips/none_V7_025374_v002050,3,V7.mp4,25374,25366,25377,12,none,val
data/processed/clips/none_V7_025375_v002051,3,V7.mp4,25375,25367,25378,12,none,val
data/processed/clips/none_V7_025376_v002052,3,V7.mp4,25376,25368,25379,12,none,val
data/processed/clips/none_V7_025378_v002053,3,V7.mp4,25378,25370,25381,12,none,val
data/processed/clips/none_V7_025380_v002054,3,V7.mp4,25380,25372,25383,12,none,val
data/processed/clips/none_V7_025381_v002055,3,V7.mp4,25381,25373,25384,12,none,val
data/processed/clips/none_V7_025386_v002056,3,V7.mp4,25386,25378,25389,12,none,val
data/processed/clips/none_V7_025389_v002057,3,V7.mp4,25389,25381,25392,12,none,val
data/processed/clips/none_V7_025390_v002058,3,V7.mp4,25390,25382,25393,12,none,val
data/processed/clips/none_V7_025396_v002059,3,V7.mp4,25396,25388,25399,12,none,val
data/processed/clips/none_V7_025398_v002060,3,V7.mp4,25398,25390,25401,12,none,val
data/processed/clips/none_V7_025399_v002061,3,V7.mp4,25399,25391,25402,12,none,val
data/processed/clips/none_V7_025403_v002062,3,V7.mp4,25403,25395,25406,12,none,val
data/processed/clips/none_V7_025404_v002063,3,V7.mp4,25404,25396,25407,12,none,val
data/processed/clips/none_V7_025405_v002064,3,V7.mp4,25405,25397,25408,12,none,val
data/processed/clips/none_V7_025405_v002065,3,V7.mp4,25405,25397,25408,12,none,val
data/processed/clips/none_V7_025407_v002066,3,V7.mp4,25407,25399,25410,12,none,val
data/processed/clips/none_V7_025409_v002067,3,V7.mp4,25409,25401,25412,12,none,val
data/processed/clips/none_V7_025410_v002068,3,V7.mp4,25410,25402,25413,12,none,val
data/processed/clips/none_V7_025411_v002069,3,V7.mp4,25411,25403,25414,12,none,val
data/processed/clips/none_V7_025413_v002070,3,V7.mp4,25413,25405,25416,12,none,val
data/processed/clips/none_V7_025415_v002071,3,V7.mp4,25415,25407,25418,12,none,val
data/processed/clips/none_V7_025419_v002072,3,V7.mp4,25419,25411,25422,12,none,val
data/processed/clips/none_V7_025423_v002073,3,V7.mp4,25423,25415,25426,12,none,val
data/processed/clips/none_V7_025424_v002074,3,V7.mp4,25424,25416,25427,12,none,val
data/processed/clips/none_V7_025425_v002075,3,V7.mp4,25425,25417,25428,12,none,val
data/processed/clips/none_V7_026179_v002076,3,V7.mp4,26179,26171,26182,12,none,val
data/processed/clips/none_V7_026183_v002077,3,V7.mp4,26183,26175,26186,12,none,val
data/processed/clips/none_V7_026184_v002078,3,V7.mp4,26184,26176,26187,12,none,val
data/processed/clips/none_V7_026185_v002079,3,V7.mp4,26185,26177,26188,12,none,val
data/processed/clips/none_V7_026189_v002080,3,V7.mp4,26189,26181,26192,12,none,val
data/processed/clips/none_V7_026190_v002081,3,V7.mp4,26190,26182,26193,12,none,val
data/processed/clips/none_V7_026191_v002082,3,V7.mp4,26191,26183,26194,12,none,val
data/processed/clips/none_V7_026198_v002083,3,V7.mp4,26198,26190,26201,12,none,val
data/processed/clips/none_V7_026201_v002084,3,V7.mp4,26201,26193,26204,12,none,val
data/processed/clips/none_V7_026204_v002085,3,V7.mp4,26204,26196,26207,12,none,val
data/processed/clips/none_V7_026206_v002086,3,V7.mp4,26206,26198,26209,12,none,val
data/processed/clips/none_V7_026207_v002087,3,V7.mp4,26207,26199,26210,12,none,val
data/processed/clips/none_V7_026214_v002088,3,V7.mp4,26214,26206,26217,12,none,val
data/processed/clips/none_V7_026215_v002089,3,V7.mp4,26215,26207,26218,12,none,val
data/processed/clips/straight_V7_026252_v002090,0,V7.mp4,26252,26244,26255,12,straight,val
data/processed/clips/none_V7_026289_v002091,3,V7.mp4,26289,26281,26292,12,none,val
data/processed/clips/none_V7_026293_v002092,3,V7.mp4,26293,26285,26296,12,none,val
data/processed/clips/none_V7_026294_v002093,3,V7.mp4,26294,26286,26297,12,none,val
data/processed/clips/none_V7_026297_v002094,3,V7.mp4,26297,26289,26300,12,none,val
data/processed/clips/none_V7_026300_v002095,3,V7.mp4,26300,26292,26303,12,none,val
data/processed/clips/none_V7_026305_v002096,3,V7.mp4,26305,26297,26308,12,none,val
data/processed/clips/straight_V9_000502_v002097,0,V9.mp4,502,494,505,12,straight,train
data/processed/clips/straight_V9_000529_v002098,0,V9.mp4,529,521,532,12,straight,train
data/processed/clips/straight_V9_000628_v002099,0,V9.mp4,628,620,631,12,straight,train
data/processed/clips/straight_V9_000966_v002100,0,V9.mp4,966,958,969,12,straight,train
data/processed/clips/straight_V9_001110_v002101,0,V9.mp4,1110,1102,1113,12,straight,train
data/processed/clips/straight_V9_001150_v002102,0,V9.mp4,1150,1142,1153,12,straight,train
data/processed/clips/straight_V9_001177_v002103,0,V9.mp4,1177,1169,1180,12,straight,train
data/processed/clips/straight_V9_001259_v002104,0,V9.mp4,1259,1251,1262,12,straight,train
data/processed/clips/straight_V9_001331_v002105,0,V9.mp4,1331,1323,1334,12,straight,train
data/processed/clips/straight_V9_001695_v002106,0,V9.mp4,1695,1687,1698,12,straight,train
data/processed/clips/straight_V9_001772_v002107,0,V9.mp4,1772,1764,1775,12,straight,train
data/processed/clips/straight_V9_001778_v002108,0,V9.mp4,1778,1770,1781,12,straight,train
data/processed/clips/hook_V9_001988_v002109,1,V9.mp4,1988,1980,1991,12,hook,train
data/processed/clips/straight_V9_002040_v002110,0,V9.mp4,2040,2032,2043,12,straight,train
data/processed/clips/straight_V9_002144_v002111,0,V9.mp4,2144,2136,2147,12,straight,train
data/processed/clips/hook_V9_002154_v002112,1,V9.mp4,2154,2146,2157,12,hook,train
data/processed/clips/hook_V9_002204_v002113,1,V9.mp4,2204,2196,2207,12,hook,train
data/processed/clips/hook_V9_002255_v002114,1,V9.mp4,2255,2247,2258,12,hook,train
data/processed/clips/straight_V9_002293_v002115,0,V9.mp4,2293,2285,2296,12,straight,train
data/processed/clips/straight_V9_002349_v002116,0,V9.mp4,2349,2341,2352,12,straight,train
data/processed/clips/hook_V9_002359_v002117,1,V9.mp4,2359,2351,2362,12,hook,train
data/processed/clips/straight_V9_002502_v002118,0,V9.mp4,2502,2494,2505,12,straight,train
data/processed/clips/hook_V9_002520_v002119,1,V9.mp4,2520,2512,2523,12,hook,train
data/processed/clips/hook_V9_002529_v002120,1,V9.mp4,2529,2521,2532,12,hook,train
data/processed/clips/straight_V9_002565_v002121,0,V9.mp4,2565,2557,2568,12,straight,train
data/processed/clips/hook_V9_002583_v002122,1,V9.mp4,2583,2575,2586,12,hook,train
data/processed/clips/hook_V9_002591_v002123,1,V9.mp4,2591,2583,2594,12,hook,train
data/processed/clips/straight_V9_002630_v002124,0,V9.mp4,2630,2622,2633,12,straight,train
data/processed/clips/hook_V9_002648_v002125,1,V9.mp4,2648,2640,2651,12,hook,train
data/processed/clips/straight_V9_002678_v002126,0,V9.mp4,2678,2670,2681,12,straight,train
data/processed/clips/hook_V9_002710_v002127,1,V9.mp4,2710,2702,2713,12,hook,train
data/processed/clips/hook_V9_002719_v002128,1,V9.mp4,2719,2711,2722,12,hook,train
data/processed/clips/straight_V9_002769_v002129,0,V9.mp4,2769,2761,2772,12,straight,train
data/processed/clips/hook_V9_002787_v002130,1,V9.mp4,2787,2779,2790,12,hook,train
data/processed/clips/hook_V9_002795_v002131,1,V9.mp4,2795,2787,2798,12,hook,train
data/processed/clips/hook_V9_002804_v002132,1,V9.mp4,2804,2796,2807,12,hook,train
data/processed/clips/uppercut_V9_002881_v002133,2,V9.mp4,2881,2873,2884,12,uppercut,train
data/processed/clips/straight_V9_002919_v002134,0,V9.mp4,2919,2911,2922,12,straight,train
data/processed/clips/hook_V9_002938_v002135,1,V9.mp4,2938,2930,2941,12,hook,train
data/processed/clips/uppercut_V9_002955_v002136,2,V9.mp4,2955,2947,2958,12,uppercut,train
data/processed/clips/hook_V9_003017_v002137,1,V9.mp4,3017,3009,3020,12,hook,train
data/processed/clips/hook_V9_003025_v002138,1,V9.mp4,3025,3017,3028,12,hook,train
data/processed/clips/uppercut_V9_003035_v002139,2,V9.mp4,3035,3027,3038,12,uppercut,train
data/processed/clips/straight_V9_003076_v002140,0,V9.mp4,3076,3068,3079,12,straight,train
data/processed/clips/hook_V9_003093_v002141,1,V9.mp4,3093,3085,3096,12,hook,train
data/processed/clips/hook_V9_003101_v002142,1,V9.mp4,3101,3093,3104,12,hook,train
data/processed/clips/uppercut_V9_003110_v002143,2,V9.mp4,3110,3102,3113,12,uppercut,train
data/processed/clips/straight_V9_003153_v002144,0,V9.mp4,3153,3145,3156,12,straight,train
data/processed/clips/straight_V9_003160_v002145,0,V9.mp4,3160,3152,3163,12,straight,train
data/processed/clips/hook_V9_003171_v002146,1,V9.mp4,3171,3163,3174,12,hook,train
data/processed/clips/uppercut_V9_003187_v002147,2,V9.mp4,3187,3179,3190,12,uppercut,train
data/processed/clips/uppercut_V9_003196_v002148,2,V9.mp4,3196,3188,3199,12,uppercut,train
data/processed/clips/hook_V9_003265_v002149,1,V9.mp4,3265,3257,3268,12,hook,train
data/processed/clips/hook_V9_003274_v002150,1,V9.mp4,3274,3266,3277,12,hook,train
data/processed/clips/uppercut_V9_003283_v002151,2,V9.mp4,3283,3275,3286,12,uppercut,train
data/processed/clips/uppercut_V9_003290_v002152,2,V9.mp4,3290,3282,3293,12,uppercut,train
data/processed/clips/hook_V9_003488_v002153,1,V9.mp4,3488,3480,3491,12,hook,train
data/processed/clips/uppercut_V9_003524_v002154,2,V9.mp4,3524,3516,3527,12,uppercut,train
data/processed/clips/uppercut_V9_003561_v002155,2,V9.mp4,3561,3553,3564,12,uppercut,train
data/processed/clips/hook_V9_003689_v002156,1,V9.mp4,3689,3681,3692,12,hook,train
data/processed/clips/hook_V9_003725_v002157,1,V9.mp4,3725,3717,3728,12,hook,train
data/processed/clips/uppercut_V9_003759_v002158,2,V9.mp4,3759,3751,3762,12,uppercut,train
data/processed/clips/uppercut_V9_003791_v002159,2,V9.mp4,3791,3783,3794,12,uppercut,train
data/processed/clips/hook_V9_004216_v002160,1,V9.mp4,4216,4208,4219,12,hook,train
data/processed/clips/hook_V9_004228_v002161,1,V9.mp4,4228,4220,4231,12,hook,train
data/processed/clips/straight_V9_004312_v002162,0,V9.mp4,4312,4304,4315,12,straight,train
data/processed/clips/straight_V9_004320_v002163,0,V9.mp4,4320,4312,4323,12,straight,train
data/processed/clips/hook_V9_004330_v002164,1,V9.mp4,4330,4322,4333,12,hook,train
data/processed/clips/uppercut_V9_004352_v002165,2,V9.mp4,4352,4344,4355,12,uppercut,train
data/processed/clips/hook_V9_004433_v002166,1,V9.mp4,4433,4425,4436,12,hook,train
data/processed/clips/hook_V9_004445_v002167,1,V9.mp4,4445,4437,4448,12,hook,train
data/processed/clips/uppercut_V9_004455_v002168,2,V9.mp4,4455,4447,4458,12,uppercut,train
data/processed/clips/uppercut_V9_004465_v002169,2,V9.mp4,4465,4457,4468,12,uppercut,train
data/processed/clips/hook_V9_004523_v002170,1,V9.mp4,4523,4515,4526,12,hook,train
data/processed/clips/hook_V9_004535_v002171,1,V9.mp4,4535,4527,4538,12,hook,train
data/processed/clips/uppercut_V9_004544_v002172,2,V9.mp4,4544,4536,4547,12,uppercut,train
data/processed/clips/uppercut_V9_004555_v002173,2,V9.mp4,4555,4547,4558,12,uppercut,train
data/processed/clips/straight_V9_006042_v002174,0,V9.mp4,6042,6034,6045,12,straight,train
data/processed/clips/straight_V9_006086_v002175,0,V9.mp4,6086,6078,6089,12,straight,train
data/processed/clips/straight_V9_006346_v002176,0,V9.mp4,6346,6338,6349,12,straight,train
data/processed/clips/straight_V9_006384_v002177,0,V9.mp4,6384,6376,6387,12,straight,train
data/processed/clips/straight_V9_006438_v002178,0,V9.mp4,6438,6430,6441,12,straight,train
data/processed/clips/straight_V9_006535_v002179,0,V9.mp4,6535,6527,6538,12,straight,train
data/processed/clips/straight_V9_006730_v002180,0,V9.mp4,6730,6722,6733,12,straight,train
data/processed/clips/straight_V9_006823_v002181,0,V9.mp4,6823,6815,6826,12,straight,train
data/processed/clips/straight_V9_006831_v002182,0,V9.mp4,6831,6823,6834,12,straight,train
data/processed/clips/straight_V9_007046_v002183,0,V9.mp4,7046,7038,7049,12,straight,train
data/processed/clips/straight_V9_007055_v002184,0,V9.mp4,7055,7047,7058,12,straight,train
data/processed/clips/straight_V9_007227_v002185,0,V9.mp4,7227,7219,7230,12,straight,train
data/processed/clips/straight_V9_007274_v002186,0,V9.mp4,7274,7266,7277,12,straight,train
data/processed/clips/straight_V9_007473_v002187,0,V9.mp4,7473,7465,7476,12,straight,train
data/processed/clips/straight_V9_007532_v002188,0,V9.mp4,7532,7524,7535,12,straight,train
data/processed/clips/straight_V9_007808_v002189,0,V9.mp4,7808,7800,7811,12,straight,train
data/processed/clips/hook_V9_007920_v002190,1,V9.mp4,7920,7912,7923,12,hook,train
data/processed/clips/hook_V9_007980_v002191,1,V9.mp4,7980,7972,7983,12,hook,train
data/processed/clips/hook_V9_008104_v002192,1,V9.mp4,8104,8096,8107,12,hook,train
data/processed/clips/hook_V9_008174_v002193,1,V9.mp4,8174,8166,8177,12,hook,train
data/processed/clips/hook_V9_008228_v002194,1,V9.mp4,8228,8220,8231,12,hook,train
data/processed/clips/hook_V9_008356_v002195,1,V9.mp4,8356,8348,8359,12,hook,train
data/processed/clips/hook_V9_008448_v002196,1,V9.mp4,8448,8440,8451,12,hook,train
data/processed/clips/hook_V9_008457_v002197,1,V9.mp4,8457,8449,8460,12,hook,train
data/processed/clips/hook_V9_008501_v002198,1,V9.mp4,8501,8493,8504,12,hook,train
data/processed/clips/hook_V9_008619_v002199,1,V9.mp4,8619,8611,8622,12,hook,train
data/processed/clips/hook_V9_008627_v002200,1,V9.mp4,8627,8619,8630,12,hook,train
data/processed/clips/hook_V9_008801_v002201,1,V9.mp4,8801,8793,8804,12,hook,train
data/processed/clips/hook_V9_008808_v002202,1,V9.mp4,8808,8800,8811,12,hook,train
data/processed/clips/straight_V9_008880_v002203,0,V9.mp4,8880,8872,8883,12,straight,train
data/processed/clips/straight_V9_008968_v002204,0,V9.mp4,8968,8960,8971,12,straight,train
data/processed/clips/hook_V9_008980_v002205,1,V9.mp4,8980,8972,8983,12,hook,train
data/processed/clips/hook_V9_008987_v002206,1,V9.mp4,8987,8979,8990,12,hook,train
data/processed/clips/hook_V9_009051_v002207,1,V9.mp4,9051,9043,9054,12,hook,train
data/processed/clips/hook_V9_009058_v002208,1,V9.mp4,9058,9050,9061,12,hook,train
data/processed/clips/straight_V9_009126_v002209,0,V9.mp4,9126,9118,9129,12,straight,train
data/processed/clips/hook_V9_009137_v002210,1,V9.mp4,9137,9129,9140,12,hook,train
data/processed/clips/straight_V9_009199_v002211,0,V9.mp4,9199,9191,9202,12,straight,train
data/processed/clips/uppercut_V9_010268_v002212,2,V9.mp4,10268,10260,10271,12,uppercut,train
data/processed/clips/straight_V9_010274_v002213,0,V9.mp4,10274,10266,10277,12,straight,train
data/processed/clips/uppercut_V9_010387_v002214,2,V9.mp4,10387,10379,10390,12,uppercut,train
data/processed/clips/uppercut_V9_010476_v002215,2,V9.mp4,10476,10468,10479,12,uppercut,train
data/processed/clips/uppercut_V9_010561_v002216,2,V9.mp4,10561,10553,10564,12,uppercut,train
data/processed/clips/uppercut_V9_010634_v002217,2,V9.mp4,10634,10626,10637,12,uppercut,train
data/processed/clips/uppercut_V9_010703_v002218,2,V9.mp4,10703,10695,10706,12,uppercut,train
data/processed/clips/uppercut_V9_010802_v002219,2,V9.mp4,10802,10794,10805,12,uppercut,train
data/processed/clips/straight_V9_010808_v002220,0,V9.mp4,10808,10800,10811,12,straight,train
data/processed/clips/uppercut_V9_010867_v002221,2,V9.mp4,10867,10859,10870,12,uppercut,train
data/processed/clips/straight_V9_010872_v002222,0,V9.mp4,10872,10864,10875,12,straight,train
data/processed/clips/uppercut_V9_010913_v002223,2,V9.mp4,10913,10905,10916,12,uppercut,train
data/processed/clips/uppercut_V9_011030_v002224,2,V9.mp4,11030,11022,11033,12,uppercut,train
data/processed/clips/uppercut_V9_011079_v002225,2,V9.mp4,11079,11071,11082,12,uppercut,train
data/processed/clips/uppercut_V9_011187_v002226,2,V9.mp4,11187,11179,11190,12,uppercut,train
data/processed/clips/uppercut_V9_011270_v002227,2,V9.mp4,11270,11262,11273,12,uppercut,train
data/processed/clips/straight_V9_011277_v002228,0,V9.mp4,11277,11269,11280,12,straight,train
data/processed/clips/uppercut_V9_011355_v002229,2,V9.mp4,11355,11347,11358,12,uppercut,train
data/processed/clips/uppercut_V9_011441_v002230,2,V9.mp4,11441,11433,11444,12,uppercut,train
data/processed/clips/uppercut_V9_011514_v002231,2,V9.mp4,11514,11506,11517,12,uppercut,train
data/processed/clips/uppercut_V9_011577_v002232,2,V9.mp4,11577,11569,11580,12,uppercut,train
data/processed/clips/uppercut_V9_011733_v002233,2,V9.mp4,11733,11725,11736,12,uppercut,train
data/processed/clips/uppercut_V9_011828_v002234,2,V9.mp4,11828,11820,11831,12,uppercut,train
data/processed/clips/uppercut_V9_011863_v002235,2,V9.mp4,11863,11855,11866,12,uppercut,train
data/processed/clips/straight_V9_011870_v002236,0,V9.mp4,11870,11862,11873,12,straight,train
data/processed/clips/uppercut_V9_011947_v002237,2,V9.mp4,11947,11939,11950,12,uppercut,train
data/processed/clips/uppercut_V9_011976_v002238,2,V9.mp4,11976,11968,11979,12,uppercut,train
data/processed/clips/uppercut_V9_012079_v002239,2,V9.mp4,12079,12071,12082,12,uppercut,train
data/processed/clips/uppercut_V9_012116_v002240,2,V9.mp4,12116,12108,12119,12,uppercut,train
data/processed/clips/uppercut_V9_012187_v002241,2,V9.mp4,12187,12179,12190,12,uppercut,train
data/processed/clips/uppercut_V9_012291_v002242,2,V9.mp4,12291,12283,12294,12,uppercut,train
data/processed/clips/uppercut_V9_012343_v002243,2,V9.mp4,12343,12335,12346,12,uppercut,train
data/processed/clips/uppercut_V9_012402_v002244,2,V9.mp4,12402,12394,12405,12,uppercut,train
data/processed/clips/uppercut_V9_012455_v002245,2,V9.mp4,12455,12447,12458,12,uppercut,train
data/processed/clips/hook_V9_013186_v002246,1,V9.mp4,13186,13178,13189,12,hook,train
data/processed/clips/straight_V9_013186_v002247,0,V9.mp4,13186,13178,13189,12,straight,train
data/processed/clips/hook_V9_013196_v002248,1,V9.mp4,13196,13188,13199,12,hook,train
data/processed/clips/straight_V9_013334_v002249,0,V9.mp4,13334,13326,13337,12,straight,train
data/processed/clips/straight_V9_013366_v002250,0,V9.mp4,13366,13358,13369,12,straight,train
data/processed/clips/straight_V9_013445_v002251,0,V9.mp4,13445,13437,13448,12,straight,train
data/processed/clips/straight_V9_013549_v002252,0,V9.mp4,13549,13541,13552,12,straight,train
data/processed/clips/hook_V9_013608_v002253,1,V9.mp4,13608,13600,13611,12,hook,train
data/processed/clips/straight_V9_013674_v002254,0,V9.mp4,13674,13666,13677,12,straight,train
data/processed/clips/straight_V9_013977_v002255,0,V9.mp4,13977,13969,13980,12,straight,train
data/processed/clips/straight_V9_014074_v002256,0,V9.mp4,14074,14066,14077,12,straight,train
data/processed/clips/straight_V9_014080_v002257,0,V9.mp4,14080,14072,14083,12,straight,train
data/processed/clips/straight_V9_014123_v002258,0,V9.mp4,14123,14115,14126,12,straight,train
data/processed/clips/hook_V9_014134_v002259,1,V9.mp4,14134,14126,14137,12,hook,train
data/processed/clips/straight_V9_014227_v002260,0,V9.mp4,14227,14219,14230,12,straight,train
data/processed/clips/straight_V9_014298_v002261,0,V9.mp4,14298,14290,14301,12,straight,train
data/processed/clips/hook_V9_014349_v002262,1,V9.mp4,14349,14341,14352,12,hook,train
data/processed/clips/uppercut_V9_014826_v002263,2,V9.mp4,14826,14818,14829,12,uppercut,train
data/processed/clips/uppercut_V9_014871_v002264,2,V9.mp4,14871,14863,14874,12,uppercut,train
data/processed/clips/uppercut_V9_014878_v002265,2,V9.mp4,14878,14870,14881,12,uppercut,train
data/processed/clips/uppercut_V9_014921_v002266,2,V9.mp4,14921,14913,14924,12,uppercut,train
data/processed/clips/hook_V9_014978_v002267,1,V9.mp4,14978,14970,14981,12,hook,train
data/processed/clips/uppercut_V9_014985_v002268,2,V9.mp4,14985,14977,14988,12,uppercut,train
data/processed/clips/uppercut_V9_015100_v002269,2,V9.mp4,15100,15092,15103,12,uppercut,train
data/processed/clips/hook_V9_015211_v002270,1,V9.mp4,15211,15203,15214,12,hook,train
data/processed/clips/uppercut_V9_015257_v002271,2,V9.mp4,15257,15249,15260,12,uppercut,train
data/processed/clips/hook_V9_015266_v002272,1,V9.mp4,15266,15258,15269,12,hook,train
data/processed/clips/none_V9_015993_v002273,3,V9.mp4,15993,15985,15996,12,none,train
data/processed/clips/none_V9_015994_v002274,3,V9.mp4,15994,15986,15997,12,none,train
data/processed/clips/none_V9_015995_v002275,3,V9.mp4,15995,15987,15998,12,none,train
data/processed/clips/none_V9_015996_v002276,3,V9.mp4,15996,15988,15999,12,none,train
data/processed/clips/none_V9_015997_v002277,3,V9.mp4,15997,15989,16000,12,none,train
data/processed/clips/none_V9_015998_v002278,3,V9.mp4,15998,15990,16001,12,none,train
data/processed/clips/none_V9_016000_v002279,3,V9.mp4,16000,15992,16003,12,none,train
data/processed/clips/none_V9_016001_v002280,3,V9.mp4,16001,15993,16004,12,none,train
data/processed/clips/none_V9_016002_v002281,3,V9.mp4,16002,15994,16005,12,none,train
data/processed/clips/none_V9_016003_v002282,3,V9.mp4,16003,15995,16006,12,none,train
data/processed/clips/none_V9_016004_v002283,3,V9.mp4,16004,15996,16007,12,none,train
data/processed/clips/none_V9_016005_v002284,3,V9.mp4,16005,15997,16008,12,none,train
data/processed/clips/none_V9_016006_v002285,3,V9.mp4,16006,15998,16009,12,none,train
data/processed/clips/none_V9_016007_v002286,3,V9.mp4,16007,15999,16010,12,none,train
data/processed/clips/none_V9_016008_v002287,3,V9.mp4,16008,16000,16011,12,none,train
data/processed/clips/none_V9_016009_v002288,3,V9.mp4,16009,16001,16012,12,none,train
data/processed/clips/none_V9_016010_v002289,3,V9.mp4,16010,16002,16013,12,none,train
data/processed/clips/none_V9_016011_v002290,3,V9.mp4,16011,16003,16014,12,none,train
data/processed/clips/none_V9_016012_v002291,3,V9.mp4,16012,16004,16015,12,none,train
data/processed/clips/none_V9_016013_v002292,3,V9.mp4,16013,16005,16016,12,none,train
data/processed/clips/none_V9_016014_v002293,3,V9.mp4,16014,16006,16017,12,none,train
data/processed/clips/none_V9_016015_v002294,3,V9.mp4,16015,16007,16018,12,none,train
data/processed/clips/none_V9_016016_v002295,3,V9.mp4,16016,16008,16019,12,none,train
data/processed/clips/none_V9_016017_v002296,3,V9.mp4,16017,16009,16020,12,none,train
data/processed/clips/none_V9_016018_v002297,3,V9.mp4,16018,16010,16021,12,none,train
data/processed/clips/none_V9_016019_v002298,3,V9.mp4,16019,16011,16022,12,none,train
data/processed/clips/none_V9_016021_v002299,3,V9.mp4,16021,16013,16024,12,none,train
data/processed/clips/none_V9_016022_v002300,3,V9.mp4,16022,16014,16025,12,none,train
data/processed/clips/none_V9_016023_v002301,3,V9.mp4,16023,16015,16026,12,none,train
data/processed/clips/none_V9_016024_v002302,3,V9.mp4,16024,16016,16027,12,none,train
data/processed/clips/none_V9_016025_v002303,3,V9.mp4,16025,16017,16028,12,none,train
data/processed/clips/none_V9_016026_v002304,3,V9.mp4,16026,16018,16029,12,none,train
data/processed/clips/none_V9_016027_v002305,3,V9.mp4,16027,16019,16030,12,none,train
data/processed/clips/none_V9_016028_v002306,3,V9.mp4,16028,16020,16031,12,none,train
data/processed/clips/none_V9_016029_v002307,3,V9.mp4,16029,16021,16032,12,none,train
data/processed/clips/none_V9_016030_v002308,3,V9.mp4,16030,16022,16033,12,none,train
data/processed/clips/none_V9_016031_v002309,3,V9.mp4,16031,16023,16034,12,none,train
data/processed/clips/none_V9_016032_v002310,3,V9.mp4,16032,16024,16035,12,none,train
data/processed/clips/none_V9_016033_v002311,3,V9.mp4,16033,16025,16036,12,none,train
data/processed/clips/none_V9_016034_v002312,3,V9.mp4,16034,16026,16037,12,none,train
data/processed/clips/none_V9_016035_v002313,3,V9.mp4,16035,16027,16038,12,none,train
data/processed/clips/none_V9_016036_v002314,3,V9.mp4,16036,16028,16039,12,none,train
data/processed/clips/none_V9_016037_v002315,3,V9.mp4,16037,16029,16040,12,none,train
data/processed/clips/none_V9_016038_v002316,3,V9.mp4,16038,16030,16041,12,none,train
data/processed/clips/none_V9_016039_v002317,3,V9.mp4,16039,16031,16042,12,none,train
data/processed/clips/none_V9_016040_v002318,3,V9.mp4,16040,16032,16043,12,none,train
data/processed/clips/none_V9_016041_v002319,3,V9.mp4,16041,16033,16044,12,none,train
data/processed/clips/none_V9_016043_v002320,3,V9.mp4,16043,16035,16046,12,none,train
data/processed/clips/none_V9_016044_v002321,3,V9.mp4,16044,16036,16047,12,none,train
data/processed/clips/none_V9_016045_v002322,3,V9.mp4,16045,16037,16048,12,none,train
data/processed/clips/none_V9_016046_v002323,3,V9.mp4,16046,16038,16049,12,none,train
data/processed/clips/none_V9_016047_v002324,3,V9.mp4,16047,16039,16050,12,none,train
data/processed/clips/none_V9_016048_v002325,3,V9.mp4,16048,16040,16051,12,none,train
data/processed/clips/none_V9_016049_v002326,3,V9.mp4,16049,16041,16052,12,none,train
data/processed/clips/none_V9_016050_v002327,3,V9.mp4,16050,16042,16053,12,none,train
data/processed/clips/none_V9_016051_v002328,3,V9.mp4,16051,16043,16054,12,none,train
data/processed/clips/none_V9_016052_v002329,3,V9.mp4,16052,16044,16055,12,none,train
data/processed/clips/none_V9_016053_v002330,3,V9.mp4,16053,16045,16056,12,none,train
data/processed/clips/none_V9_016054_v002331,3,V9.mp4,16054,16046,16057,12,none,train
data/processed/clips/none_V9_016055_v002332,3,V9.mp4,16055,16047,16058,12,none,train
data/processed/clips/none_V9_016056_v002333,3,V9.mp4,16056,16048,16059,12,none,train
data/processed/clips/none_V9_016057_v002334,3,V9.mp4,16057,16049,16060,12,none,train
data/processed/clips/none_V9_016058_v002335,3,V9.mp4,16058,16050,16061,12,none,train
data/processed/clips/none_V9_016059_v002336,3,V9.mp4,16059,16051,16062,12,none,train
data/processed/clips/none_V9_016060_v002337,3,V9.mp4,16060,16052,16063,12,none,train
data/processed/clips/none_V9_016061_v002338,3,V9.mp4,16061,16053,16064,12,none,train
data/processed/clips/none_V9_016062_v002339,3,V9.mp4,16062,16054,16065,12,none,train
data/processed/clips/none_V9_016063_v002340,3,V9.mp4,16063,16055,16066,12,none,train
data/processed/clips/none_V9_016064_v002341,3,V9.mp4,16064,16056,16067,12,none,train
data/processed/clips/none_V9_016065_v002342,3,V9.mp4,16065,16057,16068,12,none,train
data/processed/clips/none_V9_016066_v002343,3,V9.mp4,16066,16058,16069,12,none,train
data/processed/clips/none_V9_016066_v002344,3,V9.mp4,16066,16058,16069,12,none,train
data/processed/clips/none_V9_016067_v002345,3,V9.mp4,16067,16059,16070,12,none,train
data/processed/clips/none_V9_016068_v002346,3,V9.mp4,16068,16060,16071,12,none,train
data/processed/clips/none_V9_016069_v002347,3,V9.mp4,16069,16061,16072,12,none,train
data/processed/clips/none_V9_016070_v002348,3,V9.mp4,16070,16062,16073,12,none,train
data/processed/clips/none_V9_016071_v002349,3,V9.mp4,16071,16063,16074,12,none,train
data/processed/clips/none_V9_016072_v002350,3,V9.mp4,16072,16064,16075,12,none,train
data/processed/clips/none_V9_016073_v002351,3,V9.mp4,16073,16065,16076,12,none,train
data/processed/clips/none_V9_016074_v002352,3,V9.mp4,16074,16066,16077,12,none,train
data/processed/clips/none_V9_016079_v002353,3,V9.mp4,16079,16071,16082,12,none,train
data/processed/clips/none_V9_016080_v002354,3,V9.mp4,16080,16072,16083,12,none,train
data/processed/clips/none_V9_016081_v002355,3,V9.mp4,16081,16073,16084,12,none,train
data/processed/clips/none_V9_016082_v002356,3,V9.mp4,16082,16074,16085,12,none,train
data/processed/clips/none_V9_016083_v002357,3,V9.mp4,16083,16075,16086,12,none,train
data/processed/clips/none_V9_016084_v002358,3,V9.mp4,16084,16076,16087,12,none,train
data/processed/clips/none_V9_016085_v002359,3,V9.mp4,16085,16077,16088,12,none,train
data/processed/clips/none_V9_016086_v002360,3,V9.mp4,16086,16078,16089,12,none,train
