sample_id,video_id,source_video_path,ann_row_index,start_frame,end_frame,duration_frames,class_raw,class_clean,class_id,split,skeleton_path,skeleton_index,skeleton_row_aligned,has_video,has_skeleton,quality_flag,notes
V1_00001,V1,/Users/krishna/dev/fightflow/data/downloaded-videos/V1.mp4,0,3314.0,3323.0,10.0,Jab,Jab,1,pending,data/raw/Skeleton_data/V1.npy,0,True,True,True,ok,
V1_00002,V1,/Users/krishna/dev/fightflow/data/downloaded-videos/V1.mp4,1,3324.0,3329.0,6.0,Jab,Jab,1,pending,data/raw/Skeleton_data/V1.npy,1,True,True,True,ok,
V1_00003,V1,/Users/krishna/dev/fightflow/data/downloaded-videos/V1.mp4,2,3330.0,3343.0,14.0,Cross,Cross,0,pending,data/raw/Skeleton_data/V1.npy,2,True,True,True,ok,
V1_00004,V1,/Users/krishna/dev/fightflow/data/downloaded-videos/V1.mp4,3,3344.0,3352.0,9.0,Jab,Jab,1,pending,data/raw/Skeleton_data/V1.npy,3,True,True,True,ok,
V1_00005,V1,/Users/krishna/dev/fightflow/data/downloaded-videos/V1.mp4,4,3353.0,3359.0,7.0,Jab,Jab,1,pending,data/raw/Skeleton_data/V1.npy,4,True,True,True,ok,
V1_00006,V1,/Users/krishna/dev/fightflow/data/downloaded-videos/V1.mp4,5,3360.0,3372.0,13.0,Cross,Cross,0,pending,data/raw/Skeleton_data/V1.npy,5,True,True,True,ok,
V1_00007,V1,/Users/krishna/dev/fightflow/data/downloaded-videos/V1.mp4,6,3373.0,3380.0,8.0,Jab,Jab,1,pending,data/raw/Skeleton_data/V1.npy,6,True,True,True,ok,
V1_00008,V1,/Users/krishna/dev/fightflow/data/downloaded-videos/V1.mp4,7,3381.0,3388.0,8.0,Jab,Jab,1,pending,data/raw/Skeleton_data/V1.npy,7,True,True,True,ok,
V1_00009,V1,/Users/krishna/dev/fightflow/data/downloaded-videos/V1.mp4,8,3389.0,3398.0,10.0,Cross,Cross,0,pending,data/raw/Skeleton_data/V1.npy,8,True,True,True,ok,
V1_00010,V1,/Users/krishna/dev/fightflow/data/downloaded-videos/V1.mp4,9,3401.0,3411.0,11.0,Jab,Jab,1,pending,data/raw/Skeleton_data/V1.npy,9,True,True,True,ok,
V1_00011,V1,/Users/krishna/dev/fightflow/data/downloaded-videos/V1.mp4,10,3412.0,3416.0,5.0,Jab,Jab,1,pending,data/raw/Skeleton_data/V1.npy,10,True,True,True,ok,
V1_00012,V1,/Users/krishna/dev/fightflow/data/downloaded-videos/V1.mp4,11,3417.0,3428.0,12.0,Cross,Cross,0,pending,data/raw/Skeleton_data/V1.npy,11,True,True,True,ok,
V1_00013,V1,/Users/krishna/dev/fightflow/data/downloaded-videos/V1.mp4,12,3431.0,3440.0,10.0,Jab,Jab,1,pending,data/raw/Skeleton_data/V1.npy,12,True,True,True,ok,
V1_00014,V1,/Users/krishna/dev/fightflow/data/downloaded-videos/V1.mp4,13,3441.0,3446.0,6.0,Jab,Jab,1,pending,data/raw/Skeleton_data/V1.npy,13,True,True,True,ok,
V1_00015,V1,/Users/krishna/dev/fightflow/data/downloaded-videos/V1.mp4,14,3447.0,3459.0,13.0,Cross,Cross,0,pending,data/raw/Skeleton_data/V1.npy,14,True,True,True,ok,
V1_00016,V1,/Users/krishna/dev/fightflow/data/downloaded-videos/V1.mp4,15,3461.0,3468.0,8.0,Jab,Jab,1,pending,data/raw/Skeleton_data/V1.npy,15,True,True,True,ok,
V1_00017,V1,/Users/krishna/dev/fightflow/data/downloaded-videos/V1.mp4,16,3469.0,3475.0,7.0,Jab,Jab,1,pending,data/raw/Skeleton_data/V1.npy,16,True,True,True,ok,
V1_00018,V1,/Users/krishna/dev/fightflow/data/downloaded-videos/V1.mp4,17,3476.0,3486.0,11.0,Cross,Cross,0,pending,data/raw/Skeleton_data/V1.npy,17,True,True,True,ok,
V1_00019,V1,/Users/krishna/dev/fightflow/data/downloaded-videos/V1.mp4,18,3489.0,3499.0,11.0,Jab,Jab,1,pending,data/raw/Skeleton_data/V1.npy,18,True,True,True,ok,
V1_00020,V1,/Users/krishna/dev/fightflow/data/downloaded-videos/V1.mp4,19,3500.0,3505.0,6.0,Jab,Jab,1,pending,data/raw/Skeleton_data/V1.npy,19,True,True,True,ok,
V1_00021,V1,/Users/krishna/dev/fightflow/data/downloaded-videos/V1.mp4,20,3506.0,3519.0,14.0,Cross,Cross,0,pending,data/raw/Skeleton_data/V1.npy,20,True,True,True,ok,
V1_00022,V1,/Users/krishna/dev/fightflow/data/downloaded-videos/V1.mp4,21,3520.0,3528.0,9.0,Jab,Jab,1,pending,data/raw/Skeleton_data/V1.npy,21,True,True,True,ok,
V1_00023,V1,/Users/krishna/dev/fightflow/data/downloaded-videos/V1.mp4,22,3529.0,3535.0,7.0,Jab,Jab,1,pending,data/raw/Skeleton_data/V1.npy,22,True,True,True,ok,
V1_00024,V1,/Users/krishna/dev/fightflow/data/downloaded-videos/V1.mp4,23,3536.0,3546.0,11.0,Cross,Cross,0,pending,data/raw/Skeleton_data/V1.npy,23,True,True,True,ok,
V1_00025,V1,/Users/krishna/dev/fightflow/data/downloaded-videos/V1.mp4,24,3548.0,3557.0,10.0,Jab,Jab,1,pending,data/raw/Skeleton_data/V1.npy,24,True,True,True,ok,
V1_00026,V1,/Users/krishna/dev/fightflow/data/downloaded-videos/V1.mp4,25,3558.0,3564.0,7.0,Jab,Jab,1,pending,data/raw/Skeleton_data/V1.npy,25,True,True,True,ok,
V1_00027,V1,/Users/krishna/dev/fightflow/data/downloaded-videos/V1.mp4,26,3565.0,3574.0,10.0,Cross,Cross,0,pending,data/raw/Skeleton_data/V1.npy,26,True,True,True,ok,
V1_00028,V1,/Users/krishna/dev/fightflow/data/downloaded-videos/V1.mp4,27,3577.0,3586.0,10.0,Jab,Jab,1,pending,data/raw/Skeleton_data/V1.npy,27,True,True,True,ok,
V1_00029,V1,/Users/krishna/dev/fightflow/data/downloaded-videos/V1.mp4,28,3587.0,3593.0,7.0,Jab,Jab,1,pending,data/raw/Skeleton_data/V1.npy,28,True,True,True,ok,
V1_00030,V1,/Users/krishna/dev/fightflow/data/downloaded-videos/V1.mp4,29,3594.0,3604.0,11.0,Cross,Cross,0,pending,data/raw/Skeleton_data/V1.npy,29,True,True,True,ok,
V1_00031,V1,/Users/krishna/dev/fightflow/data/downloaded-videos/V1.mp4,30,3606.0,3615.0,10.0,Jab,Jab,1,pending,data/raw/Skeleton_data/V1.npy,30,True,True,True,ok,
V1_00032,V1,/Users/krishna/dev/fightflow/data/downloaded-videos/V1.mp4,31,3616.0,3622.0,7.0,Jab,Jab,1,pending,data/raw/Skeleton_data/V1.npy,31,True,True,True,ok,
V1_00033,V1,/Users/krishna/dev/fightflow/data/downloaded-videos/V1.mp4,32,3623.0,3633.0,11.0,Cross,Cross,0,pending,data/raw/Skeleton_data/V1.npy,32,True,True,True,ok,
V1_00034,V1,/Users/krishna/dev/fightflow/data/downloaded-videos/V1.mp4,33,3635.0,3644.0,10.0,Jab,Jab,1,pending,data/raw/Skeleton_data/V1.npy,33,True,True,True,ok,
V1_00035,V1,/Users/krishna/dev/fightflow/data/downloaded-videos/V1.mp4,34,3645.0,3651.0,7.0,Jab,Jab,1,pending,data/raw/Skeleton_data/V1.npy,34,True,True,True,ok,
V1_00036,V1,/Users/krishna/dev/fightflow/data/downloaded-videos/V1.mp4,35,3652.0,3662.0,11.0,Cross,Cross,0,pending,data/raw/Skeleton_data/V1.npy,35,True,True,True,ok,
V1_00037,V1,/Users/krishna/dev/fightflow/data/downloaded-videos/V1.mp4,36,3664.0,3672.0,9.0,Jab,Jab,1,pending,data/raw/Skeleton_data/V1.npy,36,True,True,True,ok,
V1_00038,V1,/Users/krishna/dev/fightflow/data/downloaded-videos/V1.mp4,37,3673.0,3680.0,8.0,Jab,Jab,1,pending,data/raw/Skeleton_data/V1.npy,37,True,True,True,ok,
V1_00039,V1,/Users/krishna/dev/fightflow/data/downloaded-videos/V1.mp4,38,3681.0,3692.0,12.0,Cross,Cross,0,pending,data/raw/Skeleton_data/V1.npy,38,True,True,True,ok,
V1_00040,V1,/Users/krishna/dev/fightflow/data/downloaded-videos/V1.mp4,39,3693.0,3702.0,10.0,Jab,Jab,1,pending,data/raw/Skeleton_data/V1.npy,39,True,True,True,ok,
V1_00041,V1,/Users/krishna/dev/fightflow/data/downloaded-videos/V1.mp4,40,3703.0,3709.0,7.0,Jab,Jab,1,pending,data/raw/Skeleton_data/V1.npy,40,True,True,True,ok,
V1_00042,V1,/Users/krishna/dev/fightflow/data/downloaded-videos/V1.mp4,41,3710.0,3721.0,12.0,Cross,Cross,0,pending,data/raw/Skeleton_data/V1.npy,41,True,True,True,ok,
V1_00043,V1,/Users/krishna/dev/fightflow/data/downloaded-videos/V1.mp4,42,3722.0,3730.0,9.0,Jab,Jab,1,pending,data/raw/Skeleton_data/V1.npy,42,True,True,True,ok,
V1_00044,V1,/Users/krishna/dev/fightflow/data/downloaded-videos/V1.mp4,43,3731.0,3739.0,9.0,Jab,Jab,1,pending,data/raw/Skeleton_data/V1.npy,43,True,True,True,ok,
V1_00045,V1,/Users/krishna/dev/fightflow/data/downloaded-videos/V1.mp4,44,3740.0,3748.0,9.0,Cross,Cross,0,pending,data/raw/Skeleton_data/V1.npy,44,True,True,True,ok,
V1_00046,V1,/Users/krishna/dev/fightflow/data/downloaded-videos/V1.mp4,45,3749.0,3760.0,12.0,Jab,Jab,1,pending,data/raw/Skeleton_data/V1.npy,45,True,True,True,ok,
V1_00047,V1,/Users/krishna/dev/fightflow/data/downloaded-videos/V1.mp4,46,3761.0,3768.0,8.0,Jab,Jab,1,pending,data/raw/Skeleton_data/V1.npy,46,True,True,True,ok,
V1_00048,V1,/Users/krishna/dev/fightflow/data/downloaded-videos/V1.mp4,47,3769.0,3775.0,7.0,Cross,Cross,0,pending,data/raw/Skeleton_data/V1.npy,47,True,True,True,ok,
V1_00049,V1,/Users/krishna/dev/fightflow/data/downloaded-videos/V1.mp4,48,3777.0,3788.0,12.0,Jab,Jab,1,pending,data/raw/Skeleton_data/V1.npy,48,True,True,True,ok,
V1_00050,V1,/Users/krishna/dev/fightflow/data/downloaded-videos/V1.mp4,49,3789.0,3797.0,9.0,Jab,Jab,1,pending,data/raw/Skeleton_data/V1.npy,49,True,True,True,ok,
V1_00051,V1,/Users/krishna/dev/fightflow/data/downloaded-videos/V1.mp4,50,3798.0,3806.0,9.0,Cross,Cross,0,pending,data/raw/Skeleton_data/V1.npy,50,True,True,True,ok,
V1_00052,V1,/Users/krishna/dev/fightflow/data/downloaded-videos/V1.mp4,51,3807.0,3818.0,12.0,Jab,Jab,1,pending,data/raw/Skeleton_data/V1.npy,51,True,True,True,ok,
V1_00053,V1,/Users/krishna/dev/fightflow/data/downloaded-videos/V1.mp4,52,3819.0,3825.0,7.0,Jab,Jab,1,pending,data/raw/Skeleton_data/V1.npy,52,True,True,True,ok,
V1_00054,V1,/Users/krishna/dev/fightflow/data/downloaded-videos/V1.mp4,53,3826.0,3834.0,9.0,Cross,Cross,0,pending,data/raw/Skeleton_data/V1.npy,53,True,True,True,ok,
V1_00055,V1,/Users/krishna/dev/fightflow/data/downloaded-videos/V1.mp4,54,3837.0,3849.0,13.0,Jab,Jab,1,pending,data/raw/Skeleton_data/V1.npy,54,True,True,True,ok,
V1_00056,V1,/Users/krishna/dev/fightflow/data/downloaded-videos/V1.mp4,55,3850.0,3856.0,7.0,Jab,Jab,1,pending,data/raw/Skeleton_data/V1.npy,55,True,True,True,ok,
V1_00057,V1,/Users/krishna/dev/fightflow/data/downloaded-videos/V1.mp4,56,3857.0,3866.0,10.0,Cross,Cross,0,pending,data/raw/Skeleton_data/V1.npy,56,True,True,True,ok,
V1_00058,V1,/Users/krishna/dev/fightflow/data/downloaded-videos/V1.mp4,57,3868.0,3879.0,12.0,Jab,Jab,1,pending,data/raw/Skeleton_data/V1.npy,57,True,True,True,ok,
V1_00059,V1,/Users/krishna/dev/fightflow/data/downloaded-videos/V1.mp4,58,3880.0,3886.0,7.0,Jab,Jab,1,pending,data/raw/Skeleton_data/V1.npy,58,True,True,True,ok,
V1_00060,V1,/Users/krishna/dev/fightflow/data/downloaded-videos/V1.mp4,59,3887.0,3897.0,11.0,Cross,Cross,0,pending,data/raw/Skeleton_data/V1.npy,59,True,True,True,ok,
V1_00061,V1,/Users/krishna/dev/fightflow/data/downloaded-videos/V1.mp4,60,3899.0,3910.0,12.0,Jab,Jab,1,pending,data/raw/Skeleton_data/V1.npy,60,True,True,True,ok,
V1_00062,V1,/Users/krishna/dev/fightflow/data/downloaded-videos/V1.mp4,61,3911.0,3917.0,7.0,Jab,Jab,1,pending,data/raw/Skeleton_data/V1.npy,61,True,True,True,ok,
V1_00063,V1,/Users/krishna/dev/fightflow/data/downloaded-videos/V1.mp4,62,3918.0,3927.0,10.0,Cross,Cross,0,pending,data/raw/Skeleton_data/V1.npy,62,True,True,True,ok,
V1_00064,V1,/Users/krishna/dev/fightflow/data/downloaded-videos/V1.mp4,63,3930.0,3940.0,11.0,Jab,Jab,1,pending,data/raw/Skeleton_data/V1.npy,63,True,True,True,ok,
V1_00065,V1,/Users/krishna/dev/fightflow/data/downloaded-videos/V1.mp4,64,3941.0,3946.0,6.0,Jab,Jab,1,pending,data/raw/Skeleton_data/V1.npy,64,True,True,True,ok,
V1_00066,V1,/Users/krishna/dev/fightflow/data/downloaded-videos/V1.mp4,65,3947.0,3956.0,10.0,Cross,Cross,0,pending,data/raw/Skeleton_data/V1.npy,65,True,True,True,ok,
V1_00067,V1,/Users/krishna/dev/fightflow/data/downloaded-videos/V1.mp4,66,3959.0,3969.0,11.0,Jab,Jab,1,pending,data/raw/Skeleton_data/V1.npy,66,True,True,True,ok,
V1_00068,V1,/Users/krishna/dev/fightflow/data/downloaded-videos/V1.mp4,67,3970.0,3975.0,6.0,Jab,Jab,1,pending,data/raw/Skeleton_data/V1.npy,67,True,True,True,ok,
V1_00069,V1,/Users/krishna/dev/fightflow/data/downloaded-videos/V1.mp4,68,3976.0,3986.0,11.0,Cross,Cross,0,pending,data/raw/Skeleton_data/V1.npy,68,True,True,True,ok,
V1_00070,V1,/Users/krishna/dev/fightflow/data/downloaded-videos/V1.mp4,69,3989.0,3998.0,10.0,Jab,Jab,1,pending,data/raw/Skeleton_data/V1.npy,69,True,True,True,ok,
V1_00071,V1,/Users/krishna/dev/fightflow/data/downloaded-videos/V1.mp4,70,3999.0,4005.0,7.0,Jab,Jab,1,pending,data/raw/Skeleton_data/V1.npy,70,True,True,True,ok,
V1_00072,V1,/Users/krishna/dev/fightflow/data/downloaded-videos/V1.mp4,71,4006.0,4015.0,10.0,Cross,Cross,0,pending,data/raw/Skeleton_data/V1.npy,71,True,True,True,ok,
V1_00073,V1,/Users/krishna/dev/fightflow/data/downloaded-videos/V1.mp4,72,4018.0,4029.0,12.0,Jab,Jab,1,pending,data/raw/Skeleton_data/V1.npy,72,True,True,True,ok,
V1_00074,V1,/Users/krishna/dev/fightflow/data/downloaded-videos/V1.mp4,73,4030.0,4035.0,6.0,Jab,Jab,1,pending,data/raw/Skeleton_data/V1.npy,73,True,True,True,ok,
V1_00075,V1,/Users/krishna/dev/fightflow/data/downloaded-videos/V1.mp4,74,4036.0,4048.0,13.0,Cross,Cross,0,pending,data/raw/Skeleton_data/V1.npy,74,True,True,True,ok,
V1_00076,V1,/Users/krishna/dev/fightflow/data/downloaded-videos/V1.mp4,75,4049.0,4058.0,10.0,Jab,Jab,1,pending,data/raw/Skeleton_data/V1.npy,75,True,True,True,ok,
V1_00077,V1,/Users/krishna/dev/fightflow/data/downloaded-videos/V1.mp4,76,4059.0,4064.0,6.0,Jab,Jab,1,pending,data/raw/Skeleton_data/V1.npy,76,True,True,True,ok,
V1_00078,V1,/Users/krishna/dev/fightflow/data/downloaded-videos/V1.mp4,77,4065.0,4078.0,14.0,Cross,Cross,0,pending,data/raw/Skeleton_data/V1.npy,77,True,True,True,ok,
V1_00079,V1,/Users/krishna/dev/fightflow/data/downloaded-videos/V1.mp4,78,4079.0,4089.0,11.0,Jab,Jab,1,pending,data/raw/Skeleton_data/V1.npy,78,True,True,True,ok,
V1_00080,V1,/Users/krishna/dev/fightflow/data/downloaded-videos/V1.mp4,79,4090.0,4095.0,6.0,Jab,Jab,1,pending,data/raw/Skeleton_data/V1.npy,79,True,True,True,ok,
V1_00081,V1,/Users/krishna/dev/fightflow/data/downloaded-videos/V1.mp4,80,4096.0,4106.0,11.0,Cross,Cross,0,pending,data/raw/Skeleton_data/V1.npy,80,True,True,True,ok,
V1_00082,V1,/Users/krishna/dev/fightflow/data/downloaded-videos/V1.mp4,81,4107.0,4117.0,11.0,Jab,Jab,1,pending,data/raw/Skeleton_data/V1.npy,81,True,True,True,ok,
V1_00083,V1,/Users/krishna/dev/fightflow/data/downloaded-videos/V1.mp4,82,4118.0,4124.0,7.0,Jab,Jab,1,pending,data/raw/Skeleton_data/V1.npy,82,True,True,True,ok,
V1_00084,V1,/Users/krishna/dev/fightflow/data/downloaded-videos/V1.mp4,83,4125.0,4135.0,11.0,Cross,Cross,0,pending,data/raw/Skeleton_data/V1.npy,83,True,True,True,ok,
V1_00085,V1,/Users/krishna/dev/fightflow/data/downloaded-videos/V1.mp4,84,4138.0,4146.0,9.0,Jab,Jab,1,pending,data/raw/Skeleton_data/V1.npy,84,True,True,True,ok,
V1_00086,V1,/Users/krishna/dev/fightflow/data/downloaded-videos/V1.mp4,85,4147.0,4152.0,6.0,Jab,Jab,1,pending,data/raw/Skeleton_data/V1.npy,85,True,True,True,ok,
V1_00087,V1,/Users/krishna/dev/fightflow/data/downloaded-videos/V1.mp4,86,4153.0,4165.0,13.0,Cross,Cross,0,pending,data/raw/Skeleton_data/V1.npy,86,True,True,True,ok,
V1_00088,V1,/Users/krishna/dev/fightflow/data/downloaded-videos/V1.mp4,87,4167.0,4177.0,11.0,Jab,Jab,1,pending,data/raw/Skeleton_data/V1.npy,87,True,True,True,ok,
V1_00089,V1,/Users/krishna/dev/fightflow/data/downloaded-videos/V1.mp4,88,4178.0,4184.0,7.0,Jab,Jab,1,pending,data/raw/Skeleton_data/V1.npy,88,True,True,True,ok,
V1_00090,V1,/Users/krishna/dev/fightflow/data/downloaded-videos/V1.mp4,89,4185.0,4196.0,12.0,Cross,Cross,0,pending,data/raw/Skeleton_data/V1.npy,89,True,True,True,ok,
V1_00091,V1,/Users/krishna/dev/fightflow/data/downloaded-videos/V1.mp4,90,4198.0,4208.0,11.0,Jab,Jab,1,pending,data/raw/Skeleton_data/V1.npy,90,True,True,True,ok,
V1_00092,V1,/Users/krishna/dev/fightflow/data/downloaded-videos/V1.mp4,91,4209.0,4215.0,7.0,Jab,Jab,1,pending,data/raw/Skeleton_data/V1.npy,91,True,True,True,ok,
V1_00093,V1,/Users/krishna/dev/fightflow/data/downloaded-videos/V1.mp4,92,4216.0,4228.0,13.0,Cross,Cross,0,pending,data/raw/Skeleton_data/V1.npy,92,True,True,True,ok,
V1_00094,V1,/Users/krishna/dev/fightflow/data/downloaded-videos/V1.mp4,93,4229.0,4239.0,11.0,Jab,Jab,1,pending,data/raw/Skeleton_data/V1.npy,93,True,True,True,ok,
V1_00095,V1,/Users/krishna/dev/fightflow/data/downloaded-videos/V1.mp4,94,4240.0,4245.0,6.0,Jab,Jab,1,pending,data/raw/Skeleton_data/V1.npy,94,True,True,True,ok,
V1_00096,V1,/Users/krishna/dev/fightflow/data/downloaded-videos/V1.mp4,95,4246.0,4259.0,14.0,Cross,Cross,0,pending,data/raw/Skeleton_data/V1.npy,95,True,True,True,ok,
V1_00097,V1,/Users/krishna/dev/fightflow/data/downloaded-videos/V1.mp4,96,4260.0,4269.0,10.0,Jab,Jab,1,pending,data/raw/Skeleton_data/V1.npy,96,True,True,True,ok,
V1_00098,V1,/Users/krishna/dev/fightflow/data/downloaded-videos/V1.mp4,97,4270.0,4276.0,7.0,Jab,Jab,1,pending,data/raw/Skeleton_data/V1.npy,97,True,True,True,ok,
V1_00099,V1,/Users/krishna/dev/fightflow/data/downloaded-videos/V1.mp4,98,4277.0,4288.0,12.0,Cross,Cross,0,pending,data/raw/Skeleton_data/V1.npy,98,True,True,True,ok,
V1_00100,V1,/Users/krishna/dev/fightflow/data/downloaded-videos/V1.mp4,99,4289.0,4299.0,11.0,Jab,Jab,1,pending,data/raw/Skeleton_data/V1.npy,99,True,True,True,ok,
V1_00101,V1,/Users/krishna/dev/fightflow/data/downloaded-videos/V1.mp4,100,4300.0,4306.0,7.0,Jab,Jab,1,pending,data/raw/Skeleton_data/V1.npy,100,True,True,True,ok,
V1_00102,V1,/Users/krishna/dev/fightflow/data/downloaded-videos/V1.mp4,101,4307.0,4317.0,11.0,Cross,Cross,0,pending,data/raw/Skeleton_data/V1.npy,101,True,True,True,ok,
V1_00103,V1,/Users/krishna/dev/fightflow/data/downloaded-videos/V1.mp4,102,4319.0,4328.0,10.0,Jab,Jab,1,pending,data/raw/Skeleton_data/V1.npy,102,True,True,True,ok,
V1_00104,V1,/Users/krishna/dev/fightflow/data/downloaded-videos/V1.mp4,103,4329.0,4335.0,7.0,Jab,Jab,1,pending,data/raw/Skeleton_data/V1.npy,103,True,True,True,ok,
V1_00105,V1,/Users/krishna/dev/fightflow/data/downloaded-videos/V1.mp4,104,4336.0,4348.0,13.0,Cross,Cross,0,pending,data/raw/Skeleton_data/V1.npy,104,True,True,True,ok,
V1_00106,V1,/Users/krishna/dev/fightflow/data/downloaded-videos/V1.mp4,105,4349.0,4358.0,10.0,Jab,Jab,1,pending,data/raw/Skeleton_data/V1.npy,105,True,True,True,ok,
V1_00107,V1,/Users/krishna/dev/fightflow/data/downloaded-videos/V1.mp4,106,4359.0,4365.0,7.0,Jab,Jab,1,pending,data/raw/Skeleton_data/V1.npy,106,True,True,True,ok,
V1_00108,V1,/Users/krishna/dev/fightflow/data/downloaded-videos/V1.mp4,107,4367.0,4376.0,10.0,Cross,Cross,0,pending,data/raw/Skeleton_data/V1.npy,107,True,True,True,ok,
V1_00109,V1,/Users/krishna/dev/fightflow/data/downloaded-videos/V1.mp4,108,4378.0,4388.0,11.0,Jab,Jab,1,pending,data/raw/Skeleton_data/V1.npy,108,True,True,True,ok,
V1_00110,V1,/Users/krishna/dev/fightflow/data/downloaded-videos/V1.mp4,109,4389.0,4395.0,7.0,Jab,Jab,1,pending,data/raw/Skeleton_data/V1.npy,109,True,True,True,ok,
V1_00111,V1,/Users/krishna/dev/fightflow/data/downloaded-videos/V1.mp4,110,4396.0,4408.0,13.0,Cross,Cross,0,pending,data/raw/Skeleton_data/V1.npy,110,True,True,True,ok,
V1_00112,V1,/Users/krishna/dev/fightflow/data/downloaded-videos/V1.mp4,111,4409.0,4418.0,10.0,Jab,Jab,1,pending,data/raw/Skeleton_data/V1.npy,111,True,True,True,ok,
V1_00113,V1,/Users/krishna/dev/fightflow/data/downloaded-videos/V1.mp4,112,4419.0,4425.0,7.0,Jab,Jab,1,pending,data/raw/Skeleton_data/V1.npy,112,True,True,True,ok,
V1_00114,V1,/Users/krishna/dev/fightflow/data/downloaded-videos/V1.mp4,113,4426.0,4436.0,11.0,Cross,Cross,0,pending,data/raw/Skeleton_data/V1.npy,113,True,True,True,ok,
V1_00115,V1,/Users/krishna/dev/fightflow/data/downloaded-videos/V1.mp4,114,4438.0,4448.0,11.0,Jab,Jab,1,pending,data/raw/Skeleton_data/V1.npy,114,True,True,True,ok,
V1_00116,V1,/Users/krishna/dev/fightflow/data/downloaded-videos/V1.mp4,115,4449.0,4456.0,8.0,Jab,Jab,1,pending,data/raw/Skeleton_data/V1.npy,115,True,True,True,ok,
V1_00117,V1,/Users/krishna/dev/fightflow/data/downloaded-videos/V1.mp4,116,4457.0,4468.0,12.0,Cross,Cross,0,pending,data/raw/Skeleton_data/V1.npy,116,True,True,True,ok,
V1_00118,V1,/Users/krishna/dev/fightflow/data/downloaded-videos/V1.mp4,117,4470.0,4480.0,11.0,Jab,Jab,1,pending,data/raw/Skeleton_data/V1.npy,117,True,True,True,ok,
V1_00119,V1,/Users/krishna/dev/fightflow/data/downloaded-videos/V1.mp4,118,4481.0,4487.0,7.0,Jab,Jab,1,pending,data/raw/Skeleton_data/V1.npy,118,True,True,True,ok,
V1_00120,V1,/Users/krishna/dev/fightflow/data/downloaded-videos/V1.mp4,119,4488.0,4497.0,10.0,Cross,Cross,0,pending,data/raw/Skeleton_data/V1.npy,119,True,True,True,ok,
V1_00121,V1,/Users/krishna/dev/fightflow/data/downloaded-videos/V1.mp4,120,4500.0,4509.0,10.0,Jab,Jab,1,pending,data/raw/Skeleton_data/V1.npy,120,True,True,True,ok,
V1_00122,V1,/Users/krishna/dev/fightflow/data/downloaded-videos/V1.mp4,121,4510.0,4517.0,8.0,Jab,Jab,1,pending,data/raw/Skeleton_data/V1.npy,121,True,True,True,ok,
V1_00123,V1,/Users/krishna/dev/fightflow/data/downloaded-videos/V1.mp4,122,4518.0,4527.0,10.0,Cross,Cross,0,pending,data/raw/Skeleton_data/V1.npy,122,True,True,True,ok,
V1_00124,V1,/Users/krishna/dev/fightflow/data/downloaded-videos/V1.mp4,123,4530.0,4540.0,11.0,Jab,Jab,1,pending,data/raw/Skeleton_data/V1.npy,123,True,True,True,ok,
V1_00125,V1,/Users/krishna/dev/fightflow/data/downloaded-videos/V1.mp4,124,4541.0,4546.0,6.0,Jab,Jab,1,pending,data/raw/Skeleton_data/V1.npy,124,True,True,True,ok,
V1_00126,V1,/Users/krishna/dev/fightflow/data/downloaded-videos/V1.mp4,125,4547.0,4557.0,11.0,Cross,Cross,0,pending,data/raw/Skeleton_data/V1.npy,125,True,True,True,ok,
V1_00127,V1,/Users/krishna/dev/fightflow/data/downloaded-videos/V1.mp4,126,4560.0,4569.0,10.0,Jab,Jab,1,pending,data/raw/Skeleton_data/V1.npy,126,True,True,True,ok,
V1_00128,V1,/Users/krishna/dev/fightflow/data/downloaded-videos/V1.mp4,127,4570.0,4575.0,6.0,Jab,Jab,1,pending,data/raw/Skeleton_data/V1.npy,127,True,True,True,ok,
V1_00129,V1,/Users/krishna/dev/fightflow/data/downloaded-videos/V1.mp4,128,4576.0,4587.0,12.0,Cross,Cross,0,pending,data/raw/Skeleton_data/V1.npy,128,True,True,True,ok,
V1_00130,V1,/Users/krishna/dev/fightflow/data/downloaded-videos/V1.mp4,129,4589.0,4598.0,10.0,Jab,Jab,1,pending,data/raw/Skeleton_data/V1.npy,129,True,True,True,ok,
V1_00131,V1,/Users/krishna/dev/fightflow/data/downloaded-videos/V1.mp4,130,4599.0,4605.0,7.0,Jab,Jab,1,pending,data/raw/Skeleton_data/V1.npy,130,True,True,True,ok,
V1_00132,V1,/Users/krishna/dev/fightflow/data/downloaded-videos/V1.mp4,131,4606.0,4616.0,11.0,Cross,Cross,0,pending,data/raw/Skeleton_data/V1.npy,131,True,True,True,ok,
V1_00133,V1,/Users/krishna/dev/fightflow/data/downloaded-videos/V1.mp4,132,4619.0,4629.0,11.0,Jab,Jab,1,pending,data/raw/Skeleton_data/V1.npy,132,True,True,True,ok,
V1_00134,V1,/Users/krishna/dev/fightflow/data/downloaded-videos/V1.mp4,133,4630.0,4635.0,6.0,Jab,Jab,1,pending,data/raw/Skeleton_data/V1.npy,133,True,True,True,ok,
V1_00135,V1,/Users/krishna/dev/fightflow/data/downloaded-videos/V1.mp4,134,4636.0,4648.0,13.0,Cross,Cross,0,pending,data/raw/Skeleton_data/V1.npy,134,True,True,True,ok,
V1_00136,V1,/Users/krishna/dev/fightflow/data/downloaded-videos/V1.mp4,135,4649.0,4658.0,10.0,Jab,Jab,1,pending,data/raw/Skeleton_data/V1.npy,135,True,True,True,ok,
V1_00137,V1,/Users/krishna/dev/fightflow/data/downloaded-videos/V1.mp4,136,4659.0,4666.0,8.0,Jab,Jab,1,pending,data/raw/Skeleton_data/V1.npy,136,True,True,True,ok,
V1_00138,V1,/Users/krishna/dev/fightflow/data/downloaded-videos/V1.mp4,137,4667.0,4676.0,10.0,Cross,Cross,0,pending,data/raw/Skeleton_data/V1.npy,137,True,True,True,ok,
V1_00139,V1,/Users/krishna/dev/fightflow/data/downloaded-videos/V1.mp4,138,4679.0,4689.0,11.0,Jab,Jab,1,pending,data/raw/Skeleton_data/V1.npy,138,True,True,True,ok,
V1_00140,V1,/Users/krishna/dev/fightflow/data/downloaded-videos/V1.mp4,139,4690.0,4696.0,7.0,Jab,Jab,1,pending,data/raw/Skeleton_data/V1.npy,139,True,True,True,ok,
V1_00141,V1,/Users/krishna/dev/fightflow/data/downloaded-videos/V1.mp4,140,4697.0,4706.0,10.0,Cross,Cross,0,pending,data/raw/Skeleton_data/V1.npy,140,True,True,True,ok,
V1_00142,V1,/Users/krishna/dev/fightflow/data/downloaded-videos/V1.mp4,141,4806.0,4821.0,16.0,Jab,Jab,1,pending,data/raw/Skeleton_data/V1.npy,141,True,True,True,ok,
V1_00143,V1,/Users/krishna/dev/fightflow/data/downloaded-videos/V1.mp4,142,4837.0,4855.0,19.0,Cross,Cross,0,pending,data/raw/Skeleton_data/V1.npy,142,True,True,True,ok,
V1_00144,V1,/Users/krishna/dev/fightflow/data/downloaded-videos/V1.mp4,143,4872.0,4887.0,16.0,Jab,Jab,1,pending,data/raw/Skeleton_data/V1.npy,143,True,True,True,ok,
V1_00145,V1,/Users/krishna/dev/fightflow/data/downloaded-videos/V1.mp4,144,4905.0,4921.0,17.0,Cross,Cross,0,pending,data/raw/Skeleton_data/V1.npy,144,True,True,True,ok,
V1_00146,V1,/Users/krishna/dev/fightflow/data/downloaded-videos/V1.mp4,145,4937.0,4951.0,15.0,Jab,Jab,1,pending,data/raw/Skeleton_data/V1.npy,145,True,True,True,ok,
V1_00147,V1,/Users/krishna/dev/fightflow/data/downloaded-videos/V1.mp4,146,4968.0,4986.0,19.0,Cross,Cross,0,pending,data/raw/Skeleton_data/V1.npy,146,True,True,True,ok,
V1_00148,V1,/Users/krishna/dev/fightflow/data/downloaded-videos/V1.mp4,147,5001.0,5014.0,14.0,Jab,Jab,1,pending,data/raw/Skeleton_data/V1.npy,147,True,True,True,ok,
V1_00149,V1,/Users/krishna/dev/fightflow/data/downloaded-videos/V1.mp4,148,5033.0,5050.0,18.0,Cross,Cross,0,pending,data/raw/Skeleton_data/V1.npy,148,True,True,True,ok,
V1_00150,V1,/Users/krishna/dev/fightflow/data/downloaded-videos/V1.mp4,149,5067.0,5079.0,13.0,Jab,Jab,1,pending,data/raw/Skeleton_data/V1.npy,149,True,True,True,ok,
V1_00151,V1,/Users/krishna/dev/fightflow/data/downloaded-videos/V1.mp4,150,5094.0,5117.0,24.0,Cross,Cross,0,pending,data/raw/Skeleton_data/V1.npy,150,True,True,True,ok,
V1_00152,V1,/Users/krishna/dev/fightflow/data/downloaded-videos/V1.mp4,151,5122.0,5132.0,11.0,Jab,Jab,1,pending,data/raw/Skeleton_data/V1.npy,151,True,True,True,ok,
V1_00153,V1,/Users/krishna/dev/fightflow/data/downloaded-videos/V1.mp4,152,5163.0,5184.0,22.0,Cross,Cross,0,pending,data/raw/Skeleton_data/V1.npy,152,True,True,True,ok,
V1_00154,V1,/Users/krishna/dev/fightflow/data/downloaded-videos/V1.mp4,153,5199.0,5212.0,14.0,Jab,Jab,1,pending,data/raw/Skeleton_data/V1.npy,153,True,True,True,ok,
V1_00155,V1,/Users/krishna/dev/fightflow/data/downloaded-videos/V1.mp4,154,5228.0,5251.0,24.0,Cross,Cross,0,pending,data/raw/Skeleton_data/V1.npy,154,True,True,True,ok,
V1_00156,V1,/Users/krishna/dev/fightflow/data/downloaded-videos/V1.mp4,155,5263.0,5276.0,14.0,Jab,Jab,1,pending,data/raw/Skeleton_data/V1.npy,155,True,True,True,ok,
V1_00157,V1,/Users/krishna/dev/fightflow/data/downloaded-videos/V1.mp4,156,5295.0,5317.0,23.0,Cross,Cross,0,pending,data/raw/Skeleton_data/V1.npy,156,True,True,True,ok,
V1_00158,V1,/Users/krishna/dev/fightflow/data/downloaded-videos/V1.mp4,157,5332.0,5342.0,11.0,Jab,Jab,1,pending,data/raw/Skeleton_data/V1.npy,157,True,True,True,ok,
V1_00159,V1,/Users/krishna/dev/fightflow/data/downloaded-videos/V1.mp4,158,5362.0,5379.0,18.0,Cross,Cross,0,pending,data/raw/Skeleton_data/V1.npy,158,True,True,True,ok,
V1_00160,V1,/Users/krishna/dev/fightflow/data/downloaded-videos/V1.mp4,159,5395.0,5408.0,14.0,Jab,Jab,1,pending,data/raw/Skeleton_data/V1.npy,159,True,True,True,ok,
V1_00161,V1,/Users/krishna/dev/fightflow/data/downloaded-videos/V1.mp4,160,5427.0,5445.0,19.0,Cross,Cross,0,pending,data/raw/Skeleton_data/V1.npy,160,True,True,True,ok,
V1_00162,V1,/Users/krishna/dev/fightflow/data/downloaded-videos/V1.mp4,161,5487.0,5497.0,11.0,Jab,Jab,1,pending,data/raw/Skeleton_data/V1.npy,161,True,True,True,ok,
V1_00163,V1,/Users/krishna/dev/fightflow/data/downloaded-videos/V1.mp4,162,5498.0,5503.0,6.0,Jab,Jab,1,pending,data/raw/Skeleton_data/V1.npy,162,True,True,True,ok,
V1_00164,V1,/Users/krishna/dev/fightflow/data/downloaded-videos/V1.mp4,163,5504.0,5516.0,13.0,Cross,Cross,0,pending,data/raw/Skeleton_data/V1.npy,163,True,True,True,ok,
V1_00165,V1,/Users/krishna/dev/fightflow/data/downloaded-videos/V1.mp4,164,5517.0,5527.0,11.0,Jab,Jab,1,pending,data/raw/Skeleton_data/V1.npy,164,True,True,True,ok,
V1_00166,V1,/Users/krishna/dev/fightflow/data/downloaded-videos/V1.mp4,165,5528.0,5533.0,6.0,Jab,Jab,1,pending,data/raw/Skeleton_data/V1.npy,165,True,True,True,ok,
V1_00167,V1,/Users/krishna/dev/fightflow/data/downloaded-videos/V1.mp4,166,5534.0,5544.0,11.0,Cross,Cross,0,pending,data/raw/Skeleton_data/V1.npy,166,True,True,True,ok,
V1_00168,V1,/Users/krishna/dev/fightflow/data/downloaded-videos/V1.mp4,167,5547.0,5557.0,11.0,Jab,Jab,1,pending,data/raw/Skeleton_data/V1.npy,167,True,True,True,ok,
V1_00169,V1,/Users/krishna/dev/fightflow/data/downloaded-videos/V1.mp4,168,5558.0,5562.0,5.0,Jab,Jab,1,pending,data/raw/Skeleton_data/V1.npy,168,True,True,True,ok,
V1_00170,V1,/Users/krishna/dev/fightflow/data/downloaded-videos/V1.mp4,169,5563.0,5575.0,13.0,Cross,Cross,0,pending,data/raw/Skeleton_data/V1.npy,169,True,True,True,ok,
V1_00171,V1,/Users/krishna/dev/fightflow/data/downloaded-videos/V1.mp4,170,5578.0,5588.0,11.0,Jab,Jab,1,pending,data/raw/Skeleton_data/V1.npy,170,True,True,True,ok,
V1_00172,V1,/Users/krishna/dev/fightflow/data/downloaded-videos/V1.mp4,171,5589.0,5594.0,6.0,Jab,Jab,1,pending,data/raw/Skeleton_data/V1.npy,171,True,True,True,ok,
V1_00173,V1,/Users/krishna/dev/fightflow/data/downloaded-videos/V1.mp4,172,5595.0,5605.0,11.0,Cross,Cross,0,pending,data/raw/Skeleton_data/V1.npy,172,True,True,True,ok,
V1_00174,V1,/Users/krishna/dev/fightflow/data/downloaded-videos/V1.mp4,173,5607.0,5618.0,12.0,Jab,Jab,1,pending,data/raw/Skeleton_data/V1.npy,173,True,True,True,ok,
V1_00175,V1,/Users/krishna/dev/fightflow/data/downloaded-videos/V1.mp4,174,5619.0,5625.0,7.0,Jab,Jab,1,pending,data/raw/Skeleton_data/V1.npy,174,True,True,True,ok,
V1_00176,V1,/Users/krishna/dev/fightflow/data/downloaded-videos/V1.mp4,175,5626.0,5639.0,14.0,Cross,Cross,0,pending,data/raw/Skeleton_data/V1.npy,175,True,True,True,ok,
V1_00177,V1,/Users/krishna/dev/fightflow/data/downloaded-videos/V1.mp4,176,5640.0,5650.0,11.0,Jab,Jab,1,pending,data/raw/Skeleton_data/V1.npy,176,True,True,True,ok,
V1_00178,V1,/Users/krishna/dev/fightflow/data/downloaded-videos/V1.mp4,177,5651.0,5656.0,6.0,Jab,Jab,1,pending,data/raw/Skeleton_data/V1.npy,177,True,True,True,ok,
V1_00179,V1,/Users/krishna/dev/fightflow/data/downloaded-videos/V1.mp4,178,5657.0,5670.0,14.0,Cross,Cross,0,pending,data/raw/Skeleton_data/V1.npy,178,True,True,True,ok,
V1_00180,V1,/Users/krishna/dev/fightflow/data/downloaded-videos/V1.mp4,179,5671.0,5681.0,11.0,Jab,Jab,1,pending,data/raw/Skeleton_data/V1.npy,179,True,True,True,ok,
V1_00181,V1,/Users/krishna/dev/fightflow/data/downloaded-videos/V1.mp4,180,5682.0,5686.0,5.0,Jab,Jab,1,pending,data/raw/Skeleton_data/V1.npy,180,True,True,True,ok,
V1_00182,V1,/Users/krishna/dev/fightflow/data/downloaded-videos/V1.mp4,181,5687.0,5699.0,13.0,Cross,Cross,0,pending,data/raw/Skeleton_data/V1.npy,181,True,True,True,ok,
V1_00183,V1,/Users/krishna/dev/fightflow/data/downloaded-videos/V1.mp4,182,5700.0,5710.0,11.0,Jab,Jab,1,pending,data/raw/Skeleton_data/V1.npy,182,True,True,True,ok,
V1_00184,V1,/Users/krishna/dev/fightflow/data/downloaded-videos/V1.mp4,183,5711.0,5716.0,6.0,Jab,Jab,1,pending,data/raw/Skeleton_data/V1.npy,183,True,True,True,ok,
V1_00185,V1,/Users/krishna/dev/fightflow/data/downloaded-videos/V1.mp4,184,5717.0,5727.0,11.0,Cross,Cross,0,pending,data/raw/Skeleton_data/V1.npy,184,True,True,True,ok,
V1_00186,V1,/Users/krishna/dev/fightflow/data/downloaded-videos/V1.mp4,185,5730.0,5741.0,12.0,Jab,Jab,1,pending,data/raw/Skeleton_data/V1.npy,185,True,True,True,ok,
V1_00187,V1,/Users/krishna/dev/fightflow/data/downloaded-videos/V1.mp4,186,5742.0,5747.0,6.0,Jab,Jab,1,pending,data/raw/Skeleton_data/V1.npy,186,True,True,True,ok,
V1_00188,V1,/Users/krishna/dev/fightflow/data/downloaded-videos/V1.mp4,187,5748.0,5760.0,13.0,Cross,Cross,0,pending,data/raw/Skeleton_data/V1.npy,187,True,True,True,ok,
V1_00189,V1,/Users/krishna/dev/fightflow/data/downloaded-videos/V1.mp4,188,5762.0,5771.0,10.0,Jab,Jab,1,pending,data/raw/Skeleton_data/V1.npy,188,True,True,True,ok,
V1_00190,V1,/Users/krishna/dev/fightflow/data/downloaded-videos/V1.mp4,189,5772.0,5778.0,7.0,Jab,Jab,1,pending,data/raw/Skeleton_data/V1.npy,189,True,True,True,ok,
V1_00191,V1,/Users/krishna/dev/fightflow/data/downloaded-videos/V1.mp4,190,5779.0,5791.0,13.0,Cross,Cross,0,pending,data/raw/Skeleton_data/V1.npy,190,True,True,True,ok,
V1_00192,V1,/Users/krishna/dev/fightflow/data/downloaded-videos/V1.mp4,191,5792.0,5803.0,12.0,Jab,Jab,1,pending,data/raw/Skeleton_data/V1.npy,191,True,True,True,ok,
V1_00193,V1,/Users/krishna/dev/fightflow/data/downloaded-videos/V1.mp4,192,5804.0,5810.0,7.0,Jab,Jab,1,pending,data/raw/Skeleton_data/V1.npy,192,True,True,True,ok,
V1_00194,V1,/Users/krishna/dev/fightflow/data/downloaded-videos/V1.mp4,193,5811.0,5824.0,14.0,Cross,Cross,0,pending,data/raw/Skeleton_data/V1.npy,193,True,True,True,ok,
V1_00195,V1,/Users/krishna/dev/fightflow/data/downloaded-videos/V1.mp4,194,5825.0,5834.0,10.0,Jab,Jab,1,pending,data/raw/Skeleton_data/V1.npy,194,True,True,True,ok,
V1_00196,V1,/Users/krishna/dev/fightflow/data/downloaded-videos/V1.mp4,195,5835.0,5840.0,6.0,Jab,Jab,1,pending,data/raw/Skeleton_data/V1.npy,195,True,True,True,ok,
V1_00197,V1,/Users/krishna/dev/fightflow/data/downloaded-videos/V1.mp4,196,5841.0,5854.0,14.0,Cross,Cross,0,pending,data/raw/Skeleton_data/V1.npy,196,True,True,True,ok,
V1_00198,V1,/Users/krishna/dev/fightflow/data/downloaded-videos/V1.mp4,197,5855.0,5865.0,11.0,Jab,Jab,1,pending,data/raw/Skeleton_data/V1.npy,197,True,True,True,ok,
V1_00199,V1,/Users/krishna/dev/fightflow/data/downloaded-videos/V1.mp4,198,5866.0,5871.0,6.0,Jab,Jab,1,pending,data/raw/Skeleton_data/V1.npy,198,True,True,True,ok,
V1_00200,V1,/Users/krishna/dev/fightflow/data/downloaded-videos/V1.mp4,199,5872.0,5883.0,12.0,Cross,Cross,0,pending,data/raw/Skeleton_data/V1.npy,199,True,True,True,ok,
V1_00201,V1,/Users/krishna/dev/fightflow/data/downloaded-videos/V1.mp4,200,5885.0,5895.0,11.0,Jab,Jab,1,pending,data/raw/Skeleton_data/V1.npy,200,True,True,True,ok,
V1_00202,V1,/Users/krishna/dev/fightflow/data/downloaded-videos/V1.mp4,201,5914.0,5924.0,11.0,Jab,Jab,1,pending,data/raw/Skeleton_data/V1.npy,201,True,True,True,ok,
V1_00203,V1,/Users/krishna/dev/fightflow/data/downloaded-videos/V1.mp4,202,5925.0,5935.0,11.0,Jab,Jab,1,pending,data/raw/Skeleton_data/V1.npy,202,True,True,True,ok,
V1_00204,V1,/Users/krishna/dev/fightflow/data/downloaded-videos/V1.mp4,203,5936.0,5944.0,9.0,Cross,Cross,0,pending,data/raw/Skeleton_data/V1.npy,203,True,True,True,ok,
V1_00205,V1,/Users/krishna/dev/fightflow/data/downloaded-videos/V1.mp4,204,5945.0,5955.0,11.0,Jab,Jab,1,pending,data/raw/Skeleton_data/V1.npy,204,True,True,True,ok,
V1_00206,V1,/Users/krishna/dev/fightflow/data/downloaded-videos/V1.mp4,205,5956.0,5961.0,6.0,Jab,Jab,1,pending,data/raw/Skeleton_data/V1.npy,205,True,True,True,ok,
V1_00207,V1,/Users/krishna/dev/fightflow/data/downloaded-videos/V1.mp4,206,5962.0,5973.0,12.0,Cross,Cross,0,pending,data/raw/Skeleton_data/V1.npy,206,True,True,True,ok,
V1_00208,V1,/Users/krishna/dev/fightflow/data/downloaded-videos/V1.mp4,207,5974.0,5986.0,13.0,Jab,Jab,1,pending,data/raw/Skeleton_data/V1.npy,207,True,True,True,ok,
V1_00209,V1,/Users/krishna/dev/fightflow/data/downloaded-videos/V1.mp4,208,5987.0,5992.0,6.0,Jab,Jab,1,pending,data/raw/Skeleton_data/V1.npy,208,True,True,True,ok,
V1_00210,V1,/Users/krishna/dev/fightflow/data/downloaded-videos/V1.mp4,209,5993.0,6005.0,13.0,Cross,Cross,0,pending,data/raw/Skeleton_data/V1.npy,209,True,True,True,ok,
V1_00211,V1,/Users/krishna/dev/fightflow/data/downloaded-videos/V1.mp4,210,6006.0,6015.0,10.0,Jab,Jab,1,pending,data/raw/Skeleton_data/V1.npy,210,True,True,True,ok,
V1_00212,V1,/Users/krishna/dev/fightflow/data/downloaded-videos/V1.mp4,211,6016.0,6021.0,6.0,Jab,Jab,1,pending,data/raw/Skeleton_data/V1.npy,211,True,True,True,ok,
V1_00213,V1,/Users/krishna/dev/fightflow/data/downloaded-videos/V1.mp4,212,6022.0,6033.0,12.0,Cross,Cross,0,pending,data/raw/Skeleton_data/V1.npy,212,True,True,True,ok,
V1_00214,V1,/Users/krishna/dev/fightflow/data/downloaded-videos/V1.mp4,213,6036.0,6046.0,11.0,Jab,Jab,1,pending,data/raw/Skeleton_data/V1.npy,213,True,True,True,ok,
V1_00215,V1,/Users/krishna/dev/fightflow/data/downloaded-videos/V1.mp4,214,6047.0,6053.0,7.0,Jab,Jab,1,pending,data/raw/Skeleton_data/V1.npy,214,True,True,True,ok,
V1_00216,V1,/Users/krishna/dev/fightflow/data/downloaded-videos/V1.mp4,215,6054.0,6066.0,13.0,Cross,Cross,0,pending,data/raw/Skeleton_data/V1.npy,215,True,True,True,ok,
V1_00217,V1,/Users/krishna/dev/fightflow/data/downloaded-videos/V1.mp4,216,6067.0,6077.0,11.0,Jab,Jab,1,pending,data/raw/Skeleton_data/V1.npy,216,True,True,True,ok,
V1_00218,V1,/Users/krishna/dev/fightflow/data/downloaded-videos/V1.mp4,217,6078.0,6083.0,6.0,Jab,Jab,1,pending,data/raw/Skeleton_data/V1.npy,217,True,True,True,ok,
V1_00219,V1,/Users/krishna/dev/fightflow/data/downloaded-videos/V1.mp4,218,6084.0,6095.0,12.0,Cross,Cross,0,pending,data/raw/Skeleton_data/V1.npy,218,True,True,True,ok,
V1_00220,V1,/Users/krishna/dev/fightflow/data/downloaded-videos/V1.mp4,219,6097.0,6106.0,10.0,Jab,Jab,1,pending,data/raw/Skeleton_data/V1.npy,219,True,True,True,ok,
V1_00221,V1,/Users/krishna/dev/fightflow/data/downloaded-videos/V1.mp4,220,6107.0,6112.0,6.0,Jab,Jab,1,pending,data/raw/Skeleton_data/V1.npy,220,True,True,True,ok,
V1_00222,V1,/Users/krishna/dev/fightflow/data/downloaded-videos/V1.mp4,221,6113.0,6125.0,13.0,Cross,Cross,0,pending,data/raw/Skeleton_data/V1.npy,221,True,True,True,ok,
V1_00223,V1,/Users/krishna/dev/fightflow/data/downloaded-videos/V1.mp4,222,6127.0,6136.0,10.0,Jab,Jab,1,pending,data/raw/Skeleton_data/V1.npy,222,True,True,True,ok,
V1_00224,V1,/Users/krishna/dev/fightflow/data/downloaded-videos/V1.mp4,223,6137.0,6142.0,6.0,Jab,Jab,1,pending,data/raw/Skeleton_data/V1.npy,223,True,True,True,ok,
V1_00225,V1,/Users/krishna/dev/fightflow/data/downloaded-videos/V1.mp4,224,6143.0,6157.0,15.0,Cross,Cross,0,pending,data/raw/Skeleton_data/V1.npy,224,True,True,True,ok,
V1_00226,V1,/Users/krishna/dev/fightflow/data/downloaded-videos/V1.mp4,225,6158.0,6166.0,9.0,Jab,Jab,1,pending,data/raw/Skeleton_data/V1.npy,225,True,True,True,ok,
V1_00227,V1,/Users/krishna/dev/fightflow/data/downloaded-videos/V1.mp4,226,6167.0,6173.0,7.0,Jab,Jab,1,pending,data/raw/Skeleton_data/V1.npy,226,True,True,True,ok,
V1_00228,V1,/Users/krishna/dev/fightflow/data/downloaded-videos/V1.mp4,227,6174.0,6186.0,13.0,Cross,Cross,0,pending,data/raw/Skeleton_data/V1.npy,227,True,True,True,ok,
V1_00229,V1,/Users/krishna/dev/fightflow/data/downloaded-videos/V1.mp4,228,6189.0,6198.0,10.0,Jab,Jab,1,pending,data/raw/Skeleton_data/V1.npy,228,True,True,True,ok,
V1_00230,V1,/Users/krishna/dev/fightflow/data/downloaded-videos/V1.mp4,229,6199.0,6205.0,7.0,Jab,Jab,1,pending,data/raw/Skeleton_data/V1.npy,229,True,True,True,ok,
V1_00231,V1,/Users/krishna/dev/fightflow/data/downloaded-videos/V1.mp4,230,6206.0,6218.0,13.0,Cross,Cross,0,pending,data/raw/Skeleton_data/V1.npy,230,True,True,True,ok,
V1_00232,V1,/Users/krishna/dev/fightflow/data/downloaded-videos/V1.mp4,231,6220.0,6229.0,10.0,Jab,Jab,1,pending,data/raw/Skeleton_data/V1.npy,231,True,True,True,ok,
V1_00233,V1,/Users/krishna/dev/fightflow/data/downloaded-videos/V1.mp4,232,6230.0,6235.0,6.0,Jab,Jab,1,pending,data/raw/Skeleton_data/V1.npy,232,True,True,True,ok,
V1_00234,V1,/Users/krishna/dev/fightflow/data/downloaded-videos/V1.mp4,233,6236.0,6248.0,13.0,Cross,Cross,0,pending,data/raw/Skeleton_data/V1.npy,233,True,True,True,ok,
V1_00235,V1,/Users/krishna/dev/fightflow/data/downloaded-videos/V1.mp4,234,6250.0,6260.0,11.0,Jab,Jab,1,pending,data/raw/Skeleton_data/V1.npy,234,True,True,True,ok,
V1_00236,V1,/Users/krishna/dev/fightflow/data/downloaded-videos/V1.mp4,235,6261.0,6265.0,5.0,Jab,Jab,1,pending,data/raw/Skeleton_data/V1.npy,235,True,True,True,ok,
V1_00237,V1,/Users/krishna/dev/fightflow/data/downloaded-videos/V1.mp4,236,6266.0,6279.0,14.0,Cross,Cross,0,pending,data/raw/Skeleton_data/V1.npy,236,True,True,True,ok,
V1_00238,V1,/Users/krishna/dev/fightflow/data/downloaded-videos/V1.mp4,237,6280.0,6289.0,10.0,Jab,Jab,1,pending,data/raw/Skeleton_data/V1.npy,237,True,True,True,ok,
V1_00239,V1,/Users/krishna/dev/fightflow/data/downloaded-videos/V1.mp4,238,6290.0,6295.0,6.0,Jab,Jab,1,pending,data/raw/Skeleton_data/V1.npy,238,True,True,True,ok,
V1_00240,V1,/Users/krishna/dev/fightflow/data/downloaded-videos/V1.mp4,239,6296.0,6309.0,14.0,Cross,Cross,0,pending,data/raw/Skeleton_data/V1.npy,239,True,True,True,ok,
V1_00241,V1,/Users/krishna/dev/fightflow/data/downloaded-videos/V1.mp4,240,6310.0,6319.0,10.0,Jab,Jab,1,pending,data/raw/Skeleton_data/V1.npy,240,True,True,True,ok,
V1_00242,V1,/Users/krishna/dev/fightflow/data/downloaded-videos/V1.mp4,241,6320.0,6325.0,6.0,Jab,Jab,1,pending,data/raw/Skeleton_data/V1.npy,241,True,True,True,ok,
V1_00243,V1,/Users/krishna/dev/fightflow/data/downloaded-videos/V1.mp4,242,6326.0,6338.0,13.0,Cross,Cross,0,pending,data/raw/Skeleton_data/V1.npy,242,True,True,True,ok,
V1_00244,V1,/Users/krishna/dev/fightflow/data/downloaded-videos/V1.mp4,243,6339.0,6348.0,10.0,Jab,Jab,1,pending,data/raw/Skeleton_data/V1.npy,243,True,True,True,ok,
V1_00245,V1,/Users/krishna/dev/fightflow/data/downloaded-videos/V1.mp4,244,6349.0,6354.0,6.0,Jab,Jab,1,pending,data/raw/Skeleton_data/V1.npy,244,True,True,True,ok,
V1_00246,V1,/Users/krishna/dev/fightflow/data/downloaded-videos/V1.mp4,245,6355.0,6366.0,12.0,Cross,Cross,0,pending,data/raw/Skeleton_data/V1.npy,245,True,True,True,ok,
V1_00247,V1,/Users/krishna/dev/fightflow/data/downloaded-videos/V1.mp4,246,6369.0,6378.0,10.0,Jab,Jab,1,pending,data/raw/Skeleton_data/V1.npy,246,True,True,True,ok,
V1_00248,V1,/Users/krishna/dev/fightflow/data/downloaded-videos/V1.mp4,247,6379.0,6385.0,7.0,Jab,Jab,1,pending,data/raw/Skeleton_data/V1.npy,247,True,True,True,ok,
V1_00249,V1,/Users/krishna/dev/fightflow/data/downloaded-videos/V1.mp4,248,6389.0,6397.0,9.0,Cross,Cross,0,pending,data/raw/Skeleton_data/V1.npy,248,True,True,True,ok,
V1_00250,V1,/Users/krishna/dev/fightflow/data/downloaded-videos/V1.mp4,249,6399.0,6409.0,11.0,Jab,Jab,1,pending,data/raw/Skeleton_data/V1.npy,249,True,True,True,ok,
V1_00251,V1,/Users/krishna/dev/fightflow/data/downloaded-videos/V1.mp4,250,6410.0,6414.0,5.0,Jab,Jab,1,pending,data/raw/Skeleton_data/V1.npy,250,True,True,True,ok,
V1_00252,V1,/Users/krishna/dev/fightflow/data/downloaded-videos/V1.mp4,251,6415.0,6428.0,14.0,Cross,Cross,0,pending,data/raw/Skeleton_data/V1.npy,251,True,True,True,ok,
V1_00253,V1,/Users/krishna/dev/fightflow/data/downloaded-videos/V1.mp4,252,6429.0,6434.0,6.0,Jab,Jab,1,pending,data/raw/Skeleton_data/V1.npy,252,True,True,True,ok,
V1_00254,V1,/Users/krishna/dev/fightflow/data/downloaded-videos/V1.mp4,253,6435.0,6445.0,11.0,Jab,Jab,1,pending,data/raw/Skeleton_data/V1.npy,253,True,True,True,ok,
V1_00255,V1,/Users/krishna/dev/fightflow/data/downloaded-videos/V1.mp4,254,6446.0,6458.0,13.0,Cross,Cross,0,pending,data/raw/Skeleton_data/V1.npy,254,True,True,True,ok,
V1_00256,V1,/Users/krishna/dev/fightflow/data/downloaded-videos/V1.mp4,255,6459.0,6468.0,10.0,Jab,Jab,1,pending,data/raw/Skeleton_data/V1.npy,255,True,True,True,ok,
V1_00257,V1,/Users/krishna/dev/fightflow/data/downloaded-videos/V1.mp4,256,6469.0,6475.0,7.0,Jab,Jab,1,pending,data/raw/Skeleton_data/V1.npy,256,True,True,True,ok,
V1_00258,V1,/Users/krishna/dev/fightflow/data/downloaded-videos/V1.mp4,257,6476.0,6487.0,12.0,Cross,Cross,0,pending,data/raw/Skeleton_data/V1.npy,257,True,True,True,ok,
V1_00259,V1,/Users/krishna/dev/fightflow/data/downloaded-videos/V1.mp4,258,6489.0,6498.0,10.0,Jab,Jab,1,pending,data/raw/Skeleton_data/V1.npy,258,True,True,True,ok,
V1_00260,V1,/Users/krishna/dev/fightflow/data/downloaded-videos/V1.mp4,259,6499.0,6505.0,7.0,Jab,Jab,1,pending,data/raw/Skeleton_data/V1.npy,259,True,True,True,ok,
V1_00261,V1,/Users/krishna/dev/fightflow/data/downloaded-videos/V1.mp4,260,6506.0,6516.0,11.0,Cross,Cross,0,pending,data/raw/Skeleton_data/V1.npy,260,True,True,True,ok,
V1_00262,V1,/Users/krishna/dev/fightflow/data/downloaded-videos/V1.mp4,261,6519.0,6530.0,12.0,Jab,Jab,1,pending,data/raw/Skeleton_data/V1.npy,261,True,True,True,ok,
V1_00263,V1,/Users/krishna/dev/fightflow/data/downloaded-videos/V1.mp4,262,6531.0,6536.0,6.0,Jab,Jab,1,pending,data/raw/Skeleton_data/V1.npy,262,True,True,True,ok,
V1_00264,V1,/Users/krishna/dev/fightflow/data/downloaded-videos/V1.mp4,263,6537.0,6548.0,12.0,Cross,Cross,0,pending,data/raw/Skeleton_data/V1.npy,263,True,True,True,ok,
V1_00265,V1,/Users/krishna/dev/fightflow/data/downloaded-videos/V1.mp4,264,6550.0,6559.0,10.0,Jab,Jab,1,pending,data/raw/Skeleton_data/V1.npy,264,True,True,True,ok,
V1_00266,V1,/Users/krishna/dev/fightflow/data/downloaded-videos/V1.mp4,265,6560.0,6566.0,7.0,Jab,Jab,1,pending,data/raw/Skeleton_data/V1.npy,265,True,True,True,ok,
V1_00267,V1,/Users/krishna/dev/fightflow/data/downloaded-videos/V1.mp4,266,6567.0,6578.0,12.0,Cross,Cross,0,pending,data/raw/Skeleton_data/V1.npy,266,True,True,True,ok,
V1_00268,V1,/Users/krishna/dev/fightflow/data/downloaded-videos/V1.mp4,267,6579.0,6589.0,11.0,Jab,Jab,1,pending,data/raw/Skeleton_data/V1.npy,267,True,True,True,ok,
V1_00269,V1,/Users/krishna/dev/fightflow/data/downloaded-videos/V1.mp4,268,6590.0,6596.0,7.0,Jab,Jab,1,pending,data/raw/Skeleton_data/V1.npy,268,True,True,True,ok,
V1_00270,V1,/Users/krishna/dev/fightflow/data/downloaded-videos/V1.mp4,269,6597.0,6608.0,12.0,Cross,Cross,0,pending,data/raw/Skeleton_data/V1.npy,269,True,True,True,ok,
V1_00271,V1,/Users/krishna/dev/fightflow/data/downloaded-videos/V1.mp4,270,6609.0,6619.0,11.0,Jab,Jab,1,pending,data/raw/Skeleton_data/V1.npy,270,True,True,True,ok,
V1_00272,V1,/Users/krishna/dev/fightflow/data/downloaded-videos/V1.mp4,271,6620.0,6627.0,8.0,Jab,Jab,1,pending,data/raw/Skeleton_data/V1.npy,271,True,True,True,ok,
V1_00273,V1,/Users/krishna/dev/fightflow/data/downloaded-videos/V1.mp4,272,6628.0,6638.0,11.0,Cross,Cross,0,pending,data/raw/Skeleton_data/V1.npy,272,True,True,True,ok,
V1_00274,V1,/Users/krishna/dev/fightflow/data/downloaded-videos/V1.mp4,273,6640.0,6650.0,11.0,Jab,Jab,1,pending,data/raw/Skeleton_data/V1.npy,273,True,True,True,ok,
V1_00275,V1,/Users/krishna/dev/fightflow/data/downloaded-videos/V1.mp4,274,6651.0,6657.0,7.0,Jab,Jab,1,pending,data/raw/Skeleton_data/V1.npy,274,True,True,True,ok,
V1_00276,V1,/Users/krishna/dev/fightflow/data/downloaded-videos/V1.mp4,275,6658.0,6668.0,11.0,Cross,Cross,0,pending,data/raw/Skeleton_data/V1.npy,275,True,True,True,ok,
V1_00277,V1,/Users/krishna/dev/fightflow/data/downloaded-videos/V1.mp4,276,6672.0,6681.0,10.0,Jab,Jab,1,pending,data/raw/Skeleton_data/V1.npy,276,True,True,True,ok,
V1_00278,V1,/Users/krishna/dev/fightflow/data/downloaded-videos/V1.mp4,277,6682.0,6688.0,7.0,Jab,Jab,1,pending,data/raw/Skeleton_data/V1.npy,277,True,True,True,ok,
V1_00279,V1,/Users/krishna/dev/fightflow/data/downloaded-videos/V1.mp4,278,6689.0,6698.0,10.0,Cross,Cross,0,pending,data/raw/Skeleton_data/V1.npy,278,True,True,True,ok,
V1_00280,V1,/Users/krishna/dev/fightflow/data/downloaded-videos/V1.mp4,279,6702.0,6711.0,10.0,Jab,Jab,1,pending,data/raw/Skeleton_data/V1.npy,279,True,True,True,ok,
V1_00281,V1,/Users/krishna/dev/fightflow/data/downloaded-videos/V1.mp4,280,6712.0,6719.0,8.0,Jab,Jab,1,pending,data/raw/Skeleton_data/V1.npy,280,True,True,True,ok,
V1_00282,V1,/Users/krishna/dev/fightflow/data/downloaded-videos/V1.mp4,281,6720.0,6728.0,9.0,Cross,Cross,0,pending,data/raw/Skeleton_data/V1.npy,281,True,True,True,ok,
V1_00283,V1,/Users/krishna/dev/fightflow/data/downloaded-videos/V1.mp4,282,6732.0,6742.0,11.0,Jab,Jab,1,pending,data/raw/Skeleton_data/V1.npy,282,True,True,True,ok,
V1_00284,V1,/Users/krishna/dev/fightflow/data/downloaded-videos/V1.mp4,283,6743.0,6750.0,8.0,Jab,Jab,1,pending,data/raw/Skeleton_data/V1.npy,283,True,True,True,ok,
V1_00285,V1,/Users/krishna/dev/fightflow/data/downloaded-videos/V1.mp4,284,6751.0,6760.0,10.0,Cross,Cross,0,pending,data/raw/Skeleton_data/V1.npy,284,True,True,True,ok,
V1_00286,V1,/Users/krishna/dev/fightflow/data/downloaded-videos/V1.mp4,285,6763.0,6773.0,11.0,Jab,Jab,1,pending,data/raw/Skeleton_data/V1.npy,285,True,True,True,ok,
V1_00287,V1,/Users/krishna/dev/fightflow/data/downloaded-videos/V1.mp4,286,6774.0,6782.0,9.0,Jab,Jab,1,pending,data/raw/Skeleton_data/V1.npy,286,True,True,True,ok,
V1_00288,V1,/Users/krishna/dev/fightflow/data/downloaded-videos/V1.mp4,287,6783.0,6790.0,8.0,Cross,Cross,0,pending,data/raw/Skeleton_data/V1.npy,287,True,True,True,ok,
V1_00289,V1,/Users/krishna/dev/fightflow/data/downloaded-videos/V1.mp4,288,6794.0,6804.0,11.0,Jab,Jab,1,pending,data/raw/Skeleton_data/V1.npy,288,True,True,True,ok,
V1_00290,V1,/Users/krishna/dev/fightflow/data/downloaded-videos/V1.mp4,289,6805.0,6812.0,8.0,Jab,Jab,1,pending,data/raw/Skeleton_data/V1.npy,289,True,True,True,ok,
V1_00291,V1,/Users/krishna/dev/fightflow/data/downloaded-videos/V1.mp4,290,6813.0,6821.0,9.0,Cross,Cross,0,pending,data/raw/Skeleton_data/V1.npy,290,True,True,True,ok,
V1_00292,V1,/Users/krishna/dev/fightflow/data/downloaded-videos/V1.mp4,291,6824.0,6834.0,11.0,Jab,Jab,1,pending,data/raw/Skeleton_data/V1.npy,291,True,True,True,ok,
V1_00293,V1,/Users/krishna/dev/fightflow/data/downloaded-videos/V1.mp4,292,6835.0,6842.0,8.0,Jab,Jab,1,pending,data/raw/Skeleton_data/V1.npy,292,True,True,True,ok,
V1_00294,V1,/Users/krishna/dev/fightflow/data/downloaded-videos/V1.mp4,293,6843.0,6851.0,9.0,Cross,Cross,0,pending,data/raw/Skeleton_data/V1.npy,293,True,True,True,ok,
V1_00295,V1,/Users/krishna/dev/fightflow/data/downloaded-videos/V1.mp4,294,6856.0,6865.0,10.0,Jab,Jab,1,pending,data/raw/Skeleton_data/V1.npy,294,True,True,True,ok,
V1_00296,V1,/Users/krishna/dev/fightflow/data/downloaded-videos/V1.mp4,295,6866.0,6872.0,7.0,Jab,Jab,1,pending,data/raw/Skeleton_data/V1.npy,295,True,True,True,ok,
V1_00297,V1,/Users/krishna/dev/fightflow/data/downloaded-videos/V1.mp4,296,6873.0,6881.0,9.0,Cross,Cross,0,pending,data/raw/Skeleton_data/V1.npy,296,True,True,True,ok,
V1_00298,V1,/Users/krishna/dev/fightflow/data/downloaded-videos/V1.mp4,297,6884.0,6894.0,11.0,Jab,Jab,1,pending,data/raw/Skeleton_data/V1.npy,297,True,True,True,ok,
V1_00299,V1,/Users/krishna/dev/fightflow/data/downloaded-videos/V1.mp4,298,7005.0,7019.0,15.0,Cross,Cross,0,pending,data/raw/Skeleton_data/V1.npy,298,True,True,True,ok,
V1_00300,V1,/Users/krishna/dev/fightflow/data/downloaded-videos/V1.mp4,299,7037.0,7052.0,16.0,Jab,Jab,1,pending,data/raw/Skeleton_data/V1.npy,299,True,True,True,ok,
V1_00301,V1,/Users/krishna/dev/fightflow/data/downloaded-videos/V1.mp4,300,7066.0,7081.0,16.0,Cross,Cross,0,pending,data/raw/Skeleton_data/V1.npy,300,True,True,True,ok,
V1_00302,V1,/Users/krishna/dev/fightflow/data/downloaded-videos/V1.mp4,301,7099.0,7112.0,14.0,Jab,Jab,1,pending,data/raw/Skeleton_data/V1.npy,301,True,True,True,ok,
V1_00303,V1,/Users/krishna/dev/fightflow/data/downloaded-videos/V1.mp4,302,7128.0,7142.0,15.0,Cross,Cross,0,pending,data/raw/Skeleton_data/V1.npy,302,True,True,True,ok,
V1_00304,V1,/Users/krishna/dev/fightflow/data/downloaded-videos/V1.mp4,303,7160.0,7175.0,16.0,Jab,Jab,1,pending,data/raw/Skeleton_data/V1.npy,303,True,True,True,ok,
V1_00305,V1,/Users/krishna/dev/fightflow/data/downloaded-videos/V1.mp4,304,7190.0,7205.0,16.0,Cross,Cross,0,pending,data/raw/Skeleton_data/V1.npy,304,True,True,True,ok,
V1_00306,V1,/Users/krishna/dev/fightflow/data/downloaded-videos/V1.mp4,305,7222.0,7237.0,16.0,Jab,Jab,1,pending,data/raw/Skeleton_data/V1.npy,305,True,True,True,ok,
V1_00307,V1,/Users/krishna/dev/fightflow/data/downloaded-videos/V1.mp4,306,7257.0,7271.0,15.0,Cross,Cross,0,pending,data/raw/Skeleton_data/V1.npy,306,True,True,True,ok,
V1_00308,V1,/Users/krishna/dev/fightflow/data/downloaded-videos/V1.mp4,307,7287.0,7300.0,14.0,Jab,Jab,1,pending,data/raw/Skeleton_data/V1.npy,307,True,True,True,ok,
V1_00309,V1,/Users/krishna/dev/fightflow/data/downloaded-videos/V1.mp4,308,7321.0,7336.0,16.0,Cross,Cross,0,pending,data/raw/Skeleton_data/V1.npy,308,True,True,True,ok,
V1_00310,V1,/Users/krishna/dev/fightflow/data/downloaded-videos/V1.mp4,309,7353.0,7366.0,14.0,Jab,Jab,1,pending,data/raw/Skeleton_data/V1.npy,309,True,True,True,ok,
V1_00311,V1,/Users/krishna/dev/fightflow/data/downloaded-videos/V1.mp4,310,7385.0,7401.0,17.0,Cross,Cross,0,pending,data/raw/Skeleton_data/V1.npy,310,True,True,True,ok,
V1_00312,V1,/Users/krishna/dev/fightflow/data/downloaded-videos/V1.mp4,311,7418.0,7435.0,18.0,Jab,Jab,1,pending,data/raw/Skeleton_data/V1.npy,311,True,True,True,ok,
V1_00313,V1,/Users/krishna/dev/fightflow/data/downloaded-videos/V1.mp4,312,7452.0,7467.0,16.0,Cross,Cross,0,pending,data/raw/Skeleton_data/V1.npy,312,True,True,True,ok,
V1_00314,V1,/Users/krishna/dev/fightflow/data/downloaded-videos/V1.mp4,313,7485.0,7498.0,14.0,Jab,Jab,1,pending,data/raw/Skeleton_data/V1.npy,313,True,True,True,ok,
V1_00315,V1,/Users/krishna/dev/fightflow/data/downloaded-videos/V1.mp4,314,7550.0,7561.0,12.0,Jab,Jab,1,pending,data/raw/Skeleton_data/V1.npy,314,True,True,True,ok,
V1_00316,V1,/Users/krishna/dev/fightflow/data/downloaded-videos/V1.mp4,315,7582.0,7598.0,17.0,Cross,Cross,0,pending,data/raw/Skeleton_data/V1.npy,315,True,True,True,ok,
V1_00317,V1,/Users/krishna/dev/fightflow/data/downloaded-videos/V1.mp4,316,7616.0,7628.0,13.0,Jab,Jab,1,pending,data/raw/Skeleton_data/V1.npy,316,True,True,True,ok,
V1_00318,V1,/Users/krishna/dev/fightflow/data/downloaded-videos/V1.mp4,317,7659.0,7670.0,12.0,Jab,Jab,1,pending,data/raw/Skeleton_data/V1.npy,317,True,True,True,ok,
V1_00319,V1,/Users/krishna/dev/fightflow/data/downloaded-videos/V1.mp4,318,7671.0,7676.0,6.0,Jab,Jab,1,pending,data/raw/Skeleton_data/V1.npy,318,True,True,True,ok,
V1_00320,V1,/Users/krishna/dev/fightflow/data/downloaded-videos/V1.mp4,319,7677.0,7689.0,13.0,Cross,Cross,0,pending,data/raw/Skeleton_data/V1.npy,319,True,True,True,ok,
V1_00321,V1,/Users/krishna/dev/fightflow/data/downloaded-videos/V1.mp4,320,7692.0,7701.0,10.0,Jab,Jab,1,pending,data/raw/Skeleton_data/V1.npy,320,True,True,True,ok,
V1_00322,V1,/Users/krishna/dev/fightflow/data/downloaded-videos/V1.mp4,321,7702.0,7706.0,5.0,Jab,Jab,1,pending,data/raw/Skeleton_data/V1.npy,321,True,True,True,ok,
V1_00323,V1,/Users/krishna/dev/fightflow/data/downloaded-videos/V1.mp4,322,7707.0,7718.0,12.0,Cross,Cross,0,pending,data/raw/Skeleton_data/V1.npy,322,True,True,True,ok,
V1_00324,V1,/Users/krishna/dev/fightflow/data/downloaded-videos/V1.mp4,323,7721.0,7730.0,10.0,Jab,Jab,1,pending,data/raw/Skeleton_data/V1.npy,323,True,True,True,ok,
V1_00325,V1,/Users/krishna/dev/fightflow/data/downloaded-videos/V1.mp4,324,7731.0,7737.0,7.0,Jab,Jab,1,pending,data/raw/Skeleton_data/V1.npy,324,True,True,True,ok,
V1_00326,V1,/Users/krishna/dev/fightflow/data/downloaded-videos/V1.mp4,325,7738.0,7748.0,11.0,Cross,Cross,0,pending,data/raw/Skeleton_data/V1.npy,325,True,True,True,ok,
V1_00327,V1,/Users/krishna/dev/fightflow/data/downloaded-videos/V1.mp4,326,7753.0,7761.0,9.0,Jab,Jab,1,pending,data/raw/Skeleton_data/V1.npy,326,True,True,True,ok,
V1_00328,V1,/Users/krishna/dev/fightflow/data/downloaded-videos/V1.mp4,327,7762.0,7768.0,7.0,Jab,Jab,1,pending,data/raw/Skeleton_data/V1.npy,327,True,True,True,ok,
V1_00329,V1,/Users/krishna/dev/fightflow/data/downloaded-videos/V1.mp4,328,7769.0,7780.0,12.0,Cross,Cross,0,pending,data/raw/Skeleton_data/V1.npy,328,True,True,True,ok,
V1_00330,V1,/Users/krishna/dev/fightflow/data/downloaded-videos/V1.mp4,329,7782.0,7789.0,8.0,Jab,Jab,1,pending,data/raw/Skeleton_data/V1.npy,329,True,True,True,ok,
V1_00331,V1,/Users/krishna/dev/fightflow/data/downloaded-videos/V1.mp4,330,7790.0,7797.0,8.0,Jab,Jab,1,pending,data/raw/Skeleton_data/V1.npy,330,True,True,True,ok,
V1_00332,V1,/Users/krishna/dev/fightflow/data/downloaded-videos/V1.mp4,331,7798.0,7811.0,14.0,Cross,Cross,0,pending,data/raw/Skeleton_data/V1.npy,331,True,True,True,ok,
V1_00333,V1,/Users/krishna/dev/fightflow/data/downloaded-videos/V1.mp4,332,7813.0,7821.0,9.0,Jab,Jab,1,pending,data/raw/Skeleton_data/V1.npy,332,True,True,True,ok,
V1_00334,V1,/Users/krishna/dev/fightflow/data/downloaded-videos/V1.mp4,333,7822.0,7827.0,6.0,Jab,Jab,1,pending,data/raw/Skeleton_data/V1.npy,333,True,True,True,ok,
V1_00335,V1,/Users/krishna/dev/fightflow/data/downloaded-videos/V1.mp4,334,7828.0,7840.0,13.0,Cross,Cross,0,pending,data/raw/Skeleton_data/V1.npy,334,True,True,True,ok,
V1_00336,V1,/Users/krishna/dev/fightflow/data/downloaded-videos/V1.mp4,335,7841.0,7849.0,9.0,Jab,Jab,1,pending,data/raw/Skeleton_data/V1.npy,335,True,True,True,ok,
V1_00337,V1,/Users/krishna/dev/fightflow/data/downloaded-videos/V1.mp4,336,7850.0,7856.0,7.0,Jab,Jab,1,pending,data/raw/Skeleton_data/V1.npy,336,True,True,True,ok,
V1_00338,V1,/Users/krishna/dev/fightflow/data/downloaded-videos/V1.mp4,337,7857.0,7869.0,13.0,Cross,Cross,0,pending,data/raw/Skeleton_data/V1.npy,337,True,True,True,ok,
V1_00339,V1,/Users/krishna/dev/fightflow/data/downloaded-videos/V1.mp4,338,7870.0,7880.0,11.0,Jab,Jab,1,pending,data/raw/Skeleton_data/V1.npy,338,True,True,True,ok,
V1_00340,V1,/Users/krishna/dev/fightflow/data/downloaded-videos/V1.mp4,339,7881.0,7887.0,7.0,Jab,Jab,1,pending,data/raw/Skeleton_data/V1.npy,339,True,True,True,ok,
V1_00341,V1,/Users/krishna/dev/fightflow/data/downloaded-videos/V1.mp4,340,7888.0,7899.0,12.0,Cross,Cross,0,pending,data/raw/Skeleton_data/V1.npy,340,True,True,True,ok,
V1_00342,V1,/Users/krishna/dev/fightflow/data/downloaded-videos/V1.mp4,341,7901.0,7910.0,10.0,Jab,Jab,1,pending,data/raw/Skeleton_data/V1.npy,341,True,True,True,ok,
V1_00343,V1,/Users/krishna/dev/fightflow/data/downloaded-videos/V1.mp4,342,7911.0,7917.0,7.0,Jab,Jab,1,pending,data/raw/Skeleton_data/V1.npy,342,True,True,True,ok,
V1_00344,V1,/Users/krishna/dev/fightflow/data/downloaded-videos/V1.mp4,343,7918.0,7930.0,13.0,Cross,Cross,0,pending,data/raw/Skeleton_data/V1.npy,343,True,True,True,ok,
V1_00345,V1,/Users/krishna/dev/fightflow/data/downloaded-videos/V1.mp4,344,7933.0,7942.0,10.0,Jab,Jab,1,pending,data/raw/Skeleton_data/V1.npy,344,True,True,True,ok,
V1_00346,V1,/Users/krishna/dev/fightflow/data/downloaded-videos/V1.mp4,345,7943.0,7949.0,7.0,Jab,Jab,1,pending,data/raw/Skeleton_data/V1.npy,345,True,True,True,ok,
V1_00347,V1,/Users/krishna/dev/fightflow/data/downloaded-videos/V1.mp4,346,7950.0,7960.0,11.0,Cross,Cross,0,pending,data/raw/Skeleton_data/V1.npy,346,True,True,True,ok,
V1_00348,V1,/Users/krishna/dev/fightflow/data/downloaded-videos/V1.mp4,347,7961.0,7970.0,10.0,Jab,Jab,1,pending,data/raw/Skeleton_data/V1.npy,347,True,True,True,ok,
V1_00349,V1,/Users/krishna/dev/fightflow/data/downloaded-videos/V1.mp4,348,7971.0,7978.0,8.0,Jab,Jab,1,pending,data/raw/Skeleton_data/V1.npy,348,True,True,True,ok,
V1_00350,V1,/Users/krishna/dev/fightflow/data/downloaded-videos/V1.mp4,349,7979.0,7990.0,12.0,Cross,Cross,0,pending,data/raw/Skeleton_data/V1.npy,349,True,True,True,ok,
V1_00351,V1,/Users/krishna/dev/fightflow/data/downloaded-videos/V1.mp4,350,7992.0,8001.0,10.0,Jab,Jab,1,pending,data/raw/Skeleton_data/V1.npy,350,True,True,True,ok,
V1_00352,V1,/Users/krishna/dev/fightflow/data/downloaded-videos/V1.mp4,351,8002.0,8008.0,7.0,Jab,Jab,1,pending,data/raw/Skeleton_data/V1.npy,351,True,True,True,ok,
V1_00353,V1,/Users/krishna/dev/fightflow/data/downloaded-videos/V1.mp4,352,8009.0,8021.0,13.0,Cross,Cross,0,pending,data/raw/Skeleton_data/V1.npy,352,True,True,True,ok,
V1_00354,V1,/Users/krishna/dev/fightflow/data/downloaded-videos/V1.mp4,353,8023.0,8031.0,9.0,Jab,Jab,1,pending,data/raw/Skeleton_data/V1.npy,353,True,True,True,ok,
V1_00355,V1,/Users/krishna/dev/fightflow/data/downloaded-videos/V1.mp4,354,8032.0,8038.0,7.0,Jab,Jab,1,pending,data/raw/Skeleton_data/V1.npy,354,True,True,True,ok,
V1_00356,V1,/Users/krishna/dev/fightflow/data/downloaded-videos/V1.mp4,355,8039.0,8050.0,12.0,Cross,Cross,0,pending,data/raw/Skeleton_data/V1.npy,355,True,True,True,ok,
V1_00357,V1,/Users/krishna/dev/fightflow/data/downloaded-videos/V1.mp4,356,8054.0,8063.0,10.0,Jab,Jab,1,pending,data/raw/Skeleton_data/V1.npy,356,True,True,True,ok,
V1_00358,V1,/Users/krishna/dev/fightflow/data/downloaded-videos/V1.mp4,357,8064.0,8070.0,7.0,Jab,Jab,1,pending,data/raw/Skeleton_data/V1.npy,357,True,True,True,ok,
V1_00359,V1,/Users/krishna/dev/fightflow/data/downloaded-videos/V1.mp4,358,8071.0,8080.0,10.0,Cross,Cross,0,pending,data/raw/Skeleton_data/V1.npy,358,True,True,True,ok,
V1_00360,V1,/Users/krishna/dev/fightflow/data/downloaded-videos/V1.mp4,359,8084.0,8093.0,10.0,Jab,Jab,1,pending,data/raw/Skeleton_data/V1.npy,359,True,True,True,ok,
V1_00361,V1,/Users/krishna/dev/fightflow/data/downloaded-videos/V1.mp4,360,8094.0,8099.0,6.0,Jab,Jab,1,pending,data/raw/Skeleton_data/V1.npy,360,True,True,True,ok,
V1_00362,V1,/Users/krishna/dev/fightflow/data/downloaded-videos/V1.mp4,361,8100.0,8114.0,15.0,Cross,Cross,0,pending,data/raw/Skeleton_data/V1.npy,361,True,True,True,ok,
V1_00363,V1,/Users/krishna/dev/fightflow/data/downloaded-videos/V1.mp4,362,8115.0,8123.0,9.0,Jab,Jab,1,pending,data/raw/Skeleton_data/V1.npy,362,True,True,True,ok,
V1_00364,V1,/Users/krishna/dev/fightflow/data/downloaded-videos/V1.mp4,363,8124.0,8130.0,7.0,Jab,Jab,1,pending,data/raw/Skeleton_data/V1.npy,363,True,True,True,ok,
V1_00365,V1,/Users/krishna/dev/fightflow/data/downloaded-videos/V1.mp4,364,8131.0,8141.0,11.0,Cross,Cross,0,pending,data/raw/Skeleton_data/V1.npy,364,True,True,True,ok,
V1_00366,V1,/Users/krishna/dev/fightflow/data/downloaded-videos/V1.mp4,365,8143.0,8153.0,11.0,Jab,Jab,1,pending,data/raw/Skeleton_data/V1.npy,365,True,True,True,ok,
V1_00367,V1,/Users/krishna/dev/fightflow/data/downloaded-videos/V1.mp4,366,8154.0,8160.0,7.0,Jab,Jab,1,pending,data/raw/Skeleton_data/V1.npy,366,True,True,True,ok,
V1_00368,V1,/Users/krishna/dev/fightflow/data/downloaded-videos/V1.mp4,367,8161.0,8173.0,13.0,Cross,Cross,0,pending,data/raw/Skeleton_data/V1.npy,367,True,True,True,ok,
V1_00369,V1,/Users/krishna/dev/fightflow/data/downloaded-videos/V1.mp4,368,8175.0,8185.0,11.0,Jab,Jab,1,pending,data/raw/Skeleton_data/V1.npy,368,True,True,True,ok,
V1_00370,V1,/Users/krishna/dev/fightflow/data/downloaded-videos/V1.mp4,369,8186.0,8191.0,6.0,Jab,Jab,1,pending,data/raw/Skeleton_data/V1.npy,369,True,True,True,ok,
V1_00371,V1,/Users/krishna/dev/fightflow/data/downloaded-videos/V1.mp4,370,8192.0,8203.0,12.0,Cross,Cross,0,pending,data/raw/Skeleton_data/V1.npy,370,True,True,True,ok,
V1_00372,V1,/Users/krishna/dev/fightflow/data/downloaded-videos/V1.mp4,371,8206.0,8215.0,10.0,Jab,Jab,1,pending,data/raw/Skeleton_data/V1.npy,371,True,True,True,ok,
V1_00373,V1,/Users/krishna/dev/fightflow/data/downloaded-videos/V1.mp4,372,8216.0,8222.0,7.0,Jab,Jab,1,pending,data/raw/Skeleton_data/V1.npy,372,True,True,True,ok,
V1_00374,V1,/Users/krishna/dev/fightflow/data/downloaded-videos/V1.mp4,373,8223.0,8234.0,12.0,Cross,Cross,0,pending,data/raw/Skeleton_data/V1.npy,373,True,True,True,ok,
V1_00375,V1,/Users/krishna/dev/fightflow/data/downloaded-videos/V1.mp4,374,8239.0,8248.0,10.0,Jab,Jab,1,pending,data/raw/Skeleton_data/V1.npy,374,True,True,True,ok,
V1_00376,V1,/Users/krishna/dev/fightflow/data/downloaded-videos/V1.mp4,375,8249.0,8255.0,7.0,Jab,Jab,1,pending,data/raw/Skeleton_data/V1.npy,375,True,True,True,ok,
V1_00377,V1,/Users/krishna/dev/fightflow/data/downloaded-videos/V1.mp4,376,8256.0,8265.0,10.0,Cross,Cross,0,pending,data/raw/Skeleton_data/V1.npy,376,True,True,True,ok,
V1_00378,V1,/Users/krishna/dev/fightflow/data/downloaded-videos/V1.mp4,377,8271.0,8280.0,10.0,Jab,Jab,1,pending,data/raw/Skeleton_data/V1.npy,377,True,True,True,ok,
V1_00379,V1,/Users/krishna/dev/fightflow/data/downloaded-videos/V1.mp4,378,8281.0,8287.0,7.0,Jab,Jab,1,pending,data/raw/Skeleton_data/V1.npy,378,True,True,True,ok,
V1_00380,V1,/Users/krishna/dev/fightflow/data/downloaded-videos/V1.mp4,379,8288.0,8298.0,11.0,Cross,Cross,0,pending,data/raw/Skeleton_data/V1.npy,379,True,True,True,ok,
V1_00381,V1,/Users/krishna/dev/fightflow/data/downloaded-videos/V1.mp4,380,8302.0,8311.0,10.0,Jab,Jab,1,pending,data/raw/Skeleton_data/V1.npy,380,True,True,True,ok,
V1_00382,V1,/Users/krishna/dev/fightflow/data/downloaded-videos/V1.mp4,381,8312.0,8318.0,7.0,Jab,Jab,1,pending,data/raw/Skeleton_data/V1.npy,381,True,True,True,ok,
V1_00383,V1,/Users/krishna/dev/fightflow/data/downloaded-videos/V1.mp4,382,8319.0,8328.0,10.0,Cross,Cross,0,pending,data/raw/Skeleton_data/V1.npy,382,True,True,True,ok,
V1_00384,V1,/Users/krishna/dev/fightflow/data/downloaded-videos/V1.mp4,383,8333.0,8342.0,10.0,Jab,Jab,1,pending,data/raw/Skeleton_data/V1.npy,383,True,True,True,ok,
V1_00385,V1,/Users/krishna/dev/fightflow/data/downloaded-videos/V1.mp4,384,8343.0,8348.0,6.0,Jab,Jab,1,pending,data/raw/Skeleton_data/V1.npy,384,True,True,True,ok,
V1_00386,V1,/Users/krishna/dev/fightflow/data/downloaded-videos/V1.mp4,385,8349.0,8358.0,10.0,Cross,Cross,0,pending,data/raw/Skeleton_data/V1.npy,385,True,True,True,ok,
V1_00387,V1,/Users/krishna/dev/fightflow/data/downloaded-videos/V1.mp4,386,8363.0,8372.0,10.0,Jab,Jab,1,pending,data/raw/Skeleton_data/V1.npy,386,True,True,True,ok,
V1_00388,V1,/Users/krishna/dev/fightflow/data/downloaded-videos/V1.mp4,387,8373.0,8379.0,7.0,Jab,Jab,1,pending,data/raw/Skeleton_data/V1.npy,387,True,True,True,ok,
V1_00389,V1,/Users/krishna/dev/fightflow/data/downloaded-videos/V1.mp4,388,8380.0,8389.0,10.0,Cross,Cross,0,pending,data/raw/Skeleton_data/V1.npy,388,True,True,True,ok,
V1_00390,V1,/Users/krishna/dev/fightflow/data/downloaded-videos/V1.mp4,389,8395.0,8404.0,10.0,Jab,Jab,1,pending,data/raw/Skeleton_data/V1.npy,389,True,True,True,ok,
V1_00391,V1,/Users/krishna/dev/fightflow/data/downloaded-videos/V1.mp4,390,8405.0,8412.0,8.0,Jab,Jab,1,pending,data/raw/Skeleton_data/V1.npy,390,True,True,True,ok,
V1_00392,V1,/Users/krishna/dev/fightflow/data/downloaded-videos/V1.mp4,391,8413.0,8425.0,13.0,Cross,Cross,0,pending,data/raw/Skeleton_data/V1.npy,391,True,True,True,ok,
V1_00393,V1,/Users/krishna/dev/fightflow/data/downloaded-videos/V1.mp4,392,8428.0,8437.0,10.0,Jab,Jab,1,pending,data/raw/Skeleton_data/V1.npy,392,True,True,True,ok,
V1_00394,V1,/Users/krishna/dev/fightflow/data/downloaded-videos/V1.mp4,393,8438.0,8444.0,7.0,Jab,Jab,1,pending,data/raw/Skeleton_data/V1.npy,393,True,True,True,ok,
V1_00395,V1,/Users/krishna/dev/fightflow/data/downloaded-videos/V1.mp4,394,8445.0,8454.0,10.0,Cross,Cross,0,pending,data/raw/Skeleton_data/V1.npy,394,True,True,True,ok,
V1_00396,V1,/Users/krishna/dev/fightflow/data/downloaded-videos/V1.mp4,395,8459.0,8468.0,10.0,Jab,Jab,1,pending,data/raw/Skeleton_data/V1.npy,395,True,True,True,ok,
V1_00397,V1,/Users/krishna/dev/fightflow/data/downloaded-videos/V1.mp4,396,8469.0,8475.0,7.0,Jab,Jab,1,pending,data/raw/Skeleton_data/V1.npy,396,True,True,True,ok,
V1_00398,V1,/Users/krishna/dev/fightflow/data/downloaded-videos/V1.mp4,397,8476.0,8486.0,11.0,Cross,Cross,0,pending,data/raw/Skeleton_data/V1.npy,397,True,True,True,ok,
V1_00399,V1,/Users/krishna/dev/fightflow/data/downloaded-videos/V1.mp4,398,8490.0,8500.0,11.0,Jab,Jab,1,pending,data/raw/Skeleton_data/V1.npy,398,True,True,True,ok,
V1_00400,V1,/Users/krishna/dev/fightflow/data/downloaded-videos/V1.mp4,399,8501.0,8506.0,6.0,Jab,Jab,1,pending,data/raw/Skeleton_data/V1.npy,399,True,True,True,ok,
V1_00401,V1,/Users/krishna/dev/fightflow/data/downloaded-videos/V1.mp4,400,8507.0,8516.0,10.0,Cross,Cross,0,pending,data/raw/Skeleton_data/V1.npy,400,True,True,True,ok,
V1_00402,V1,/Users/krishna/dev/fightflow/data/downloaded-videos/V1.mp4,401,8520.0,8530.0,11.0,Jab,Jab,1,pending,data/raw/Skeleton_data/V1.npy,401,True,True,True,ok,
V1_00403,V1,/Users/krishna/dev/fightflow/data/downloaded-videos/V1.mp4,402,8531.0,8537.0,7.0,Jab,Jab,1,pending,data/raw/Skeleton_data/V1.npy,402,True,True,True,ok,
V1_00404,V1,/Users/krishna/dev/fightflow/data/downloaded-videos/V1.mp4,403,8538.0,8546.0,9.0,Cross,Cross,0,pending,data/raw/Skeleton_data/V1.npy,403,True,True,True,ok,
V1_00405,V1,/Users/krishna/dev/fightflow/data/downloaded-videos/V1.mp4,404,8551.0,8560.0,10.0,Jab,Jab,1,pending,data/raw/Skeleton_data/V1.npy,404,True,True,True,ok,
V1_00406,V1,/Users/krishna/dev/fightflow/data/downloaded-videos/V1.mp4,405,8561.0,8568.0,8.0,Jab,Jab,1,pending,data/raw/Skeleton_data/V1.npy,405,True,True,True,ok,
V1_00407,V1,/Users/krishna/dev/fightflow/data/downloaded-videos/V1.mp4,406,8569.0,8577.0,9.0,Cross,Cross,0,pending,data/raw/Skeleton_data/V1.npy,406,True,True,True,ok,
V1_00408,V1,/Users/krishna/dev/fightflow/data/downloaded-videos/V1.mp4,407,8581.0,8592.0,12.0,Jab,Jab,1,pending,data/raw/Skeleton_data/V1.npy,407,True,True,True,ok,
V1_00409,V1,/Users/krishna/dev/fightflow/data/downloaded-videos/V1.mp4,408,8593.0,8600.0,8.0,Jab,Jab,1,pending,data/raw/Skeleton_data/V1.npy,408,True,True,True,ok,
V1_00410,V1,/Users/krishna/dev/fightflow/data/downloaded-videos/V1.mp4,409,8601.0,8608.0,8.0,Cross,Cross,0,pending,data/raw/Skeleton_data/V1.npy,409,True,True,True,ok,
V1_00411,V1,/Users/krishna/dev/fightflow/data/downloaded-videos/V1.mp4,410,8613.0,8623.0,11.0,Jab,Jab,1,pending,data/raw/Skeleton_data/V1.npy,410,True,True,True,ok,
V1_00412,V1,/Users/krishna/dev/fightflow/data/downloaded-videos/V1.mp4,411,8624.0,8631.0,8.0,Jab,Jab,1,pending,data/raw/Skeleton_data/V1.npy,411,True,True,True,ok,
V1_00413,V1,/Users/krishna/dev/fightflow/data/downloaded-videos/V1.mp4,412,8632.0,8639.0,8.0,Cross,Cross,0,pending,data/raw/Skeleton_data/V1.npy,412,True,True,True,ok,
V1_00414,V1,/Users/krishna/dev/fightflow/data/downloaded-videos/V1.mp4,413,8645.0,8655.0,11.0,Jab,Jab,1,pending,data/raw/Skeleton_data/V1.npy,413,True,True,True,ok,
V1_00415,V1,/Users/krishna/dev/fightflow/data/downloaded-videos/V1.mp4,414,8656.0,8664.0,9.0,Jab,Jab,1,pending,data/raw/Skeleton_data/V1.npy,414,True,True,True,ok,
V1_00416,V1,/Users/krishna/dev/fightflow/data/downloaded-videos/V1.mp4,415,8665.0,8672.0,8.0,Cross,Cross,0,pending,data/raw/Skeleton_data/V1.npy,415,True,True,True,ok,
V1_00417,V1,/Users/krishna/dev/fightflow/data/downloaded-videos/V1.mp4,416,8677.0,8686.0,10.0,Jab,Jab,1,pending,data/raw/Skeleton_data/V1.npy,416,True,True,True,ok,
V1_00418,V1,/Users/krishna/dev/fightflow/data/downloaded-videos/V1.mp4,417,8687.0,8694.0,8.0,Jab,Jab,1,pending,data/raw/Skeleton_data/V1.npy,417,True,True,True,ok,
V1_00419,V1,/Users/krishna/dev/fightflow/data/downloaded-videos/V1.mp4,418,8695.0,8703.0,9.0,Cross,Cross,0,pending,data/raw/Skeleton_data/V1.npy,418,True,True,True,ok,
V1_00420,V1,/Users/krishna/dev/fightflow/data/downloaded-videos/V1.mp4,419,8708.0,8717.0,10.0,Jab,Jab,1,pending,data/raw/Skeleton_data/V1.npy,419,True,True,True,ok,
V1_00421,V1,/Users/krishna/dev/fightflow/data/downloaded-videos/V1.mp4,420,8718.0,8725.0,8.0,Jab,Jab,1,pending,data/raw/Skeleton_data/V1.npy,420,True,True,True,ok,
V1_00422,V1,/Users/krishna/dev/fightflow/data/downloaded-videos/V1.mp4,421,8726.0,8734.0,9.0,Cross,Cross,0,pending,data/raw/Skeleton_data/V1.npy,421,True,True,True,ok,
V1_00423,V1,/Users/krishna/dev/fightflow/data/downloaded-videos/V1.mp4,422,8739.0,8748.0,10.0,Jab,Jab,1,pending,data/raw/Skeleton_data/V1.npy,422,True,True,True,ok,
V1_00424,V1,/Users/krishna/dev/fightflow/data/downloaded-videos/V1.mp4,423,8749.0,8756.0,8.0,Jab,Jab,1,pending,data/raw/Skeleton_data/V1.npy,423,True,True,True,ok,
V1_00425,V1,/Users/krishna/dev/fightflow/data/downloaded-videos/V1.mp4,424,8757.0,8765.0,9.0,Cross,Cross,0,pending,data/raw/Skeleton_data/V1.npy,424,True,True,True,ok,
V1_00426,V1,/Users/krishna/dev/fightflow/data/downloaded-videos/V1.mp4,425,8770.0,8779.0,10.0,Jab,Jab,1,pending,data/raw/Skeleton_data/V1.npy,425,True,True,True,ok,
V1_00427,V1,/Users/krishna/dev/fightflow/data/downloaded-videos/V1.mp4,426,8780.0,8788.0,9.0,Jab,Jab,1,pending,data/raw/Skeleton_data/V1.npy,426,True,True,True,ok,
V1_00428,V1,/Users/krishna/dev/fightflow/data/downloaded-videos/V1.mp4,427,8789.0,8798.0,10.0,Cross,Cross,0,pending,data/raw/Skeleton_data/V1.npy,427,True,True,True,ok,
V1_00429,V1,/Users/krishna/dev/fightflow/data/downloaded-videos/V1.mp4,428,8803.0,8812.0,10.0,Jab,Jab,1,pending,data/raw/Skeleton_data/V1.npy,428,True,True,True,ok,
V1_00430,V1,/Users/krishna/dev/fightflow/data/downloaded-videos/V1.mp4,429,8813.0,8820.0,8.0,Jab,Jab,1,pending,data/raw/Skeleton_data/V1.npy,429,True,True,True,ok,
V1_00431,V1,/Users/krishna/dev/fightflow/data/downloaded-videos/V1.mp4,430,8821.0,8829.0,9.0,Cross,Cross,0,pending,data/raw/Skeleton_data/V1.npy,430,True,True,True,ok,
V1_00432,V1,/Users/krishna/dev/fightflow/data/downloaded-videos/V1.mp4,431,8834.0,8843.0,10.0,Jab,Jab,1,pending,data/raw/Skeleton_data/V1.npy,431,True,True,True,ok,
V1_00433,V1,/Users/krishna/dev/fightflow/data/downloaded-videos/V1.mp4,432,8844.0,8851.0,8.0,Jab,Jab,1,pending,data/raw/Skeleton_data/V1.npy,432,True,True,True,ok,
V1_00434,V1,/Users/krishna/dev/fightflow/data/downloaded-videos/V1.mp4,433,8852.0,8862.0,11.0,Cross,Cross,0,pending,data/raw/Skeleton_data/V1.npy,433,True,True,True,ok,
V1_00435,V1,/Users/krishna/dev/fightflow/data/downloaded-videos/V1.mp4,434,8866.0,8875.0,10.0,Jab,Jab,1,pending,data/raw/Skeleton_data/V1.npy,434,True,True,True,ok,
V1_00436,V1,/Users/krishna/dev/fightflow/data/downloaded-videos/V1.mp4,435,8876.0,8883.0,8.0,Jab,Jab,1,pending,data/raw/Skeleton_data/V1.npy,435,True,True,True,ok,
V1_00437,V1,/Users/krishna/dev/fightflow/data/downloaded-videos/V1.mp4,436,8884.0,8894.0,11.0,Cross,Cross,0,pending,data/raw/Skeleton_data/V1.npy,436,True,True,True,ok,
V1_00438,V1,/Users/krishna/dev/fightflow/data/downloaded-videos/V1.mp4,437,8898.0,8906.0,9.0,Jab,Jab,1,pending,data/raw/Skeleton_data/V1.npy,437,True,True,True,ok,
V1_00439,V1,/Users/krishna/dev/fightflow/data/downloaded-videos/V1.mp4,438,8907.0,8914.0,8.0,Jab,Jab,1,pending,data/raw/Skeleton_data/V1.npy,438,True,True,True,ok,
V1_00440,V1,/Users/krishna/dev/fightflow/data/downloaded-videos/V1.mp4,439,8915.0,8924.0,10.0,Cross,Cross,0,pending,data/raw/Skeleton_data/V1.npy,439,True,True,True,ok,
V1_00441,V1,/Users/krishna/dev/fightflow/data/downloaded-videos/V1.mp4,440,8927.0,8937.0,11.0,Jab,Jab,1,pending,data/raw/Skeleton_data/V1.npy,440,True,True,True,ok,
V1_00442,V1,/Users/krishna/dev/fightflow/data/downloaded-videos/V1.mp4,441,8938.0,8945.0,8.0,Jab,Jab,1,pending,data/raw/Skeleton_data/V1.npy,441,True,True,True,ok,
V1_00443,V1,/Users/krishna/dev/fightflow/data/downloaded-videos/V1.mp4,442,8946.0,8955.0,10.0,Cross,Cross,0,pending,data/raw/Skeleton_data/V1.npy,442,True,True,True,ok,
V1_00444,V1,/Users/krishna/dev/fightflow/data/downloaded-videos/V1.mp4,443,8959.0,8968.0,10.0,Jab,Jab,1,pending,data/raw/Skeleton_data/V1.npy,443,True,True,True,ok,
V1_00445,V1,/Users/krishna/dev/fightflow/data/downloaded-videos/V1.mp4,444,8969.0,8976.0,8.0,Jab,Jab,1,pending,data/raw/Skeleton_data/V1.npy,444,True,True,True,ok,
V1_00446,V1,/Users/krishna/dev/fightflow/data/downloaded-videos/V1.mp4,445,8977.0,8987.0,11.0,Cross,Cross,0,pending,data/raw/Skeleton_data/V1.npy,445,True,True,True,ok,
V1_00447,V1,/Users/krishna/dev/fightflow/data/downloaded-videos/V1.mp4,446,8990.0,8999.0,10.0,Jab,Jab,1,pending,data/raw/Skeleton_data/V1.npy,446,True,True,True,ok,
V1_00448,V1,/Users/krishna/dev/fightflow/data/downloaded-videos/V1.mp4,447,9000.0,9007.0,8.0,Jab,Jab,1,pending,data/raw/Skeleton_data/V1.npy,447,True,True,True,ok,
V1_00449,V1,/Users/krishna/dev/fightflow/data/downloaded-videos/V1.mp4,448,9008.0,9017.0,10.0,Cross,Cross,0,pending,data/raw/Skeleton_data/V1.npy,448,True,True,True,ok,
V1_00450,V1,/Users/krishna/dev/fightflow/data/downloaded-videos/V1.mp4,449,9020.0,9030.0,11.0,Jab,Jab,1,pending,data/raw/Skeleton_data/V1.npy,449,True,True,True,ok,
V1_00451,V1,/Users/krishna/dev/fightflow/data/downloaded-videos/V1.mp4,450,9031.0,9037.0,7.0,Jab,Jab,1,pending,data/raw/Skeleton_data/V1.npy,450,True,True,True,ok,
V1_00452,V1,/Users/krishna/dev/fightflow/data/downloaded-videos/V1.mp4,451,9038.0,9049.0,12.0,Cross,Cross,0,pending,data/raw/Skeleton_data/V1.npy,451,True,True,True,ok,
V1_00453,V1,/Users/krishna/dev/fightflow/data/downloaded-videos/V1.mp4,452,9053.0,9062.0,10.0,Jab,Jab,1,pending,data/raw/Skeleton_data/V1.npy,452,True,True,True,ok,
V1_00454,V1,/Users/krishna/dev/fightflow/data/downloaded-videos/V1.mp4,453,9063.0,9069.0,7.0,Jab,Jab,1,pending,data/raw/Skeleton_data/V1.npy,453,True,True,True,ok,
V1_00455,V1,/Users/krishna/dev/fightflow/data/downloaded-videos/V1.mp4,454,9070.0,9080.0,11.0,Cross,Cross,0,pending,data/raw/Skeleton_data/V1.npy,454,True,True,True,ok,
V1_00456,V1,/Users/krishna/dev/fightflow/data/downloaded-videos/V1.mp4,455,9115.0,9123.0,9.0,Cross,Cross,0,pending,data/raw/Skeleton_data/V1.npy,455,True,True,True,ok,
V1_00457,V1,/Users/krishna/dev/fightflow/data/downloaded-videos/V1.mp4,456,9141.0,9154.0,14.0,Jab,Jab,1,pending,data/raw/Skeleton_data/V1.npy,456,True,True,True,ok,
V1_00458,V1,/Users/krishna/dev/fightflow/data/downloaded-videos/V1.mp4,457,9175.0,9194.0,20.0,Cross,Cross,0,pending,data/raw/Skeleton_data/V1.npy,457,True,True,True,ok,
V1_00459,V1,/Users/krishna/dev/fightflow/data/downloaded-videos/V1.mp4,458,9208.0,9223.0,16.0,Jab,Jab,1,pending,data/raw/Skeleton_data/V1.npy,458,True,True,True,ok,
V1_00460,V1,/Users/krishna/dev/fightflow/data/downloaded-videos/V1.mp4,459,9242.0,9261.0,20.0,Cross,Cross,0,pending,data/raw/Skeleton_data/V1.npy,459,True,True,True,ok,
V1_00461,V1,/Users/krishna/dev/fightflow/data/downloaded-videos/V1.mp4,460,9273.0,9295.0,23.0,Jab,Jab,1,pending,data/raw/Skeleton_data/V1.npy,460,True,True,True,ok,
V1_00462,V1,/Users/krishna/dev/fightflow/data/downloaded-videos/V1.mp4,461,9309.0,9330.0,22.0,Cross,Cross,0,pending,data/raw/Skeleton_data/V1.npy,461,True,True,True,ok,
V1_00463,V1,/Users/krishna/dev/fightflow/data/downloaded-videos/V1.mp4,462,9341.0,9359.0,19.0,Jab,Jab,1,pending,data/raw/Skeleton_data/V1.npy,462,True,True,True,ok,
V1_00464,V1,/Users/krishna/dev/fightflow/data/downloaded-videos/V1.mp4,463,9375.0,9399.0,25.0,Cross,Cross,0,pending,data/raw/Skeleton_data/V1.npy,463,True,True,True,ok,
V1_00465,V1,/Users/krishna/dev/fightflow/data/downloaded-videos/V1.mp4,464,9410.0,9430.0,21.0,Jab,Jab,1,pending,data/raw/Skeleton_data/V1.npy,464,True,True,True,ok,
V1_00466,V1,/Users/krishna/dev/fightflow/data/downloaded-videos/V1.mp4,465,9445.0,9468.0,24.0,Cross,Cross,0,pending,data/raw/Skeleton_data/V1.npy,465,True,True,True,ok,
V1_00467,V1,/Users/krishna/dev/fightflow/data/downloaded-videos/V1.mp4,466,9481.0,9496.0,16.0,Jab,Jab,1,pending,data/raw/Skeleton_data/V1.npy,466,True,True,True,ok,
V1_00468,V1,/Users/krishna/dev/fightflow/data/downloaded-videos/V1.mp4,467,9515.0,9537.0,23.0,Cross,Cross,0,pending,data/raw/Skeleton_data/V1.npy,467,True,True,True,ok,
V1_00469,V1,/Users/krishna/dev/fightflow/data/downloaded-videos/V1.mp4,468,9548.0,9569.0,22.0,Jab,Jab,1,pending,data/raw/Skeleton_data/V1.npy,468,True,True,True,ok,
V1_00470,V1,/Users/krishna/dev/fightflow/data/downloaded-videos/V1.mp4,469,9585.0,9606.0,22.0,Cross,Cross,0,pending,data/raw/Skeleton_data/V1.npy,469,True,True,True,ok,
V1_00471,V1,/Users/krishna/dev/fightflow/data/downloaded-videos/V1.mp4,470,9616.0,9633.0,18.0,Jab,Jab,1,pending,data/raw/Skeleton_data/V1.npy,470,True,True,True,ok,
V1_00472,V1,/Users/krishna/dev/fightflow/data/downloaded-videos/V1.mp4,471,9653.0,9673.0,21.0,Cross,Cross,0,pending,data/raw/Skeleton_data/V1.npy,471,True,True,True,ok,
V1_00473,V1,/Users/krishna/dev/fightflow/data/downloaded-videos/V1.mp4,472,9684.0,9703.0,20.0,Jab,Jab,1,pending,data/raw/Skeleton_data/V1.npy,472,True,True,True,ok,
V1_00474,V1,/Users/krishna/dev/fightflow/data/downloaded-videos/V1.mp4,473,9720.0,9741.0,22.0,Cross,Cross,0,pending,data/raw/Skeleton_data/V1.npy,473,True,True,True,ok,
V1_00475,V1,/Users/krishna/dev/fightflow/data/downloaded-videos/V1.mp4,474,9753.0,9771.0,19.0,Jab,Jab,1,pending,data/raw/Skeleton_data/V1.npy,474,True,True,True,ok,
V1_00476,V1,/Users/krishna/dev/fightflow/data/downloaded-videos/V1.mp4,475,9789.0,9807.0,19.0,Cross,Cross,0,pending,data/raw/Skeleton_data/V1.npy,475,True,True,True,ok,
V1_00477,V1,/Users/krishna/dev/fightflow/data/downloaded-videos/V1.mp4,476,10665.0,10679.0,15.0,Cross,Cross,0,pending,data/raw/Skeleton_data/V1.npy,476,True,True,True,ok,
V1_00478,V1,/Users/krishna/dev/fightflow/data/downloaded-videos/V1.mp4,477,10680.0,10685.0,6.0,Jab,Jab,1,pending,data/raw/Skeleton_data/V1.npy,477,True,True,True,ok,
V1_00479,V1,/Users/krishna/dev/fightflow/data/downloaded-videos/V1.mp4,478,10686.0,10696.0,11.0,Cross,Cross,0,pending,data/raw/Skeleton_data/V1.npy,478,True,True,True,ok,
V1_00480,V1,/Users/krishna/dev/fightflow/data/downloaded-videos/V1.mp4,479,10705.0,10714.0,10.0,Cross,Cross,0,pending,data/raw/Skeleton_data/V1.npy,479,True,True,True,ok,
V1_00481,V1,/Users/krishna/dev/fightflow/data/downloaded-videos/V1.mp4,480,10714.0,10720.0,7.0,Lead Uppercut,Lead Uppercut,3,pending,data/raw/Skeleton_data/V1.npy,480,True,True,True,ok,
V1_00482,V1,/Users/krishna/dev/fightflow/data/downloaded-videos/V1.mp4,481,10721.0,10730.0,10.0,Cross,Cross,0,pending,data/raw/Skeleton_data/V1.npy,481,True,True,True,ok,
V1_00483,V1,/Users/krishna/dev/fightflow/data/downloaded-videos/V1.mp4,482,10742.0,10750.0,9.0,Cross,Cross,0,pending,data/raw/Skeleton_data/V1.npy,482,True,True,True,ok,
V1_00484,V1,/Users/krishna/dev/fightflow/data/downloaded-videos/V1.mp4,483,10750.0,10757.0,8.0,Lead Uppercut,Lead Uppercut,3,pending,data/raw/Skeleton_data/V1.npy,483,True,True,True,ok,
V1_00485,V1,/Users/krishna/dev/fightflow/data/downloaded-videos/V1.mp4,484,10758.0,10767.0,10.0,Cross,Cross,0,pending,data/raw/Skeleton_data/V1.npy,484,True,True,True,ok,
V1_00486,V1,/Users/krishna/dev/fightflow/data/downloaded-videos/V1.mp4,485,10775.0,10783.0,9.0,Cross,Cross,0,pending,data/raw/Skeleton_data/V1.npy,485,True,True,True,ok,
V1_00487,V1,/Users/krishna/dev/fightflow/data/downloaded-videos/V1.mp4,486,10783.0,10790.0,8.0,Lead Uppercut,Lead Uppercut,3,pending,data/raw/Skeleton_data/V1.npy,486,True,True,True,ok,
V1_00488,V1,/Users/krishna/dev/fightflow/data/downloaded-videos/V1.mp4,487,10791.0,10800.0,10.0,Cross,Cross,0,pending,data/raw/Skeleton_data/V1.npy,487,True,True,True,ok,
V1_00489,V1,/Users/krishna/dev/fightflow/data/downloaded-videos/V1.mp4,488,10806.0,10816.0,11.0,Cross,Cross,0,pending,data/raw/Skeleton_data/V1.npy,488,True,True,True,ok,
V1_00490,V1,/Users/krishna/dev/fightflow/data/downloaded-videos/V1.mp4,489,10816.0,10823.0,8.0,Lead Uppercut,Lead Uppercut,3,pending,data/raw/Skeleton_data/V1.npy,489,True,True,True,ok,
V1_00491,V1,/Users/krishna/dev/fightflow/data/downloaded-videos/V1.mp4,490,10824.0,10832.0,9.0,Cross,Cross,0,pending,data/raw/Skeleton_data/V1.npy,490,True,True,True,ok,
V1_00492,V1,/Users/krishna/dev/fightflow/data/downloaded-videos/V1.mp4,491,10837.0,10847.0,11.0,Cross,Cross,0,pending,data/raw/Skeleton_data/V1.npy,491,True,True,True,ok,
V1_00493,V1,/Users/krishna/dev/fightflow/data/downloaded-videos/V1.mp4,492,10848.0,10854.0,7.0,Lead Uppercut,Lead Uppercut,3,pending,data/raw/Skeleton_data/V1.npy,492,True,True,True,ok,
V1_00494,V1,/Users/krishna/dev/fightflow/data/downloaded-videos/V1.mp4,493,10855.0,10864.0,10.0,Cross,Cross,0,pending,data/raw/Skeleton_data/V1.npy,493,True,True,True,ok,
V1_00495,V1,/Users/krishna/dev/fightflow/data/downloaded-videos/V1.mp4,494,10865.0,10879.0,15.0,Cross,Cross,0,pending,data/raw/Skeleton_data/V1.npy,494,True,True,True,ok,
V1_00496,V1,/Users/krishna/dev/fightflow/data/downloaded-videos/V1.mp4,495,10879.0,10886.0,8.0,Lead Uppercut,Lead Uppercut,3,pending,data/raw/Skeleton_data/V1.npy,495,True,True,True,ok,
V1_00497,V1,/Users/krishna/dev/fightflow/data/downloaded-videos/V1.mp4,496,10887.0,10896.0,10.0,Cross,Cross,0,pending,data/raw/Skeleton_data/V1.npy,496,True,True,True,ok,
V1_00498,V1,/Users/krishna/dev/fightflow/data/downloaded-videos/V1.mp4,497,10902.0,10911.0,10.0,Cross,Cross,0,pending,data/raw/Skeleton_data/V1.npy,497,True,True,True,ok,
V1_00499,V1,/Users/krishna/dev/fightflow/data/downloaded-videos/V1.mp4,498,10911.0,10919.0,9.0,Lead Uppercut,Lead Uppercut,3,pending,data/raw/Skeleton_data/V1.npy,498,True,True,True,ok,
V1_00500,V1,/Users/krishna/dev/fightflow/data/downloaded-videos/V1.mp4,499,10920.0,10927.0,8.0,Cross,Cross,0,pending,data/raw/Skeleton_data/V1.npy,499,True,True,True,ok,
V1_00501,V1,/Users/krishna/dev/fightflow/data/downloaded-videos/V1.mp4,500,10937.0,10943.0,7.0,Cross,Cross,0,pending,data/raw/Skeleton_data/V1.npy,500,True,True,True,ok,
V1_00502,V1,/Users/krishna/dev/fightflow/data/downloaded-videos/V1.mp4,501,10944.0,10951.0,8.0,Lead Uppercut,Lead Uppercut,3,pending,data/raw/Skeleton_data/V1.npy,501,True,True,True,ok,
V1_00503,V1,/Users/krishna/dev/fightflow/data/downloaded-videos/V1.mp4,502,10952.0,10960.0,9.0,Cross,Cross,0,pending,data/raw/Skeleton_data/V1.npy,502,True,True,True,ok,
V1_00504,V1,/Users/krishna/dev/fightflow/data/downloaded-videos/V1.mp4,503,10970.0,10978.0,9.0,Cross,Cross,0,pending,data/raw/Skeleton_data/V1.npy,503,True,True,True,ok,
V1_00505,V1,/Users/krishna/dev/fightflow/data/downloaded-videos/V1.mp4,504,10979.0,10985.0,7.0,Lead Uppercut,Lead Uppercut,3,pending,data/raw/Skeleton_data/V1.npy,504,True,True,True,ok,
V1_00506,V1,/Users/krishna/dev/fightflow/data/downloaded-videos/V1.mp4,505,10986.0,10994.0,9.0,Cross,Cross,0,pending,data/raw/Skeleton_data/V1.npy,505,True,True,True,ok,
V1_00507,V1,/Users/krishna/dev/fightflow/data/downloaded-videos/V1.mp4,506,11001.0,11009.0,9.0,Cross,Cross,0,pending,data/raw/Skeleton_data/V1.npy,506,True,True,True,ok,
V1_00508,V1,/Users/krishna/dev/fightflow/data/downloaded-videos/V1.mp4,507,11010.0,11016.0,7.0,Lead Uppercut,Lead Uppercut,3,pending,data/raw/Skeleton_data/V1.npy,507,True,True,True,ok,
V1_00509,V1,/Users/krishna/dev/fightflow/data/downloaded-videos/V1.mp4,508,11017.0,11025.0,9.0,Cross,Cross,0,pending,data/raw/Skeleton_data/V1.npy,508,True,True,True,ok,
V1_00510,V1,/Users/krishna/dev/fightflow/data/downloaded-videos/V1.mp4,509,11034.0,11042.0,9.0,Cross,Cross,0,pending,data/raw/Skeleton_data/V1.npy,509,True,True,True,ok,
V1_00511,V1,/Users/krishna/dev/fightflow/data/downloaded-videos/V1.mp4,510,11043.0,11049.0,7.0,Lead Uppercut,Lead Uppercut,3,pending,data/raw/Skeleton_data/V1.npy,510,True,True,True,ok,
V1_00512,V1,/Users/krishna/dev/fightflow/data/downloaded-videos/V1.mp4,511,11050.0,11059.0,10.0,Cross,Cross,0,pending,data/raw/Skeleton_data/V1.npy,511,True,True,True,ok,
V1_00513,V1,/Users/krishna/dev/fightflow/data/downloaded-videos/V1.mp4,512,11068.0,11075.0,8.0,Cross,Cross,0,pending,data/raw/Skeleton_data/V1.npy,512,True,True,True,ok,
V1_00514,V1,/Users/krishna/dev/fightflow/data/downloaded-videos/V1.mp4,513,11076.0,11082.0,7.0,Lead Uppercut,Lead Uppercut,3,pending,data/raw/Skeleton_data/V1.npy,513,True,True,True,ok,
V1_00515,V1,/Users/krishna/dev/fightflow/data/downloaded-videos/V1.mp4,514,11083.0,11094.0,12.0,Cross,Cross,0,pending,data/raw/Skeleton_data/V1.npy,514,True,True,True,ok,
V1_00516,V1,/Users/krishna/dev/fightflow/data/downloaded-videos/V1.mp4,515,11101.0,11110.0,10.0,Cross,Cross,0,pending,data/raw/Skeleton_data/V1.npy,515,True,True,True,ok,
V1_00517,V1,/Users/krishna/dev/fightflow/data/downloaded-videos/V1.mp4,516,11110.0,11117.0,8.0,Lead Uppercut,Lead Uppercut,3,pending,data/raw/Skeleton_data/V1.npy,516,True,True,True,ok,
V1_00518,V1,/Users/krishna/dev/fightflow/data/downloaded-videos/V1.mp4,517,11118.0,11127.0,10.0,cross,Cross,0,pending,data/raw/Skeleton_data/V1.npy,517,True,True,True,ok,
V1_00519,V1,/Users/krishna/dev/fightflow/data/downloaded-videos/V1.mp4,518,11136.0,11144.0,9.0,Cross,Cross,0,pending,data/raw/Skeleton_data/V1.npy,518,True,True,True,ok,
V1_00520,V1,/Users/krishna/dev/fightflow/data/downloaded-videos/V1.mp4,519,11144.0,11151.0,8.0,Lead Uppercut,Lead Uppercut,3,pending,data/raw/Skeleton_data/V1.npy,519,True,True,True,ok,
V1_00521,V1,/Users/krishna/dev/fightflow/data/downloaded-videos/V1.mp4,520,11152.0,11162.0,11.0,Cross,Cross,0,pending,data/raw/Skeleton_data/V1.npy,520,True,True,True,ok,
V1_00522,V1,/Users/krishna/dev/fightflow/data/downloaded-videos/V1.mp4,521,11170.0,11178.0,9.0,Cross,Cross,0,pending,data/raw/Skeleton_data/V1.npy,521,True,True,True,ok,
V1_00523,V1,/Users/krishna/dev/fightflow/data/downloaded-videos/V1.mp4,522,11179.0,11186.0,8.0,Lead Uppercut,Lead Uppercut,3,pending,data/raw/Skeleton_data/V1.npy,522,True,True,True,ok,
V1_00524,V1,/Users/krishna/dev/fightflow/data/downloaded-videos/V1.mp4,523,11187.0,11197.0,11.0,Cross,Cross,0,pending,data/raw/Skeleton_data/V1.npy,523,True,True,True,ok,
V1_00525,V1,/Users/krishna/dev/fightflow/data/downloaded-videos/V1.mp4,524,11203.0,11212.0,10.0,Cross,Cross,0,pending,data/raw/Skeleton_data/V1.npy,524,True,True,True,ok,
V1_00526,V1,/Users/krishna/dev/fightflow/data/downloaded-videos/V1.mp4,525,11212.0,11218.0,7.0,Lead Uppercut,Lead Uppercut,3,pending,data/raw/Skeleton_data/V1.npy,525,True,True,True,ok,
V1_00527,V1,/Users/krishna/dev/fightflow/data/downloaded-videos/V1.mp4,526,11219.0,11228.0,10.0,Cross,Cross,0,pending,data/raw/Skeleton_data/V1.npy,526,True,True,True,ok,
V1_00528,V1,/Users/krishna/dev/fightflow/data/downloaded-videos/V1.mp4,527,11238.0,11246.0,9.0,Cross,Cross,0,pending,data/raw/Skeleton_data/V1.npy,527,True,True,True,ok,
V1_00529,V1,/Users/krishna/dev/fightflow/data/downloaded-videos/V1.mp4,528,11247.0,11253.0,7.0,Lead Uppercut,Lead Uppercut,3,pending,data/raw/Skeleton_data/V1.npy,528,True,True,True,ok,
V1_00530,V1,/Users/krishna/dev/fightflow/data/downloaded-videos/V1.mp4,529,11254.0,11263.0,10.0,Cross,Cross,0,pending,data/raw/Skeleton_data/V1.npy,529,True,True,True,ok,
V1_00531,V1,/Users/krishna/dev/fightflow/data/downloaded-videos/V1.mp4,530,11273.0,11282.0,10.0,Cross,Cross,0,pending,data/raw/Skeleton_data/V1.npy,530,True,True,True,ok,
V1_00532,V1,/Users/krishna/dev/fightflow/data/downloaded-videos/V1.mp4,531,11283.0,11289.0,7.0,Lead Uppercut,Lead Uppercut,3,pending,data/raw/Skeleton_data/V1.npy,531,True,True,True,ok,
V1_00533,V1,/Users/krishna/dev/fightflow/data/downloaded-videos/V1.mp4,532,11290.0,11299.0,10.0,Cross,Cross,0,pending,data/raw/Skeleton_data/V1.npy,532,True,True,True,ok,
V1_00534,V1,/Users/krishna/dev/fightflow/data/downloaded-videos/V1.mp4,533,11309.0,11317.0,9.0,Cross,Cross,0,pending,data/raw/Skeleton_data/V1.npy,533,True,True,True,ok,
V1_00535,V1,/Users/krishna/dev/fightflow/data/downloaded-videos/V1.mp4,534,11318.0,11325.0,8.0,Lead Uppercut,Lead Uppercut,3,pending,data/raw/Skeleton_data/V1.npy,534,True,True,True,ok,
V1_00536,V1,/Users/krishna/dev/fightflow/data/downloaded-videos/V1.mp4,535,11326.0,11337.0,12.0,Cross,Cross,0,pending,data/raw/Skeleton_data/V1.npy,535,True,True,True,ok,
V1_00537,V1,/Users/krishna/dev/fightflow/data/downloaded-videos/V1.mp4,536,11347.0,11354.0,8.0,Cross,Cross,0,pending,data/raw/Skeleton_data/V1.npy,536,True,True,True,ok,
V1_00538,V1,/Users/krishna/dev/fightflow/data/downloaded-videos/V1.mp4,537,11355.0,11361.0,7.0,Lead Uppercut,Lead Uppercut,3,pending,data/raw/Skeleton_data/V1.npy,537,True,True,True,ok,
V1_00539,V1,/Users/krishna/dev/fightflow/data/downloaded-videos/V1.mp4,538,11362.0,11373.0,12.0,Cross,Cross,0,pending,data/raw/Skeleton_data/V1.npy,538,True,True,True,ok,
V1_00540,V1,/Users/krishna/dev/fightflow/data/downloaded-videos/V1.mp4,539,11384.0,11391.0,8.0,Cross,Cross,0,pending,data/raw/Skeleton_data/V1.npy,539,True,True,True,ok,
V1_00541,V1,/Users/krishna/dev/fightflow/data/downloaded-videos/V1.mp4,540,11391.0,11398.0,8.0,Lead Uppercut,Lead Uppercut,3,pending,data/raw/Skeleton_data/V1.npy,540,True,True,True,ok,
V1_00542,V1,/Users/krishna/dev/fightflow/data/downloaded-videos/V1.mp4,541,11399.0,11409.0,11.0,Cross,Cross,0,pending,data/raw/Skeleton_data/V1.npy,541,True,True,True,ok,
V1_00543,V1,/Users/krishna/dev/fightflow/data/downloaded-videos/V1.mp4,542,11419.0,11428.0,10.0,Cross,Cross,0,pending,data/raw/Skeleton_data/V1.npy,542,True,True,True,ok,
V1_00544,V1,/Users/krishna/dev/fightflow/data/downloaded-videos/V1.mp4,543,11428.0,11435.0,8.0,Lead Uppercut,Lead Uppercut,3,pending,data/raw/Skeleton_data/V1.npy,543,True,True,True,ok,
V1_00545,V1,/Users/krishna/dev/fightflow/data/downloaded-videos/V1.mp4,544,11436.0,11446.0,11.0,Cross,Cross,0,pending,data/raw/Skeleton_data/V1.npy,544,True,True,True,ok,
V1_00546,V1,/Users/krishna/dev/fightflow/data/downloaded-videos/V1.mp4,545,11456.0,11466.0,11.0,Cross,Cross,0,pending,data/raw/Skeleton_data/V1.npy,545,True,True,True,ok,
V1_00547,V1,/Users/krishna/dev/fightflow/data/downloaded-videos/V1.mp4,546,11467.0,11472.0,6.0,Lead Uppercut,Lead Uppercut,3,pending,data/raw/Skeleton_data/V1.npy,546,True,True,True,ok,
V1_00548,V1,/Users/krishna/dev/fightflow/data/downloaded-videos/V1.mp4,547,11473.0,11483.0,11.0,Cross,Cross,0,pending,data/raw/Skeleton_data/V1.npy,547,True,True,True,ok,
V1_00549,V1,/Users/krishna/dev/fightflow/data/downloaded-videos/V1.mp4,548,11496.0,11504.0,9.0,Cross,Cross,0,pending,data/raw/Skeleton_data/V1.npy,548,True,True,True,ok,
V1_00550,V1,/Users/krishna/dev/fightflow/data/downloaded-videos/V1.mp4,549,11505.0,11511.0,7.0,Lead Uppercut,Lead Uppercut,3,pending,data/raw/Skeleton_data/V1.npy,549,True,True,True,ok,
V1_00551,V1,/Users/krishna/dev/fightflow/data/downloaded-videos/V1.mp4,550,11512.0,11522.0,11.0,Cross,Cross,0,pending,data/raw/Skeleton_data/V1.npy,550,True,True,True,ok,
V1_00552,V1,/Users/krishna/dev/fightflow/data/downloaded-videos/V1.mp4,551,11533.0,11541.0,9.0,Cross,Cross,0,pending,data/raw/Skeleton_data/V1.npy,551,True,True,True,ok,
V1_00553,V1,/Users/krishna/dev/fightflow/data/downloaded-videos/V1.mp4,552,11542.0,11549.0,8.0,Lead Uppercut,Lead Uppercut,3,pending,data/raw/Skeleton_data/V1.npy,552,True,True,True,ok,
V1_00554,V1,/Users/krishna/dev/fightflow/data/downloaded-videos/V1.mp4,553,11550.0,11559.0,10.0,Cross,Cross,0,pending,data/raw/Skeleton_data/V1.npy,553,True,True,True,ok,
V1_00555,V1,/Users/krishna/dev/fightflow/data/downloaded-videos/V1.mp4,554,11571.0,11579.0,9.0,Cross,Cross,0,pending,data/raw/Skeleton_data/V1.npy,554,True,True,True,ok,
V1_00556,V1,/Users/krishna/dev/fightflow/data/downloaded-videos/V1.mp4,555,11580.0,11586.0,7.0,Lead Uppercut,Lead Uppercut,3,pending,data/raw/Skeleton_data/V1.npy,555,True,True,True,ok,
V1_00557,V1,/Users/krishna/dev/fightflow/data/downloaded-videos/V1.mp4,556,11587.0,11596.0,10.0,Cross,Cross,0,pending,data/raw/Skeleton_data/V1.npy,556,True,True,True,ok,
V1_00558,V1,/Users/krishna/dev/fightflow/data/downloaded-videos/V1.mp4,557,11608.0,11616.0,9.0,Cross,Cross,0,pending,data/raw/Skeleton_data/V1.npy,557,True,True,True,ok,
V1_00559,V1,/Users/krishna/dev/fightflow/data/downloaded-videos/V1.mp4,558,11617.0,11623.0,7.0,Lead Uppercut,Lead Uppercut,3,pending,data/raw/Skeleton_data/V1.npy,558,True,True,True,ok,
V1_00560,V1,/Users/krishna/dev/fightflow/data/downloaded-videos/V1.mp4,559,11624.0,11632.0,9.0,Cross,Cross,0,pending,data/raw/Skeleton_data/V1.npy,559,True,True,True,ok,
V1_00561,V1,/Users/krishna/dev/fightflow/data/downloaded-videos/V1.mp4,560,11647.0,11654.0,8.0,Cross,Cross,0,pending,data/raw/Skeleton_data/V1.npy,560,True,True,True,ok,
V1_00562,V1,/Users/krishna/dev/fightflow/data/downloaded-videos/V1.mp4,561,11655.0,11662.0,8.0,Lead Uppercut,Lead Uppercut,3,pending,data/raw/Skeleton_data/V1.npy,561,True,True,True,ok,
V1_00563,V1,/Users/krishna/dev/fightflow/data/downloaded-videos/V1.mp4,562,11663.0,11673.0,11.0,Cross,Cross,0,pending,data/raw/Skeleton_data/V1.npy,562,True,True,True,ok,
V1_00564,V1,/Users/krishna/dev/fightflow/data/downloaded-videos/V1.mp4,563,11685.0,11693.0,9.0,Cross,Cross,0,pending,data/raw/Skeleton_data/V1.npy,563,True,True,True,ok,
V1_00565,V1,/Users/krishna/dev/fightflow/data/downloaded-videos/V1.mp4,564,11694.0,11700.0,7.0,Lead Uppercut,Lead Uppercut,3,pending,data/raw/Skeleton_data/V1.npy,564,True,True,True,ok,
V1_00566,V1,/Users/krishna/dev/fightflow/data/downloaded-videos/V1.mp4,565,11701.0,11710.0,10.0,Cross,Cross,0,pending,data/raw/Skeleton_data/V1.npy,565,True,True,True,ok,
V1_00567,V1,/Users/krishna/dev/fightflow/data/downloaded-videos/V1.mp4,566,11724.0,11732.0,9.0,Cross,Cross,0,pending,data/raw/Skeleton_data/V1.npy,566,True,True,True,ok,
V1_00568,V1,/Users/krishna/dev/fightflow/data/downloaded-videos/V1.mp4,567,11733.0,11739.0,7.0,Lead Uppercut,Lead Uppercut,3,pending,data/raw/Skeleton_data/V1.npy,567,True,True,True,ok,
V1_00569,V1,/Users/krishna/dev/fightflow/data/downloaded-videos/V1.mp4,568,11740.0,11749.0,10.0,Cross,Cross,0,pending,data/raw/Skeleton_data/V1.npy,568,True,True,True,ok,
V1_00570,V1,/Users/krishna/dev/fightflow/data/downloaded-videos/V1.mp4,569,11761.0,11771.0,11.0,Cross,Cross,0,pending,data/raw/Skeleton_data/V1.npy,569,True,True,True,ok,
V1_00571,V1,/Users/krishna/dev/fightflow/data/downloaded-videos/V1.mp4,570,11772.0,11779.0,8.0,Lead Uppercut,Lead Uppercut,3,pending,data/raw/Skeleton_data/V1.npy,570,True,True,True,ok,
V1_00572,V1,/Users/krishna/dev/fightflow/data/downloaded-videos/V1.mp4,571,11780.0,11790.0,11.0,Cross,Cross,0,pending,data/raw/Skeleton_data/V1.npy,571,True,True,True,ok,
V1_00573,V1,/Users/krishna/dev/fightflow/data/downloaded-videos/V1.mp4,572,11802.0,11812.0,11.0,Cross,Cross,0,pending,data/raw/Skeleton_data/V1.npy,572,True,True,True,ok,
V1_00574,V1,/Users/krishna/dev/fightflow/data/downloaded-videos/V1.mp4,573,11813.0,11819.0,7.0,Lead Uppercut,Lead Uppercut,3,pending,data/raw/Skeleton_data/V1.npy,573,True,True,True,ok,
V1_00575,V1,/Users/krishna/dev/fightflow/data/downloaded-videos/V1.mp4,574,11820.0,11830.0,11.0,Cross,Cross,0,pending,data/raw/Skeleton_data/V1.npy,574,True,True,True,ok,
V1_00576,V1,/Users/krishna/dev/fightflow/data/downloaded-videos/V1.mp4,575,11842.0,11851.0,10.0,Cross,Cross,0,pending,data/raw/Skeleton_data/V1.npy,575,True,True,True,ok,
V1_00577,V1,/Users/krishna/dev/fightflow/data/downloaded-videos/V1.mp4,576,11852.0,11858.0,7.0,Lead Uppercut,Lead Uppercut,3,pending,data/raw/Skeleton_data/V1.npy,576,True,True,True,ok,
V1_00578,V1,/Users/krishna/dev/fightflow/data/downloaded-videos/V1.mp4,577,11859.0,11870.0,12.0,Cross,Cross,0,pending,data/raw/Skeleton_data/V1.npy,577,True,True,True,ok,
V1_00579,V1,/Users/krishna/dev/fightflow/data/downloaded-videos/V1.mp4,578,11882.0,11892.0,11.0,Cross,Cross,0,pending,data/raw/Skeleton_data/V1.npy,578,True,True,True,ok,
V1_00580,V1,/Users/krishna/dev/fightflow/data/downloaded-videos/V1.mp4,579,11893.0,11899.0,7.0,Lead Uppercut,Lead Uppercut,3,pending,data/raw/Skeleton_data/V1.npy,579,True,True,True,ok,
V1_00581,V1,/Users/krishna/dev/fightflow/data/downloaded-videos/V1.mp4,580,11900.0,11910.0,11.0,Cross,Cross,0,pending,data/raw/Skeleton_data/V1.npy,580,True,True,True,ok,
V1_00582,V1,/Users/krishna/dev/fightflow/data/downloaded-videos/V1.mp4,581,11924.0,11932.0,9.0,Cross,Cross,0,pending,data/raw/Skeleton_data/V1.npy,581,True,True,True,ok,
V1_00583,V1,/Users/krishna/dev/fightflow/data/downloaded-videos/V1.mp4,582,11933.0,11938.0,6.0,Lead Uppercut,Lead Uppercut,3,pending,data/raw/Skeleton_data/V1.npy,582,True,True,True,ok,
V1_00584,V1,/Users/krishna/dev/fightflow/data/downloaded-videos/V1.mp4,583,11939.0,11949.0,11.0,Cross,Cross,0,pending,data/raw/Skeleton_data/V1.npy,583,True,True,True,ok,
V1_00585,V1,/Users/krishna/dev/fightflow/data/downloaded-videos/V1.mp4,584,11962.0,11972.0,11.0,Cross,Cross,0,pending,data/raw/Skeleton_data/V1.npy,584,True,True,True,ok,
V1_00586,V1,/Users/krishna/dev/fightflow/data/downloaded-videos/V1.mp4,585,11973.0,11978.0,6.0,Lead Uppercut,Lead Uppercut,3,pending,data/raw/Skeleton_data/V1.npy,585,True,True,True,ok,
V1_00587,V1,/Users/krishna/dev/fightflow/data/downloaded-videos/V1.mp4,586,11979.0,11989.0,11.0,Cross,Cross,0,pending,data/raw/Skeleton_data/V1.npy,586,True,True,True,ok,
V1_00588,V1,/Users/krishna/dev/fightflow/data/downloaded-videos/V1.mp4,587,12002.0,12012.0,11.0,Cross,Cross,0,pending,data/raw/Skeleton_data/V1.npy,587,True,True,True,ok,
V1_00589,V1,/Users/krishna/dev/fightflow/data/downloaded-videos/V1.mp4,588,12013.0,12018.0,6.0,Lead Uppercut,Lead Uppercut,3,pending,data/raw/Skeleton_data/V1.npy,588,True,True,True,ok,
V1_00590,V1,/Users/krishna/dev/fightflow/data/downloaded-videos/V1.mp4,589,12019.0,12029.0,11.0,Cross,Cross,0,pending,data/raw/Skeleton_data/V1.npy,589,True,True,True,ok,
V1_00591,V1,/Users/krishna/dev/fightflow/data/downloaded-videos/V1.mp4,590,12040.0,12051.0,12.0,Cross,Cross,0,pending,data/raw/Skeleton_data/V1.npy,590,True,True,True,ok,
V1_00592,V1,/Users/krishna/dev/fightflow/data/downloaded-videos/V1.mp4,591,12052.0,12057.0,6.0,Lead Uppercut,Lead Uppercut,3,pending,data/raw/Skeleton_data/V1.npy,591,True,True,True,ok,
V1_00593,V1,/Users/krishna/dev/fightflow/data/downloaded-videos/V1.mp4,592,12058.0,12068.0,11.0,Cross,Cross,0,pending,data/raw/Skeleton_data/V1.npy,592,True,True,True,ok,
V1_00594,V1,/Users/krishna/dev/fightflow/data/downloaded-videos/V1.mp4,593,12079.0,12088.0,10.0,Cross,Cross,0,pending,data/raw/Skeleton_data/V1.npy,593,True,True,True,ok,
V1_00595,V1,/Users/krishna/dev/fightflow/data/downloaded-videos/V1.mp4,594,12089.0,12095.0,7.0,Lead Uppercut,Lead Uppercut,3,pending,data/raw/Skeleton_data/V1.npy,594,True,True,True,ok,
V1_00596,V1,/Users/krishna/dev/fightflow/data/downloaded-videos/V1.mp4,595,12096.0,12107.0,12.0,Cross,Cross,0,pending,data/raw/Skeleton_data/V1.npy,595,True,True,True,ok,
V1_00597,V1,/Users/krishna/dev/fightflow/data/downloaded-videos/V1.mp4,596,12836.0,12846.0,11.0,Cross,Cross,0,pending,data/raw/Skeleton_data/V1.npy,596,True,True,True,ok,
V1_00598,V1,/Users/krishna/dev/fightflow/data/downloaded-videos/V1.mp4,597,12846.0,12852.0,7.0,Lead Uppercut,Lead Uppercut,3,pending,data/raw/Skeleton_data/V1.npy,597,True,True,True,ok,
V1_00599,V1,/Users/krishna/dev/fightflow/data/downloaded-videos/V1.mp4,598,12853.0,12863.0,11.0,Cross,Cross,0,pending,data/raw/Skeleton_data/V1.npy,598,True,True,True,ok,
V1_00600,V1,/Users/krishna/dev/fightflow/data/downloaded-videos/V1.mp4,599,12871.0,12879.0,9.0,Cross,Cross,0,pending,data/raw/Skeleton_data/V1.npy,599,True,True,True,ok,
V1_00601,V1,/Users/krishna/dev/fightflow/data/downloaded-videos/V1.mp4,600,12879.0,12884.0,6.0,Lead Uppercut,Lead Uppercut,3,pending,data/raw/Skeleton_data/V1.npy,600,True,True,True,ok,
V1_00602,V1,/Users/krishna/dev/fightflow/data/downloaded-videos/V1.mp4,601,12885.0,12895.0,11.0,Cross,Cross,0,pending,data/raw/Skeleton_data/V1.npy,601,True,True,True,ok,
V1_00603,V1,/Users/krishna/dev/fightflow/data/downloaded-videos/V1.mp4,602,12902.0,12909.0,8.0,Cross,Cross,0,pending,data/raw/Skeleton_data/V1.npy,602,True,True,True,ok,
V1_00604,V1,/Users/krishna/dev/fightflow/data/downloaded-videos/V1.mp4,603,12910.0,12915.0,6.0,Lead Uppercut,Lead Uppercut,3,pending,data/raw/Skeleton_data/V1.npy,603,True,True,True,ok,
V1_00605,V1,/Users/krishna/dev/fightflow/data/downloaded-videos/V1.mp4,604,12916.0,12926.0,11.0,Cross,Cross,0,pending,data/raw/Skeleton_data/V1.npy,604,True,True,True,ok,
V1_00606,V1,/Users/krishna/dev/fightflow/data/downloaded-videos/V1.mp4,605,12934.0,12942.0,9.0,Cross,Cross,0,pending,data/raw/Skeleton_data/V1.npy,605,True,True,True,ok,
V1_00607,V1,/Users/krishna/dev/fightflow/data/downloaded-videos/V1.mp4,606,12943.0,12948.0,6.0,Lead Uppercut,Lead Uppercut,3,pending,data/raw/Skeleton_data/V1.npy,606,True,True,True,ok,
V1_00608,V1,/Users/krishna/dev/fightflow/data/downloaded-videos/V1.mp4,607,12949.0,12959.0,11.0,Cross,Cross,0,pending,data/raw/Skeleton_data/V1.npy,607,True,True,True,ok,
V1_00609,V1,/Users/krishna/dev/fightflow/data/downloaded-videos/V1.mp4,608,12967.0,12976.0,10.0,Cross,Cross,0,pending,data/raw/Skeleton_data/V1.npy,608,True,True,True,ok,
V1_00610,V1,/Users/krishna/dev/fightflow/data/downloaded-videos/V1.mp4,609,12977.0,12982.0,6.0,Lead Uppercut,Lead Uppercut,3,pending,data/raw/Skeleton_data/V1.npy,609,True,True,True,ok,
V1_00611,V1,/Users/krishna/dev/fightflow/data/downloaded-videos/V1.mp4,610,12983.0,12993.0,11.0,Cross,Cross,0,pending,data/raw/Skeleton_data/V1.npy,610,True,True,True,ok,
V1_00612,V1,/Users/krishna/dev/fightflow/data/downloaded-videos/V1.mp4,611,13000.0,13008.0,9.0,Cross,Cross,0,pending,data/raw/Skeleton_data/V1.npy,611,True,True,True,ok,
V1_00613,V1,/Users/krishna/dev/fightflow/data/downloaded-videos/V1.mp4,612,13009.0,13014.0,6.0,Lead Uppercut,Lead Uppercut,3,pending,data/raw/Skeleton_data/V1.npy,612,True,True,True,ok,
V1_00614,V1,/Users/krishna/dev/fightflow/data/downloaded-videos/V1.mp4,613,13015.0,13025.0,11.0,Cross,Cross,0,pending,data/raw/Skeleton_data/V1.npy,613,True,True,True,ok,
V1_00615,V1,/Users/krishna/dev/fightflow/data/downloaded-videos/V1.mp4,614,13032.0,13041.0,10.0,Cross,Cross,0,pending,data/raw/Skeleton_data/V1.npy,614,True,True,True,ok,
V1_00616,V1,/Users/krishna/dev/fightflow/data/downloaded-videos/V1.mp4,615,13042.0,13047.0,6.0,Lead Uppercut,Lead Uppercut,3,pending,data/raw/Skeleton_data/V1.npy,615,True,True,True,ok,
V1_00617,V1,/Users/krishna/dev/fightflow/data/downloaded-videos/V1.mp4,616,13048.0,13058.0,11.0,Cross,Cross,0,pending,data/raw/Skeleton_data/V1.npy,616,True,True,True,ok,
V1_00618,V1,/Users/krishna/dev/fightflow/data/downloaded-videos/V1.mp4,617,13064.0,13073.0,10.0,Cross,Cross,0,pending,data/raw/Skeleton_data/V1.npy,617,True,True,True,ok,
V1_00619,V1,/Users/krishna/dev/fightflow/data/downloaded-videos/V1.mp4,618,13074.0,13080.0,7.0,Lead Uppercut,Lead Uppercut,3,pending,data/raw/Skeleton_data/V1.npy,618,True,True,True,ok,
V1_00620,V1,/Users/krishna/dev/fightflow/data/downloaded-videos/V1.mp4,619,13081.0,13091.0,11.0,Cross,Cross,0,pending,data/raw/Skeleton_data/V1.npy,619,True,True,True,ok,
V1_00621,V1,/Users/krishna/dev/fightflow/data/downloaded-videos/V1.mp4,620,13098.0,13106.0,9.0,Cross,Cross,0,pending,data/raw/Skeleton_data/V1.npy,620,True,True,True,ok,
V1_00622,V1,/Users/krishna/dev/fightflow/data/downloaded-videos/V1.mp4,621,13106.0,13112.0,7.0,Lead Uppercut,Lead Uppercut,3,pending,data/raw/Skeleton_data/V1.npy,621,True,True,True,ok,
V1_00623,V1,/Users/krishna/dev/fightflow/data/downloaded-videos/V1.mp4,622,13113.0,13123.0,11.0,Cross,Cross,0,pending,data/raw/Skeleton_data/V1.npy,622,True,True,True,ok,
V1_00624,V1,/Users/krishna/dev/fightflow/data/downloaded-videos/V1.mp4,623,13130.0,13138.0,9.0,Cross,Cross,0,pending,data/raw/Skeleton_data/V1.npy,623,True,True,True,ok,
V1_00625,V1,/Users/krishna/dev/fightflow/data/downloaded-videos/V1.mp4,624,13139.0,13145.0,7.0,Lead Uppercut,Lead Uppercut,3,pending,data/raw/Skeleton_data/V1.npy,624,True,True,True,ok,
V1_00626,V1,/Users/krishna/dev/fightflow/data/downloaded-videos/V1.mp4,625,13146.0,13156.0,11.0,Cross,Cross,0,pending,data/raw/Skeleton_data/V1.npy,625,True,True,True,ok,
V1_00627,V1,/Users/krishna/dev/fightflow/data/downloaded-videos/V1.mp4,626,13164.0,13172.0,9.0,Cross,Cross,0,pending,data/raw/Skeleton_data/V1.npy,626,True,True,True,ok,
V1_00628,V1,/Users/krishna/dev/fightflow/data/downloaded-videos/V1.mp4,627,13173.0,13179.0,7.0,Lead Uppercut,Lead Uppercut,3,pending,data/raw/Skeleton_data/V1.npy,627,True,True,True,ok,
V1_00629,V1,/Users/krishna/dev/fightflow/data/downloaded-videos/V1.mp4,628,13180.0,13190.0,11.0,Cross,Cross,0,pending,data/raw/Skeleton_data/V1.npy,628,True,True,True,ok,
V1_00630,V1,/Users/krishna/dev/fightflow/data/downloaded-videos/V1.mp4,629,13197.0,13206.0,10.0,Cross,Cross,0,pending,data/raw/Skeleton_data/V1.npy,629,True,True,True,ok,
V1_00631,V1,/Users/krishna/dev/fightflow/data/downloaded-videos/V1.mp4,630,13207.0,13213.0,7.0,Lead Uppercut,Lead Uppercut,3,pending,data/raw/Skeleton_data/V1.npy,630,True,True,True,ok,
V1_00632,V1,/Users/krishna/dev/fightflow/data/downloaded-videos/V1.mp4,631,13214.0,13224.0,11.0,Cross,Cross,0,pending,data/raw/Skeleton_data/V1.npy,631,True,True,True,ok,
V1_00633,V1,/Users/krishna/dev/fightflow/data/downloaded-videos/V1.mp4,632,13233.0,13241.0,9.0,Cross,Cross,0,pending,data/raw/Skeleton_data/V1.npy,632,True,True,True,ok,
V1_00634,V1,/Users/krishna/dev/fightflow/data/downloaded-videos/V1.mp4,633,13242.0,13248.0,7.0,Lead Uppercut,Lead Uppercut,3,pending,data/raw/Skeleton_data/V1.npy,633,True,True,True,ok,
V1_00635,V1,/Users/krishna/dev/fightflow/data/downloaded-videos/V1.mp4,634,13249.0,13258.0,10.0,Cross,Cross,0,pending,data/raw/Skeleton_data/V1.npy,634,True,True,True,ok,
V1_00636,V1,/Users/krishna/dev/fightflow/data/downloaded-videos/V1.mp4,635,13267.0,13275.0,9.0,Cross,Cross,0,pending,data/raw/Skeleton_data/V1.npy,635,True,True,True,ok,
V1_00637,V1,/Users/krishna/dev/fightflow/data/downloaded-videos/V1.mp4,636,13276.0,13282.0,7.0,Lead Uppercut,Lead Uppercut,3,pending,data/raw/Skeleton_data/V1.npy,636,True,True,True,ok,
V1_00638,V1,/Users/krishna/dev/fightflow/data/downloaded-videos/V1.mp4,637,13283.0,13292.0,10.0,Cross,Cross,0,pending,data/raw/Skeleton_data/V1.npy,637,True,True,True,ok,
V1_00639,V1,/Users/krishna/dev/fightflow/data/downloaded-videos/V1.mp4,638,13302.0,13310.0,9.0,Cross,Cross,0,pending,data/raw/Skeleton_data/V1.npy,638,True,True,True,ok,
V1_00640,V1,/Users/krishna/dev/fightflow/data/downloaded-videos/V1.mp4,639,13311.0,13317.0,7.0,Lead Uppercut,Lead Uppercut,3,pending,data/raw/Skeleton_data/V1.npy,639,True,True,True,ok,
V1_00641,V1,/Users/krishna/dev/fightflow/data/downloaded-videos/V1.mp4,640,13318.0,13328.0,11.0,Cross,Cross,0,pending,data/raw/Skeleton_data/V1.npy,640,True,True,True,ok,
V1_00642,V1,/Users/krishna/dev/fightflow/data/downloaded-videos/V1.mp4,641,13336.0,13343.0,8.0,Cross,Cross,0,pending,data/raw/Skeleton_data/V1.npy,641,True,True,True,ok,
V1_00643,V1,/Users/krishna/dev/fightflow/data/downloaded-videos/V1.mp4,642,13344.0,13350.0,7.0,Lead Uppercut,Lead Uppercut,3,pending,data/raw/Skeleton_data/V1.npy,642,True,True,True,ok,
V1_00644,V1,/Users/krishna/dev/fightflow/data/downloaded-videos/V1.mp4,643,13351.0,13361.0,11.0,Cross,Cross,0,pending,data/raw/Skeleton_data/V1.npy,643,True,True,True,ok,
V1_00645,V1,/Users/krishna/dev/fightflow/data/downloaded-videos/V1.mp4,644,13370.0,13378.0,9.0,Cross,Cross,0,pending,data/raw/Skeleton_data/V1.npy,644,True,True,True,ok,
V1_00646,V1,/Users/krishna/dev/fightflow/data/downloaded-videos/V1.mp4,645,13379.0,13385.0,7.0,Lead Uppercut,Lead Uppercut,3,pending,data/raw/Skeleton_data/V1.npy,645,True,True,True,ok,
V1_00647,V1,/Users/krishna/dev/fightflow/data/downloaded-videos/V1.mp4,646,13386.0,13396.0,11.0,Cross,Cross,0,pending,data/raw/Skeleton_data/V1.npy,646,True,True,True,ok,
V1_00648,V1,/Users/krishna/dev/fightflow/data/downloaded-videos/V1.mp4,647,13404.0,13413.0,10.0,Cross,Cross,0,pending,data/raw/Skeleton_data/V1.npy,647,True,True,True,ok,
V1_00649,V1,/Users/krishna/dev/fightflow/data/downloaded-videos/V1.mp4,648,13414.0,13420.0,7.0,Lead Uppercut,Lead Uppercut,3,pending,data/raw/Skeleton_data/V1.npy,648,True,True,True,ok,
V1_00650,V1,/Users/krishna/dev/fightflow/data/downloaded-videos/V1.mp4,649,13421.0,13431.0,11.0,Cross,Cross,0,pending,data/raw/Skeleton_data/V1.npy,649,True,True,True,ok,
V1_00651,V1,/Users/krishna/dev/fightflow/data/downloaded-videos/V1.mp4,650,13439.0,13448.0,10.0,Cross,Cross,0,pending,data/raw/Skeleton_data/V1.npy,650,True,True,True,ok,
V1_00652,V1,/Users/krishna/dev/fightflow/data/downloaded-videos/V1.mp4,651,13449.0,13455.0,7.0,Lead Uppercut,Lead Uppercut,3,pending,data/raw/Skeleton_data/V1.npy,651,True,True,True,ok,
V1_00653,V1,/Users/krishna/dev/fightflow/data/downloaded-videos/V1.mp4,652,13456.0,13466.0,11.0,Cross,Cross,0,pending,data/raw/Skeleton_data/V1.npy,652,True,True,True,ok,
V1_00654,V1,/Users/krishna/dev/fightflow/data/downloaded-videos/V1.mp4,653,13475.0,13485.0,11.0,Cross,Cross,0,pending,data/raw/Skeleton_data/V1.npy,653,True,True,True,ok,
V1_00655,V1,/Users/krishna/dev/fightflow/data/downloaded-videos/V1.mp4,654,13486.0,13492.0,7.0,Lead Uppercut,Lead Uppercut,3,pending,data/raw/Skeleton_data/V1.npy,654,True,True,True,ok,
V1_00656,V1,/Users/krishna/dev/fightflow/data/downloaded-videos/V1.mp4,655,13493.0,13503.0,11.0,Cross,Cross,0,pending,data/raw/Skeleton_data/V1.npy,655,True,True,True,ok,
V1_00657,V1,/Users/krishna/dev/fightflow/data/downloaded-videos/V1.mp4,656,13512.0,13521.0,10.0,Cross,Cross,0,pending,data/raw/Skeleton_data/V1.npy,656,True,True,True,ok,
V1_00658,V1,/Users/krishna/dev/fightflow/data/downloaded-videos/V1.mp4,657,13522.0,13528.0,7.0,Lead Uppercut,Lead Uppercut,3,pending,data/raw/Skeleton_data/V1.npy,657,True,True,True,ok,
V1_00659,V1,/Users/krishna/dev/fightflow/data/downloaded-videos/V1.mp4,658,13529.0,13538.0,10.0,Cross,Cross,0,pending,data/raw/Skeleton_data/V1.npy,658,True,True,True,ok,
V1_00660,V1,/Users/krishna/dev/fightflow/data/downloaded-videos/V1.mp4,659,13548.0,13557.0,10.0,Cross,Cross,0,pending,data/raw/Skeleton_data/V1.npy,659,True,True,True,ok,
V1_00661,V1,/Users/krishna/dev/fightflow/data/downloaded-videos/V1.mp4,660,13558.0,13564.0,7.0,Lead Uppercut,Lead Uppercut,3,pending,data/raw/Skeleton_data/V1.npy,660,True,True,True,ok,
V1_00662,V1,/Users/krishna/dev/fightflow/data/downloaded-videos/V1.mp4,661,13565.0,13575.0,11.0,Cross,Cross,0,pending,data/raw/Skeleton_data/V1.npy,661,True,True,True,ok,
V1_00663,V1,/Users/krishna/dev/fightflow/data/downloaded-videos/V1.mp4,662,13587.0,13595.0,9.0,Cross,Cross,0,pending,data/raw/Skeleton_data/V1.npy,662,True,True,True,ok,
V1_00664,V1,/Users/krishna/dev/fightflow/data/downloaded-videos/V1.mp4,663,13596.0,13602.0,7.0,Lead Uppercut,Lead Uppercut,3,pending,data/raw/Skeleton_data/V1.npy,663,True,True,True,ok,
V1_00665,V1,/Users/krishna/dev/fightflow/data/downloaded-videos/V1.mp4,664,13603.0,13613.0,11.0,Cross,Cross,0,pending,data/raw/Skeleton_data/V1.npy,664,True,True,True,ok,
V1_00666,V1,/Users/krishna/dev/fightflow/data/downloaded-videos/V1.mp4,665,13624.0,13633.0,10.0,Cross,Cross,0,pending,data/raw/Skeleton_data/V1.npy,665,True,True,True,ok,
V1_00667,V1,/Users/krishna/dev/fightflow/data/downloaded-videos/V1.mp4,666,13634.0,13639.0,6.0,Lead Uppercut,Lead Uppercut,3,pending,data/raw/Skeleton_data/V1.npy,666,True,True,True,ok,
V1_00668,V1,/Users/krishna/dev/fightflow/data/downloaded-videos/V1.mp4,667,13640.0,13650.0,11.0,Cross,Cross,0,pending,data/raw/Skeleton_data/V1.npy,667,True,True,True,ok,
V1_00669,V1,/Users/krishna/dev/fightflow/data/downloaded-videos/V1.mp4,668,13660.0,13669.0,10.0,Cross,Cross,0,pending,data/raw/Skeleton_data/V1.npy,668,True,True,True,ok,
V1_00670,V1,/Users/krishna/dev/fightflow/data/downloaded-videos/V1.mp4,669,13670.0,13675.0,6.0,Lead Uppercut,Lead Uppercut,3,pending,data/raw/Skeleton_data/V1.npy,669,True,True,True,ok,
V1_00671,V1,/Users/krishna/dev/fightflow/data/downloaded-videos/V1.mp4,670,13676.0,13686.0,11.0,Cross,Cross,0,pending,data/raw/Skeleton_data/V1.npy,670,True,True,True,ok,
V1_00672,V1,/Users/krishna/dev/fightflow/data/downloaded-videos/V1.mp4,671,13698.0,13706.0,9.0,Cross,Cross,0,pending,data/raw/Skeleton_data/V1.npy,671,True,True,True,ok,
V1_00673,V1,/Users/krishna/dev/fightflow/data/downloaded-videos/V1.mp4,672,13707.0,13713.0,7.0,Lead Uppercut,Lead Uppercut,3,pending,data/raw/Skeleton_data/V1.npy,672,True,True,True,ok,
V1_00674,V1,/Users/krishna/dev/fightflow/data/downloaded-videos/V1.mp4,673,13714.0,13724.0,11.0,Cross,Cross,0,pending,data/raw/Skeleton_data/V1.npy,673,True,True,True,ok,
V1_00675,V1,/Users/krishna/dev/fightflow/data/downloaded-videos/V1.mp4,674,13736.0,13744.0,9.0,Cross,Cross,0,pending,data/raw/Skeleton_data/V1.npy,674,True,True,True,ok,
V1_00676,V1,/Users/krishna/dev/fightflow/data/downloaded-videos/V1.mp4,675,13745.0,13750.0,6.0,Lead Uppercut,Lead Uppercut,3,pending,data/raw/Skeleton_data/V1.npy,675,True,True,True,ok,
V1_00677,V1,/Users/krishna/dev/fightflow/data/downloaded-videos/V1.mp4,676,13751.0,13761.0,11.0,Cross,Cross,0,pending,data/raw/Skeleton_data/V1.npy,676,True,True,True,ok,
V1_00678,V1,/Users/krishna/dev/fightflow/data/downloaded-videos/V1.mp4,677,13772.0,13781.0,10.0,Cross,Cross,0,pending,data/raw/Skeleton_data/V1.npy,677,True,True,True,ok,
V1_00679,V1,/Users/krishna/dev/fightflow/data/downloaded-videos/V1.mp4,678,13782.0,13788.0,7.0,Lead Uppercut,Lead Uppercut,3,pending,data/raw/Skeleton_data/V1.npy,678,True,True,True,ok,
V1_00680,V1,/Users/krishna/dev/fightflow/data/downloaded-videos/V1.mp4,679,13789.0,13799.0,11.0,Cross,Cross,0,pending,data/raw/Skeleton_data/V1.npy,679,True,True,True,ok,
V1_00681,V1,/Users/krishna/dev/fightflow/data/downloaded-videos/V1.mp4,680,13810.0,13819.0,10.0,Cross,Cross,0,pending,data/raw/Skeleton_data/V1.npy,680,True,True,True,ok,
V1_00682,V1,/Users/krishna/dev/fightflow/data/downloaded-videos/V1.mp4,681,13820.0,13826.0,7.0,Lead Uppercut,Lead Uppercut,3,pending,data/raw/Skeleton_data/V1.npy,681,True,True,True,ok,
V1_00683,V1,/Users/krishna/dev/fightflow/data/downloaded-videos/V1.mp4,682,13827.0,13837.0,11.0,Cross,Cross,0,pending,data/raw/Skeleton_data/V1.npy,682,True,True,True,ok,
V1_00684,V1,/Users/krishna/dev/fightflow/data/downloaded-videos/V1.mp4,683,13849.0,13859.0,11.0,Cross,Cross,0,pending,data/raw/Skeleton_data/V1.npy,683,True,True,True,ok,
V1_00685,V1,/Users/krishna/dev/fightflow/data/downloaded-videos/V1.mp4,684,13860.0,13865.0,6.0,Lead Uppercut,Lead Uppercut,3,pending,data/raw/Skeleton_data/V1.npy,684,True,True,True,ok,
V1_00686,V1,/Users/krishna/dev/fightflow/data/downloaded-videos/V1.mp4,685,13866.0,13876.0,11.0,Cross,Cross,0,pending,data/raw/Skeleton_data/V1.npy,685,True,True,True,ok,
V1_00687,V1,/Users/krishna/dev/fightflow/data/downloaded-videos/V1.mp4,686,13888.0,13898.0,11.0,Cross,Cross,0,pending,data/raw/Skeleton_data/V1.npy,686,True,True,True,ok,
V1_00688,V1,/Users/krishna/dev/fightflow/data/downloaded-videos/V1.mp4,687,13899.0,13904.0,6.0,Lead Uppercut,Lead Uppercut,3,pending,data/raw/Skeleton_data/V1.npy,687,True,True,True,ok,
V1_00689,V1,/Users/krishna/dev/fightflow/data/downloaded-videos/V1.mp4,688,13905.0,13915.0,11.0,Cross,Cross,0,pending,data/raw/Skeleton_data/V1.npy,688,True,True,True,ok,
V1_00690,V1,/Users/krishna/dev/fightflow/data/downloaded-videos/V1.mp4,689,13927.0,13937.0,11.0,Cross,Cross,0,pending,data/raw/Skeleton_data/V1.npy,689,True,True,True,ok,
V1_00691,V1,/Users/krishna/dev/fightflow/data/downloaded-videos/V1.mp4,690,13938.0,13943.0,6.0,Lead Uppercut,Lead Uppercut,3,pending,data/raw/Skeleton_data/V1.npy,690,True,True,True,ok,
V1_00692,V1,/Users/krishna/dev/fightflow/data/downloaded-videos/V1.mp4,691,13944.0,13955.0,12.0,Cross,Cross,0,pending,data/raw/Skeleton_data/V1.npy,691,True,True,True,ok,
V1_00693,V1,/Users/krishna/dev/fightflow/data/downloaded-videos/V1.mp4,692,13965.0,13976.0,12.0,Cross,Cross,0,pending,data/raw/Skeleton_data/V1.npy,692,True,True,True,ok,
V1_00694,V1,/Users/krishna/dev/fightflow/data/downloaded-videos/V1.mp4,693,13977.0,13982.0,6.0,Lead Uppercut,Lead Uppercut,3,pending,data/raw/Skeleton_data/V1.npy,693,True,True,True,ok,
V1_00695,V1,/Users/krishna/dev/fightflow/data/downloaded-videos/V1.mp4,694,13983.0,13994.0,12.0,Cross,Cross,0,pending,data/raw/Skeleton_data/V1.npy,694,True,True,True,ok,
V1_00696,V1,/Users/krishna/dev/fightflow/data/downloaded-videos/V1.mp4,695,14004.0,14015.0,12.0,Cross,Cross,0,pending,data/raw/Skeleton_data/V1.npy,695,True,True,True,ok,
V1_00697,V1,/Users/krishna/dev/fightflow/data/downloaded-videos/V1.mp4,696,14016.0,14021.0,6.0,Lead Uppercut,Lead Uppercut,3,pending,data/raw/Skeleton_data/V1.npy,696,True,True,True,ok,
V1_00698,V1,/Users/krishna/dev/fightflow/data/downloaded-videos/V1.mp4,697,14022.0,14033.0,12.0,Cross,Cross,0,pending,data/raw/Skeleton_data/V1.npy,697,True,True,True,ok,
V1_00699,V1,/Users/krishna/dev/fightflow/data/downloaded-videos/V1.mp4,698,14044.0,14054.0,11.0,Cross,Cross,0,pending,data/raw/Skeleton_data/V1.npy,698,True,True,True,ok,
V1_00700,V1,/Users/krishna/dev/fightflow/data/downloaded-videos/V1.mp4,699,14055.0,14060.0,6.0,Lead Uppercut,Lead Uppercut,3,pending,data/raw/Skeleton_data/V1.npy,699,True,True,True,ok,
V1_00701,V1,/Users/krishna/dev/fightflow/data/downloaded-videos/V1.mp4,700,14061.0,14073.0,13.0,Cross,Cross,0,pending,data/raw/Skeleton_data/V1.npy,700,True,True,True,ok,
V1_00702,V1,/Users/krishna/dev/fightflow/data/downloaded-videos/V1.mp4,701,14083.0,14094.0,12.0,Cross,Cross,0,pending,data/raw/Skeleton_data/V1.npy,701,True,True,True,ok,
V1_00703,V1,/Users/krishna/dev/fightflow/data/downloaded-videos/V1.mp4,702,14095.0,14100.0,6.0,Lead Uppercut,Lead Uppercut,3,pending,data/raw/Skeleton_data/V1.npy,702,True,True,True,ok,
V1_00704,V1,/Users/krishna/dev/fightflow/data/downloaded-videos/V1.mp4,703,14101.0,14111.0,11.0,Cross,Cross,0,pending,data/raw/Skeleton_data/V1.npy,703,True,True,True,ok,
V1_00705,V1,/Users/krishna/dev/fightflow/data/downloaded-videos/V1.mp4,704,14123.0,14131.0,9.0,Cross,Cross,0,pending,data/raw/Skeleton_data/V1.npy,704,True,True,True,ok,
V1_00706,V1,/Users/krishna/dev/fightflow/data/downloaded-videos/V1.mp4,705,14132.0,14138.0,7.0,Lead Uppercut,Lead Uppercut,3,pending,data/raw/Skeleton_data/V1.npy,705,True,True,True,ok,
V1_00707,V1,/Users/krishna/dev/fightflow/data/downloaded-videos/V1.mp4,706,14139.0,14150.0,12.0,Cross,Cross,0,pending,data/raw/Skeleton_data/V1.npy,706,True,True,True,ok,
V1_00708,V1,/Users/krishna/dev/fightflow/data/downloaded-videos/V1.mp4,707,14161.0,14170.0,10.0,Cross,Cross,0,pending,data/raw/Skeleton_data/V1.npy,707,True,True,True,ok,
V1_00709,V1,/Users/krishna/dev/fightflow/data/downloaded-videos/V1.mp4,708,14171.0,14177.0,7.0,Lead Uppercut,Lead Uppercut,3,pending,data/raw/Skeleton_data/V1.npy,708,True,True,True,ok,
V1_00710,V1,/Users/krishna/dev/fightflow/data/downloaded-videos/V1.mp4,709,14178.0,14188.0,11.0,Cross,Cross,0,pending,data/raw/Skeleton_data/V1.npy,709,True,True,True,ok,
V1_00711,V1,/Users/krishna/dev/fightflow/data/downloaded-videos/V1.mp4,710,14199.0,14210.0,12.0,Cross,Cross,0,pending,data/raw/Skeleton_data/V1.npy,710,True,True,True,ok,
V1_00712,V1,/Users/krishna/dev/fightflow/data/downloaded-videos/V1.mp4,711,14211.0,14216.0,6.0,Lead Uppercut,Lead Uppercut,3,pending,data/raw/Skeleton_data/V1.npy,711,True,True,True,ok,
V1_00713,V1,/Users/krishna/dev/fightflow/data/downloaded-videos/V1.mp4,712,14217.0,14228.0,12.0,Cross,Cross,0,pending,data/raw/Skeleton_data/V1.npy,712,True,True,True,ok,
V1_00714,V1,/Users/krishna/dev/fightflow/data/downloaded-videos/V1.mp4,713,14239.0,14250.0,12.0,Cross,Cross,0,pending,data/raw/Skeleton_data/V1.npy,713,True,True,True,ok,
V1_00715,V1,/Users/krishna/dev/fightflow/data/downloaded-videos/V1.mp4,714,14251.0,14257.0,7.0,Lead Uppercut,Lead Uppercut,3,pending,data/raw/Skeleton_data/V1.npy,714,True,True,True,ok,
V1_00716,V1,/Users/krishna/dev/fightflow/data/downloaded-videos/V1.mp4,715,14258.0,14269.0,12.0,Cross,Cross,0,pending,data/raw/Skeleton_data/V1.npy,715,True,True,True,ok,
V1_00717,V1,/Users/krishna/dev/fightflow/data/downloaded-videos/V1.mp4,716,15029.0,15039.0,11.0,Cross,Cross,0,pending,data/raw/Skeleton_data/V1.npy,716,True,True,True,ok,
V1_00718,V1,/Users/krishna/dev/fightflow/data/downloaded-videos/V1.mp4,717,15040.0,15045.0,6.0,Lead Uppercut,Lead Uppercut,3,pending,data/raw/Skeleton_data/V1.npy,717,True,True,True,ok,
V1_00719,V1,/Users/krishna/dev/fightflow/data/downloaded-videos/V1.mp4,718,15046.0,15056.0,11.0,Cross,Cross,0,pending,data/raw/Skeleton_data/V1.npy,718,True,True,True,ok,
V1_00720,V1,/Users/krishna/dev/fightflow/data/downloaded-videos/V1.mp4,719,15064.0,15074.0,11.0,Cross,Cross,0,pending,data/raw/Skeleton_data/V1.npy,719,True,True,True,ok,
V1_00721,V1,/Users/krishna/dev/fightflow/data/downloaded-videos/V1.mp4,720,15075.0,15080.0,6.0,Lead Uppercut,Lead Uppercut,3,pending,data/raw/Skeleton_data/V1.npy,720,True,True,True,ok,
V1_00722,V1,/Users/krishna/dev/fightflow/data/downloaded-videos/V1.mp4,721,15081.0,15091.0,11.0,Cross,Cross,0,pending,data/raw/Skeleton_data/V1.npy,721,True,True,True,ok,
V1_00723,V1,/Users/krishna/dev/fightflow/data/downloaded-videos/V1.mp4,722,15098.0,15107.0,10.0,Cross,Cross,0,pending,data/raw/Skeleton_data/V1.npy,722,True,True,True,ok,
V1_00724,V1,/Users/krishna/dev/fightflow/data/downloaded-videos/V1.mp4,723,15108.0,15112.0,5.0,Lead Uppercut,Lead Uppercut,3,pending,data/raw/Skeleton_data/V1.npy,723,True,True,True,ok,
V1_00725,V1,/Users/krishna/dev/fightflow/data/downloaded-videos/V1.mp4,724,15113.0,15123.0,11.0,Cross,Cross,0,pending,data/raw/Skeleton_data/V1.npy,724,True,True,True,ok,
V1_00726,V1,/Users/krishna/dev/fightflow/data/downloaded-videos/V1.mp4,725,15131.0,15140.0,10.0,Cross,Cross,0,pending,data/raw/Skeleton_data/V1.npy,725,True,True,True,ok,
V1_00727,V1,/Users/krishna/dev/fightflow/data/downloaded-videos/V1.mp4,726,15141.0,15146.0,6.0,Lead Uppercut,Lead Uppercut,3,pending,data/raw/Skeleton_data/V1.npy,726,True,True,True,ok,
V1_00728,V1,/Users/krishna/dev/fightflow/data/downloaded-videos/V1.mp4,727,15147.0,15157.0,11.0,Cross,Cross,0,pending,data/raw/Skeleton_data/V1.npy,727,True,True,True,ok,
V1_00729,V1,/Users/krishna/dev/fightflow/data/downloaded-videos/V1.mp4,728,15163.0,15172.0,10.0,Cross,Cross,0,pending,data/raw/Skeleton_data/V1.npy,728,True,True,True,ok,
V1_00730,V1,/Users/krishna/dev/fightflow/data/downloaded-videos/V1.mp4,729,15173.0,15179.0,7.0,Lead Uppercut,Lead Uppercut,3,pending,data/raw/Skeleton_data/V1.npy,729,True,True,True,ok,
V1_00731,V1,/Users/krishna/dev/fightflow/data/downloaded-videos/V1.mp4,730,15180.0,15188.0,9.0,Cross,Cross,0,pending,data/raw/Skeleton_data/V1.npy,730,True,True,True,ok,
V1_00732,V1,/Users/krishna/dev/fightflow/data/downloaded-videos/V1.mp4,731,15197.0,15206.0,10.0,Cross,Cross,0,pending,data/raw/Skeleton_data/V1.npy,731,True,True,True,ok,
V1_00733,V1,/Users/krishna/dev/fightflow/data/downloaded-videos/V1.mp4,732,15207.0,15212.0,6.0,Lead Uppercut,Lead Uppercut,3,pending,data/raw/Skeleton_data/V1.npy,732,True,True,True,ok,
V1_00734,V1,/Users/krishna/dev/fightflow/data/downloaded-videos/V1.mp4,733,15213.0,15223.0,11.0,Cross,Cross,0,pending,data/raw/Skeleton_data/V1.npy,733,True,True,True,ok,
V1_00735,V1,/Users/krishna/dev/fightflow/data/downloaded-videos/V1.mp4,734,15230.0,15239.0,10.0,Cross,Cross,0,pending,data/raw/Skeleton_data/V1.npy,734,True,True,True,ok,
V1_00736,V1,/Users/krishna/dev/fightflow/data/downloaded-videos/V1.mp4,735,15240.0,15245.0,6.0,Lead Uppercut,Lead Uppercut,3,pending,data/raw/Skeleton_data/V1.npy,735,True,True,True,ok,
V1_00737,V1,/Users/krishna/dev/fightflow/data/downloaded-videos/V1.mp4,736,15246.0,15256.0,11.0,Cross,Cross,0,pending,data/raw/Skeleton_data/V1.npy,736,True,True,True,ok,
V1_00738,V1,/Users/krishna/dev/fightflow/data/downloaded-videos/V1.mp4,737,15265.0,15273.0,9.0,Cross,Cross,0,pending,data/raw/Skeleton_data/V1.npy,737,True,True,True,ok,
V1_00739,V1,/Users/krishna/dev/fightflow/data/downloaded-videos/V1.mp4,738,15274.0,15279.0,6.0,Lead Uppercut,Lead Uppercut,3,pending,data/raw/Skeleton_data/V1.npy,738,True,True,True,ok,
V1_00740,V1,/Users/krishna/dev/fightflow/data/downloaded-videos/V1.mp4,739,15280.0,15290.0,11.0,Cross,Cross,0,pending,data/raw/Skeleton_data/V1.npy,739,True,True,True,ok,
V1_00741,V1,/Users/krishna/dev/fightflow/data/downloaded-videos/V1.mp4,740,15298.0,15306.0,9.0,Cross,Cross,0,pending,data/raw/Skeleton_data/V1.npy,740,True,True,True,ok,
V1_00742,V1,/Users/krishna/dev/fightflow/data/downloaded-videos/V1.mp4,741,15307.0,15313.0,7.0,Lead Uppercut,Lead Uppercut,3,pending,data/raw/Skeleton_data/V1.npy,741,True,True,True,ok,
V1_00743,V1,/Users/krishna/dev/fightflow/data/downloaded-videos/V1.mp4,742,15314.0,15322.0,9.0,Cross,Cross,0,pending,data/raw/Skeleton_data/V1.npy,742,True,True,True,ok,
V1_00744,V1,/Users/krishna/dev/fightflow/data/downloaded-videos/V1.mp4,743,15331.0,15339.0,9.0,Cross,Cross,0,pending,data/raw/Skeleton_data/V1.npy,743,True,True,True,ok,
V1_00745,V1,/Users/krishna/dev/fightflow/data/downloaded-videos/V1.mp4,744,15340.0,15346.0,7.0,Lead Uppercut,Lead Uppercut,3,pending,data/raw/Skeleton_data/V1.npy,744,True,True,True,ok,
V1_00746,V1,/Users/krishna/dev/fightflow/data/downloaded-videos/V1.mp4,745,15347.0,15357.0,11.0,Cross,Cross,0,pending,data/raw/Skeleton_data/V1.npy,745,True,True,True,ok,
V1_00747,V1,/Users/krishna/dev/fightflow/data/downloaded-videos/V1.mp4,746,15363.0,15373.0,11.0,Cross,Cross,0,pending,data/raw/Skeleton_data/V1.npy,746,True,True,True,ok,
V1_00748,V1,/Users/krishna/dev/fightflow/data/downloaded-videos/V1.mp4,747,15374.0,15380.0,7.0,Lead Uppercut,Lead Uppercut,3,pending,data/raw/Skeleton_data/V1.npy,747,True,True,True,ok,
V1_00749,V1,/Users/krishna/dev/fightflow/data/downloaded-videos/V1.mp4,748,15381.0,15391.0,11.0,Cross,Cross,0,pending,data/raw/Skeleton_data/V1.npy,748,True,True,True,ok,
V1_00750,V1,/Users/krishna/dev/fightflow/data/downloaded-videos/V1.mp4,749,15398.0,15408.0,11.0,Cross,Cross,0,pending,data/raw/Skeleton_data/V1.npy,749,True,True,True,ok,
V1_00751,V1,/Users/krishna/dev/fightflow/data/downloaded-videos/V1.mp4,750,15409.0,15413.0,5.0,Lead Uppercut,Lead Uppercut,3,pending,data/raw/Skeleton_data/V1.npy,750,True,True,True,ok,
V1_00752,V1,/Users/krishna/dev/fightflow/data/downloaded-videos/V1.mp4,751,15414.0,15424.0,11.0,Cross,Cross,0,pending,data/raw/Skeleton_data/V1.npy,751,True,True,True,ok,
V1_00753,V1,/Users/krishna/dev/fightflow/data/downloaded-videos/V1.mp4,752,15432.0,15442.0,11.0,Cross,Cross,0,pending,data/raw/Skeleton_data/V1.npy,752,True,True,True,ok,
V1_00754,V1,/Users/krishna/dev/fightflow/data/downloaded-videos/V1.mp4,753,15443.0,15448.0,6.0,Lead Uppercut,Lead Uppercut,3,pending,data/raw/Skeleton_data/V1.npy,753,True,True,True,ok,
V1_00755,V1,/Users/krishna/dev/fightflow/data/downloaded-videos/V1.mp4,754,15449.0,15459.0,11.0,Cross,Cross,0,pending,data/raw/Skeleton_data/V1.npy,754,True,True,True,ok,
V1_00756,V1,/Users/krishna/dev/fightflow/data/downloaded-videos/V1.mp4,755,15466.0,15476.0,11.0,Cross,Cross,0,pending,data/raw/Skeleton_data/V1.npy,755,True,True,True,ok,
V1_00757,V1,/Users/krishna/dev/fightflow/data/downloaded-videos/V1.mp4,756,15477.0,15483.0,7.0,Lead Uppercut,Lead Uppercut,3,pending,data/raw/Skeleton_data/V1.npy,756,True,True,True,ok,
V1_00758,V1,/Users/krishna/dev/fightflow/data/downloaded-videos/V1.mp4,757,15484.0,15494.0,11.0,Cross,Cross,0,pending,data/raw/Skeleton_data/V1.npy,757,True,True,True,ok,
V1_00759,V1,/Users/krishna/dev/fightflow/data/downloaded-videos/V1.mp4,758,15501.0,15510.0,10.0,Cross,Cross,0,pending,data/raw/Skeleton_data/V1.npy,758,True,True,True,ok,
V1_00760,V1,/Users/krishna/dev/fightflow/data/downloaded-videos/V1.mp4,759,15511.0,15517.0,7.0,Lead Uppercut,Lead Uppercut,3,pending,data/raw/Skeleton_data/V1.npy,759,True,True,True,ok,
V1_00761,V1,/Users/krishna/dev/fightflow/data/downloaded-videos/V1.mp4,760,15518.0,15528.0,11.0,Cross,Cross,0,pending,data/raw/Skeleton_data/V1.npy,760,True,True,True,ok,
V1_00762,V1,/Users/krishna/dev/fightflow/data/downloaded-videos/V1.mp4,761,15534.0,15544.0,11.0,Cross,Cross,0,pending,data/raw/Skeleton_data/V1.npy,761,True,True,True,ok,
V1_00763,V1,/Users/krishna/dev/fightflow/data/downloaded-videos/V1.mp4,762,15545.0,15550.0,6.0,Lead Uppercut,Lead Uppercut,3,pending,data/raw/Skeleton_data/V1.npy,762,True,True,True,ok,
V1_00764,V1,/Users/krishna/dev/fightflow/data/downloaded-videos/V1.mp4,763,15551.0,15561.0,11.0,Cross,Cross,0,pending,data/raw/Skeleton_data/V1.npy,763,True,True,True,ok,
V1_00765,V1,/Users/krishna/dev/fightflow/data/downloaded-videos/V1.mp4,764,15568.0,15577.0,10.0,Cross,Cross,0,pending,data/raw/Skeleton_data/V1.npy,764,True,True,True,ok,
V1_00766,V1,/Users/krishna/dev/fightflow/data/downloaded-videos/V1.mp4,765,15578.0,15583.0,6.0,Lead Uppercut,Lead Uppercut,3,pending,data/raw/Skeleton_data/V1.npy,765,True,True,True,ok,
V1_00767,V1,/Users/krishna/dev/fightflow/data/downloaded-videos/V1.mp4,766,15584.0,15594.0,11.0,Cross,Cross,0,pending,data/raw/Skeleton_data/V1.npy,766,True,True,True,ok,
V1_00768,V1,/Users/krishna/dev/fightflow/data/downloaded-videos/V1.mp4,767,15601.0,15611.0,11.0,Cross,Cross,0,pending,data/raw/Skeleton_data/V1.npy,767,True,True,True,ok,
V1_00769,V1,/Users/krishna/dev/fightflow/data/downloaded-videos/V1.mp4,768,15612.0,15617.0,6.0,Lead Uppercut,Lead Uppercut,3,pending,data/raw/Skeleton_data/V1.npy,768,True,True,True,ok,
V1_00770,V1,/Users/krishna/dev/fightflow/data/downloaded-videos/V1.mp4,769,15618.0,15628.0,11.0,Cross,Cross,0,pending,data/raw/Skeleton_data/V1.npy,769,True,True,True,ok,
V1_00771,V1,/Users/krishna/dev/fightflow/data/downloaded-videos/V1.mp4,770,15635.0,15644.0,10.0,Cross,Cross,0,pending,data/raw/Skeleton_data/V1.npy,770,True,True,True,ok,
V1_00772,V1,/Users/krishna/dev/fightflow/data/downloaded-videos/V1.mp4,771,15645.0,15650.0,6.0,Lead Uppercut,Lead Uppercut,3,pending,data/raw/Skeleton_data/V1.npy,771,True,True,True,ok,
V1_00773,V1,/Users/krishna/dev/fightflow/data/downloaded-videos/V1.mp4,772,15651.0,15661.0,11.0,Cross,Cross,0,pending,data/raw/Skeleton_data/V1.npy,772,True,True,True,ok,
V1_00774,V1,/Users/krishna/dev/fightflow/data/downloaded-videos/V1.mp4,773,15668.0,15678.0,11.0,Cross,Cross,0,pending,data/raw/Skeleton_data/V1.npy,773,True,True,True,ok,
V1_00775,V1,/Users/krishna/dev/fightflow/data/downloaded-videos/V1.mp4,774,15679.0,15683.0,5.0,Lead Uppercut,Lead Uppercut,3,pending,data/raw/Skeleton_data/V1.npy,774,True,True,True,ok,
V1_00776,V1,/Users/krishna/dev/fightflow/data/downloaded-videos/V1.mp4,775,15684.0,15695.0,12.0,Cross,Cross,0,pending,data/raw/Skeleton_data/V1.npy,775,True,True,True,ok,
V1_00777,V1,/Users/krishna/dev/fightflow/data/downloaded-videos/V1.mp4,776,15702.0,15712.0,11.0,Cross,Cross,0,pending,data/raw/Skeleton_data/V1.npy,776,True,True,True,ok,
V1_00778,V1,/Users/krishna/dev/fightflow/data/downloaded-videos/V1.mp4,777,15713.0,15718.0,6.0,Lead Uppercut,Lead Uppercut,3,pending,data/raw/Skeleton_data/V1.npy,777,True,True,True,ok,
V1_00779,V1,/Users/krishna/dev/fightflow/data/downloaded-videos/V1.mp4,778,15719.0,15729.0,11.0,Cross,Cross,0,pending,data/raw/Skeleton_data/V1.npy,778,True,True,True,ok,
V1_00780,V1,/Users/krishna/dev/fightflow/data/downloaded-videos/V1.mp4,779,15734.0,15746.0,13.0,Cross,Cross,0,pending,data/raw/Skeleton_data/V1.npy,779,True,True,True,ok,
V1_00781,V1,/Users/krishna/dev/fightflow/data/downloaded-videos/V1.mp4,780,15747.0,15752.0,6.0,Lead Uppercut,Lead Uppercut,3,pending,data/raw/Skeleton_data/V1.npy,780,True,True,True,ok,
V1_00782,V1,/Users/krishna/dev/fightflow/data/downloaded-videos/V1.mp4,781,15753.0,15763.0,11.0,Cross,Cross,0,pending,data/raw/Skeleton_data/V1.npy,781,True,True,True,ok,
V1_00783,V1,/Users/krishna/dev/fightflow/data/downloaded-videos/V1.mp4,782,15764.0,15780.0,17.0,Cross,Cross,0,pending,data/raw/Skeleton_data/V1.npy,782,True,True,True,ok,
V1_00784,V1,/Users/krishna/dev/fightflow/data/downloaded-videos/V1.mp4,783,15781.0,15787.0,7.0,Lead Uppercut,Lead Uppercut,3,pending,data/raw/Skeleton_data/V1.npy,783,True,True,True,ok,
V1_00785,V1,/Users/krishna/dev/fightflow/data/downloaded-videos/V1.mp4,784,15788.0,15798.0,11.0,Cross,Cross,0,pending,data/raw/Skeleton_data/V1.npy,784,True,True,True,ok,
V1_00786,V1,/Users/krishna/dev/fightflow/data/downloaded-videos/V1.mp4,785,15805.0,15815.0,11.0,Cross,Cross,0,pending,data/raw/Skeleton_data/V1.npy,785,True,True,True,ok,
V1_00787,V1,/Users/krishna/dev/fightflow/data/downloaded-videos/V1.mp4,786,15816.0,15822.0,7.0,Lead Uppercut,Lead Uppercut,3,pending,data/raw/Skeleton_data/V1.npy,786,True,True,True,ok,
V1_00788,V1,/Users/krishna/dev/fightflow/data/downloaded-videos/V1.mp4,787,15823.0,15824.0,2.0,Cross,Cross,0,pending,data/raw/Skeleton_data/V1.npy,787,True,True,True,ok,
V1_00789,V1,/Users/krishna/dev/fightflow/data/downloaded-videos/V1.mp4,788,15840.0,15850.0,11.0,Cross,Cross,0,pending,data/raw/Skeleton_data/V1.npy,788,True,True,True,ok,
V1_00790,V1,/Users/krishna/dev/fightflow/data/downloaded-videos/V1.mp4,789,15851.0,15857.0,7.0,Lead Uppercut,Lead Uppercut,3,pending,data/raw/Skeleton_data/V1.npy,789,True,True,True,ok,
V1_00791,V1,/Users/krishna/dev/fightflow/data/downloaded-videos/V1.mp4,790,15858.0,15868.0,11.0,Cross,Cross,0,pending,data/raw/Skeleton_data/V1.npy,790,True,True,True,ok,
V1_00792,V1,/Users/krishna/dev/fightflow/data/downloaded-videos/V1.mp4,791,15877.0,15887.0,11.0,Cross,Cross,0,pending,data/raw/Skeleton_data/V1.npy,791,True,True,True,ok,
V1_00793,V1,/Users/krishna/dev/fightflow/data/downloaded-videos/V1.mp4,792,15888.0,15894.0,7.0,Lead Uppercut,Lead Uppercut,3,pending,data/raw/Skeleton_data/V1.npy,792,True,True,True,ok,
V1_00794,V1,/Users/krishna/dev/fightflow/data/downloaded-videos/V1.mp4,793,15895.0,15905.0,11.0,Cross,Cross,0,pending,data/raw/Skeleton_data/V1.npy,793,True,True,True,ok,
V1_00795,V1,/Users/krishna/dev/fightflow/data/downloaded-videos/V1.mp4,794,15913.0,15923.0,11.0,Cross,Cross,0,pending,data/raw/Skeleton_data/V1.npy,794,True,True,True,ok,
V1_00796,V1,/Users/krishna/dev/fightflow/data/downloaded-videos/V1.mp4,795,15924.0,15930.0,7.0,Lead Uppercut,Lead Uppercut,3,pending,data/raw/Skeleton_data/V1.npy,795,True,True,True,ok,
V1_00797,V1,/Users/krishna/dev/fightflow/data/downloaded-videos/V1.mp4,796,15931.0,15941.0,11.0,Cross,Cross,0,pending,data/raw/Skeleton_data/V1.npy,796,True,True,True,ok,
V1_00798,V1,/Users/krishna/dev/fightflow/data/downloaded-videos/V1.mp4,797,15950.0,15959.0,10.0,Cross,Cross,0,pending,data/raw/Skeleton_data/V1.npy,797,True,True,True,ok,
V1_00799,V1,/Users/krishna/dev/fightflow/data/downloaded-videos/V1.mp4,798,15960.0,15965.0,6.0,Lead Uppercut,Lead Uppercut,3,pending,data/raw/Skeleton_data/V1.npy,798,True,True,True,ok,
V1_00800,V1,/Users/krishna/dev/fightflow/data/downloaded-videos/V1.mp4,799,15966.0,15976.0,11.0,Cross,Cross,0,pending,data/raw/Skeleton_data/V1.npy,799,True,True,True,ok,
V1_00801,V1,/Users/krishna/dev/fightflow/data/downloaded-videos/V1.mp4,800,15986.0,15996.0,11.0,Cross,Cross,0,pending,data/raw/Skeleton_data/V1.npy,800,True,True,True,ok,
V1_00802,V1,/Users/krishna/dev/fightflow/data/downloaded-videos/V1.mp4,801,15997.0,16002.0,6.0,Lead Uppercut,Lead Uppercut,3,pending,data/raw/Skeleton_data/V1.npy,801,True,True,True,ok,
V1_00803,V1,/Users/krishna/dev/fightflow/data/downloaded-videos/V1.mp4,802,16003.0,16014.0,12.0,Cross,Cross,0,pending,data/raw/Skeleton_data/V1.npy,802,True,True,True,ok,
V1_00804,V1,/Users/krishna/dev/fightflow/data/downloaded-videos/V1.mp4,803,16024.0,16035.0,12.0,Cross,Cross,0,pending,data/raw/Skeleton_data/V1.npy,803,True,True,True,ok,
V1_00805,V1,/Users/krishna/dev/fightflow/data/downloaded-videos/V1.mp4,804,16036.0,16042.0,7.0,Lead Uppercut,Lead Uppercut,3,pending,data/raw/Skeleton_data/V1.npy,804,True,True,True,ok,
V1_00806,V1,/Users/krishna/dev/fightflow/data/downloaded-videos/V1.mp4,805,16043.0,16054.0,12.0,Cross,Cross,0,pending,data/raw/Skeleton_data/V1.npy,805,True,True,True,ok,
V1_00807,V1,/Users/krishna/dev/fightflow/data/downloaded-videos/V1.mp4,806,16060.0,16072.0,13.0,Cross,Cross,0,pending,data/raw/Skeleton_data/V1.npy,806,True,True,True,ok,
V1_00808,V1,/Users/krishna/dev/fightflow/data/downloaded-videos/V1.mp4,807,16073.0,16078.0,6.0,Lead Uppercut,Lead Uppercut,3,pending,data/raw/Skeleton_data/V1.npy,807,True,True,True,ok,
V1_00809,V1,/Users/krishna/dev/fightflow/data/downloaded-videos/V1.mp4,808,16079.0,16090.0,12.0,Cross,Cross,0,pending,data/raw/Skeleton_data/V1.npy,808,True,True,True,ok,
V1_00810,V1,/Users/krishna/dev/fightflow/data/downloaded-videos/V1.mp4,809,16097.0,16108.0,12.0,Cross,Cross,0,pending,data/raw/Skeleton_data/V1.npy,809,True,True,True,ok,
V1_00811,V1,/Users/krishna/dev/fightflow/data/downloaded-videos/V1.mp4,810,16109.0,16114.0,6.0,Lead Uppercut,Lead Uppercut,3,pending,data/raw/Skeleton_data/V1.npy,810,True,True,True,ok,
V1_00812,V1,/Users/krishna/dev/fightflow/data/downloaded-videos/V1.mp4,811,16115.0,16125.0,11.0,Cross,Cross,0,pending,data/raw/Skeleton_data/V1.npy,811,True,True,True,ok,
V1_00813,V1,/Users/krishna/dev/fightflow/data/downloaded-videos/V1.mp4,812,16132.0,16145.0,14.0,Cross,Cross,0,pending,data/raw/Skeleton_data/V1.npy,812,True,True,True,ok,
V1_00814,V1,/Users/krishna/dev/fightflow/data/downloaded-videos/V1.mp4,813,16146.0,16151.0,6.0,Lead Uppercut,Lead Uppercut,3,pending,data/raw/Skeleton_data/V1.npy,813,True,True,True,ok,
V1_00815,V1,/Users/krishna/dev/fightflow/data/downloaded-videos/V1.mp4,814,16152.0,16162.0,11.0,Cross,Cross,0,pending,data/raw/Skeleton_data/V1.npy,814,True,True,True,ok,
V1_00816,V1,/Users/krishna/dev/fightflow/data/downloaded-videos/V1.mp4,815,16170.0,16181.0,12.0,Cross,Cross,0,pending,data/raw/Skeleton_data/V1.npy,815,True,True,True,ok,
V1_00817,V1,/Users/krishna/dev/fightflow/data/downloaded-videos/V1.mp4,816,16182.0,16187.0,6.0,Lead Uppercut,Lead Uppercut,3,pending,data/raw/Skeleton_data/V1.npy,816,True,True,True,ok,
V1_00818,V1,/Users/krishna/dev/fightflow/data/downloaded-videos/V1.mp4,817,16188.0,16199.0,12.0,Cross,Cross,0,pending,data/raw/Skeleton_data/V1.npy,817,True,True,True,ok,
V1_00819,V1,/Users/krishna/dev/fightflow/data/downloaded-videos/V1.mp4,818,16207.0,16218.0,12.0,Cross,Cross,0,pending,data/raw/Skeleton_data/V1.npy,818,True,True,True,ok,
V1_00820,V1,/Users/krishna/dev/fightflow/data/downloaded-videos/V1.mp4,819,16219.0,16224.0,6.0,Lead Uppercut,Lead Uppercut,3,pending,data/raw/Skeleton_data/V1.npy,819,True,True,True,ok,
V1_00821,V1,/Users/krishna/dev/fightflow/data/downloaded-videos/V1.mp4,820,16225.0,16236.0,12.0,Cross,Cross,0,pending,data/raw/Skeleton_data/V1.npy,820,True,True,True,ok,
V1_00822,V1,/Users/krishna/dev/fightflow/data/downloaded-videos/V1.mp4,821,16243.0,16255.0,13.0,Cross,Cross,0,pending,data/raw/Skeleton_data/V1.npy,821,True,True,True,ok,
V1_00823,V1,/Users/krishna/dev/fightflow/data/downloaded-videos/V1.mp4,822,16256.0,16261.0,6.0,Lead Uppercut,Lead Uppercut,3,pending,data/raw/Skeleton_data/V1.npy,822,True,True,True,ok,
V1_00824,V1,/Users/krishna/dev/fightflow/data/downloaded-videos/V1.mp4,823,16262.0,16274.0,13.0,Cross,Cross,0,pending,data/raw/Skeleton_data/V1.npy,823,True,True,True,ok,
V1_00825,V1,/Users/krishna/dev/fightflow/data/downloaded-videos/V1.mp4,824,16282.0,16292.0,11.0,Cross,Cross,0,pending,data/raw/Skeleton_data/V1.npy,824,True,True,True,ok,
V1_00826,V1,/Users/krishna/dev/fightflow/data/downloaded-videos/V1.mp4,825,16293.0,16298.0,6.0,Lead Uppercut,Lead Uppercut,3,pending,data/raw/Skeleton_data/V1.npy,825,True,True,True,ok,
V1_00827,V1,/Users/krishna/dev/fightflow/data/downloaded-videos/V1.mp4,826,16299.0,16310.0,12.0,Cross,Cross,0,pending,data/raw/Skeleton_data/V1.npy,826,True,True,True,ok,
V1_00828,V1,/Users/krishna/dev/fightflow/data/downloaded-videos/V1.mp4,827,16318.0,16330.0,13.0,Cross,Cross,0,pending,data/raw/Skeleton_data/V1.npy,827,True,True,True,ok,
V1_00829,V1,/Users/krishna/dev/fightflow/data/downloaded-videos/V1.mp4,828,16331.0,16336.0,6.0,Lead Uppercut,Lead Uppercut,3,pending,data/raw/Skeleton_data/V1.npy,828,True,True,True,ok,
V1_00830,V1,/Users/krishna/dev/fightflow/data/downloaded-videos/V1.mp4,829,16337.0,16348.0,12.0,Cross,Cross,0,pending,data/raw/Skeleton_data/V1.npy,829,True,True,True,ok,
V1_00831,V1,/Users/krishna/dev/fightflow/data/downloaded-videos/V1.mp4,830,16357.0,16367.0,11.0,Cross,Cross,0,pending,data/raw/Skeleton_data/V1.npy,830,True,True,True,ok,
V1_00832,V1,/Users/krishna/dev/fightflow/data/downloaded-videos/V1.mp4,831,16368.0,16373.0,6.0,Lead Uppercut,Lead Uppercut,3,pending,data/raw/Skeleton_data/V1.npy,831,True,True,True,ok,
V1_00833,V1,/Users/krishna/dev/fightflow/data/downloaded-videos/V1.mp4,832,16374.0,16384.0,11.0,Cross,Cross,0,pending,data/raw/Skeleton_data/V1.npy,832,True,True,True,ok,
V1_00834,V1,/Users/krishna/dev/fightflow/data/downloaded-videos/V1.mp4,833,16393.0,16405.0,13.0,Cross,Cross,0,pending,data/raw/Skeleton_data/V1.npy,833,True,True,True,ok,
V1_00835,V1,/Users/krishna/dev/fightflow/data/downloaded-videos/V1.mp4,834,16406.0,16412.0,7.0,Lead Uppercut,Lead Uppercut,3,pending,data/raw/Skeleton_data/V1.npy,834,True,True,True,ok,
V1_00836,V1,/Users/krishna/dev/fightflow/data/downloaded-videos/V1.mp4,835,16413.0,16424.0,12.0,Cross,Cross,0,pending,data/raw/Skeleton_data/V1.npy,835,True,True,True,ok,
V1_00837,V1,/Users/krishna/dev/fightflow/data/downloaded-videos/V1.mp4,836,18033.0,18044.0,12.0,Lead Hook,Lead Hook,2,pending,data/raw/Skeleton_data/V1.npy,836,True,True,True,ok,
V1_00838,V1,/Users/krishna/dev/fightflow/data/downloaded-videos/V1.mp4,837,18045.0,18059.0,15.0,Cross,Cross,0,pending,data/raw/Skeleton_data/V1.npy,837,True,True,True,ok,
V1_00839,V1,/Users/krishna/dev/fightflow/data/downloaded-videos/V1.mp4,838,18060.0,18070.0,11.0,Lead Hook,Lead Hook,2,pending,data/raw/Skeleton_data/V1.npy,838,True,True,True,ok,
V1_00840,V1,/Users/krishna/dev/fightflow/data/downloaded-videos/V1.mp4,839,18071.0,18081.0,11.0,Cross,Cross,0,pending,data/raw/Skeleton_data/V1.npy,839,True,True,True,ok,
V1_00841,V1,/Users/krishna/dev/fightflow/data/downloaded-videos/V1.mp4,840,18082.0,18091.0,10.0,Lead Hook,Lead Hook,2,pending,data/raw/Skeleton_data/V1.npy,840,True,True,True,ok,
V1_00842,V1,/Users/krishna/dev/fightflow/data/downloaded-videos/V1.mp4,841,18095.0,18103.0,9.0,Cross,Cross,0,pending,data/raw/Skeleton_data/V1.npy,841,True,True,True,ok,
V1_00843,V1,/Users/krishna/dev/fightflow/data/downloaded-videos/V1.mp4,842,18104.0,18115.0,12.0,Lead Hook,Lead Hook,2,pending,data/raw/Skeleton_data/V1.npy,842,True,True,True,ok,
V1_00844,V1,/Users/krishna/dev/fightflow/data/downloaded-videos/V1.mp4,843,18116.0,18126.0,11.0,Cross,Cross,0,pending,data/raw/Skeleton_data/V1.npy,843,True,True,True,ok,
V1_00845,V1,/Users/krishna/dev/fightflow/data/downloaded-videos/V1.mp4,844,18127.0,18136.0,10.0,Lead Hook,Lead Hook,2,pending,data/raw/Skeleton_data/V1.npy,844,True,True,True,ok,
V1_00846,V1,/Users/krishna/dev/fightflow/data/downloaded-videos/V1.mp4,845,18141.0,18151.0,11.0,Cross,Cross,0,pending,data/raw/Skeleton_data/V1.npy,845,True,True,True,ok,
V1_00847,V1,/Users/krishna/dev/fightflow/data/downloaded-videos/V1.mp4,846,18152.0,18164.0,13.0,Lead Hook,Lead Hook,2,pending,data/raw/Skeleton_data/V1.npy,846,True,True,True,ok,
V1_00848,V1,/Users/krishna/dev/fightflow/data/downloaded-videos/V1.mp4,847,18165.0,18175.0,11.0,Cross,Cross,0,pending,data/raw/Skeleton_data/V1.npy,847,True,True,True,ok,
V1_00849,V1,/Users/krishna/dev/fightflow/data/downloaded-videos/V1.mp4,848,18176.0,18188.0,13.0,Lead Hook,Lead Hook,2,pending,data/raw/Skeleton_data/V1.npy,848,True,True,True,ok,
V1_00850,V1,/Users/krishna/dev/fightflow/data/downloaded-videos/V1.mp4,849,18190.0,18201.0,12.0,Cross,Cross,0,pending,data/raw/Skeleton_data/V1.npy,849,True,True,True,ok,
V1_00851,V1,/Users/krishna/dev/fightflow/data/downloaded-videos/V1.mp4,850,18202.0,18212.0,11.0,Lead Hook,Lead Hook,2,pending,data/raw/Skeleton_data/V1.npy,850,True,True,True,ok,
V1_00852,V1,/Users/krishna/dev/fightflow/data/downloaded-videos/V1.mp4,851,18214.0,18224.0,11.0,Cross,Cross,0,pending,data/raw/Skeleton_data/V1.npy,851,True,True,True,ok,
V1_00853,V1,/Users/krishna/dev/fightflow/data/downloaded-videos/V1.mp4,852,18225.0,18236.0,12.0,Lead Hook,Lead Hook,2,pending,data/raw/Skeleton_data/V1.npy,852,True,True,True,ok,
V1_00854,V1,/Users/krishna/dev/fightflow/data/downloaded-videos/V1.mp4,853,18239.0,18249.0,11.0,Cross,Cross,0,pending,data/raw/Skeleton_data/V1.npy,853,True,True,True,ok,
V1_00855,V1,/Users/krishna/dev/fightflow/data/downloaded-videos/V1.mp4,854,18250.0,18260.0,11.0,Lead Hook,Lead Hook,2,pending,data/raw/Skeleton_data/V1.npy,854,True,True,True,ok,
V1_00856,V1,/Users/krishna/dev/fightflow/data/downloaded-videos/V1.mp4,855,18261.0,18271.0,11.0,Cross,Cross,0,pending,data/raw/Skeleton_data/V1.npy,855,True,True,True,ok,
V1_00857,V1,/Users/krishna/dev/fightflow/data/downloaded-videos/V1.mp4,856,18274.0,18284.0,11.0,Lead Hook,Lead Hook,2,pending,data/raw/Skeleton_data/V1.npy,856,True,True,True,ok,
V1_00858,V1,/Users/krishna/dev/fightflow/data/downloaded-videos/V1.mp4,857,18288.0,18298.0,11.0,Cross,Cross,0,pending,data/raw/Skeleton_data/V1.npy,857,True,True,True,ok,
V1_00859,V1,/Users/krishna/dev/fightflow/data/downloaded-videos/V1.mp4,858,18299.0,18309.0,11.0,Lead Hook,Lead Hook,2,pending,data/raw/Skeleton_data/V1.npy,858,True,True,True,ok,
V1_00860,V1,/Users/krishna/dev/fightflow/data/downloaded-videos/V1.mp4,859,18311.0,18320.0,10.0,Cross,Cross,0,pending,data/raw/Skeleton_data/V1.npy,859,True,True,True,ok,
V1_00861,V1,/Users/krishna/dev/fightflow/data/downloaded-videos/V1.mp4,860,18322.0,18333.0,12.0,Lead Hook,Lead Hook,2,pending,data/raw/Skeleton_data/V1.npy,860,True,True,True,ok,
V1_00862,V1,/Users/krishna/dev/fightflow/data/downloaded-videos/V1.mp4,861,18338.0,18347.0,10.0,Cross,Cross,0,pending,data/raw/Skeleton_data/V1.npy,861,True,True,True,ok,
V1_00863,V1,/Users/krishna/dev/fightflow/data/downloaded-videos/V1.mp4,862,18348.0,18357.0,10.0,Lead Hook,Lead Hook,2,pending,data/raw/Skeleton_data/V1.npy,862,True,True,True,ok,
V1_00864,V1,/Users/krishna/dev/fightflow/data/downloaded-videos/V1.mp4,863,18360.0,18370.0,11.0,Cross,Cross,0,pending,data/raw/Skeleton_data/V1.npy,863,True,True,True,ok,
V1_00865,V1,/Users/krishna/dev/fightflow/data/downloaded-videos/V1.mp4,864,18371.0,18380.0,10.0,Lead Hook,Lead Hook,2,pending,data/raw/Skeleton_data/V1.npy,864,True,True,True,ok,
V1_00866,V1,/Users/krishna/dev/fightflow/data/downloaded-videos/V1.mp4,865,18384.0,18395.0,12.0,Cross,Cross,0,pending,data/raw/Skeleton_data/V1.npy,865,True,True,True,ok,
V1_00867,V1,/Users/krishna/dev/fightflow/data/downloaded-videos/V1.mp4,866,18396.0,18406.0,11.0,Lead Hook,Lead Hook,2,pending,data/raw/Skeleton_data/V1.npy,866,True,True,True,ok,
V1_00868,V1,/Users/krishna/dev/fightflow/data/downloaded-videos/V1.mp4,867,18409.0,18418.0,10.0,Cross,Cross,0,pending,data/raw/Skeleton_data/V1.npy,867,True,True,True,ok,
V1_00869,V1,/Users/krishna/dev/fightflow/data/downloaded-videos/V1.mp4,868,18419.0,18429.0,11.0,Lead Hook,Lead Hook,2,pending,data/raw/Skeleton_data/V1.npy,868,True,True,True,ok,
V1_00870,V1,/Users/krishna/dev/fightflow/data/downloaded-videos/V1.mp4,869,18432.0,18442.0,11.0,Cross,Cross,0,pending,data/raw/Skeleton_data/V1.npy,869,True,True,True,ok,
V1_00871,V1,/Users/krishna/dev/fightflow/data/downloaded-videos/V1.mp4,870,18444.0,18453.0,10.0,Lead Hook,Lead Hook,2,pending,data/raw/Skeleton_data/V1.npy,870,True,True,True,ok,
V1_00872,V1,/Users/krishna/dev/fightflow/data/downloaded-videos/V1.mp4,871,18458.0,18465.0,8.0,Cross,Cross,0,pending,data/raw/Skeleton_data/V1.npy,871,True,True,True,ok,
V1_00873,V1,/Users/krishna/dev/fightflow/data/downloaded-videos/V1.mp4,872,18467.0,18477.0,11.0,Lead Hook,Lead Hook,2,pending,data/raw/Skeleton_data/V1.npy,872,True,True,True,ok,
V1_00874,V1,/Users/krishna/dev/fightflow/data/downloaded-videos/V1.mp4,873,18480.0,18489.0,10.0,Cross,Cross,0,pending,data/raw/Skeleton_data/V1.npy,873,True,True,True,ok,
V1_00875,V1,/Users/krishna/dev/fightflow/data/downloaded-videos/V1.mp4,874,18491.0,18502.0,12.0,Lead Hook,Lead Hook,2,pending,data/raw/Skeleton_data/V1.npy,874,True,True,True,ok,
V1_00876,V1,/Users/krishna/dev/fightflow/data/downloaded-videos/V1.mp4,875,18504.0,18514.0,11.0,Cross,Cross,0,pending,data/raw/Skeleton_data/V1.npy,875,True,True,True,ok,
V1_00877,V1,/Users/krishna/dev/fightflow/data/downloaded-videos/V1.mp4,876,18515.0,18525.0,11.0,Lead Hook,Lead Hook,2,pending,data/raw/Skeleton_data/V1.npy,876,True,True,True,ok,
V1_00878,V1,/Users/krishna/dev/fightflow/data/downloaded-videos/V1.mp4,877,18529.0,18539.0,11.0,Cross,Cross,0,pending,data/raw/Skeleton_data/V1.npy,877,True,True,True,ok,
V1_00879,V1,/Users/krishna/dev/fightflow/data/downloaded-videos/V1.mp4,878,18540.0,18550.0,11.0,Lead Hook,Lead Hook,2,pending,data/raw/Skeleton_data/V1.npy,878,True,True,True,ok,
V1_00880,V1,/Users/krishna/dev/fightflow/data/downloaded-videos/V1.mp4,879,18553.0,18562.0,10.0,Cross,Cross,0,pending,data/raw/Skeleton_data/V1.npy,879,True,True,True,ok,
V1_00881,V1,/Users/krishna/dev/fightflow/data/downloaded-videos/V1.mp4,880,18564.0,18574.0,11.0,Lead Hook,Lead Hook,2,pending,data/raw/Skeleton_data/V1.npy,880,True,True,True,ok,
V1_00882,V1,/Users/krishna/dev/fightflow/data/downloaded-videos/V1.mp4,881,18581.0,18590.0,10.0,Cross,Cross,0,pending,data/raw/Skeleton_data/V1.npy,881,True,True,True,ok,
V1_00883,V1,/Users/krishna/dev/fightflow/data/downloaded-videos/V1.mp4,882,18592.0,18602.0,11.0,Lead Hook,Lead Hook,2,pending,data/raw/Skeleton_data/V1.npy,882,True,True,True,ok,
V1_00884,V1,/Users/krishna/dev/fightflow/data/downloaded-videos/V1.mp4,883,18607.0,18615.0,9.0,Cross,Cross,0,pending,data/raw/Skeleton_data/V1.npy,883,True,True,True,ok,
V1_00885,V1,/Users/krishna/dev/fightflow/data/downloaded-videos/V1.mp4,884,18620.0,18630.0,11.0,Lead Hook,Lead Hook,2,pending,data/raw/Skeleton_data/V1.npy,884,True,True,True,ok,
V1_00886,V1,/Users/krishna/dev/fightflow/data/downloaded-videos/V1.mp4,885,18635.0,18645.0,11.0,Cross,Cross,0,pending,data/raw/Skeleton_data/V1.npy,885,True,True,True,ok,
V1_00887,V1,/Users/krishna/dev/fightflow/data/downloaded-videos/V1.mp4,886,18646.0,18656.0,11.0,Lead Hook,Lead Hook,2,pending,data/raw/Skeleton_data/V1.npy,886,True,True,True,ok,
V1_00888,V1,/Users/krishna/dev/fightflow/data/downloaded-videos/V1.mp4,887,18661.0,18669.0,9.0,Cross,Cross,0,pending,data/raw/Skeleton_data/V1.npy,887,True,True,True,ok,
V1_00889,V1,/Users/krishna/dev/fightflow/data/downloaded-videos/V1.mp4,888,18671.0,18681.0,11.0,Lead Hook,Lead Hook,2,pending,data/raw/Skeleton_data/V1.npy,888,True,True,True,ok,
V1_00890,V1,/Users/krishna/dev/fightflow/data/downloaded-videos/V1.mp4,889,18686.0,18695.0,10.0,Cross,Cross,0,pending,data/raw/Skeleton_data/V1.npy,889,True,True,True,ok,
V1_00891,V1,/Users/krishna/dev/fightflow/data/downloaded-videos/V1.mp4,890,18697.0,18708.0,12.0,Lead Hook,Lead Hook,2,pending,data/raw/Skeleton_data/V1.npy,890,True,True,True,ok,
V1_00892,V1,/Users/krishna/dev/fightflow/data/downloaded-videos/V1.mp4,891,18712.0,18721.0,10.0,Cross,Cross,0,pending,data/raw/Skeleton_data/V1.npy,891,True,True,True,ok,
V1_00893,V1,/Users/krishna/dev/fightflow/data/downloaded-videos/V1.mp4,892,18722.0,18732.0,11.0,Lead Hook,Lead Hook,2,pending,data/raw/Skeleton_data/V1.npy,892,True,True,True,ok,
V1_00894,V1,/Users/krishna/dev/fightflow/data/downloaded-videos/V1.mp4,893,18736.0,18746.0,11.0,Cross,Cross,0,pending,data/raw/Skeleton_data/V1.npy,893,True,True,True,ok,
V1_00895,V1,/Users/krishna/dev/fightflow/data/downloaded-videos/V1.mp4,894,18748.0,18757.0,10.0,Lead Hook,Lead Hook,2,pending,data/raw/Skeleton_data/V1.npy,894,True,True,True,ok,
V1_00896,V1,/Users/krishna/dev/fightflow/data/downloaded-videos/V1.mp4,895,18762.0,18772.0,11.0,Cross,Cross,0,pending,data/raw/Skeleton_data/V1.npy,895,True,True,True,ok,
V1_00897,V1,/Users/krishna/dev/fightflow/data/downloaded-videos/V1.mp4,896,18773.0,18782.0,10.0,Lead Hook,Lead Hook,2,pending,data/raw/Skeleton_data/V1.npy,896,True,True,True,ok,
V1_00898,V1,/Users/krishna/dev/fightflow/data/downloaded-videos/V1.mp4,897,18785.0,18796.0,12.0,Cross,Cross,0,pending,data/raw/Skeleton_data/V1.npy,897,True,True,True,ok,
V1_00899,V1,/Users/krishna/dev/fightflow/data/downloaded-videos/V1.mp4,898,18797.0,18809.0,13.0,Lead Hook,Lead Hook,2,pending,data/raw/Skeleton_data/V1.npy,898,True,True,True,ok,
V1_00900,V1,/Users/krishna/dev/fightflow/data/downloaded-videos/V1.mp4,899,18810.0,18821.0,12.0,Cross,Cross,0,pending,data/raw/Skeleton_data/V1.npy,899,True,True,True,ok,
V1_00901,V1,/Users/krishna/dev/fightflow/data/downloaded-videos/V1.mp4,900,18822.0,18831.0,10.0,Lead Hook,Lead Hook,2,pending,data/raw/Skeleton_data/V1.npy,900,True,True,True,ok,
V1_00902,V1,/Users/krishna/dev/fightflow/data/downloaded-videos/V1.mp4,901,18835.0,18845.0,11.0,Cross,Cross,0,pending,data/raw/Skeleton_data/V1.npy,901,True,True,True,ok,
V1_00903,V1,/Users/krishna/dev/fightflow/data/downloaded-videos/V1.mp4,902,18846.0,18858.0,13.0,Lead Hook,Lead Hook,2,pending,data/raw/Skeleton_data/V1.npy,902,True,True,True,ok,
V1_00904,V1,/Users/krishna/dev/fightflow/data/downloaded-videos/V1.mp4,903,18861.0,18871.0,11.0,Cross,Cross,0,pending,data/raw/Skeleton_data/V1.npy,903,True,True,True,ok,
V1_00905,V1,/Users/krishna/dev/fightflow/data/downloaded-videos/V1.mp4,904,18872.0,18882.0,11.0,Lead Hook,Lead Hook,2,pending,data/raw/Skeleton_data/V1.npy,904,True,True,True,ok,
V1_00906,V1,/Users/krishna/dev/fightflow/data/downloaded-videos/V1.mp4,905,18886.0,18897.0,12.0,Cross,Cross,0,pending,data/raw/Skeleton_data/V1.npy,905,True,True,True,ok,
V1_00907,V1,/Users/krishna/dev/fightflow/data/downloaded-videos/V1.mp4,906,18898.0,18907.0,10.0,Lead Hook,Lead Hook,2,pending,data/raw/Skeleton_data/V1.npy,906,True,True,True,ok,
V1_00908,V1,/Users/krishna/dev/fightflow/data/downloaded-videos/V1.mp4,907,18911.0,18921.0,11.0,Cross,Cross,0,pending,data/raw/Skeleton_data/V1.npy,907,True,True,True,ok,
V1_00909,V1,/Users/krishna/dev/fightflow/data/downloaded-videos/V1.mp4,908,18922.0,18932.0,11.0,Lead Hook,Lead Hook,2,pending,data/raw/Skeleton_data/V1.npy,908,True,True,True,ok,
V1_00910,V1,/Users/krishna/dev/fightflow/data/downloaded-videos/V1.mp4,909,18933.0,18943.0,11.0,Cross,Cross,0,pending,data/raw/Skeleton_data/V1.npy,909,True,True,True,ok,
V1_00911,V1,/Users/krishna/dev/fightflow/data/downloaded-videos/V1.mp4,910,18945.0,18958.0,14.0,Lead Hook,Lead Hook,2,pending,data/raw/Skeleton_data/V1.npy,910,True,True,True,ok,
V1_00912,V1,/Users/krishna/dev/fightflow/data/downloaded-videos/V1.mp4,911,18960.0,18971.0,12.0,Cross,Cross,0,pending,data/raw/Skeleton_data/V1.npy,911,True,True,True,ok,
V1_00913,V1,/Users/krishna/dev/fightflow/data/downloaded-videos/V1.mp4,912,18972.0,18982.0,11.0,Lead Hook,Lead Hook,2,pending,data/raw/Skeleton_data/V1.npy,912,True,True,True,ok,
V1_00914,V1,/Users/krishna/dev/fightflow/data/downloaded-videos/V1.mp4,913,18986.0,18996.0,11.0,Cross,Cross,0,pending,data/raw/Skeleton_data/V1.npy,913,True,True,True,ok,
V1_00915,V1,/Users/krishna/dev/fightflow/data/downloaded-videos/V1.mp4,914,18997.0,19008.0,12.0,Lead Hook,Lead Hook,2,pending,data/raw/Skeleton_data/V1.npy,914,True,True,True,ok,
V1_00916,V1,/Users/krishna/dev/fightflow/data/downloaded-videos/V1.mp4,915,19011.0,19021.0,11.0,Cross,Cross,0,pending,data/raw/Skeleton_data/V1.npy,915,True,True,True,ok,
V1_00917,V1,/Users/krishna/dev/fightflow/data/downloaded-videos/V1.mp4,916,19022.0,19032.0,11.0,Lead Hook,Lead Hook,2,pending,data/raw/Skeleton_data/V1.npy,916,True,True,True,ok,
V1_00918,V1,/Users/krishna/dev/fightflow/data/downloaded-videos/V1.mp4,917,19038.0,19047.0,10.0,Cross,Cross,0,pending,data/raw/Skeleton_data/V1.npy,917,True,True,True,ok,
V1_00919,V1,/Users/krishna/dev/fightflow/data/downloaded-videos/V1.mp4,918,19048.0,19059.0,12.0,Lead Hook,Lead Hook,2,pending,data/raw/Skeleton_data/V1.npy,918,True,True,True,ok,
V1_00920,V1,/Users/krishna/dev/fightflow/data/downloaded-videos/V1.mp4,919,19062.0,19073.0,12.0,Cross,Cross,0,pending,data/raw/Skeleton_data/V1.npy,919,True,True,True,ok,
V1_00921,V1,/Users/krishna/dev/fightflow/data/downloaded-videos/V1.mp4,920,19074.0,19084.0,11.0,Lead Hook,Lead Hook,2,pending,data/raw/Skeleton_data/V1.npy,920,True,True,True,ok,
V1_00922,V1,/Users/krishna/dev/fightflow/data/downloaded-videos/V1.mp4,921,19088.0,19098.0,11.0,Cross,Cross,0,pending,data/raw/Skeleton_data/V1.npy,921,True,True,True,ok,
V1_00923,V1,/Users/krishna/dev/fightflow/data/downloaded-videos/V1.mp4,922,19099.0,19111.0,13.0,Lead Hook,Lead Hook,2,pending,data/raw/Skeleton_data/V1.npy,922,True,True,True,ok,
V1_00924,V1,/Users/krishna/dev/fightflow/data/downloaded-videos/V1.mp4,923,19114.0,19124.0,11.0,Cross,Cross,0,pending,data/raw/Skeleton_data/V1.npy,923,True,True,True,ok,
V1_00925,V1,/Users/krishna/dev/fightflow/data/downloaded-videos/V1.mp4,924,19125.0,19137.0,13.0,Lead Hook,Lead Hook,2,pending,data/raw/Skeleton_data/V1.npy,924,True,True,True,ok,
V1_00926,V1,/Users/krishna/dev/fightflow/data/downloaded-videos/V1.mp4,925,19139.0,19149.0,11.0,Cross,Cross,0,pending,data/raw/Skeleton_data/V1.npy,925,True,True,True,ok,
V1_00927,V1,/Users/krishna/dev/fightflow/data/downloaded-videos/V1.mp4,926,19152.0,19165.0,14.0,Lead Hook,Lead Hook,2,pending,data/raw/Skeleton_data/V1.npy,926,True,True,True,ok,
V1_00928,V1,/Users/krishna/dev/fightflow/data/downloaded-videos/V1.mp4,927,19167.0,19178.0,12.0,Cross,Cross,0,pending,data/raw/Skeleton_data/V1.npy,927,True,True,True,ok,
V1_00929,V1,/Users/krishna/dev/fightflow/data/downloaded-videos/V1.mp4,928,19179.0,19190.0,12.0,Lead Hook,Lead Hook,2,pending,data/raw/Skeleton_data/V1.npy,928,True,True,True,ok,
V1_00930,V1,/Users/krishna/dev/fightflow/data/downloaded-videos/V1.mp4,929,19194.0,19205.0,12.0,Cross,Cross,0,pending,data/raw/Skeleton_data/V1.npy,929,True,True,True,ok,
V1_00931,V1,/Users/krishna/dev/fightflow/data/downloaded-videos/V1.mp4,930,19206.0,19219.0,14.0,Lead Hook,Lead Hook,2,pending,data/raw/Skeleton_data/V1.npy,930,True,True,True,ok,
V1_00932,V1,/Users/krishna/dev/fightflow/data/downloaded-videos/V1.mp4,931,19221.0,19231.0,11.0,Cross,Cross,0,pending,data/raw/Skeleton_data/V1.npy,931,True,True,True,ok,
V1_00933,V1,/Users/krishna/dev/fightflow/data/downloaded-videos/V1.mp4,932,19233.0,19243.0,11.0,Lead Hook,Lead Hook,2,pending,data/raw/Skeleton_data/V1.npy,932,True,True,True,ok,
V1_00934,V1,/Users/krishna/dev/fightflow/data/downloaded-videos/V1.mp4,933,19246.0,19256.0,11.0,Cross,Cross,0,pending,data/raw/Skeleton_data/V1.npy,933,True,True,True,ok,
V1_00935,V1,/Users/krishna/dev/fightflow/data/downloaded-videos/V1.mp4,934,19258.0,19271.0,14.0,Lead Hook,Lead Hook,2,pending,data/raw/Skeleton_data/V1.npy,934,True,True,True,ok,
V1_00936,V1,/Users/krishna/dev/fightflow/data/downloaded-videos/V1.mp4,935,19273.0,19283.0,11.0,Cross,Cross,0,pending,data/raw/Skeleton_data/V1.npy,935,True,True,True,ok,
V1_00937,V1,/Users/krishna/dev/fightflow/data/downloaded-videos/V1.mp4,936,19284.0,19295.0,12.0,Lead Hook,Lead Hook,2,pending,data/raw/Skeleton_data/V1.npy,936,True,True,True,ok,
V1_00938,V1,/Users/krishna/dev/fightflow/data/downloaded-videos/V1.mp4,937,19299.0,19309.0,11.0,Cross,Cross,0,pending,data/raw/Skeleton_data/V1.npy,937,True,True,True,ok,
V1_00939,V1,/Users/krishna/dev/fightflow/data/downloaded-videos/V1.mp4,938,19310.0,19322.0,13.0,Lead Hook,Lead Hook,2,pending,data/raw/Skeleton_data/V1.npy,938,True,True,True,ok,
V1_00940,V1,/Users/krishna/dev/fightflow/data/downloaded-videos/V1.mp4,939,19324.0,19335.0,12.0,Cross,Cross,0,pending,data/raw/Skeleton_data/V1.npy,939,True,True,True,ok,
V1_00941,V1,/Users/krishna/dev/fightflow/data/downloaded-videos/V1.mp4,940,19336.0,19349.0,14.0,Lead Hook,Lead Hook,2,pending,data/raw/Skeleton_data/V1.npy,940,True,True,True,ok,
V1_00942,V1,/Users/krishna/dev/fightflow/data/downloaded-videos/V1.mp4,941,19353.0,19363.0,11.0,Cross,Cross,0,pending,data/raw/Skeleton_data/V1.npy,941,True,True,True,ok,
V1_00943,V1,/Users/krishna/dev/fightflow/data/downloaded-videos/V1.mp4,942,19366.0,19378.0,13.0,Lead Hook,Lead Hook,2,pending,data/raw/Skeleton_data/V1.npy,942,True,True,True,ok,
V1_00944,V1,/Users/krishna/dev/fightflow/data/downloaded-videos/V1.mp4,943,19381.0,19392.0,12.0,Cross,Cross,0,pending,data/raw/Skeleton_data/V1.npy,943,True,True,True,ok,
V1_00945,V1,/Users/krishna/dev/fightflow/data/downloaded-videos/V1.mp4,944,19394.0,19405.0,12.0,Lead Hook,Lead Hook,2,pending,data/raw/Skeleton_data/V1.npy,944,True,True,True,ok,
V1_00946,V1,/Users/krishna/dev/fightflow/data/downloaded-videos/V1.mp4,945,19408.0,19418.0,11.0,Cross,Cross,0,pending,data/raw/Skeleton_data/V1.npy,945,True,True,True,ok,
V1_00947,V1,/Users/krishna/dev/fightflow/data/downloaded-videos/V1.mp4,946,19421.0,19433.0,13.0,Lead Hook,Lead Hook,2,pending,data/raw/Skeleton_data/V1.npy,946,True,True,True,ok,
V1_00948,V1,/Users/krishna/dev/fightflow/data/downloaded-videos/V1.mp4,947,19435.0,19446.0,12.0,Cross,Cross,0,pending,data/raw/Skeleton_data/V1.npy,947,True,True,True,ok,
V1_00949,V1,/Users/krishna/dev/fightflow/data/downloaded-videos/V1.mp4,948,19447.0,19460.0,14.0,Lead Hook,Lead Hook,2,pending,data/raw/Skeleton_data/V1.npy,948,True,True,True,ok,
V1_00950,V1,/Users/krishna/dev/fightflow/data/downloaded-videos/V1.mp4,949,19493.0,19504.0,12.0,Jab,Jab,1,pending,data/raw/Skeleton_data/V1.npy,949,True,True,True,ok,
V1_00951,V1,/Users/krishna/dev/fightflow/data/downloaded-videos/V1.mp4,950,19514.0,19525.0,12.0,Jab,Jab,1,pending,data/raw/Skeleton_data/V1.npy,950,True,True,True,ok,
V1_00952,V1,/Users/krishna/dev/fightflow/data/downloaded-videos/V1.mp4,951,19567.0,19577.0,11.0,Jab,Jab,1,pending,data/raw/Skeleton_data/V1.npy,951,True,True,True,ok,
V1_00953,V1,/Users/krishna/dev/fightflow/data/downloaded-videos/V1.mp4,952,19578.0,19591.0,14.0,Jab,Jab,1,pending,data/raw/Skeleton_data/V1.npy,952,True,True,True,ok,
V1_00954,V1,/Users/krishna/dev/fightflow/data/downloaded-videos/V1.mp4,953,19636.0,19646.0,11.0,Jab,Jab,1,pending,data/raw/Skeleton_data/V1.npy,953,True,True,True,ok,
V1_00955,V1,/Users/krishna/dev/fightflow/data/downloaded-videos/V1.mp4,954,19658.0,19668.0,11.0,Jab,Jab,1,pending,data/raw/Skeleton_data/V1.npy,954,True,True,True,ok,
V1_00956,V1,/Users/krishna/dev/fightflow/data/downloaded-videos/V1.mp4,955,19710.0,19724.0,15.0,Jab,Jab,1,pending,data/raw/Skeleton_data/V1.npy,955,True,True,True,ok,
V1_00957,V1,/Users/krishna/dev/fightflow/data/downloaded-videos/V1.mp4,956,19730.0,19742.0,13.0,Jab,Jab,1,pending,data/raw/Skeleton_data/V1.npy,956,True,True,True,ok,
V1_00958,V1,/Users/krishna/dev/fightflow/data/downloaded-videos/V1.mp4,957,19799.0,19809.0,11.0,Jab,Jab,1,pending,data/raw/Skeleton_data/V1.npy,957,True,True,True,ok,
V1_00959,V1,/Users/krishna/dev/fightflow/data/downloaded-videos/V1.mp4,958,19811.0,19825.0,15.0,Jab,Jab,1,pending,data/raw/Skeleton_data/V1.npy,958,True,True,True,ok,
V1_00960,V1,/Users/krishna/dev/fightflow/data/downloaded-videos/V1.mp4,959,19839.0,19851.0,13.0,Jab,Jab,1,pending,data/raw/Skeleton_data/V1.npy,959,True,True,True,ok,
V1_00961,V1,/Users/krishna/dev/fightflow/data/downloaded-videos/V1.mp4,960,19858.0,19871.0,14.0,Jab,Jab,1,pending,data/raw/Skeleton_data/V1.npy,960,True,True,True,ok,
V1_00962,V1,/Users/krishna/dev/fightflow/data/downloaded-videos/V1.mp4,961,19896.0,19910.0,15.0,Jab,Jab,1,pending,data/raw/Skeleton_data/V1.npy,961,True,True,True,ok,
V1_00963,V1,/Users/krishna/dev/fightflow/data/downloaded-videos/V1.mp4,962,19914.0,19927.0,14.0,Jab,Jab,1,pending,data/raw/Skeleton_data/V1.npy,962,True,True,True,ok,
V1_00964,V1,/Users/krishna/dev/fightflow/data/downloaded-videos/V1.mp4,963,19965.0,19976.0,12.0,Jab,Jab,1,pending,data/raw/Skeleton_data/V1.npy,963,True,True,True,ok,
V1_00965,V1,/Users/krishna/dev/fightflow/data/downloaded-videos/V1.mp4,964,19983.0,19994.0,12.0,Jab,Jab,1,pending,data/raw/Skeleton_data/V1.npy,964,True,True,True,ok,
V1_00966,V1,/Users/krishna/dev/fightflow/data/downloaded-videos/V1.mp4,965,20006.0,20016.0,11.0,Jab,Jab,1,pending,data/raw/Skeleton_data/V1.npy,965,True,True,True,ok,
V1_00967,V1,/Users/krishna/dev/fightflow/data/downloaded-videos/V1.mp4,966,20018.0,20030.0,13.0,Jab,Jab,1,pending,data/raw/Skeleton_data/V1.npy,966,True,True,True,ok,
V1_00968,V1,/Users/krishna/dev/fightflow/data/downloaded-videos/V1.mp4,967,20059.0,20070.0,12.0,Jab,Jab,1,pending,data/raw/Skeleton_data/V1.npy,967,True,True,True,ok,
V1_00969,V1,/Users/krishna/dev/fightflow/data/downloaded-videos/V1.mp4,968,20073.0,20085.0,13.0,Jab,Jab,1,pending,data/raw/Skeleton_data/V1.npy,968,True,True,True,ok,
V1_00970,V1,/Users/krishna/dev/fightflow/data/downloaded-videos/V1.mp4,969,20187.0,20199.0,13.0,Lead Hook,Lead Hook,2,pending,data/raw/Skeleton_data/V1.npy,969,True,True,True,ok,
V1_00971,V1,/Users/krishna/dev/fightflow/data/downloaded-videos/V1.mp4,970,20204.0,20213.0,10.0,Cross,Cross,0,pending,data/raw/Skeleton_data/V1.npy,970,True,True,True,ok,
V1_00972,V1,/Users/krishna/dev/fightflow/data/downloaded-videos/V1.mp4,971,20214.0,20226.0,13.0,Lead Hook,Lead Hook,2,pending,data/raw/Skeleton_data/V1.npy,971,True,True,True,ok,
V1_00973,V1,/Users/krishna/dev/fightflow/data/downloaded-videos/V1.mp4,972,20230.0,20240.0,11.0,Cross,Cross,0,pending,data/raw/Skeleton_data/V1.npy,972,True,True,True,ok,
V1_00974,V1,/Users/krishna/dev/fightflow/data/downloaded-videos/V1.mp4,973,20241.0,20251.0,11.0,Lead Hook,Lead Hook,2,pending,data/raw/Skeleton_data/V1.npy,973,True,True,True,ok,
V1_00975,V1,/Users/krishna/dev/fightflow/data/downloaded-videos/V1.mp4,974,20255.0,20264.0,10.0,Cross,Cross,0,pending,data/raw/Skeleton_data/V1.npy,974,True,True,True,ok,
V1_00976,V1,/Users/krishna/dev/fightflow/data/downloaded-videos/V1.mp4,975,20265.0,20277.0,13.0,Lead Hook,Lead Hook,2,pending,data/raw/Skeleton_data/V1.npy,975,True,True,True,ok,
V1_00977,V1,/Users/krishna/dev/fightflow/data/downloaded-videos/V1.mp4,976,20280.0,20288.0,9.0,Cross,Cross,0,pending,data/raw/Skeleton_data/V1.npy,976,True,True,True,ok,
V1_00978,V1,/Users/krishna/dev/fightflow/data/downloaded-videos/V1.mp4,977,20289.0,20298.0,10.0,Lead Hook,Lead Hook,2,pending,data/raw/Skeleton_data/V1.npy,977,True,True,True,ok,
V1_00979,V1,/Users/krishna/dev/fightflow/data/downloaded-videos/V1.mp4,978,20300.0,20313.0,14.0,Cross,Cross,0,pending,data/raw/Skeleton_data/V1.npy,978,True,True,True,ok,
V1_00980,V1,/Users/krishna/dev/fightflow/data/downloaded-videos/V1.mp4,979,20314.0,20326.0,13.0,Lead Hook,Lead Hook,2,pending,data/raw/Skeleton_data/V1.npy,979,True,True,True,ok,
V1_00981,V1,/Users/krishna/dev/fightflow/data/downloaded-videos/V1.mp4,980,20330.0,20338.0,9.0,Cross,Cross,0,pending,data/raw/Skeleton_data/V1.npy,980,True,True,True,ok,
V1_00982,V1,/Users/krishna/dev/fightflow/data/downloaded-videos/V1.mp4,981,20342.0,20352.0,11.0,Lead Hook,Lead Hook,2,pending,data/raw/Skeleton_data/V1.npy,981,True,True,True,ok,
V1_00983,V1,/Users/krishna/dev/fightflow/data/downloaded-videos/V1.mp4,982,20357.0,20368.0,12.0,Cross,Cross,0,pending,data/raw/Skeleton_data/V1.npy,982,True,True,True,ok,
V1_00984,V1,/Users/krishna/dev/fightflow/data/downloaded-videos/V1.mp4,983,20371.0,20381.0,11.0,Lead Hook,Lead Hook,2,pending,data/raw/Skeleton_data/V1.npy,983,True,True,True,ok,
V1_00985,V1,/Users/krishna/dev/fightflow/data/downloaded-videos/V1.mp4,984,20385.0,20394.0,10.0,Cross,Cross,0,pending,data/raw/Skeleton_data/V1.npy,984,True,True,True,ok,
V1_00986,V1,/Users/krishna/dev/fightflow/data/downloaded-videos/V1.mp4,985,20396.0,20407.0,12.0,Lead Hook,Lead Hook,2,pending,data/raw/Skeleton_data/V1.npy,985,True,True,True,ok,
V1_00987,V1,/Users/krishna/dev/fightflow/data/downloaded-videos/V1.mp4,986,20414.0,20424.0,11.0,Cross,Cross,0,pending,data/raw/Skeleton_data/V1.npy,986,True,True,True,ok,
V1_00988,V1,/Users/krishna/dev/fightflow/data/downloaded-videos/V1.mp4,987,20427.0,20437.0,11.0,Lead Hook,Lead Hook,2,pending,data/raw/Skeleton_data/V1.npy,987,True,True,True,ok,
V1_00989,V1,/Users/krishna/dev/fightflow/data/downloaded-videos/V1.mp4,988,20442.0,20451.0,10.0,Cross,Cross,0,pending,data/raw/Skeleton_data/V1.npy,988,True,True,True,ok,
V1_00990,V1,/Users/krishna/dev/fightflow/data/downloaded-videos/V1.mp4,989,20454.0,20464.0,11.0,Lead Hook,Lead Hook,2,pending,data/raw/Skeleton_data/V1.npy,989,True,True,True,ok,
V1_00991,V1,/Users/krishna/dev/fightflow/data/downloaded-videos/V1.mp4,990,20471.0,20480.0,10.0,Cross,Cross,0,pending,data/raw/Skeleton_data/V1.npy,990,True,True,True,ok,
V1_00992,V1,/Users/krishna/dev/fightflow/data/downloaded-videos/V1.mp4,991,20482.0,20494.0,13.0,Lead Hook,Lead Hook,2,pending,data/raw/Skeleton_data/V1.npy,991,True,True,True,ok,
V1_00993,V1,/Users/krishna/dev/fightflow/data/downloaded-videos/V1.mp4,992,20498.0,20507.0,10.0,Cross,Cross,0,pending,data/raw/Skeleton_data/V1.npy,992,True,True,True,ok,
V1_00994,V1,/Users/krishna/dev/fightflow/data/downloaded-videos/V1.mp4,993,20511.0,20522.0,12.0,Lead Hook,Lead Hook,2,pending,data/raw/Skeleton_data/V1.npy,993,True,True,True,ok,
V1_00995,V1,/Users/krishna/dev/fightflow/data/downloaded-videos/V1.mp4,994,20528.0,20538.0,11.0,Cross,Cross,0,pending,data/raw/Skeleton_data/V1.npy,994,True,True,True,ok,
V1_00996,V1,/Users/krishna/dev/fightflow/data/downloaded-videos/V1.mp4,995,20540.0,20551.0,12.0,Lead Hook,Lead Hook,2,pending,data/raw/Skeleton_data/V1.npy,995,True,True,True,ok,
V1_00997,V1,/Users/krishna/dev/fightflow/data/downloaded-videos/V1.mp4,996,20556.0,20565.0,10.0,Cross,Cross,0,pending,data/raw/Skeleton_data/V1.npy,996,True,True,True,ok,
V1_00998,V1,/Users/krishna/dev/fightflow/data/downloaded-videos/V1.mp4,997,20566.0,20577.0,12.0,Lead Hook,Lead Hook,2,pending,data/raw/Skeleton_data/V1.npy,997,True,True,True,ok,
V1_00999,V1,/Users/krishna/dev/fightflow/data/downloaded-videos/V1.mp4,998,20578.0,20588.0,11.0,Cross,Cross,0,pending,data/raw/Skeleton_data/V1.npy,998,True,True,True,ok,
V1_01000,V1,/Users/krishna/dev/fightflow/data/downloaded-videos/V1.mp4,999,20589.0,20601.0,13.0,Lead Hook,Lead Hook,2,pending,data/raw/Skeleton_data/V1.npy,999,True,True,True,ok,
V1_01001,V1,/Users/krishna/dev/fightflow/data/downloaded-videos/V1.mp4,1000,20602.0,20611.0,10.0,Cross,Cross,0,pending,data/raw/Skeleton_data/V1.npy,1000,True,True,True,ok,
V1_01002,V1,/Users/krishna/dev/fightflow/data/downloaded-videos/V1.mp4,1001,20612.0,20622.0,11.0,Lead Hook,Lead Hook,2,pending,data/raw/Skeleton_data/V1.npy,1001,True,True,True,ok,
V1_01003,V1,/Users/krishna/dev/fightflow/data/downloaded-videos/V1.mp4,1002,20623.0,20631.0,9.0,Cross,Cross,0,pending,data/raw/Skeleton_data/V1.npy,1002,True,True,True,ok,
V1_01004,V1,/Users/krishna/dev/fightflow/data/downloaded-videos/V1.mp4,1003,20632.0,20642.0,11.0,Lead Hook,Lead Hook,2,pending,data/raw/Skeleton_data/V1.npy,1003,True,True,True,ok,
V1_01005,V1,/Users/krishna/dev/fightflow/data/downloaded-videos/V1.mp4,1004,20643.0,20651.0,9.0,Cross,Cross,0,pending,data/raw/Skeleton_data/V1.npy,1004,True,True,True,ok,
V1_01006,V1,/Users/krishna/dev/fightflow/data/downloaded-videos/V1.mp4,1005,20652.0,20662.0,11.0,Lead Hook,Lead Hook,2,pending,data/raw/Skeleton_data/V1.npy,1005,True,True,True,ok,
V1_01007,V1,/Users/krishna/dev/fightflow/data/downloaded-videos/V1.mp4,1006,20663.0,20671.0,9.0,Cross,Cross,0,pending,data/raw/Skeleton_data/V1.npy,1006,True,True,True,ok,
V1_01008,V1,/Users/krishna/dev/fightflow/data/downloaded-videos/V1.mp4,1007,20672.0,20681.0,10.0,Lead Hook,Lead Hook,2,pending,data/raw/Skeleton_data/V1.npy,1007,True,True,True,ok,
V1_01009,V1,/Users/krishna/dev/fightflow/data/downloaded-videos/V1.mp4,1008,20683.0,20690.0,8.0,Cross,Cross,0,pending,data/raw/Skeleton_data/V1.npy,1008,True,True,True,ok,
V1_01010,V1,/Users/krishna/dev/fightflow/data/downloaded-videos/V1.mp4,1009,20691.0,20701.0,11.0,Lead Hook,Lead Hook,2,pending,data/raw/Skeleton_data/V1.npy,1009,True,True,True,ok,
V1_01011,V1,/Users/krishna/dev/fightflow/data/downloaded-videos/V1.mp4,1010,20702.0,20711.0,10.0,Cross,Cross,0,pending,data/raw/Skeleton_data/V1.npy,1010,True,True,True,ok,
V1_01012,V1,/Users/krishna/dev/fightflow/data/downloaded-videos/V1.mp4,1011,20712.0,20723.0,12.0,Lead Hook,Lead Hook,2,pending,data/raw/Skeleton_data/V1.npy,1011,True,True,True,ok,
V1_01013,V1,/Users/krishna/dev/fightflow/data/downloaded-videos/V1.mp4,1012,20724.0,20731.0,8.0,Cross,Cross,0,pending,data/raw/Skeleton_data/V1.npy,1012,True,True,True,ok,
V1_01014,V1,/Users/krishna/dev/fightflow/data/downloaded-videos/V1.mp4,1013,20732.0,20743.0,12.0,Lead Hook,Lead Hook,2,pending,data/raw/Skeleton_data/V1.npy,1013,True,True,True,ok,
V1_01015,V1,/Users/krishna/dev/fightflow/data/downloaded-videos/V1.mp4,1014,20746.0,20755.0,10.0,Cross,Cross,0,pending,data/raw/Skeleton_data/V1.npy,1014,True,True,True,ok,
V1_01016,V1,/Users/krishna/dev/fightflow/data/downloaded-videos/V1.mp4,1015,20756.0,20766.0,11.0,Lead Hook,Lead Hook,2,pending,data/raw/Skeleton_data/V1.npy,1015,True,True,True,ok,
V1_01017,V1,/Users/krishna/dev/fightflow/data/downloaded-videos/V1.mp4,1016,20767.0,20776.0,10.0,Cross,Cross,0,pending,data/raw/Skeleton_data/V1.npy,1016,True,True,True,ok,
V1_01018,V1,/Users/krishna/dev/fightflow/data/downloaded-videos/V1.mp4,1017,20777.0,20787.0,11.0,Lead Hook,Lead Hook,2,pending,data/raw/Skeleton_data/V1.npy,1017,True,True,True,ok,
V1_01019,V1,/Users/krishna/dev/fightflow/data/downloaded-videos/V1.mp4,1018,20788.0,20796.0,9.0,Cross,Cross,0,pending,data/raw/Skeleton_data/V1.npy,1018,True,True,True,ok,
V1_01020,V1,/Users/krishna/dev/fightflow/data/downloaded-videos/V1.mp4,1019,20797.0,20808.0,12.0,Lead Hook,Lead Hook,2,pending,data/raw/Skeleton_data/V1.npy,1019,True,True,True,ok,
V1_01021,V1,/Users/krishna/dev/fightflow/data/downloaded-videos/V1.mp4,1020,20809.0,20817.0,9.0,Cross,Cross,0,pending,data/raw/Skeleton_data/V1.npy,1020,True,True,True,ok,
V1_01022,V1,/Users/krishna/dev/fightflow/data/downloaded-videos/V1.mp4,1021,20818.0,20827.0,10.0,Lead Hook,Lead Hook,2,pending,data/raw/Skeleton_data/V1.npy,1021,True,True,True,ok,
V1_01023,V1,/Users/krishna/dev/fightflow/data/downloaded-videos/V1.mp4,1022,20828.0,20837.0,10.0,Cross,Cross,0,pending,data/raw/Skeleton_data/V1.npy,1022,True,True,True,ok,
V1_01024,V1,/Users/krishna/dev/fightflow/data/downloaded-videos/V1.mp4,1023,20838.0,20847.0,10.0,Lead Hook,Lead Hook,2,pending,data/raw/Skeleton_data/V1.npy,1023,True,True,True,ok,
V1_01025,V1,/Users/krishna/dev/fightflow/data/downloaded-videos/V1.mp4,1024,20848.0,20856.0,9.0,Cross,Cross,0,pending,data/raw/Skeleton_data/V1.npy,1024,True,True,True,ok,
V1_01026,V1,/Users/krishna/dev/fightflow/data/downloaded-videos/V1.mp4,1025,20857.0,20867.0,11.0,Lead Hook,Lead Hook,2,pending,data/raw/Skeleton_data/V1.npy,1025,True,True,True,ok,
V1_01027,V1,/Users/krishna/dev/fightflow/data/downloaded-videos/V1.mp4,1026,20868.0,20876.0,9.0,Cross,Cross,0,pending,data/raw/Skeleton_data/V1.npy,1026,True,True,True,ok,
V1_01028,V1,/Users/krishna/dev/fightflow/data/downloaded-videos/V1.mp4,1027,20877.0,20887.0,11.0,Lead Hook,Lead Hook,2,pending,data/raw/Skeleton_data/V1.npy,1027,True,True,True,ok,
V1_01029,V1,/Users/krishna/dev/fightflow/data/downloaded-videos/V1.mp4,1028,20888.0,20895.0,8.0,Cross,Cross,0,pending,data/raw/Skeleton_data/V1.npy,1028,True,True,True,ok,
V1_01030,V1,/Users/krishna/dev/fightflow/data/downloaded-videos/V1.mp4,1029,20896.0,20906.0,11.0,Lead Hook,Lead Hook,2,pending,data/raw/Skeleton_data/V1.npy,1029,True,True,True,ok,
V1_01031,V1,/Users/krishna/dev/fightflow/data/downloaded-videos/V1.mp4,1030,20907.0,20915.0,9.0,Cross,Cross,0,pending,data/raw/Skeleton_data/V1.npy,1030,True,True,True,ok,
V1_01032,V1,/Users/krishna/dev/fightflow/data/downloaded-videos/V1.mp4,1031,20916.0,20924.0,9.0,Lead Hook,Lead Hook,2,pending,data/raw/Skeleton_data/V1.npy,1031,True,True,True,ok,
V1_01033,V1,/Users/krishna/dev/fightflow/data/downloaded-videos/V1.mp4,1032,20925.0,20934.0,10.0,Cross,Cross,0,pending,data/raw/Skeleton_data/V1.npy,1032,True,True,True,ok,
V1_01034,V1,/Users/krishna/dev/fightflow/data/downloaded-videos/V1.mp4,1033,20935.0,20944.0,10.0,Lead Hook,Lead Hook,2,pending,data/raw/Skeleton_data/V1.npy,1033,True,True,True,ok,
V1_01035,V1,/Users/krishna/dev/fightflow/data/downloaded-videos/V1.mp4,1034,20945.0,20953.0,9.0,Cross,Cross,0,pending,data/raw/Skeleton_data/V1.npy,1034,True,True,True,ok,
V1_01036,V1,/Users/krishna/dev/fightflow/data/downloaded-videos/V1.mp4,1035,20954.0,20964.0,11.0,Lead Hook,Lead Hook,2,pending,data/raw/Skeleton_data/V1.npy,1035,True,True,True,ok,
V1_01037,V1,/Users/krishna/dev/fightflow/data/downloaded-videos/V1.mp4,1036,20965.0,20972.0,8.0,Cross,Cross,0,pending,data/raw/Skeleton_data/V1.npy,1036,True,True,True,ok,
V1_01038,V1,/Users/krishna/dev/fightflow/data/downloaded-videos/V1.mp4,1037,20973.0,20983.0,11.0,Lead Hook,Lead Hook,2,pending,data/raw/Skeleton_data/V1.npy,1037,True,True,True,ok,
V1_01039,V1,/Users/krishna/dev/fightflow/data/downloaded-videos/V1.mp4,1038,20984.0,20991.0,8.0,Cross,Cross,0,pending,data/raw/Skeleton_data/V1.npy,1038,True,True,True,ok,
V1_01040,V1,/Users/krishna/dev/fightflow/data/downloaded-videos/V1.mp4,1039,20992.0,21002.0,11.0,Lead Hook,Lead Hook,2,pending,data/raw/Skeleton_data/V1.npy,1039,True,True,True,ok,
V1_01041,V1,/Users/krishna/dev/fightflow/data/downloaded-videos/V1.mp4,1040,21003.0,21010.0,8.0,Cross,Cross,0,pending,data/raw/Skeleton_data/V1.npy,1040,True,True,True,ok,
V1_01042,V1,/Users/krishna/dev/fightflow/data/downloaded-videos/V1.mp4,1041,21010.0,21020.0,11.0,Lead Hook,Lead Hook,2,pending,data/raw/Skeleton_data/V1.npy,1041,True,True,True,ok,
V1_01043,V1,/Users/krishna/dev/fightflow/data/downloaded-videos/V1.mp4,1042,21021.0,21029.0,9.0,Cross,Cross,0,pending,data/raw/Skeleton_data/V1.npy,1042,True,True,True,ok,
V1_01044,V1,/Users/krishna/dev/fightflow/data/downloaded-videos/V1.mp4,1043,21030.0,21039.0,10.0,Lead Hook,Lead Hook,2,pending,data/raw/Skeleton_data/V1.npy,1043,True,True,True,ok,
V1_01045,V1,/Users/krishna/dev/fightflow/data/downloaded-videos/V1.mp4,1044,21040.0,21048.0,9.0,Cross,Cross,0,pending,data/raw/Skeleton_data/V1.npy,1044,True,True,True,ok,
V1_01046,V1,/Users/krishna/dev/fightflow/data/downloaded-videos/V1.mp4,1045,21049.0,21057.0,9.0,Lead Hook,Lead Hook,2,pending,data/raw/Skeleton_data/V1.npy,1045,True,True,True,ok,
V1_01047,V1,/Users/krishna/dev/fightflow/data/downloaded-videos/V1.mp4,1046,21058.0,21067.0,10.0,Cross,Cross,0,pending,data/raw/Skeleton_data/V1.npy,1046,True,True,True,ok,
V1_01048,V1,/Users/krishna/dev/fightflow/data/downloaded-videos/V1.mp4,1047,21068.0,21077.0,10.0,Lead Hook,Lead Hook,2,pending,data/raw/Skeleton_data/V1.npy,1047,True,True,True,ok,
V1_01049,V1,/Users/krishna/dev/fightflow/data/downloaded-videos/V1.mp4,1048,21078.0,21085.0,8.0,Cross,Cross,0,pending,data/raw/Skeleton_data/V1.npy,1048,True,True,True,ok,
V1_01050,V1,/Users/krishna/dev/fightflow/data/downloaded-videos/V1.mp4,1049,21086.0,21096.0,11.0,Lead Hook,Lead Hook,2,pending,data/raw/Skeleton_data/V1.npy,1049,True,True,True,ok,
V1_01051,V1,/Users/krishna/dev/fightflow/data/downloaded-videos/V1.mp4,1050,21097.0,21104.0,8.0,Cross,Cross,0,pending,data/raw/Skeleton_data/V1.npy,1050,True,True,True,ok,
V1_01052,V1,/Users/krishna/dev/fightflow/data/downloaded-videos/V1.mp4,1051,21105.0,21114.0,10.0,Lead Hook,Lead Hook,2,pending,data/raw/Skeleton_data/V1.npy,1051,True,True,True,ok,
V1_01053,V1,/Users/krishna/dev/fightflow/data/downloaded-videos/V1.mp4,1052,21115.0,21125.0,11.0,Cross,Cross,0,pending,data/raw/Skeleton_data/V1.npy,1052,True,True,True,ok,
V1_01054,V1,/Users/krishna/dev/fightflow/data/downloaded-videos/V1.mp4,1053,21126.0,21134.0,9.0,Lead Hook,Lead Hook,2,pending,data/raw/Skeleton_data/V1.npy,1053,True,True,True,ok,
V1_01055,V1,/Users/krishna/dev/fightflow/data/downloaded-videos/V1.mp4,1054,21136.0,21144.0,9.0,Cross,Cross,0,pending,data/raw/Skeleton_data/V1.npy,1054,True,True,True,ok,
V1_01056,V1,/Users/krishna/dev/fightflow/data/downloaded-videos/V1.mp4,1055,21145.0,21155.0,11.0,Lead Hook,Lead Hook,2,pending,data/raw/Skeleton_data/V1.npy,1055,True,True,True,ok,
V1_01057,V1,/Users/krishna/dev/fightflow/data/downloaded-videos/V1.mp4,1056,21156.0,21165.0,10.0,Cross,Cross,0,pending,data/raw/Skeleton_data/V1.npy,1056,True,True,True,ok,
V1_01058,V1,/Users/krishna/dev/fightflow/data/downloaded-videos/V1.mp4,1057,21167.0,21175.0,9.0,Lead Hook,Lead Hook,2,pending,data/raw/Skeleton_data/V1.npy,1057,True,True,True,ok,
V1_01059,V1,/Users/krishna/dev/fightflow/data/downloaded-videos/V1.mp4,1058,21176.0,21184.0,9.0,Cross,Cross,0,pending,data/raw/Skeleton_data/V1.npy,1058,True,True,True,ok,
V1_01060,V1,/Users/krishna/dev/fightflow/data/downloaded-videos/V1.mp4,1059,21185.0,21194.0,10.0,Lead Hook,Lead Hook,2,pending,data/raw/Skeleton_data/V1.npy,1059,True,True,True,ok,
V1_01061,V1,/Users/krishna/dev/fightflow/data/downloaded-videos/V1.mp4,1060,21195.0,21204.0,10.0,Cross,Cross,0,pending,data/raw/Skeleton_data/V1.npy,1060,True,True,True,ok,
V1_01062,V1,/Users/krishna/dev/fightflow/data/downloaded-videos/V1.mp4,1061,21205.0,21213.0,9.0,Lead Hook,Lead Hook,2,pending,data/raw/Skeleton_data/V1.npy,1061,True,True,True,ok,
V1_01063,V1,/Users/krishna/dev/fightflow/data/downloaded-videos/V1.mp4,1062,21214.0,21222.0,9.0,Cross,Cross,0,pending,data/raw/Skeleton_data/V1.npy,1062,True,True,True,ok,
V1_01064,V1,/Users/krishna/dev/fightflow/data/downloaded-videos/V1.mp4,1063,21223.0,21232.0,10.0,Lead Hook,Lead Hook,2,pending,data/raw/Skeleton_data/V1.npy,1063,True,True,True,ok,
V1_01065,V1,/Users/krishna/dev/fightflow/data/downloaded-videos/V1.mp4,1064,21233.0,21241.0,9.0,Cross,Cross,0,pending,data/raw/Skeleton_data/V1.npy,1064,True,True,True,ok,
V1_01066,V1,/Users/krishna/dev/fightflow/data/downloaded-videos/V1.mp4,1065,21242.0,21252.0,11.0,Lead Hook,Lead Hook,2,pending,data/raw/Skeleton_data/V1.npy,1065,True,True,True,ok,
V1_01067,V1,/Users/krishna/dev/fightflow/data/downloaded-videos/V1.mp4,1066,21253.0,21260.0,8.0,Cross,Cross,0,pending,data/raw/Skeleton_data/V1.npy,1066,True,True,True,ok,
V1_01068,V1,/Users/krishna/dev/fightflow/data/downloaded-videos/V1.mp4,1067,21261.0,21272.0,12.0,Lead Hook,Lead Hook,2,pending,data/raw/Skeleton_data/V1.npy,1067,True,True,True,ok,
V1_01069,V1,/Users/krishna/dev/fightflow/data/downloaded-videos/V1.mp4,1068,21273.0,21282.0,10.0,Cross,Cross,0,pending,data/raw/Skeleton_data/V1.npy,1068,True,True,True,ok,
V1_01070,V1,/Users/krishna/dev/fightflow/data/downloaded-videos/V1.mp4,1069,21283.0,21292.0,10.0,Lead Hook,Lead Hook,2,pending,data/raw/Skeleton_data/V1.npy,1069,True,True,True,ok,
V1_01071,V1,/Users/krishna/dev/fightflow/data/downloaded-videos/V1.mp4,1070,21293.0,21301.0,9.0,Cross,Cross,0,pending,data/raw/Skeleton_data/V1.npy,1070,True,True,True,ok,
V1_01072,V1,/Users/krishna/dev/fightflow/data/downloaded-videos/V1.mp4,1071,21302.0,21312.0,11.0,Lead Hook,Lead Hook,2,pending,data/raw/Skeleton_data/V1.npy,1071,True,True,True,ok,
V1_01073,V1,/Users/krishna/dev/fightflow/data/downloaded-videos/V1.mp4,1072,21313.0,21321.0,9.0,Cross,Cross,0,pending,data/raw/Skeleton_data/V1.npy,1072,True,True,True,ok,
V1_01074,V1,/Users/krishna/dev/fightflow/data/downloaded-videos/V1.mp4,1073,21322.0,21331.0,10.0,Lead Hook,Lead Hook,2,pending,data/raw/Skeleton_data/V1.npy,1073,True,True,True,ok,
V1_01075,V1,/Users/krishna/dev/fightflow/data/downloaded-videos/V1.mp4,1074,21332.0,21340.0,9.0,Cross,Cross,0,pending,data/raw/Skeleton_data/V1.npy,1074,True,True,True,ok,
V1_01076,V1,/Users/krishna/dev/fightflow/data/downloaded-videos/V1.mp4,1075,21341.0,21350.0,10.0,Lead Hook,Lead Hook,2,pending,data/raw/Skeleton_data/V1.npy,1075,True,True,True,ok,
V1_01077,V1,/Users/krishna/dev/fightflow/data/downloaded-videos/V1.mp4,1076,21351.0,21359.0,9.0,Cross,Cross,0,pending,data/raw/Skeleton_data/V1.npy,1076,True,True,True,ok,
V1_01078,V1,/Users/krishna/dev/fightflow/data/downloaded-videos/V1.mp4,1077,21360.0,21370.0,11.0,Lead Hook,Lead Hook,2,pending,data/raw/Skeleton_data/V1.npy,1077,True,True,True,ok,
V1_01079,V1,/Users/krishna/dev/fightflow/data/downloaded-videos/V1.mp4,1078,21371.0,21379.0,9.0,Cross,Cross,0,pending,data/raw/Skeleton_data/V1.npy,1078,True,True,True,ok,
V1_01080,V1,/Users/krishna/dev/fightflow/data/downloaded-videos/V1.mp4,1079,21380.0,21390.0,11.0,Lead Hook,Lead Hook,2,pending,data/raw/Skeleton_data/V1.npy,1079,True,True,True,ok,
V1_01081,V1,/Users/krishna/dev/fightflow/data/downloaded-videos/V1.mp4,1080,21391.0,21400.0,10.0,Cross,Cross,0,pending,data/raw/Skeleton_data/V1.npy,1080,True,True,True,ok,
V1_01082,V1,/Users/krishna/dev/fightflow/data/downloaded-videos/V1.mp4,1081,21401.0,21411.0,11.0,Lead Hook,Lead Hook,2,pending,data/raw/Skeleton_data/V1.npy,1081,True,True,True,ok,
V1_01083,V1,/Users/krishna/dev/fightflow/data/downloaded-videos/V1.mp4,1082,21412.0,21421.0,10.0,Cross,Cross,0,pending,data/raw/Skeleton_data/V1.npy,1082,True,True,True,ok,
V1_01084,V1,/Users/krishna/dev/fightflow/data/downloaded-videos/V1.mp4,1083,21422.0,21431.0,10.0,Lead Hook,Lead Hook,2,pending,data/raw/Skeleton_data/V1.npy,1083,True,True,True,ok,
V1_01085,V1,/Users/krishna/dev/fightflow/data/downloaded-videos/V1.mp4,1084,21432.0,21441.0,10.0,Cross,Cross,0,pending,data/raw/Skeleton_data/V1.npy,1084,True,True,True,ok,
V1_01086,V1,/Users/krishna/dev/fightflow/data/downloaded-videos/V1.mp4,1085,21442.0,21452.0,11.0,Lead Hook,Lead Hook,2,pending,data/raw/Skeleton_data/V1.npy,1085,True,True,True,ok,
V1_01087,V1,/Users/krishna/dev/fightflow/data/downloaded-videos/V1.mp4,1086,21453.0,21462.0,10.0,Cross,Cross,0,pending,data/raw/Skeleton_data/V1.npy,1086,True,True,True,ok,
V1_01088,V1,/Users/krishna/dev/fightflow/data/downloaded-videos/V1.mp4,1087,21463.0,21473.0,11.0,Lead Hook,Lead Hook,2,pending,data/raw/Skeleton_data/V1.npy,1087,True,True,True,ok,
V1_01089,V1,/Users/krishna/dev/fightflow/data/downloaded-videos/V1.mp4,1088,21474.0,21482.0,9.0,Cross,Cross,0,pending,data/raw/Skeleton_data/V1.npy,1088,True,True,True,ok,
V1_01090,V1,/Users/krishna/dev/fightflow/data/downloaded-videos/V1.mp4,1089,21483.0,21493.0,11.0,Lead Hook,Lead Hook,2,pending,data/raw/Skeleton_data/V1.npy,1089,True,True,True,ok,
V1_01091,V1,/Users/krishna/dev/fightflow/data/downloaded-videos/V1.mp4,1090,21494.0,21502.0,9.0,Cross,Cross,0,pending,data/raw/Skeleton_data/V1.npy,1090,True,True,True,ok,
V1_01092,V1,/Users/krishna/dev/fightflow/data/downloaded-videos/V1.mp4,1091,21503.0,21513.0,11.0,Lead Hook,Lead Hook,2,pending,data/raw/Skeleton_data/V1.npy,1091,True,True,True,ok,
V1_01093,V1,/Users/krishna/dev/fightflow/data/downloaded-videos/V1.mp4,1092,21514.0,21522.0,9.0,Cross,Cross,0,pending,data/raw/Skeleton_data/V1.npy,1092,True,True,True,ok,
V1_01094,V1,/Users/krishna/dev/fightflow/data/downloaded-videos/V1.mp4,1093,21523.0,21534.0,12.0,Lead Hook,Lead Hook,2,pending,data/raw/Skeleton_data/V1.npy,1093,True,True,True,ok,
V1_01095,V1,/Users/krishna/dev/fightflow/data/downloaded-videos/V1.mp4,1094,21535.0,21542.0,8.0,Cross,Cross,0,pending,data/raw/Skeleton_data/V1.npy,1094,True,True,True,ok,
V1_01096,V1,/Users/krishna/dev/fightflow/data/downloaded-videos/V1.mp4,1095,21543.0,21553.0,11.0,Lead Hook,Lead Hook,2,pending,data/raw/Skeleton_data/V1.npy,1095,True,True,True,ok,
V1_01097,V1,/Users/krishna/dev/fightflow/data/downloaded-videos/V1.mp4,1096,21554.0,21562.0,9.0,Cross,Cross,0,pending,data/raw/Skeleton_data/V1.npy,1096,True,True,True,ok,
V1_01098,V1,/Users/krishna/dev/fightflow/data/downloaded-videos/V1.mp4,1097,21563.0,21573.0,11.0,Lead Hook,Lead Hook,2,pending,data/raw/Skeleton_data/V1.npy,1097,True,True,True,ok,
V1_01099,V1,/Users/krishna/dev/fightflow/data/downloaded-videos/V1.mp4,1098,21574.0,21581.0,8.0,Cross,Cross,0,pending,data/raw/Skeleton_data/V1.npy,1098,True,True,True,ok,
V1_01100,V1,/Users/krishna/dev/fightflow/data/downloaded-videos/V1.mp4,1099,21582.0,21592.0,11.0,Lead Hook,Lead Hook,2,pending,data/raw/Skeleton_data/V1.npy,1099,True,True,True,ok,
V1_01101,V1,/Users/krishna/dev/fightflow/data/downloaded-videos/V1.mp4,1100,21593.0,21602.0,10.0,Cross,Cross,0,pending,data/raw/Skeleton_data/V1.npy,1100,True,True,True,ok,
V1_01102,V1,/Users/krishna/dev/fightflow/data/downloaded-videos/V1.mp4,1101,21603.0,21613.0,11.0,Lead Hook,Lead Hook,2,pending,data/raw/Skeleton_data/V1.npy,1101,True,True,True,ok,
V1_01103,V1,/Users/krishna/dev/fightflow/data/downloaded-videos/V1.mp4,1102,21614.0,21623.0,10.0,Cross,Cross,0,pending,data/raw/Skeleton_data/V1.npy,1102,True,True,True,ok,
V1_01104,V1,/Users/krishna/dev/fightflow/data/downloaded-videos/V1.mp4,1103,21714.0,21724.0,11.0,Jab,Jab,1,pending,data/raw/Skeleton_data/V1.npy,1103,True,True,True,ok,
V1_01105,V1,/Users/krishna/dev/fightflow/data/downloaded-videos/V1.mp4,1104,21764.0,21779.0,16.0,Jab,Jab,1,pending,data/raw/Skeleton_data/V1.npy,1104,True,True,True,ok,
V1_01106,V1,/Users/krishna/dev/fightflow/data/downloaded-videos/V1.mp4,1105,21780.0,21791.0,12.0,Jab,Jab,1,pending,data/raw/Skeleton_data/V1.npy,1105,True,True,True,ok,
V1_01107,V1,/Users/krishna/dev/fightflow/data/downloaded-videos/V1.mp4,1106,21830.0,21841.0,12.0,Jab,Jab,1,pending,data/raw/Skeleton_data/V1.npy,1106,True,True,True,ok,
V1_01108,V1,/Users/krishna/dev/fightflow/data/downloaded-videos/V1.mp4,1107,21849.0,21861.0,13.0,Jab,Jab,1,pending,data/raw/Skeleton_data/V1.npy,1107,True,True,True,ok,
V1_01109,V1,/Users/krishna/dev/fightflow/data/downloaded-videos/V1.mp4,1108,21904.0,21917.0,14.0,Jab,Jab,1,pending,data/raw/Skeleton_data/V1.npy,1108,True,True,True,ok,
V1_01110,V1,/Users/krishna/dev/fightflow/data/downloaded-videos/V1.mp4,1109,21925.0,21936.0,12.0,Jab,Jab,1,pending,data/raw/Skeleton_data/V1.npy,1109,True,True,True,ok,
V1_01111,V1,/Users/krishna/dev/fightflow/data/downloaded-videos/V1.mp4,1110,21980.0,21991.0,12.0,Jab,Jab,1,pending,data/raw/Skeleton_data/V1.npy,1110,True,True,True,ok,
V1_01112,V1,/Users/krishna/dev/fightflow/data/downloaded-videos/V1.mp4,1111,21997.0,22007.0,11.0,Jab,Jab,1,pending,data/raw/Skeleton_data/V1.npy,1111,True,True,True,ok,
V1_01113,V1,/Users/krishna/dev/fightflow/data/downloaded-videos/V1.mp4,1112,22058.0,22068.0,11.0,Jab,Jab,1,pending,data/raw/Skeleton_data/V1.npy,1112,True,True,True,ok,
V1_01114,V1,/Users/krishna/dev/fightflow/data/downloaded-videos/V1.mp4,1113,22073.0,22083.0,11.0,Jab,Jab,1,pending,data/raw/Skeleton_data/V1.npy,1113,True,True,True,ok,
V1_01115,V1,/Users/krishna/dev/fightflow/data/downloaded-videos/V1.mp4,1114,22121.0,22131.0,11.0,Jab,Jab,1,pending,data/raw/Skeleton_data/V1.npy,1114,True,True,True,ok,
V1_01116,V1,/Users/krishna/dev/fightflow/data/downloaded-videos/V1.mp4,1115,22134.0,22145.0,12.0,Jab,Jab,1,pending,data/raw/Skeleton_data/V1.npy,1115,True,True,True,ok,
V1_01117,V1,/Users/krishna/dev/fightflow/data/downloaded-videos/V1.mp4,1116,22180.0,22190.0,11.0,Jab,Jab,1,pending,data/raw/Skeleton_data/V1.npy,1116,True,True,True,ok,
V1_01118,V1,/Users/krishna/dev/fightflow/data/downloaded-videos/V1.mp4,1117,22191.0,22205.0,15.0,Jab,Jab,1,pending,data/raw/Skeleton_data/V1.npy,1117,True,True,True,ok,
V1_01119,V1,/Users/krishna/dev/fightflow/data/downloaded-videos/V1.mp4,1118,22215.0,22225.0,11.0,Jab,Jab,1,pending,data/raw/Skeleton_data/V1.npy,1118,True,True,True,ok,
V1_01120,V1,/Users/krishna/dev/fightflow/data/downloaded-videos/V1.mp4,1119,22261.0,22271.0,11.0,Jab,Jab,1,pending,data/raw/Skeleton_data/V1.npy,1119,True,True,True,ok,
V1_01121,V1,/Users/krishna/dev/fightflow/data/downloaded-videos/V1.mp4,1120,22307.0,22316.0,10.0,Jab,Jab,1,pending,data/raw/Skeleton_data/V1.npy,1120,True,True,True,ok,
V1_01122,V1,/Users/krishna/dev/fightflow/data/downloaded-videos/V1.mp4,1121,22319.0,22331.0,13.0,Jab,Jab,1,pending,data/raw/Skeleton_data/V1.npy,1121,True,True,True,ok,
V1_01123,V1,/Users/krishna/dev/fightflow/data/downloaded-videos/V1.mp4,1122,22406.0,22416.0,11.0,Lead Hook,Lead Hook,2,pending,data/raw/Skeleton_data/V1.npy,1122,True,True,True,ok,
V1_01124,V1,/Users/krishna/dev/fightflow/data/downloaded-videos/V1.mp4,1123,22417.0,22425.0,9.0,Cross,Cross,0,pending,data/raw/Skeleton_data/V1.npy,1123,True,True,True,ok,
V1_01125,V1,/Users/krishna/dev/fightflow/data/downloaded-videos/V1.mp4,1124,22426.0,22435.0,10.0,Lead Hook,Lead Hook,2,pending,data/raw/Skeleton_data/V1.npy,1124,True,True,True,ok,
V1_01126,V1,/Users/krishna/dev/fightflow/data/downloaded-videos/V1.mp4,1125,22436.0,22443.0,8.0,Cross,Cross,0,pending,data/raw/Skeleton_data/V1.npy,1125,True,True,True,ok,
V1_01127,V1,/Users/krishna/dev/fightflow/data/downloaded-videos/V1.mp4,1126,22444.0,22455.0,12.0,Lead Hook,Lead Hook,2,pending,data/raw/Skeleton_data/V1.npy,1126,True,True,True,ok,
V1_01128,V1,/Users/krishna/dev/fightflow/data/downloaded-videos/V1.mp4,1127,22456.0,22462.0,7.0,Cross,Cross,0,pending,data/raw/Skeleton_data/V1.npy,1127,True,True,True,ok,
V1_01129,V1,/Users/krishna/dev/fightflow/data/downloaded-videos/V1.mp4,1128,22463.0,22472.0,10.0,Lead Hook,Lead Hook,2,pending,data/raw/Skeleton_data/V1.npy,1128,True,True,True,ok,
V1_01130,V1,/Users/krishna/dev/fightflow/data/downloaded-videos/V1.mp4,1129,22473.0,22480.0,8.0,Cross,Cross,0,pending,data/raw/Skeleton_data/V1.npy,1129,True,True,True,ok,
V1_01131,V1,/Users/krishna/dev/fightflow/data/downloaded-videos/V1.mp4,1130,22481.0,22490.0,10.0,Lead Hook,Lead Hook,2,pending,data/raw/Skeleton_data/V1.npy,1130,True,True,True,ok,
V1_01132,V1,/Users/krishna/dev/fightflow/data/downloaded-videos/V1.mp4,1131,22491.0,22499.0,9.0,Cross,Cross,0,pending,data/raw/Skeleton_data/V1.npy,1131,True,True,True,ok,
V1_01133,V1,/Users/krishna/dev/fightflow/data/downloaded-videos/V1.mp4,1132,22500.0,22507.0,8.0,Lead Hook,Lead Hook,2,pending,data/raw/Skeleton_data/V1.npy,1132,True,True,True,ok,
V1_01134,V1,/Users/krishna/dev/fightflow/data/downloaded-videos/V1.mp4,1133,22508.0,22515.0,8.0,Cross,Cross,0,pending,data/raw/Skeleton_data/V1.npy,1133,True,True,True,ok,
V1_01135,V1,/Users/krishna/dev/fightflow/data/downloaded-videos/V1.mp4,1134,22516.0,22525.0,10.0,Lead Hook,Lead Hook,2,pending,data/raw/Skeleton_data/V1.npy,1134,True,True,True,ok,
V1_01136,V1,/Users/krishna/dev/fightflow/data/downloaded-videos/V1.mp4,1135,22526.0,22534.0,9.0,Cross,Cross,0,pending,data/raw/Skeleton_data/V1.npy,1135,True,True,True,ok,
V1_01137,V1,/Users/krishna/dev/fightflow/data/downloaded-videos/V1.mp4,1136,22535.0,22545.0,11.0,Lead Hook,Lead Hook,2,pending,data/raw/Skeleton_data/V1.npy,1136,True,True,True,ok,
V1_01138,V1,/Users/krishna/dev/fightflow/data/downloaded-videos/V1.mp4,1137,22546.0,22554.0,9.0,Cross,Cross,0,pending,data/raw/Skeleton_data/V1.npy,1137,True,True,True,ok,
V1_01139,V1,/Users/krishna/dev/fightflow/data/downloaded-videos/V1.mp4,1138,22555.0,22564.0,10.0,Lead Hook,Lead Hook,2,pending,data/raw/Skeleton_data/V1.npy,1138,True,True,True,ok,
V1_01140,V1,/Users/krishna/dev/fightflow/data/downloaded-videos/V1.mp4,1139,22565.0,22573.0,9.0,Cross,Cross,0,pending,data/raw/Skeleton_data/V1.npy,1139,True,True,True,ok,
V1_01141,V1,/Users/krishna/dev/fightflow/data/downloaded-videos/V1.mp4,1140,22574.0,22584.0,11.0,Lead Hook,Lead Hook,2,pending,data/raw/Skeleton_data/V1.npy,1140,True,True,True,ok,
V1_01142,V1,/Users/krishna/dev/fightflow/data/downloaded-videos/V1.mp4,1141,22585.0,22592.0,8.0,Cross,Cross,0,pending,data/raw/Skeleton_data/V1.npy,1141,True,True,True,ok,
V1_01143,V1,/Users/krishna/dev/fightflow/data/downloaded-videos/V1.mp4,1142,22592.0,22602.0,11.0,Lead Hook,Lead Hook,2,pending,data/raw/Skeleton_data/V1.npy,1142,True,True,True,ok,
V1_01144,V1,/Users/krishna/dev/fightflow/data/downloaded-videos/V1.mp4,1143,22603.0,22610.0,8.0,Cross,Cross,0,pending,data/raw/Skeleton_data/V1.npy,1143,True,True,True,ok,
V1_01145,V1,/Users/krishna/dev/fightflow/data/downloaded-videos/V1.mp4,1144,22611.0,22621.0,11.0,Lead Hook,Lead Hook,2,pending,data/raw/Skeleton_data/V1.npy,1144,True,True,True,ok,
V1_01146,V1,/Users/krishna/dev/fightflow/data/downloaded-videos/V1.mp4,1145,22622.0,22629.0,8.0,Cross,Cross,0,pending,data/raw/Skeleton_data/V1.npy,1145,True,True,True,ok,
V1_01147,V1,/Users/krishna/dev/fightflow/data/downloaded-videos/V1.mp4,1146,22630.0,22639.0,10.0,Lead Hook,Lead Hook,2,pending,data/raw/Skeleton_data/V1.npy,1146,True,True,True,ok,
V1_01148,V1,/Users/krishna/dev/fightflow/data/downloaded-videos/V1.mp4,1147,22640.0,22648.0,9.0,Cross,Cross,0,pending,data/raw/Skeleton_data/V1.npy,1147,True,True,True,ok,
V1_01149,V1,/Users/krishna/dev/fightflow/data/downloaded-videos/V1.mp4,1148,22649.0,22658.0,10.0,Lead Hook,Lead Hook,2,pending,data/raw/Skeleton_data/V1.npy,1148,True,True,True,ok,
V1_01150,V1,/Users/krishna/dev/fightflow/data/downloaded-videos/V1.mp4,1149,22659.0,22667.0,9.0,Cross,Cross,0,pending,data/raw/Skeleton_data/V1.npy,1149,True,True,True,ok,
V1_01151,V1,/Users/krishna/dev/fightflow/data/downloaded-videos/V1.mp4,1150,22668.0,22677.0,10.0,Lead Hook,Lead Hook,2,pending,data/raw/Skeleton_data/V1.npy,1150,True,True,True,ok,
V1_01152,V1,/Users/krishna/dev/fightflow/data/downloaded-videos/V1.mp4,1151,22678.0,22685.0,8.0,Cross,Cross,0,pending,data/raw/Skeleton_data/V1.npy,1151,True,True,True,ok,
V1_01153,V1,/Users/krishna/dev/fightflow/data/downloaded-videos/V1.mp4,1152,22686.0,22696.0,11.0,Lead Hook,Lead Hook,2,pending,data/raw/Skeleton_data/V1.npy,1152,True,True,True,ok,
V1_01154,V1,/Users/krishna/dev/fightflow/data/downloaded-videos/V1.mp4,1153,22697.0,22705.0,9.0,Cross,Cross,0,pending,data/raw/Skeleton_data/V1.npy,1153,True,True,True,ok,
V1_01155,V1,/Users/krishna/dev/fightflow/data/downloaded-videos/V1.mp4,1154,22706.0,22714.0,9.0,Lead Hook,Lead Hook,2,pending,data/raw/Skeleton_data/V1.npy,1154,True,True,True,ok,
V1_01156,V1,/Users/krishna/dev/fightflow/data/downloaded-videos/V1.mp4,1155,22715.0,22723.0,9.0,Cross,Cross,0,pending,data/raw/Skeleton_data/V1.npy,1155,True,True,True,ok,
V1_01157,V1,/Users/krishna/dev/fightflow/data/downloaded-videos/V1.mp4,1156,22724.0,22733.0,10.0,Lead Hook,Lead Hook,2,pending,data/raw/Skeleton_data/V1.npy,1156,True,True,True,ok,
V1_01158,V1,/Users/krishna/dev/fightflow/data/downloaded-videos/V1.mp4,1157,22734.0,22741.0,8.0,Cross,Cross,0,pending,data/raw/Skeleton_data/V1.npy,1157,True,True,True,ok,
V1_01159,V1,/Users/krishna/dev/fightflow/data/downloaded-videos/V1.mp4,1158,22742.0,22751.0,10.0,Lead Hook,Lead Hook,2,pending,data/raw/Skeleton_data/V1.npy,1158,True,True,True,ok,
V1_01160,V1,/Users/krishna/dev/fightflow/data/downloaded-videos/V1.mp4,1159,22752.0,22760.0,9.0,Cross,Cross,0,pending,data/raw/Skeleton_data/V1.npy,1159,True,True,True,ok,
V1_01161,V1,/Users/krishna/dev/fightflow/data/downloaded-videos/V1.mp4,1160,22761.0,22771.0,11.0,Lead Hook,Lead Hook,2,pending,data/raw/Skeleton_data/V1.npy,1160,True,True,True,ok,
V1_01162,V1,/Users/krishna/dev/fightflow/data/downloaded-videos/V1.mp4,1161,22772.0,22779.0,8.0,Cross,Cross,0,pending,data/raw/Skeleton_data/V1.npy,1161,True,True,True,ok,
V1_01163,V1,/Users/krishna/dev/fightflow/data/downloaded-videos/V1.mp4,1162,22780.0,22790.0,11.0,Lead Hook,Lead Hook,2,pending,data/raw/Skeleton_data/V1.npy,1162,True,True,True,ok,
V1_01164,V1,/Users/krishna/dev/fightflow/data/downloaded-videos/V1.mp4,1163,22791.0,22798.0,8.0,Cross,Cross,0,pending,data/raw/Skeleton_data/V1.npy,1163,True,True,True,ok,
V1_01165,V1,/Users/krishna/dev/fightflow/data/downloaded-videos/V1.mp4,1164,22799.0,22808.0,10.0,Lead Hook,Lead Hook,2,pending,data/raw/Skeleton_data/V1.npy,1164,True,True,True,ok,
V1_01166,V1,/Users/krishna/dev/fightflow/data/downloaded-videos/V1.mp4,1165,22809.0,22816.0,8.0,Cross,Cross,0,pending,data/raw/Skeleton_data/V1.npy,1165,True,True,True,ok,
V1_01167,V1,/Users/krishna/dev/fightflow/data/downloaded-videos/V1.mp4,1166,22816.0,22816.0,1.0,Lead Hook,Lead Hook,2,pending,data/raw/Skeleton_data/V1.npy,1166,True,True,True,ok,
V1_01168,V1,/Users/krishna/dev/fightflow/data/downloaded-videos/V1.mp4,1167,22817.0,22835.0,19.0,Cross,Cross,0,pending,data/raw/Skeleton_data/V1.npy,1167,True,True,True,ok,
V1_01169,V1,/Users/krishna/dev/fightflow/data/downloaded-videos/V1.mp4,1168,22836.0,22845.0,10.0,Lead Hook,Lead Hook,2,pending,data/raw/Skeleton_data/V1.npy,1168,True,True,True,ok,
V1_01170,V1,/Users/krishna/dev/fightflow/data/downloaded-videos/V1.mp4,1169,22846.0,22853.0,8.0,Cross,Cross,0,pending,data/raw/Skeleton_data/V1.npy,1169,True,True,True,ok,
V1_01171,V1,/Users/krishna/dev/fightflow/data/downloaded-videos/V1.mp4,1170,22854.0,22863.0,10.0,Lead Hook,Lead Hook,2,pending,data/raw/Skeleton_data/V1.npy,1170,True,True,True,ok,
V1_01172,V1,/Users/krishna/dev/fightflow/data/downloaded-videos/V1.mp4,1171,22864.0,22871.0,8.0,Cross,Cross,0,pending,data/raw/Skeleton_data/V1.npy,1171,True,True,True,ok,
V1_01173,V1,/Users/krishna/dev/fightflow/data/downloaded-videos/V1.mp4,1172,22872.0,22882.0,11.0,Lead Hook,Lead Hook,2,pending,data/raw/Skeleton_data/V1.npy,1172,True,True,True,ok,
V1_01174,V1,/Users/krishna/dev/fightflow/data/downloaded-videos/V1.mp4,1173,22883.0,22889.0,7.0,Cross,Cross,0,pending,data/raw/Skeleton_data/V1.npy,1173,True,True,True,ok,
V1_01175,V1,/Users/krishna/dev/fightflow/data/downloaded-videos/V1.mp4,1174,22890.0,22899.0,10.0,Lead Hook,Lead Hook,2,pending,data/raw/Skeleton_data/V1.npy,1174,True,True,True,ok,
V1_01176,V1,/Users/krishna/dev/fightflow/data/downloaded-videos/V1.mp4,1175,22900.0,22907.0,8.0,Cross,Cross,0,pending,data/raw/Skeleton_data/V1.npy,1175,True,True,True,ok,
V1_01177,V1,/Users/krishna/dev/fightflow/data/downloaded-videos/V1.mp4,1176,22908.0,22918.0,11.0,Lead Hook,Lead Hook,2,pending,data/raw/Skeleton_data/V1.npy,1176,True,True,True,ok,
V1_01178,V1,/Users/krishna/dev/fightflow/data/downloaded-videos/V1.mp4,1177,22919.0,22927.0,9.0,Cross,Cross,0,pending,data/raw/Skeleton_data/V1.npy,1177,True,True,True,ok,
V1_01179,V1,/Users/krishna/dev/fightflow/data/downloaded-videos/V1.mp4,1178,22928.0,22936.0,9.0,Lead Hook,Lead Hook,2,pending,data/raw/Skeleton_data/V1.npy,1178,True,True,True,ok,
V1_01180,V1,/Users/krishna/dev/fightflow/data/downloaded-videos/V1.mp4,1179,22937.0,22945.0,9.0,Cross,Cross,0,pending,data/raw/Skeleton_data/V1.npy,1179,True,True,True,ok,
V1_01181,V1,/Users/krishna/dev/fightflow/data/downloaded-videos/V1.mp4,1180,22946.0,22955.0,10.0,Lead Hook,Lead Hook,2,pending,data/raw/Skeleton_data/V1.npy,1180,True,True,True,ok,
V1_01182,V1,/Users/krishna/dev/fightflow/data/downloaded-videos/V1.mp4,1181,22956.0,22963.0,8.0,Cross,Cross,0,pending,data/raw/Skeleton_data/V1.npy,1181,True,True,True,ok,
V1_01183,V1,/Users/krishna/dev/fightflow/data/downloaded-videos/V1.mp4,1182,22964.0,22975.0,12.0,Lead Hook,Lead Hook,2,pending,data/raw/Skeleton_data/V1.npy,1182,True,True,True,ok,
V1_01184,V1,/Users/krishna/dev/fightflow/data/downloaded-videos/V1.mp4,1183,22976.0,22983.0,8.0,Cross,Cross,0,pending,data/raw/Skeleton_data/V1.npy,1183,True,True,True,ok,
V1_01185,V1,/Users/krishna/dev/fightflow/data/downloaded-videos/V1.mp4,1184,22984.0,22993.0,10.0,Lead Hook,Lead Hook,2,pending,data/raw/Skeleton_data/V1.npy,1184,True,True,True,ok,
V1_01186,V1,/Users/krishna/dev/fightflow/data/downloaded-videos/V1.mp4,1185,22994.0,23002.0,9.0,Cross,Cross,0,pending,data/raw/Skeleton_data/V1.npy,1185,True,True,True,ok,
V1_01187,V1,/Users/krishna/dev/fightflow/data/downloaded-videos/V1.mp4,1186,23003.0,23011.0,9.0,Lead Hook,Lead Hook,2,pending,data/raw/Skeleton_data/V1.npy,1186,True,True,True,ok,
V1_01188,V1,/Users/krishna/dev/fightflow/data/downloaded-videos/V1.mp4,1187,23012.0,23021.0,10.0,Cross,Cross,0,pending,data/raw/Skeleton_data/V1.npy,1187,True,True,True,ok,
V1_01189,V1,/Users/krishna/dev/fightflow/data/downloaded-videos/V1.mp4,1188,23022.0,23031.0,10.0,Lead Hook,Lead Hook,2,pending,data/raw/Skeleton_data/V1.npy,1188,True,True,True,ok,
V1_01190,V1,/Users/krishna/dev/fightflow/data/downloaded-videos/V1.mp4,1189,23032.0,23039.0,8.0,Cross,Cross,0,pending,data/raw/Skeleton_data/V1.npy,1189,True,True,True,ok,
V1_01191,V1,/Users/krishna/dev/fightflow/data/downloaded-videos/V1.mp4,1190,23040.0,23050.0,11.0,Lead Hook,Lead Hook,2,pending,data/raw/Skeleton_data/V1.npy,1190,True,True,True,ok,
V1_01192,V1,/Users/krishna/dev/fightflow/data/downloaded-videos/V1.mp4,1191,23051.0,23058.0,8.0,Cross,Cross,0,pending,data/raw/Skeleton_data/V1.npy,1191,True,True,True,ok,
V1_01193,V1,/Users/krishna/dev/fightflow/data/downloaded-videos/V1.mp4,1192,23059.0,23069.0,11.0,Lead Hook,Lead Hook,2,pending,data/raw/Skeleton_data/V1.npy,1192,True,True,True,ok,
V1_01194,V1,/Users/krishna/dev/fightflow/data/downloaded-videos/V1.mp4,1193,23070.0,23077.0,8.0,Cross,Cross,0,pending,data/raw/Skeleton_data/V1.npy,1193,True,True,True,ok,
V1_01195,V1,/Users/krishna/dev/fightflow/data/downloaded-videos/V1.mp4,1194,23078.0,23087.0,10.0,Lead Hook,Lead Hook,2,pending,data/raw/Skeleton_data/V1.npy,1194,True,True,True,ok,
V1_01196,V1,/Users/krishna/dev/fightflow/data/downloaded-videos/V1.mp4,1195,23088.0,23096.0,9.0,Cross,Cross,0,pending,data/raw/Skeleton_data/V1.npy,1195,True,True,True,ok,
V1_01197,V1,/Users/krishna/dev/fightflow/data/downloaded-videos/V1.mp4,1196,23097.0,23107.0,11.0,Lead Hook,Lead Hook,2,pending,data/raw/Skeleton_data/V1.npy,1196,True,True,True,ok,
V1_01198,V1,/Users/krishna/dev/fightflow/data/downloaded-videos/V1.mp4,1197,23108.0,23115.0,8.0,Cross,Cross,0,pending,data/raw/Skeleton_data/V1.npy,1197,True,True,True,ok,
V1_01199,V1,/Users/krishna/dev/fightflow/data/downloaded-videos/V1.mp4,1198,23116.0,23126.0,11.0,Lead Hook,Lead Hook,2,pending,data/raw/Skeleton_data/V1.npy,1198,True,True,True,ok,
V1_01200,V1,/Users/krishna/dev/fightflow/data/downloaded-videos/V1.mp4,1199,25353.0,25357.0,5.0,Jab,Jab,1,pending,data/raw/Skeleton_data/V1.npy,1199,True,True,True,ok,
V1_01201,V1,/Users/krishna/dev/fightflow/data/downloaded-videos/V1.mp4,1200,25357.0,25361.0,5.0,Cross,Cross,0,pending,data/raw/Skeleton_data/V1.npy,1200,True,True,True,ok,
V1_01202,V1,/Users/krishna/dev/fightflow/data/downloaded-videos/V1.mp4,1201,25361.0,25366.0,6.0,Lead Hook,Lead Hook,2,pending,data/raw/Skeleton_data/V1.npy,1201,True,True,True,ok,
V1_01203,V1,/Users/krishna/dev/fightflow/data/downloaded-videos/V1.mp4,1202,25369.0,25374.0,6.0,Cross,Cross,0,pending,data/raw/Skeleton_data/V1.npy,1202,True,True,True,ok,
V1_01204,V1,/Users/krishna/dev/fightflow/data/downloaded-videos/V1.mp4,1203,25377.0,25385.0,9.0,Lead Hook,Lead Hook,2,pending,data/raw/Skeleton_data/V1.npy,1203,True,True,True,ok,
V1_01205,V1,/Users/krishna/dev/fightflow/data/downloaded-videos/V1.mp4,1204,25387.0,25388.0,2.0,Lead Hook,Lead Hook,2,pending,data/raw/Skeleton_data/V1.npy,1204,True,True,True,ok,
V1_01206,V1,/Users/krishna/dev/fightflow/data/downloaded-videos/V1.mp4,1205,25389.0,25394.0,6.0,Rear Uppercut,Rear Uppercut,5,pending,data/raw/Skeleton_data/V1.npy,1205,True,True,True,ok,
V1_01207,V1,/Users/krishna/dev/fightflow/data/downloaded-videos/V1.mp4,1206,25395.0,25404.0,10.0,Lead Hook,Lead Hook,2,pending,data/raw/Skeleton_data/V1.npy,1206,True,True,True,ok,
V1_01208,V1,/Users/krishna/dev/fightflow/data/downloaded-videos/V1.mp4,1207,25405.0,25414.0,10.0,Rear Uppercut,Rear Uppercut,5,pending,data/raw/Skeleton_data/V1.npy,1207,True,True,True,ok,
V1_01209,V1,/Users/krishna/dev/fightflow/data/downloaded-videos/V1.mp4,1208,25416.0,25426.0,11.0,Lead Hook,Lead Hook,2,pending,data/raw/Skeleton_data/V1.npy,1208,True,True,True,ok,
V1_01210,V1,/Users/krishna/dev/fightflow/data/downloaded-videos/V1.mp4,1209,25431.0,25433.0,3.0,Cross,Cross,0,pending,data/raw/Skeleton_data/V1.npy,1209,True,True,True,ok,
V1_01211,V1,/Users/krishna/dev/fightflow/data/downloaded-videos/V1.mp4,1210,25435.0,25441.0,7.0,Lead Hook,Lead Hook,2,pending,data/raw/Skeleton_data/V1.npy,1210,True,True,True,ok,
V1_01212,V1,/Users/krishna/dev/fightflow/data/downloaded-videos/V1.mp4,1211,25445.0,25449.0,5.0,Cross,Cross,0,pending,data/raw/Skeleton_data/V1.npy,1211,True,True,True,ok,
V1_01213,V1,/Users/krishna/dev/fightflow/data/downloaded-videos/V1.mp4,1212,25450.0,25458.0,9.0,Lead Hook,Lead Hook,2,pending,data/raw/Skeleton_data/V1.npy,1212,True,True,True,ok,
V1_01214,V1,/Users/krishna/dev/fightflow/data/downloaded-videos/V1.mp4,1213,25462.0,25469.0,8.0,Rear Uppercut,Rear Uppercut,5,pending,data/raw/Skeleton_data/V1.npy,1213,True,True,True,ok,
V1_01215,V1,/Users/krishna/dev/fightflow/data/downloaded-videos/V1.mp4,1214,25470.0,25476.0,7.0,Lead Hook,Lead Hook,2,pending,data/raw/Skeleton_data/V1.npy,1214,True,True,True,ok,
V1_01216,V1,/Users/krishna/dev/fightflow/data/downloaded-videos/V1.mp4,1215,25481.0,25488.0,8.0,Cross,Cross,0,pending,data/raw/Skeleton_data/V1.npy,1215,True,True,True,ok,
V1_01217,V1,/Users/krishna/dev/fightflow/data/downloaded-videos/V1.mp4,1216,25489.0,25498.0,10.0,Lead Hook,Lead Hook,2,pending,data/raw/Skeleton_data/V1.npy,1216,True,True,True,ok,
V1_01218,V1,/Users/krishna/dev/fightflow/data/downloaded-videos/V1.mp4,1217,25502.0,25513.0,12.0,Rear Hook,Rear Hook,4,pending,data/raw/Skeleton_data/V1.npy,1217,True,True,True,ok,
V1_01219,V1,/Users/krishna/dev/fightflow/data/downloaded-videos/V1.mp4,1218,25518.0,25525.0,8.0,Lead Hook,Lead Hook,2,pending,data/raw/Skeleton_data/V1.npy,1218,True,True,True,ok,
V1_01220,V1,/Users/krishna/dev/fightflow/data/downloaded-videos/V1.mp4,1219,25530.0,25538.0,9.0,Cross,Cross,0,pending,data/raw/Skeleton_data/V1.npy,1219,True,True,True,ok,
V1_01221,V1,/Users/krishna/dev/fightflow/data/downloaded-videos/V1.mp4,1220,25539.0,25549.0,11.0,Lead Hook,Lead Hook,2,pending,data/raw/Skeleton_data/V1.npy,1220,True,True,True,ok,
V1_01222,V1,/Users/krishna/dev/fightflow/data/downloaded-videos/V1.mp4,1221,25553.0,25560.0,8.0,Rear Hook,Rear Hook,4,pending,data/raw/Skeleton_data/V1.npy,1221,True,True,True,ok,
V1_01223,V1,/Users/krishna/dev/fightflow/data/downloaded-videos/V1.mp4,1222,25561.0,25569.0,9.0,Lead Hook,Lead Hook,2,pending,data/raw/Skeleton_data/V1.npy,1222,True,True,True,ok,
V1_01224,V1,/Users/krishna/dev/fightflow/data/downloaded-videos/V1.mp4,1223,25575.0,25582.0,8.0,Cross,Cross,0,pending,data/raw/Skeleton_data/V1.npy,1223,True,True,True,ok,
V1_01225,V1,/Users/krishna/dev/fightflow/data/downloaded-videos/V1.mp4,1224,25584.0,25592.0,9.0,Lead Hook,Lead Hook,2,pending,data/raw/Skeleton_data/V1.npy,1224,True,True,True,ok,
V1_01226,V1,/Users/krishna/dev/fightflow/data/downloaded-videos/V1.mp4,1225,25596.0,25604.0,9.0,Rear Hook,Rear Hook,4,pending,data/raw/Skeleton_data/V1.npy,1225,True,True,True,ok,
V1_01227,V1,/Users/krishna/dev/fightflow/data/downloaded-videos/V1.mp4,1226,25608.0,25615.0,8.0,Rear Uppercut,Rear Uppercut,5,pending,data/raw/Skeleton_data/V1.npy,1226,True,True,True,ok,
V1_01228,V1,/Users/krishna/dev/fightflow/data/downloaded-videos/V1.mp4,1227,25616.0,25623.0,8.0,Lead Hook,Lead Hook,2,pending,data/raw/Skeleton_data/V1.npy,1227,True,True,True,ok,
V1_01229,V1,/Users/krishna/dev/fightflow/data/downloaded-videos/V1.mp4,1228,25632.0,25640.0,9.0,Lead Uppercut,Lead Uppercut,3,pending,data/raw/Skeleton_data/V1.npy,1228,True,True,True,ok,
V1_01230,V1,/Users/krishna/dev/fightflow/data/downloaded-videos/V1.mp4,1229,25641.0,25647.0,7.0,Cross,Cross,0,pending,data/raw/Skeleton_data/V1.npy,1229,True,True,True,ok,
V1_01231,V1,/Users/krishna/dev/fightflow/data/downloaded-videos/V1.mp4,1230,25647.0,25656.0,10.0,Lead Hook,Lead Hook,2,pending,data/raw/Skeleton_data/V1.npy,1230,True,True,True,ok,
V1_01232,V1,/Users/krishna/dev/fightflow/data/downloaded-videos/V1.mp4,1231,25662.0,25669.0,8.0,Rear Hook,Rear Hook,4,pending,data/raw/Skeleton_data/V1.npy,1231,True,True,True,ok,
V1_01233,V1,/Users/krishna/dev/fightflow/data/downloaded-videos/V1.mp4,1232,25670.0,25679.0,10.0,Lead Hook,Lead Hook,2,pending,data/raw/Skeleton_data/V1.npy,1232,True,True,True,ok,
V1_01234,V1,/Users/krishna/dev/fightflow/data/downloaded-videos/V1.mp4,1233,25682.0,25691.0,10.0,Rear Hook,Rear Hook,4,pending,data/raw/Skeleton_data/V1.npy,1233,True,True,True,ok,
V1_01235,V1,/Users/krishna/dev/fightflow/data/downloaded-videos/V1.mp4,1234,25692.0,25703.0,12.0,Lead Hook,Lead Hook,2,pending,data/raw/Skeleton_data/V1.npy,1234,True,True,True,ok,
V1_01236,V1,/Users/krishna/dev/fightflow/data/downloaded-videos/V1.mp4,1235,25707.0,25713.0,7.0,Rear Uppercut,Rear Uppercut,5,pending,data/raw/Skeleton_data/V1.npy,1235,True,True,True,ok,
V1_01237,V1,/Users/krishna/dev/fightflow/data/downloaded-videos/V1.mp4,1236,25714.0,25721.0,8.0,Lead Hook,Lead Hook,2,pending,data/raw/Skeleton_data/V1.npy,1236,True,True,True,ok,
V1_01238,V1,/Users/krishna/dev/fightflow/data/downloaded-videos/V1.mp4,1237,25749.0,25754.0,6.0,Cross,Cross,0,pending,data/raw/Skeleton_data/V1.npy,1237,True,True,True,ok,
V1_01239,V1,/Users/krishna/dev/fightflow/data/downloaded-videos/V1.mp4,1238,25755.0,25760.0,6.0,Jab,Jab,1,pending,data/raw/Skeleton_data/V1.npy,1238,True,True,True,ok,
V1_01240,V1,/Users/krishna/dev/fightflow/data/downloaded-videos/V1.mp4,1239,25760.0,25764.0,5.0,Cross,Cross,0,pending,data/raw/Skeleton_data/V1.npy,1239,True,True,True,ok,
V1_01241,V1,/Users/krishna/dev/fightflow/data/downloaded-videos/V1.mp4,1240,25765.0,25769.0,5.0,Jab,Jab,1,pending,data/raw/Skeleton_data/V1.npy,1240,True,True,True,ok,
V1_01242,V1,/Users/krishna/dev/fightflow/data/downloaded-videos/V1.mp4,1241,25770.0,25775.0,6.0,Cross,Cross,0,pending,data/raw/Skeleton_data/V1.npy,1241,True,True,True,ok,
V1_01243,V1,/Users/krishna/dev/fightflow/data/downloaded-videos/V1.mp4,1242,25776.0,25781.0,6.0,Jab,Jab,1,pending,data/raw/Skeleton_data/V1.npy,1242,True,True,True,ok,
V1_01244,V1,/Users/krishna/dev/fightflow/data/downloaded-videos/V1.mp4,1243,25782.0,25790.0,9.0,Rear Hook,Rear Hook,4,pending,data/raw/Skeleton_data/V1.npy,1243,True,True,True,ok,
V1_01245,V1,/Users/krishna/dev/fightflow/data/downloaded-videos/V1.mp4,1244,25791.0,25799.0,9.0,Lead Hook,Lead Hook,2,pending,data/raw/Skeleton_data/V1.npy,1244,True,True,True,ok,
V1_01246,V1,/Users/krishna/dev/fightflow/data/downloaded-videos/V1.mp4,1245,25805.0,25813.0,9.0,Rear Hook,Rear Hook,4,pending,data/raw/Skeleton_data/V1.npy,1245,True,True,True,ok,
V1_01247,V1,/Users/krishna/dev/fightflow/data/downloaded-videos/V1.mp4,1246,25815.0,25824.0,10.0,Lead Hook,Lead Hook,2,pending,data/raw/Skeleton_data/V1.npy,1246,True,True,True,ok,
V1_01248,V1,/Users/krishna/dev/fightflow/data/downloaded-videos/V1.mp4,1247,25829.0,25837.0,9.0,Rear Uppercut,Rear Uppercut,5,pending,data/raw/Skeleton_data/V1.npy,1247,True,True,True,ok,
V1_01249,V1,/Users/krishna/dev/fightflow/data/downloaded-videos/V1.mp4,1248,25838.0,25845.0,8.0,Lead Hook,Lead Hook,2,pending,data/raw/Skeleton_data/V1.npy,1248,True,True,True,ok,
V1_01250,V1,/Users/krishna/dev/fightflow/data/downloaded-videos/V1.mp4,1249,25850.0,25857.0,8.0,Rear Hook,Rear Hook,4,pending,data/raw/Skeleton_data/V1.npy,1249,True,True,True,ok,
V1_01251,V1,/Users/krishna/dev/fightflow/data/downloaded-videos/V1.mp4,1250,25860.0,25868.0,9.0,Lead Hook,Lead Hook,2,pending,data/raw/Skeleton_data/V1.npy,1250,True,True,True,ok,
V1_01252,V1,/Users/krishna/dev/fightflow/data/downloaded-videos/V1.mp4,1251,25861.0,25874.0,14.0,Rear Uppercut,Rear Uppercut,5,pending,data/raw/Skeleton_data/V1.npy,1251,True,True,True,ok,
V1_01253,V1,/Users/krishna/dev/fightflow/data/downloaded-videos/V1.mp4,1252,25875.0,25882.0,8.0,Lead Hook,Lead Hook,2,pending,data/raw/Skeleton_data/V1.npy,1252,True,True,True,ok,
V1_01254,V1,/Users/krishna/dev/fightflow/data/downloaded-videos/V1.mp4,1253,25887.0,25895.0,9.0,Rear Hook,Rear Hook,4,pending,data/raw/Skeleton_data/V1.npy,1253,True,True,True,ok,
V1_01255,V1,/Users/krishna/dev/fightflow/data/downloaded-videos/V1.mp4,1254,25899.0,25909.0,11.0,Lead Hook,Lead Hook,2,pending,data/raw/Skeleton_data/V1.npy,1254,True,True,True,ok,
V1_01256,V1,/Users/krishna/dev/fightflow/data/downloaded-videos/V1.mp4,1255,25917.0,25923.0,7.0,Rear Uppercut,Rear Uppercut,5,pending,data/raw/Skeleton_data/V1.npy,1255,True,True,True,ok,
V1_01257,V1,/Users/krishna/dev/fightflow/data/downloaded-videos/V1.mp4,1256,25924.0,25931.0,8.0,Lead Hook,Lead Hook,2,pending,data/raw/Skeleton_data/V1.npy,1256,True,True,True,ok,
V1_01258,V1,/Users/krishna/dev/fightflow/data/downloaded-videos/V1.mp4,1257,25939.0,25945.0,7.0,Lead Uppercut,Lead Uppercut,3,pending,data/raw/Skeleton_data/V1.npy,1257,True,True,True,ok,
V1_01259,V1,/Users/krishna/dev/fightflow/data/downloaded-videos/V1.mp4,1258,25945.0,25953.0,9.0,Rear Uppercut,Rear Uppercut,5,pending,data/raw/Skeleton_data/V1.npy,1258,True,True,True,ok,
V1_01260,V1,/Users/krishna/dev/fightflow/data/downloaded-videos/V1.mp4,1259,25953.0,25961.0,9.0,Lead Hook,Lead Hook,2,pending,data/raw/Skeleton_data/V1.npy,1259,True,True,True,ok,
V1_01261,V1,/Users/krishna/dev/fightflow/data/downloaded-videos/V1.mp4,1260,25965.0,25977.0,13.0,Rear Hook,Rear Hook,4,pending,data/raw/Skeleton_data/V1.npy,1260,True,True,True,ok,
V1_01262,V1,/Users/krishna/dev/fightflow/data/downloaded-videos/V1.mp4,1261,25979.0,25990.0,12.0,Lead Hook,Lead Hook,2,pending,data/raw/Skeleton_data/V1.npy,1261,True,True,True,ok,
V1_01263,V1,/Users/krishna/dev/fightflow/data/downloaded-videos/V1.mp4,1262,25994.0,26003.0,10.0,Rear Hook,Rear Hook,4,pending,data/raw/Skeleton_data/V1.npy,1262,True,True,True,ok,
V1_01264,V1,/Users/krishna/dev/fightflow/data/downloaded-videos/V1.mp4,1263,26008.0,26017.0,10.0,Lead Hook,Lead Hook,2,pending,data/raw/Skeleton_data/V1.npy,1263,True,True,True,ok,
V1_01265,V1,/Users/krishna/dev/fightflow/data/downloaded-videos/V1.mp4,1264,26018.0,26025.0,8.0,Rear Hook,Rear Hook,4,pending,data/raw/Skeleton_data/V1.npy,1264,True,True,True,ok,
V1_01266,V1,/Users/krishna/dev/fightflow/data/downloaded-videos/V1.mp4,1265,26026.0,26036.0,11.0,Lead Hook,Lead Hook,2,pending,data/raw/Skeleton_data/V1.npy,1265,True,True,True,ok,
V1_01267,V1,/Users/krishna/dev/fightflow/data/downloaded-videos/V1.mp4,1266,26037.0,26049.0,13.0,Rear Uppercut,Rear Uppercut,5,pending,data/raw/Skeleton_data/V1.npy,1266,True,True,True,ok,
V1_01268,V1,/Users/krishna/dev/fightflow/data/downloaded-videos/V1.mp4,1267,26053.0,26058.0,6.0,Jab,Jab,1,pending,data/raw/Skeleton_data/V1.npy,1267,True,True,True,ok,
V1_01269,V1,/Users/krishna/dev/fightflow/data/downloaded-videos/V1.mp4,1268,26059.0,26064.0,6.0,Cross,Cross,0,pending,data/raw/Skeleton_data/V1.npy,1268,True,True,True,ok,
V1_01270,V1,/Users/krishna/dev/fightflow/data/downloaded-videos/V1.mp4,1269,26068.0,26076.0,9.0,Jab,Jab,1,pending,data/raw/Skeleton_data/V1.npy,1269,True,True,True,ok,
V1_01271,V1,/Users/krishna/dev/fightflow/data/downloaded-videos/V1.mp4,1270,26077.0,26082.0,6.0,Jab,Jab,1,pending,data/raw/Skeleton_data/V1.npy,1270,True,True,True,ok,
V1_01272,V1,/Users/krishna/dev/fightflow/data/downloaded-videos/V1.mp4,1271,26083.0,26089.0,7.0,Cross,Cross,0,pending,data/raw/Skeleton_data/V1.npy,1271,True,True,True,ok,
V1_01273,V1,/Users/krishna/dev/fightflow/data/downloaded-videos/V1.mp4,1272,26090.0,26100.0,11.0,Lead Hook,Lead Hook,2,pending,data/raw/Skeleton_data/V1.npy,1272,True,True,True,ok,
V1_01274,V1,/Users/krishna/dev/fightflow/data/downloaded-videos/V1.mp4,1273,26107.0,26114.0,8.0,Rear Hook,Rear Hook,4,pending,data/raw/Skeleton_data/V1.npy,1273,True,True,True,ok,
V1_01275,V1,/Users/krishna/dev/fightflow/data/downloaded-videos/V1.mp4,1274,26119.0,26130.0,12.0,Lead Hook,Lead Hook,2,pending,data/raw/Skeleton_data/V1.npy,1274,True,True,True,ok,
V1_01276,V1,/Users/krishna/dev/fightflow/data/downloaded-videos/V1.mp4,1275,26138.0,26145.0,8.0,Rear Uppercut,Rear Uppercut,5,pending,data/raw/Skeleton_data/V1.npy,1275,True,True,True,ok,
V1_01277,V1,/Users/krishna/dev/fightflow/data/downloaded-videos/V1.mp4,1276,26146.0,26154.0,9.0,Lead Hook,Lead Hook,2,pending,data/raw/Skeleton_data/V1.npy,1276,True,True,True,ok,
V1_01278,V1,/Users/krishna/dev/fightflow/data/downloaded-videos/V1.mp4,1277,26162.0,26170.0,9.0,Rear Hook,Rear Hook,4,pending,data/raw/Skeleton_data/V1.npy,1277,True,True,True,ok,
V1_01279,V1,/Users/krishna/dev/fightflow/data/downloaded-videos/V1.mp4,1278,26172.0,26181.0,10.0,Lead Hook,Lead Hook,2,pending,data/raw/Skeleton_data/V1.npy,1278,True,True,True,ok,
V1_01280,V1,/Users/krishna/dev/fightflow/data/downloaded-videos/V1.mp4,1279,26190.0,26198.0,9.0,Rear Uppercut,Rear Uppercut,5,pending,data/raw/Skeleton_data/V1.npy,1279,True,True,True,ok,
V1_01281,V1,/Users/krishna/dev/fightflow/data/downloaded-videos/V1.mp4,1280,26200.0,26212.0,13.0,Lead Hook,Lead Hook,2,pending,data/raw/Skeleton_data/V1.npy,1280,True,True,True,ok,
V1_01282,V1,/Users/krishna/dev/fightflow/data/downloaded-videos/V1.mp4,1281,26216.0,26222.0,7.0,Rear Uppercut,Rear Uppercut,5,pending,data/raw/Skeleton_data/V1.npy,1281,True,True,True,ok,
V1_01283,V1,/Users/krishna/dev/fightflow/data/downloaded-videos/V1.mp4,1282,26223.0,26230.0,8.0,Lead Hook,Lead Hook,2,pending,data/raw/Skeleton_data/V1.npy,1282,True,True,True,ok,
V1_01284,V1,/Users/krishna/dev/fightflow/data/downloaded-videos/V1.mp4,1283,26260.0,26266.0,7.0,Jab,Jab,1,pending,data/raw/Skeleton_data/V1.npy,1283,True,True,True,ok,
V1_01285,V1,/Users/krishna/dev/fightflow/data/downloaded-videos/V1.mp4,1284,26267.0,26274.0,8.0,Cross,Cross,0,pending,data/raw/Skeleton_data/V1.npy,1284,True,True,True,ok,
V1_01286,V1,/Users/krishna/dev/fightflow/data/downloaded-videos/V1.mp4,1285,26278.0,26285.0,8.0,Jab,Jab,1,pending,data/raw/Skeleton_data/V1.npy,1285,True,True,True,ok,
V1_01287,V1,/Users/krishna/dev/fightflow/data/downloaded-videos/V1.mp4,1286,26285.0,26291.0,7.0,Jab,Jab,1,pending,data/raw/Skeleton_data/V1.npy,1286,True,True,True,ok,
V1_01288,V1,/Users/krishna/dev/fightflow/data/downloaded-videos/V1.mp4,1287,26292.0,26300.0,9.0,Cross,Cross,0,pending,data/raw/Skeleton_data/V1.npy,1287,True,True,True,ok,
V1_01289,V1,/Users/krishna/dev/fightflow/data/downloaded-videos/V1.mp4,1288,26301.0,26311.0,11.0,Lead Hook,Lead Hook,2,pending,data/raw/Skeleton_data/V1.npy,1288,True,True,True,ok,
V1_01290,V1,/Users/krishna/dev/fightflow/data/downloaded-videos/V1.mp4,1289,26318.0,26324.0,7.0,Rear Uppercut,Rear Uppercut,5,pending,data/raw/Skeleton_data/V1.npy,1289,True,True,True,ok,
V1_01291,V1,/Users/krishna/dev/fightflow/data/downloaded-videos/V1.mp4,1290,26325.0,26334.0,10.0,Lead Hook,Lead Hook,2,pending,data/raw/Skeleton_data/V1.npy,1290,True,True,True,ok,
V1_01292,V1,/Users/krishna/dev/fightflow/data/downloaded-videos/V1.mp4,1291,26338.0,26349.0,12.0,Rear Hook,Rear Hook,4,pending,data/raw/Skeleton_data/V1.npy,1291,True,True,True,ok,
V1_01293,V1,/Users/krishna/dev/fightflow/data/downloaded-videos/V1.mp4,1292,26350.0,26361.0,12.0,Lead Hook,Lead Hook,2,pending,data/raw/Skeleton_data/V1.npy,1292,True,True,True,ok,
V1_01294,V1,/Users/krishna/dev/fightflow/data/downloaded-videos/V1.mp4,1293,26363.0,26374.0,12.0,Rear Uppercut,Rear Uppercut,5,pending,data/raw/Skeleton_data/V1.npy,1293,True,True,True,ok,
V1_01295,V1,/Users/krishna/dev/fightflow/data/downloaded-videos/V1.mp4,1294,26374.0,26384.0,11.0,Lead Hook,Lead Hook,2,pending,data/raw/Skeleton_data/V1.npy,1294,True,True,True,ok,
V1_01296,V1,/Users/krishna/dev/fightflow/data/downloaded-videos/V1.mp4,1295,26388.0,26399.0,12.0,Rear Hook,Rear Hook,4,pending,data/raw/Skeleton_data/V1.npy,1295,True,True,True,ok,
V1_01297,V1,/Users/krishna/dev/fightflow/data/downloaded-videos/V1.mp4,1296,26402.0,26413.0,12.0,Lead Hook,Lead Hook,2,pending,data/raw/Skeleton_data/V1.npy,1296,True,True,True,ok,
V1_01298,V1,/Users/krishna/dev/fightflow/data/downloaded-videos/V1.mp4,1297,26416.0,26426.0,11.0,Rear Uppercut,Rear Uppercut,5,pending,data/raw/Skeleton_data/V1.npy,1297,True,True,True,ok,
V1_01299,V1,/Users/krishna/dev/fightflow/data/downloaded-videos/V1.mp4,1298,26427.0,26435.0,9.0,Lead Hook,Lead Hook,2,pending,data/raw/Skeleton_data/V1.npy,1298,True,True,True,ok,
V1_01300,V1,/Users/krishna/dev/fightflow/data/downloaded-videos/V1.mp4,1299,26442.0,26450.0,9.0,Rear Uppercut,Rear Uppercut,5,pending,data/raw/Skeleton_data/V1.npy,1299,True,True,True,ok,
V1_01301,V1,/Users/krishna/dev/fightflow/data/downloaded-videos/V1.mp4,1300,26452.0,26463.0,12.0,Lead Hook,Lead Hook,2,pending,data/raw/Skeleton_data/V1.npy,1300,True,True,True,ok,
V1_01302,V1,/Users/krishna/dev/fightflow/data/downloaded-videos/V1.mp4,1301,26470.0,26480.0,11.0,Rear Hook,Rear Hook,4,pending,data/raw/Skeleton_data/V1.npy,1301,True,True,True,ok,
V1_01303,V1,/Users/krishna/dev/fightflow/data/downloaded-videos/V1.mp4,1302,26483.0,26496.0,14.0,Lead Hook,Lead Hook,2,pending,data/raw/Skeleton_data/V1.npy,1302,True,True,True,ok,
V1_01304,V1,/Users/krishna/dev/fightflow/data/downloaded-videos/V1.mp4,1303,26500.0,26509.0,10.0,Rear Uppercut,Rear Uppercut,5,pending,data/raw/Skeleton_data/V1.npy,1303,True,True,True,ok,
V1_01305,V1,/Users/krishna/dev/fightflow/data/downloaded-videos/V1.mp4,1304,26510.0,26519.0,10.0,Lead Hook,Lead Hook,2,pending,data/raw/Skeleton_data/V1.npy,1304,True,True,True,ok,
V1_01306,V1,/Users/krishna/dev/fightflow/data/downloaded-videos/V1.mp4,1305,26520.0,26527.0,8.0,Rear Uppercut,Rear Uppercut,5,pending,data/raw/Skeleton_data/V1.npy,1305,True,True,True,ok,
V1_01307,V1,/Users/krishna/dev/fightflow/data/downloaded-videos/V1.mp4,1306,26528.0,26537.0,10.0,Lead Hook,Lead Hook,2,pending,data/raw/Skeleton_data/V1.npy,1306,True,True,True,ok,
V1_01308,V1,/Users/krishna/dev/fightflow/data/downloaded-videos/V1.mp4,1307,26552.0,26562.0,11.0,Lead Hook,Lead Hook,2,pending,data/raw/Skeleton_data/V1.npy,1307,True,True,True,ok,
V1_01309,V1,/Users/krishna/dev/fightflow/data/downloaded-videos/V1.mp4,1308,26567.0,26576.0,10.0,Cross,Cross,0,pending,data/raw/Skeleton_data/V1.npy,1308,True,True,True,ok,
V1_01310,V1,/Users/krishna/dev/fightflow/data/downloaded-videos/V1.mp4,1309,26577.0,26588.0,12.0,Lead Hook,Lead Hook,2,pending,data/raw/Skeleton_data/V1.npy,1309,True,True,True,ok,
V1_01311,V1,/Users/krishna/dev/fightflow/data/downloaded-videos/V1.mp4,1310,26611.0,26618.0,8.0,Rear Uppercut,Rear Uppercut,5,pending,data/raw/Skeleton_data/V1.npy,1310,True,True,True,ok,
V1_01312,V1,/Users/krishna/dev/fightflow/data/downloaded-videos/V1.mp4,1311,26619.0,26628.0,10.0,Lead Hook,Lead Hook,2,pending,data/raw/Skeleton_data/V1.npy,1311,True,True,True,ok,
V1_01313,V1,/Users/krishna/dev/fightflow/data/downloaded-videos/V1.mp4,1312,26633.0,26639.0,7.0,Rear Hook,Rear Hook,4,pending,data/raw/Skeleton_data/V1.npy,1312,True,True,True,ok,
V1_01314,V1,/Users/krishna/dev/fightflow/data/downloaded-videos/V1.mp4,1313,26655.0,26662.0,8.0,Lead Hook,Lead Hook,2,pending,data/raw/Skeleton_data/V1.npy,1313,True,True,True,ok,
V1_01315,V1,/Users/krishna/dev/fightflow/data/downloaded-videos/V1.mp4,1314,26671.0,26679.0,9.0,Rear Hook,Rear Hook,4,pending,data/raw/Skeleton_data/V1.npy,1314,True,True,True,ok,
V1_01316,V1,/Users/krishna/dev/fightflow/data/downloaded-videos/V1.mp4,1315,26683.0,26690.0,8.0,Lead Hook,Lead Hook,2,pending,data/raw/Skeleton_data/V1.npy,1315,True,True,True,ok,
V1_01317,V1,/Users/krishna/dev/fightflow/data/downloaded-videos/V1.mp4,1316,26691.0,26695.0,5.0,Rear Uppercut,Rear Uppercut,5,pending,data/raw/Skeleton_data/V1.npy,1316,True,True,True,ok,
V1_01318,V1,/Users/krishna/dev/fightflow/data/downloaded-videos/V1.mp4,1317,26696.0,26702.0,7.0,Lead Hook,Lead Hook,2,pending,data/raw/Skeleton_data/V1.npy,1317,True,True,True,ok,
V1_01319,V1,/Users/krishna/dev/fightflow/data/downloaded-videos/V1.mp4,1318,26713.0,26721.0,9.0,Rear Uppercut,Rear Uppercut,5,pending,data/raw/Skeleton_data/V1.npy,1318,True,True,True,ok,
V1_01320,V1,/Users/krishna/dev/fightflow/data/downloaded-videos/V1.mp4,1319,26724.0,26733.0,10.0,Lead Hook,Lead Hook,2,pending,data/raw/Skeleton_data/V1.npy,1319,True,True,True,ok,
V1_01321,V1,/Users/krishna/dev/fightflow/data/downloaded-videos/V1.mp4,1320,26751.0,26760.0,10.0,Lead Hook,Lead Hook,2,pending,data/raw/Skeleton_data/V1.npy,1320,True,True,True,ok,
V1_01322,V1,/Users/krishna/dev/fightflow/data/downloaded-videos/V1.mp4,1321,26761.0,26767.0,7.0,Rear Hook,Rear Hook,4,pending,data/raw/Skeleton_data/V1.npy,1321,True,True,True,ok,
V1_01323,V1,/Users/krishna/dev/fightflow/data/downloaded-videos/V1.mp4,1322,26767.0,26776.0,10.0,Lead Hook,Lead Hook,2,pending,data/raw/Skeleton_data/V1.npy,1322,True,True,True,ok,
V1_01324,V1,/Users/krishna/dev/fightflow/data/downloaded-videos/V1.mp4,1323,26781.0,26788.0,8.0,Rear Uppercut,Rear Uppercut,5,pending,data/raw/Skeleton_data/V1.npy,1323,True,True,True,ok,
V1_01325,V1,/Users/krishna/dev/fightflow/data/downloaded-videos/V1.mp4,1324,26789.0,26797.0,9.0,Lead Hook,Lead Hook,2,pending,data/raw/Skeleton_data/V1.npy,1324,True,True,True,ok,
V1_01326,V1,/Users/krishna/dev/fightflow/data/downloaded-videos/V1.mp4,1325,26851.0,26863.0,13.0,Jab,Jab,1,pending,data/raw/Skeleton_data/V1.npy,1325,True,True,True,ok,
V1_01327,V1,/Users/krishna/dev/fightflow/data/downloaded-videos/V1.mp4,1326,26864.0,26875.0,12.0,Cross,Cross,0,pending,data/raw/Skeleton_data/V1.npy,1326,True,True,True,ok,
V1_01328,V1,/Users/krishna/dev/fightflow/data/downloaded-videos/V1.mp4,1327,26884.0,26897.0,14.0,Jab,Jab,1,pending,data/raw/Skeleton_data/V1.npy,1327,True,True,True,ok,
V1_01329,V1,/Users/krishna/dev/fightflow/data/downloaded-videos/V1.mp4,1328,26908.0,26918.0,11.0,Jab,Jab,1,pending,data/raw/Skeleton_data/V1.npy,1328,True,True,True,ok,
V1_01330,V1,/Users/krishna/dev/fightflow/data/downloaded-videos/V1.mp4,1329,26935.0,26946.0,12.0,Cross,Cross,0,pending,data/raw/Skeleton_data/V1.npy,1329,True,True,True,ok,
V1_01331,V1,/Users/krishna/dev/fightflow/data/downloaded-videos/V1.mp4,1330,26962.0,26974.0,13.0,Rear Hook,Rear Hook,4,pending,data/raw/Skeleton_data/V1.npy,1330,True,True,True,ok,
V1_01332,V1,/Users/krishna/dev/fightflow/data/downloaded-videos/V1.mp4,1331,26976.0,26986.0,11.0,Lead Hook,Lead Hook,2,pending,data/raw/Skeleton_data/V1.npy,1331,True,True,True,ok,
V1_01333,V1,/Users/krishna/dev/fightflow/data/downloaded-videos/V1.mp4,1332,26993.0,27004.0,12.0,Jab,Jab,1,pending,data/raw/Skeleton_data/V1.npy,1332,True,True,True,ok,
V1_01334,V1,/Users/krishna/dev/fightflow/data/downloaded-videos/V1.mp4,1333,27016.0,27027.0,12.0,Cross,Cross,0,pending,data/raw/Skeleton_data/V1.npy,1333,True,True,True,ok,
V1_01335,V1,/Users/krishna/dev/fightflow/data/downloaded-videos/V1.mp4,1334,27038.0,27050.0,13.0,Rear Uppercut,Rear Uppercut,5,pending,data/raw/Skeleton_data/V1.npy,1334,True,True,True,ok,
V1_01336,V1,/Users/krishna/dev/fightflow/data/downloaded-videos/V1.mp4,1335,27051.0,27064.0,14.0,Lead Hook,Lead Hook,2,pending,data/raw/Skeleton_data/V1.npy,1335,True,True,True,ok,
V1_01337,V1,/Users/krishna/dev/fightflow/data/downloaded-videos/V1.mp4,1336,27073.0,27087.0,15.0,Cross,Cross,0,pending,data/raw/Skeleton_data/V1.npy,1336,True,True,True,ok,
V1_01338,V1,/Users/krishna/dev/fightflow/data/downloaded-videos/V1.mp4,1337,27093.0,27103.0,11.0,Jab,Jab,1,pending,data/raw/Skeleton_data/V1.npy,1337,True,True,True,ok,
V1_01339,V1,/Users/krishna/dev/fightflow/data/downloaded-videos/V1.mp4,1338,27104.0,27112.0,9.0,Jab,Jab,1,pending,data/raw/Skeleton_data/V1.npy,1338,True,True,True,ok,
V1_01340,V1,/Users/krishna/dev/fightflow/data/downloaded-videos/V1.mp4,1339,27113.0,27123.0,11.0,Cross,Cross,0,pending,data/raw/Skeleton_data/V1.npy,1339,True,True,True,ok,
V1_01341,V1,/Users/krishna/dev/fightflow/data/downloaded-videos/V1.mp4,1340,27138.0,27147.0,10.0,Jab,Jab,1,pending,data/raw/Skeleton_data/V1.npy,1340,True,True,True,ok,
V1_01342,V1,/Users/krishna/dev/fightflow/data/downloaded-videos/V1.mp4,1341,27165.0,27175.0,11.0,Cross,Cross,0,pending,data/raw/Skeleton_data/V1.npy,1341,True,True,True,ok,
V1_01343,V1,/Users/krishna/dev/fightflow/data/downloaded-videos/V1.mp4,1342,27192.0,27201.0,10.0,Jab,Jab,1,pending,data/raw/Skeleton_data/V1.npy,1342,True,True,True,ok,
V1_01344,V1,/Users/krishna/dev/fightflow/data/downloaded-videos/V1.mp4,1343,27207.0,27218.0,12.0,Lead Hook,Lead Hook,2,pending,data/raw/Skeleton_data/V1.npy,1343,True,True,True,ok,
V1_01345,V1,/Users/krishna/dev/fightflow/data/downloaded-videos/V1.mp4,1344,27239.0,27249.0,11.0,Jab,Jab,1,pending,data/raw/Skeleton_data/V1.npy,1344,True,True,True,ok,
V1_01346,V1,/Users/krishna/dev/fightflow/data/downloaded-videos/V1.mp4,1345,27263.0,27272.0,10.0,Cross,Cross,0,pending,data/raw/Skeleton_data/V1.npy,1345,True,True,True,ok,
V1_01347,V1,/Users/krishna/dev/fightflow/data/downloaded-videos/V1.mp4,1346,27292.0,27305.0,14.0,Lead Hook,Lead Hook,2,pending,data/raw/Skeleton_data/V1.npy,1346,True,True,True,ok,
V1_01348,V1,/Users/krishna/dev/fightflow/data/downloaded-videos/V1.mp4,1347,27311.0,27324.0,14.0,Cross,Cross,0,pending,data/raw/Skeleton_data/V1.npy,1347,True,True,True,ok,
V1_01349,V1,/Users/krishna/dev/fightflow/data/downloaded-videos/V1.mp4,1348,27333.0,27344.0,12.0,Rear Uppercut,Rear Uppercut,5,pending,data/raw/Skeleton_data/V1.npy,1348,True,True,True,ok,
V1_01350,V1,/Users/krishna/dev/fightflow/data/downloaded-videos/V1.mp4,1349,27344.0,27355.0,12.0,Lead Hook,Lead Hook,2,pending,data/raw/Skeleton_data/V1.npy,1349,True,True,True,ok,
V1_01351,V1,/Users/krishna/dev/fightflow/data/downloaded-videos/V1.mp4,1350,27360.0,27370.0,11.0,Rear Hook,Rear Hook,4,pending,data/raw/Skeleton_data/V1.npy,1350,True,True,True,ok,
V1_01352,V1,/Users/krishna/dev/fightflow/data/downloaded-videos/V1.mp4,1351,27374.0,27386.0,13.0,Lead Hook,Lead Hook,2,pending,data/raw/Skeleton_data/V1.npy,1351,True,True,True,ok,
V1_01353,V1,/Users/krishna/dev/fightflow/data/downloaded-videos/V1.mp4,1352,27396.0,27405.0,10.0,Rear Uppercut,Rear Uppercut,5,pending,data/raw/Skeleton_data/V1.npy,1352,True,True,True,ok,
V1_01354,V1,/Users/krishna/dev/fightflow/data/downloaded-videos/V1.mp4,1353,27406.0,27414.0,9.0,Lead Hook,Lead Hook,2,pending,data/raw/Skeleton_data/V1.npy,1353,True,True,True,ok,
V1_01355,V1,/Users/krishna/dev/fightflow/data/downloaded-videos/V1.mp4,1354,27415.0,27425.0,11.0,Cross,Cross,0,pending,data/raw/Skeleton_data/V1.npy,1354,True,True,True,ok,
V1_01356,V1,/Users/krishna/dev/fightflow/data/downloaded-videos/V1.mp4,1355,27428.0,27439.0,12.0,Jab,Jab,1,pending,data/raw/Skeleton_data/V1.npy,1355,True,True,True,ok,
V1_01357,V1,/Users/krishna/dev/fightflow/data/downloaded-videos/V1.mp4,1356,27441.0,27451.0,11.0,Cross,Cross,0,pending,data/raw/Skeleton_data/V1.npy,1356,True,True,True,ok,
V1_01358,V1,/Users/krishna/dev/fightflow/data/downloaded-videos/V1.mp4,1357,27452.0,27462.0,11.0,Lead Hook,Lead Hook,2,pending,data/raw/Skeleton_data/V1.npy,1357,True,True,True,ok,
V1_01359,V1,/Users/krishna/dev/fightflow/data/downloaded-videos/V1.mp4,1358,27491.0,27499.0,9.0,Jab,Jab,1,pending,data/raw/Skeleton_data/V1.npy,1358,True,True,True,ok,
V1_01360,V1,/Users/krishna/dev/fightflow/data/downloaded-videos/V1.mp4,1359,27500.0,27509.0,10.0,Cross,Cross,0,pending,data/raw/Skeleton_data/V1.npy,1359,True,True,True,ok,
V1_01361,V1,/Users/krishna/dev/fightflow/data/downloaded-videos/V1.mp4,1360,27513.0,27525.0,13.0,Jab,Jab,1,pending,data/raw/Skeleton_data/V1.npy,1360,True,True,True,ok,
V1_01362,V1,/Users/krishna/dev/fightflow/data/downloaded-videos/V1.mp4,1361,27568.0,27577.0,10.0,Rear Hook,Rear Hook,4,pending,data/raw/Skeleton_data/V1.npy,1361,True,True,True,ok,
V1_01363,V1,/Users/krishna/dev/fightflow/data/downloaded-videos/V1.mp4,1362,27606.0,27618.0,13.0,Rear Uppercut,Rear Uppercut,5,pending,data/raw/Skeleton_data/V1.npy,1362,True,True,True,ok,
V1_01364,V1,/Users/krishna/dev/fightflow/data/downloaded-videos/V1.mp4,1363,27619.0,27630.0,12.0,Lead Hook,Lead Hook,2,pending,data/raw/Skeleton_data/V1.npy,1363,True,True,True,ok,
V1_01365,V1,/Users/krishna/dev/fightflow/data/downloaded-videos/V1.mp4,1364,27669.0,27677.0,9.0,Rear Hook,Rear Hook,4,pending,data/raw/Skeleton_data/V1.npy,1364,True,True,True,ok,
V1_01366,V1,/Users/krishna/dev/fightflow/data/downloaded-videos/V1.mp4,1365,27677.0,27688.0,12.0,Lead Hook,Lead Hook,2,pending,data/raw/Skeleton_data/V1.npy,1365,True,True,True,ok,
V1_01367,V1,/Users/krishna/dev/fightflow/data/downloaded-videos/V1.mp4,1366,27688.0,27694.0,7.0,Rear Hook,Rear Hook,4,pending,data/raw/Skeleton_data/V1.npy,1366,True,True,True,ok,
V1_01368,V1,/Users/krishna/dev/fightflow/data/downloaded-videos/V1.mp4,1367,27695.0,27701.0,7.0,Lead Hook,Lead Hook,2,pending,data/raw/Skeleton_data/V1.npy,1367,True,True,True,ok,
V1_01369,V1,/Users/krishna/dev/fightflow/data/downloaded-videos/V1.mp4,1368,27709.0,27715.0,7.0,Cross,Cross,0,pending,data/raw/Skeleton_data/V1.npy,1368,True,True,True,ok,
V1_01370,V1,/Users/krishna/dev/fightflow/data/downloaded-videos/V1.mp4,1369,27716.0,27724.0,9.0,Lead Hook,Lead Hook,2,pending,data/raw/Skeleton_data/V1.npy,1369,True,True,True,ok,
V1_01371,V1,/Users/krishna/dev/fightflow/data/downloaded-videos/V1.mp4,1370,27757.0,27766.0,10.0,Rear Hook,Rear Hook,4,pending,data/raw/Skeleton_data/V1.npy,1370,True,True,True,ok,
V1_01372,V1,/Users/krishna/dev/fightflow/data/downloaded-videos/V1.mp4,1371,27770.0,27778.0,9.0,Lead Hook,Lead Hook,2,pending,data/raw/Skeleton_data/V1.npy,1371,True,True,True,ok,
V1_01373,V1,/Users/krishna/dev/fightflow/data/downloaded-videos/V1.mp4,1372,27801.0,27809.0,9.0,Lead Hook,Lead Hook,2,pending,data/raw/Skeleton_data/V1.npy,1372,True,True,True,ok,
V1_01374,V1,/Users/krishna/dev/fightflow/data/downloaded-videos/V1.mp4,1373,27809.0,27814.0,6.0,Cross,Cross,0,pending,data/raw/Skeleton_data/V1.npy,1373,True,True,True,ok,
V1_01375,V1,/Users/krishna/dev/fightflow/data/downloaded-videos/V1.mp4,1374,27816.0,27822.0,7.0,Cross,Cross,0,pending,data/raw/Skeleton_data/V1.npy,1374,True,True,True,ok,
V1_01376,V1,/Users/krishna/dev/fightflow/data/downloaded-videos/V1.mp4,1375,27822.0,27828.0,7.0,Jab,Jab,1,pending,data/raw/Skeleton_data/V1.npy,1375,True,True,True,ok,
V1_01377,V1,/Users/krishna/dev/fightflow/data/downloaded-videos/V1.mp4,1376,27829.0,27834.0,6.0,Jab,Jab,1,pending,data/raw/Skeleton_data/V1.npy,1376,True,True,True,ok,
V1_01378,V1,/Users/krishna/dev/fightflow/data/downloaded-videos/V1.mp4,1377,27835.0,27839.0,5.0,Cross,Cross,0,pending,data/raw/Skeleton_data/V1.npy,1377,True,True,True,ok,
V1_01379,V1,/Users/krishna/dev/fightflow/data/downloaded-videos/V1.mp4,1378,27840.0,27842.0,3.0,Cross,Cross,0,pending,data/raw/Skeleton_data/V1.npy,1378,True,True,True,ok,
V1_01380,V1,/Users/krishna/dev/fightflow/data/downloaded-videos/V1.mp4,1379,27843.0,27845.0,3.0,Jab,Jab,1,pending,data/raw/Skeleton_data/V1.npy,1379,True,True,True,ok,
V1_01381,V1,/Users/krishna/dev/fightflow/data/downloaded-videos/V1.mp4,1380,27845.0,27847.0,3.0,Cross,Cross,0,pending,data/raw/Skeleton_data/V1.npy,1380,True,True,True,ok,
V1_01382,V1,/Users/krishna/dev/fightflow/data/downloaded-videos/V1.mp4,1381,27847.0,27850.0,4.0,Jab,Jab,1,pending,data/raw/Skeleton_data/V1.npy,1381,True,True,True,ok,
V1_01383,V1,/Users/krishna/dev/fightflow/data/downloaded-videos/V1.mp4,1382,27850.0,27853.0,4.0,Cross,Cross,0,pending,data/raw/Skeleton_data/V1.npy,1382,True,True,True,ok,
V1_01384,V1,/Users/krishna/dev/fightflow/data/downloaded-videos/V1.mp4,1383,27853.0,27856.0,4.0,Jab,Jab,1,pending,data/raw/Skeleton_data/V1.npy,1383,True,True,True,ok,
V1_01385,V1,/Users/krishna/dev/fightflow/data/downloaded-videos/V1.mp4,1384,27857.0,27862.0,6.0,Cross,Cross,0,pending,data/raw/Skeleton_data/V1.npy,1384,True,True,True,ok,
V1_01386,V1,/Users/krishna/dev/fightflow/data/downloaded-videos/V1.mp4,1385,27863.0,27869.0,7.0,Jab,Jab,1,pending,data/raw/Skeleton_data/V1.npy,1385,True,True,True,ok,
V1_01387,V1,/Users/krishna/dev/fightflow/data/downloaded-videos/V1.mp4,1386,27870.0,27874.0,5.0,Jab,Jab,1,pending,data/raw/Skeleton_data/V1.npy,1386,True,True,True,ok,
V1_01388,V1,/Users/krishna/dev/fightflow/data/downloaded-videos/V1.mp4,1387,27875.0,27879.0,5.0,Rear Uppercut,Rear Uppercut,5,pending,data/raw/Skeleton_data/V1.npy,1387,True,True,True,ok,
V1_01389,V1,/Users/krishna/dev/fightflow/data/downloaded-videos/V1.mp4,1388,27879.0,27885.0,7.0,Lead Hook,Lead Hook,2,pending,data/raw/Skeleton_data/V1.npy,1388,True,True,True,ok,
V1_01390,V1,/Users/krishna/dev/fightflow/data/downloaded-videos/V1.mp4,1389,27892.0,27899.0,8.0,Rear Hook,Rear Hook,4,pending,data/raw/Skeleton_data/V1.npy,1389,True,True,True,ok,
V1_01391,V1,/Users/krishna/dev/fightflow/data/downloaded-videos/V1.mp4,1390,27905.0,27914.0,10.0,Lead Hook,Lead Hook,2,pending,data/raw/Skeleton_data/V1.npy,1390,True,True,True,ok,
V1_01392,V1,/Users/krishna/dev/fightflow/data/downloaded-videos/V1.mp4,1391,27920.0,27928.0,9.0,Rear Hook,Rear Hook,4,pending,data/raw/Skeleton_data/V1.npy,1391,True,True,True,ok,
V1_01393,V1,/Users/krishna/dev/fightflow/data/downloaded-videos/V1.mp4,1392,27928.0,27936.0,9.0,Lead Hook,Lead Hook,2,pending,data/raw/Skeleton_data/V1.npy,1392,True,True,True,ok,
V1_01394,V1,/Users/krishna/dev/fightflow/data/downloaded-videos/V1.mp4,1393,27940.0,27951.0,12.0,Rear Hook,Rear Hook,4,pending,data/raw/Skeleton_data/V1.npy,1393,True,True,True,ok,
V1_01395,V1,/Users/krishna/dev/fightflow/data/downloaded-videos/V1.mp4,1394,27954.0,27962.0,9.0,Lead Hook,Lead Hook,2,pending,data/raw/Skeleton_data/V1.npy,1394,True,True,True,ok,
V1_01396,V1,/Users/krishna/dev/fightflow/data/downloaded-videos/V1.mp4,1395,27966.0,27974.0,9.0,Rear Uppercut,Rear Uppercut,5,pending,data/raw/Skeleton_data/V1.npy,1395,True,True,True,ok,
V1_01397,V1,/Users/krishna/dev/fightflow/data/downloaded-videos/V1.mp4,1396,27975.0,27981.0,7.0,Lead Hook,Lead Hook,2,pending,data/raw/Skeleton_data/V1.npy,1396,True,True,True,ok,
V1_01398,V1,/Users/krishna/dev/fightflow/data/downloaded-videos/V1.mp4,1397,27986.0,27993.0,8.0,Cross,Cross,0,pending,data/raw/Skeleton_data/V1.npy,1397,True,True,True,ok,
V1_01399,V1,/Users/krishna/dev/fightflow/data/downloaded-videos/V1.mp4,1398,27995.0,28000.0,6.0,Jab,Jab,1,pending,data/raw/Skeleton_data/V1.npy,1398,True,True,True,ok,
V1_01400,V1,/Users/krishna/dev/fightflow/data/downloaded-videos/V1.mp4,1399,28001.0,28008.0,8.0,Cross,Cross,0,pending,data/raw/Skeleton_data/V1.npy,1399,True,True,True,ok,
V1_01401,V1,/Users/krishna/dev/fightflow/data/downloaded-videos/V1.mp4,1400,28011.0,28016.0,6.0,Jab,Jab,1,pending,data/raw/Skeleton_data/V1.npy,1400,True,True,True,ok,
V1_01402,V1,/Users/krishna/dev/fightflow/data/downloaded-videos/V1.mp4,1401,28017.0,28022.0,6.0,Cross,Cross,0,pending,data/raw/Skeleton_data/V1.npy,1401,True,True,True,ok,
V1_01403,V1,/Users/krishna/dev/fightflow/data/downloaded-videos/V1.mp4,1402,28022.0,28026.0,5.0,Jab,Jab,1,pending,data/raw/Skeleton_data/V1.npy,1402,True,True,True,ok,
V1_01404,V1,/Users/krishna/dev/fightflow/data/downloaded-videos/V1.mp4,1403,28027.0,28033.0,7.0,Cross,Cross,0,pending,data/raw/Skeleton_data/V1.npy,1403,True,True,True,ok,
V1_01405,V1,/Users/krishna/dev/fightflow/data/downloaded-videos/V1.mp4,1404,28034.0,28042.0,9.0,Lead Hook,Lead Hook,2,pending,data/raw/Skeleton_data/V1.npy,1404,True,True,True,ok,
V1_01406,V1,/Users/krishna/dev/fightflow/data/downloaded-videos/V1.mp4,1405,28043.0,28050.0,8.0,Cross,Cross,0,pending,data/raw/Skeleton_data/V1.npy,1405,True,True,True,ok,
V1_01407,V1,/Users/krishna/dev/fightflow/data/downloaded-videos/V1.mp4,1406,28060.0,28067.0,8.0,Cross,Cross,0,pending,data/raw/Skeleton_data/V1.npy,1406,True,True,True,ok,
V1_01408,V1,/Users/krishna/dev/fightflow/data/downloaded-videos/V1.mp4,1407,28068.0,28075.0,8.0,Lead Hook,Lead Hook,2,pending,data/raw/Skeleton_data/V1.npy,1407,True,True,True,ok,
V1_01409,V1,/Users/krishna/dev/fightflow/data/downloaded-videos/V1.mp4,1408,28083.0,28091.0,9.0,Rear Hook,Rear Hook,4,pending,data/raw/Skeleton_data/V1.npy,1408,True,True,True,ok,
V1_01410,V1,/Users/krishna/dev/fightflow/data/downloaded-videos/V1.mp4,1409,28097.0,28106.0,10.0,Lead Hook,Lead Hook,2,pending,data/raw/Skeleton_data/V1.npy,1409,True,True,True,ok,
V1_01411,V1,/Users/krishna/dev/fightflow/data/downloaded-videos/V1.mp4,1410,28113.0,28122.0,10.0,Rear Hook,Rear Hook,4,pending,data/raw/Skeleton_data/V1.npy,1410,True,True,True,ok,
V1_01412,V1,/Users/krishna/dev/fightflow/data/downloaded-videos/V1.mp4,1411,28123.0,28129.0,7.0,Lead Hook,Lead Hook,2,pending,data/raw/Skeleton_data/V1.npy,1411,True,True,True,ok,
V1_01413,V1,/Users/krishna/dev/fightflow/data/downloaded-videos/V1.mp4,1412,28130.0,28136.0,7.0,Cross,Cross,0,pending,data/raw/Skeleton_data/V1.npy,1412,True,True,True,ok,
V1_01414,V1,/Users/krishna/dev/fightflow/data/downloaded-videos/V1.mp4,1413,28137.0,28144.0,8.0,Lead Hook,Lead Hook,2,pending,data/raw/Skeleton_data/V1.npy,1413,True,True,True,ok,
V1_01415,V1,/Users/krishna/dev/fightflow/data/downloaded-videos/V1.mp4,1414,28177.0,28183.0,7.0,Cross,Cross,0,pending,data/raw/Skeleton_data/V1.npy,1414,True,True,True,ok,
V1_01416,V1,/Users/krishna/dev/fightflow/data/downloaded-videos/V1.mp4,1415,28187.0,28196.0,10.0,Cross,Cross,0,pending,data/raw/Skeleton_data/V1.npy,1415,True,True,True,ok,
V1_01417,V1,/Users/krishna/dev/fightflow/data/downloaded-videos/V1.mp4,1416,28220.0,28229.0,10.0,Rear Uppercut,Rear Uppercut,5,pending,data/raw/Skeleton_data/V1.npy,1416,True,True,True,ok,
V1_01418,V1,/Users/krishna/dev/fightflow/data/downloaded-videos/V1.mp4,1417,28230.0,28237.0,8.0,Lead Hook,Lead Hook,2,pending,data/raw/Skeleton_data/V1.npy,1417,True,True,True,ok,
V1_01419,V1,/Users/krishna/dev/fightflow/data/downloaded-videos/V1.mp4,1418,28238.0,28245.0,8.0,Rear Hook,Rear Hook,4,pending,data/raw/Skeleton_data/V1.npy,1418,True,True,True,ok,
V1_01420,V1,/Users/krishna/dev/fightflow/data/downloaded-videos/V1.mp4,1419,28251.0,28258.0,8.0,Lead Hook,Lead Hook,2,pending,data/raw/Skeleton_data/V1.npy,1419,True,True,True,ok,
V1_01421,V1,/Users/krishna/dev/fightflow/data/downloaded-videos/V1.mp4,1420,28288.0,28296.0,9.0,Rear Hook,Rear Hook,4,pending,data/raw/Skeleton_data/V1.npy,1420,True,True,True,ok,
V1_01422,V1,/Users/krishna/dev/fightflow/data/downloaded-videos/V1.mp4,1421,28299.0,28306.0,8.0,Lead Hook,Lead Hook,2,pending,data/raw/Skeleton_data/V1.npy,1421,True,True,True,ok,
V1_01423,V1,/Users/krishna/dev/fightflow/data/downloaded-videos/V1.mp4,1422,28307.0,28314.0,8.0,Rear Uppercut,Rear Uppercut,5,pending,data/raw/Skeleton_data/V1.npy,1422,True,True,True,ok,
V1_01424,V1,/Users/krishna/dev/fightflow/data/downloaded-videos/V1.mp4,1423,28315.0,28321.0,7.0,Lead Hook,Lead Hook,2,pending,data/raw/Skeleton_data/V1.npy,1423,True,True,True,ok,
V1_01425,V1,/Users/krishna/dev/fightflow/data/downloaded-videos/V1.mp4,1424,28330.0,28337.0,8.0,Cross,Cross,0,pending,data/raw/Skeleton_data/V1.npy,1424,True,True,True,ok,
V1_01426,V1,/Users/krishna/dev/fightflow/data/downloaded-videos/V1.mp4,1425,28339.0,28349.0,11.0,Lead Hook,Lead Hook,2,pending,data/raw/Skeleton_data/V1.npy,1425,True,True,True,ok,
V1_01427,V1,/Users/krishna/dev/fightflow/data/downloaded-videos/V1.mp4,1426,28350.0,28354.0,5.0,Cross,Cross,0,pending,data/raw/Skeleton_data/V1.npy,1426,True,True,True,ok,
V1_01428,V1,/Users/krishna/dev/fightflow/data/downloaded-videos/V1.mp4,1427,28355.0,28362.0,8.0,Lead Hook,Lead Hook,2,pending,data/raw/Skeleton_data/V1.npy,1427,True,True,True,ok,
V1_01429,V1,/Users/krishna/dev/fightflow/data/downloaded-videos/V1.mp4,1428,28368.0,28377.0,10.0,Cross,Cross,0,pending,data/raw/Skeleton_data/V1.npy,1428,True,True,True,ok,
V1_01430,V1,/Users/krishna/dev/fightflow/data/downloaded-videos/V1.mp4,1429,28381.0,28391.0,11.0,Lead Hook,Lead Hook,2,pending,data/raw/Skeleton_data/V1.npy,1429,True,True,True,ok,
V1_01431,V1,/Users/krishna/dev/fightflow/data/downloaded-videos/V1.mp4,1430,28392.0,28403.0,12.0,Rear Uppercut,Rear Uppercut,5,pending,data/raw/Skeleton_data/V1.npy,1430,True,True,True,ok,
V1_01432,V1,/Users/krishna/dev/fightflow/data/downloaded-videos/V1.mp4,1431,28404.0,28412.0,9.0,Lead Hook,Lead Hook,2,pending,data/raw/Skeleton_data/V1.npy,1431,True,True,True,ok,
V1_01433,V1,/Users/krishna/dev/fightflow/data/downloaded-videos/V1.mp4,1432,28418.0,28428.0,11.0,Rear Hook,Rear Hook,4,pending,data/raw/Skeleton_data/V1.npy,1432,True,True,True,ok,
V1_01434,V1,/Users/krishna/dev/fightflow/data/downloaded-videos/V1.mp4,1433,28432.0,28443.0,12.0,Lead Hook,Lead Hook,2,pending,data/raw/Skeleton_data/V1.npy,1433,True,True,True,ok,
V1_01435,V1,/Users/krishna/dev/fightflow/data/downloaded-videos/V1.mp4,1434,28452.0,28459.0,8.0,Rear Hook,Rear Hook,4,pending,data/raw/Skeleton_data/V1.npy,1434,True,True,True,ok,
V1_01436,V1,/Users/krishna/dev/fightflow/data/downloaded-videos/V1.mp4,1435,28460.0,28469.0,10.0,Lead Hook,Lead Hook,2,pending,data/raw/Skeleton_data/V1.npy,1435,True,True,True,ok,
V1_01437,V1,/Users/krishna/dev/fightflow/data/downloaded-videos/V1.mp4,1436,28474.0,28481.0,8.0,Rear Uppercut,Rear Uppercut,5,pending,data/raw/Skeleton_data/V1.npy,1436,True,True,True,ok,
V1_01438,V1,/Users/krishna/dev/fightflow/data/downloaded-videos/V1.mp4,1437,28482.0,28490.0,9.0,Lead Hook,Lead Hook,2,pending,data/raw/Skeleton_data/V1.npy,1437,True,True,True,ok,
V1_01439,V1,/Users/krishna/dev/fightflow/data/downloaded-videos/V1.mp4,1438,28491.0,28497.0,7.0,Jab,Jab,1,pending,data/raw/Skeleton_data/V1.npy,1438,True,True,True,ok,
V1_01440,V1,/Users/krishna/dev/fightflow/data/downloaded-videos/V1.mp4,1439,28498.0,28504.0,7.0,Cross,Cross,0,pending,data/raw/Skeleton_data/V1.npy,1439,True,True,True,ok,
V1_01441,V1,/Users/krishna/dev/fightflow/data/downloaded-videos/V1.mp4,1440,28505.0,28510.0,6.0,Jab,Jab,1,pending,data/raw/Skeleton_data/V1.npy,1440,True,True,True,ok,
V1_01442,V1,/Users/krishna/dev/fightflow/data/downloaded-videos/V1.mp4,1441,28511.0,28518.0,8.0,Cross,Cross,0,pending,data/raw/Skeleton_data/V1.npy,1441,True,True,True,ok,
V1_01443,V1,/Users/krishna/dev/fightflow/data/downloaded-videos/V1.mp4,1442,28519.0,28523.0,5.0,Jab,Jab,1,pending,data/raw/Skeleton_data/V1.npy,1442,True,True,True,ok,
V1_01444,V1,/Users/krishna/dev/fightflow/data/downloaded-videos/V1.mp4,1443,28524.0,28531.0,8.0,Cross,Cross,0,pending,data/raw/Skeleton_data/V1.npy,1443,True,True,True,ok,
V1_01445,V1,/Users/krishna/dev/fightflow/data/downloaded-videos/V1.mp4,1444,28532.0,28538.0,7.0,Jab,Jab,1,pending,data/raw/Skeleton_data/V1.npy,1444,True,True,True,ok,
V1_01446,V1,/Users/krishna/dev/fightflow/data/downloaded-videos/V1.mp4,1445,28539.0,28544.0,6.0,Cross,Cross,0,pending,data/raw/Skeleton_data/V1.npy,1445,True,True,True,ok,
V1_01447,V1,/Users/krishna/dev/fightflow/data/downloaded-videos/V1.mp4,1446,28548.0,28558.0,11.0,Lead Hook,Lead Hook,2,pending,data/raw/Skeleton_data/V1.npy,1446,True,True,True,ok,
V1_01448,V1,/Users/krishna/dev/fightflow/data/downloaded-videos/V1.mp4,1447,28559.0,28565.0,7.0,Cross,Cross,0,pending,data/raw/Skeleton_data/V1.npy,1447,True,True,True,ok,
V1_01449,V1,/Users/krishna/dev/fightflow/data/downloaded-videos/V1.mp4,1448,28565.0,28574.0,10.0,Lead Hook,Lead Hook,2,pending,data/raw/Skeleton_data/V1.npy,1448,True,True,True,ok,
V1_01450,V1,/Users/krishna/dev/fightflow/data/downloaded-videos/V1.mp4,1449,28576.0,28585.0,10.0,Rear Uppercut,Rear Uppercut,5,pending,data/raw/Skeleton_data/V1.npy,1449,True,True,True,ok,
V1_01451,V1,/Users/krishna/dev/fightflow/data/downloaded-videos/V1.mp4,1450,28586.0,28594.0,9.0,Lead Hook,Lead Hook,2,pending,data/raw/Skeleton_data/V1.npy,1450,True,True,True,ok,
V1_01452,V1,/Users/krishna/dev/fightflow/data/downloaded-videos/V1.mp4,1451,28597.0,28611.0,15.0,Rear Hook,Rear Hook,4,pending,data/raw/Skeleton_data/V1.npy,1451,True,True,True,ok,
V1_01453,V1,/Users/krishna/dev/fightflow/data/downloaded-videos/V1.mp4,1452,28613.0,28622.0,10.0,Lead Hook,Lead Hook,2,pending,data/raw/Skeleton_data/V1.npy,1452,True,True,True,ok,
V1_01454,V1,/Users/krishna/dev/fightflow/data/downloaded-videos/V1.mp4,1453,28629.0,28635.0,7.0,Cross,Cross,0,pending,data/raw/Skeleton_data/V1.npy,1453,True,True,True,ok,
V1_01455,V1,/Users/krishna/dev/fightflow/data/downloaded-videos/V1.mp4,1454,28638.0,28646.0,9.0,Jab,Jab,1,pending,data/raw/Skeleton_data/V1.npy,1454,True,True,True,ok,
V1_01456,V1,/Users/krishna/dev/fightflow/data/downloaded-videos/V1.mp4,1455,28647.0,28657.0,11.0,Cross,Cross,0,pending,data/raw/Skeleton_data/V1.npy,1455,True,True,True,ok,
V1_01457,V1,/Users/krishna/dev/fightflow/data/downloaded-videos/V1.mp4,1456,28658.0,28667.0,10.0,Jab,Jab,1,pending,data/raw/Skeleton_data/V1.npy,1456,True,True,True,ok,
V1_01458,V1,/Users/krishna/dev/fightflow/data/downloaded-videos/V1.mp4,1457,28668.0,28675.0,8.0,Cross,Cross,0,pending,data/raw/Skeleton_data/V1.npy,1457,True,True,True,ok,
V1_01459,V1,/Users/krishna/dev/fightflow/data/downloaded-videos/V1.mp4,1458,28683.0,28693.0,11.0,Rear Uppercut,Rear Uppercut,5,pending,data/raw/Skeleton_data/V1.npy,1458,True,True,True,ok,
V1_01460,V1,/Users/krishna/dev/fightflow/data/downloaded-videos/V1.mp4,1459,28694.0,28703.0,10.0,Lead Hook,Lead Hook,2,pending,data/raw/Skeleton_data/V1.npy,1459,True,True,True,ok,
V1_01461,V1,/Users/krishna/dev/fightflow/data/downloaded-videos/V1.mp4,1460,28708.0,28719.0,12.0,Rear Hook,Rear Hook,4,pending,data/raw/Skeleton_data/V1.npy,1460,True,True,True,ok,
V1_01462,V1,/Users/krishna/dev/fightflow/data/downloaded-videos/V1.mp4,1461,28725.0,28734.0,10.0,Lead Hook,Lead Hook,2,pending,data/raw/Skeleton_data/V1.npy,1461,True,True,True,ok,
V1_01463,V1,/Users/krishna/dev/fightflow/data/downloaded-videos/V1.mp4,1462,28735.0,28746.0,12.0,Rear Uppercut,Rear Uppercut,5,pending,data/raw/Skeleton_data/V1.npy,1462,True,True,True,ok,
V1_01464,V1,/Users/krishna/dev/fightflow/data/downloaded-videos/V1.mp4,1463,28746.0,28753.0,8.0,Lead Hook,Lead Hook,2,pending,data/raw/Skeleton_data/V1.npy,1463,True,True,True,ok,
V1_01465,V1,/Users/krishna/dev/fightflow/data/downloaded-videos/V1.mp4,1464,28758.0,28767.0,10.0,Rear Hook,Rear Hook,4,pending,data/raw/Skeleton_data/V1.npy,1464,True,True,True,ok,
V1_01466,V1,/Users/krishna/dev/fightflow/data/downloaded-videos/V1.mp4,1465,28774.0,28783.0,10.0,Lead Hook,Lead Hook,2,pending,data/raw/Skeleton_data/V1.npy,1465,True,True,True,ok,
V1_01467,V1,/Users/krishna/dev/fightflow/data/downloaded-videos/V1.mp4,1466,28789.0,28799.0,11.0,Rear Hook,Rear Hook,4,pending,data/raw/Skeleton_data/V1.npy,1466,True,True,True,ok,
V1_01468,V1,/Users/krishna/dev/fightflow/data/downloaded-videos/V1.mp4,1467,28805.0,28814.0,10.0,Lead Hook,Lead Hook,2,pending,data/raw/Skeleton_data/V1.npy,1467,True,True,True,ok,
V1_01469,V1,/Users/krishna/dev/fightflow/data/downloaded-videos/V1.mp4,1468,28819.0,28829.0,11.0,Rear Hook,Rear Hook,4,pending,data/raw/Skeleton_data/V1.npy,1468,True,True,True,ok,
V1_01470,V1,/Users/krishna/dev/fightflow/data/downloaded-videos/V1.mp4,1469,28834.0,28845.0,12.0,Lead Hook,Lead Hook,2,pending,data/raw/Skeleton_data/V1.npy,1469,True,True,True,ok,
V1_01471,V1,/Users/krishna/dev/fightflow/data/downloaded-videos/V1.mp4,1470,28849.0,28859.0,11.0,Rear Uppercut,Rear Uppercut,5,pending,data/raw/Skeleton_data/V1.npy,1470,True,True,True,ok,
V1_01472,V1,/Users/krishna/dev/fightflow/data/downloaded-videos/V1.mp4,1471,28860.0,28867.0,8.0,Lead Hook,Lead Hook,2,pending,data/raw/Skeleton_data/V1.npy,1471,True,True,True,ok,
V1_01473,V1,/Users/krishna/dev/fightflow/data/downloaded-videos/V1.mp4,1472,28873.0,28884.0,12.0,Rear Hook,Rear Hook,4,pending,data/raw/Skeleton_data/V1.npy,1472,True,True,True,ok,
V1_01474,V1,/Users/krishna/dev/fightflow/data/downloaded-videos/V1.mp4,1473,28887.0,28895.0,9.0,Jab,Jab,1,pending,data/raw/Skeleton_data/V1.npy,1473,True,True,True,ok,
V1_01475,V1,/Users/krishna/dev/fightflow/data/downloaded-videos/V1.mp4,1474,28895.0,28902.0,8.0,Cross,Cross,0,pending,data/raw/Skeleton_data/V1.npy,1474,True,True,True,ok,
V1_01476,V1,/Users/krishna/dev/fightflow/data/downloaded-videos/V1.mp4,1475,28902.0,28909.0,8.0,Jab,Jab,1,pending,data/raw/Skeleton_data/V1.npy,1475,True,True,True,ok,
V1_01477,V1,/Users/krishna/dev/fightflow/data/downloaded-videos/V1.mp4,1476,28910.0,28917.0,8.0,Cross,Cross,0,pending,data/raw/Skeleton_data/V1.npy,1476,True,True,True,ok,
V1_01478,V1,/Users/krishna/dev/fightflow/data/downloaded-videos/V1.mp4,1477,28925.0,28932.0,8.0,Cross,Cross,0,pending,data/raw/Skeleton_data/V1.npy,1477,True,True,True,ok,
V1_01479,V1,/Users/krishna/dev/fightflow/data/downloaded-videos/V1.mp4,1478,28932.0,28938.0,7.0,Lead Uppercut,Lead Uppercut,3,pending,data/raw/Skeleton_data/V1.npy,1478,True,True,True,ok,
V1_01480,V1,/Users/krishna/dev/fightflow/data/downloaded-videos/V1.mp4,1479,28939.0,28946.0,8.0,Cross,Cross,0,pending,data/raw/Skeleton_data/V1.npy,1479,True,True,True,ok,
V1_01481,V1,/Users/krishna/dev/fightflow/data/downloaded-videos/V1.mp4,1480,28952.0,28964.0,13.0,Rear Uppercut,Rear Uppercut,5,pending,data/raw/Skeleton_data/V1.npy,1480,True,True,True,ok,
V1_01482,V1,/Users/krishna/dev/fightflow/data/downloaded-videos/V1.mp4,1481,28996.0,29008.0,13.0,Jab,Jab,1,pending,data/raw/Skeleton_data/V1.npy,1481,True,True,True,ok,
V1_01483,V1,/Users/krishna/dev/fightflow/data/downloaded-videos/V1.mp4,1482,29022.0,29030.0,9.0,Jab,Jab,1,pending,data/raw/Skeleton_data/V1.npy,1482,True,True,True,ok,
V1_01484,V1,/Users/krishna/dev/fightflow/data/downloaded-videos/V1.mp4,1483,29031.0,29047.0,17.0,Cross,Cross,0,pending,data/raw/Skeleton_data/V1.npy,1483,True,True,True,ok,
V1_01485,V1,/Users/krishna/dev/fightflow/data/downloaded-videos/V1.mp4,1484,29059.0,29069.0,11.0,Jab,Jab,1,pending,data/raw/Skeleton_data/V1.npy,1484,True,True,True,ok,
V1_01486,V1,/Users/krishna/dev/fightflow/data/downloaded-videos/V1.mp4,1485,29084.0,29099.0,16.0,Cross,Cross,0,pending,data/raw/Skeleton_data/V1.npy,1485,True,True,True,ok,
V1_01487,V1,/Users/krishna/dev/fightflow/data/downloaded-videos/V1.mp4,1486,29104.0,29118.0,15.0,Lead Hook,Lead Hook,2,pending,data/raw/Skeleton_data/V1.npy,1486,True,True,True,ok,
V1_01488,V1,/Users/krishna/dev/fightflow/data/downloaded-videos/V1.mp4,1487,29119.0,29129.0,11.0,Rear Hook,Rear Hook,4,pending,data/raw/Skeleton_data/V1.npy,1487,True,True,True,ok,
V1_01489,V1,/Users/krishna/dev/fightflow/data/downloaded-videos/V1.mp4,1488,29138.0,29156.0,19.0,Rear Uppercut,Rear Uppercut,5,pending,data/raw/Skeleton_data/V1.npy,1488,True,True,True,ok,
V1_01490,V1,/Users/krishna/dev/fightflow/data/downloaded-videos/V1.mp4,1489,29194.0,29204.0,11.0,Jab,Jab,1,pending,data/raw/Skeleton_data/V1.npy,1489,True,True,True,ok,
V1_01491,V1,/Users/krishna/dev/fightflow/data/downloaded-videos/V1.mp4,1490,29222.0,29238.0,17.0,Cross,Cross,0,pending,data/raw/Skeleton_data/V1.npy,1490,True,True,True,ok,
V1_01492,V1,/Users/krishna/dev/fightflow/data/downloaded-videos/V1.mp4,1491,29255.0,29263.0,9.0,Cross,Cross,0,pending,data/raw/Skeleton_data/V1.npy,1491,True,True,True,ok,
V1_01493,V1,/Users/krishna/dev/fightflow/data/downloaded-videos/V1.mp4,1492,29264.0,29282.0,19.0,Lead Hook,Lead Hook,2,pending,data/raw/Skeleton_data/V1.npy,1492,True,True,True,ok,
V1_01494,V1,/Users/krishna/dev/fightflow/data/downloaded-videos/V1.mp4,1493,29286.0,29299.0,14.0,Cross,Cross,0,pending,data/raw/Skeleton_data/V1.npy,1493,True,True,True,ok,
V1_01495,V1,/Users/krishna/dev/fightflow/data/downloaded-videos/V1.mp4,1494,29307.0,29320.0,14.0,Jab,Jab,1,pending,data/raw/Skeleton_data/V1.npy,1494,True,True,True,ok,
V1_01496,V1,/Users/krishna/dev/fightflow/data/downloaded-videos/V1.mp4,1495,29329.0,29343.0,15.0,Cross,Cross,0,pending,data/raw/Skeleton_data/V1.npy,1495,True,True,True,ok,
V1_01497,V1,/Users/krishna/dev/fightflow/data/downloaded-videos/V1.mp4,1496,29353.0,29366.0,14.0,Jab,Jab,1,pending,data/raw/Skeleton_data/V1.npy,1496,True,True,True,ok,
V1_01498,V1,/Users/krishna/dev/fightflow/data/downloaded-videos/V1.mp4,1497,29367.0,29375.0,9.0,Jab,Jab,1,pending,data/raw/Skeleton_data/V1.npy,1497,True,True,True,ok,
V1_01499,V1,/Users/krishna/dev/fightflow/data/downloaded-videos/V1.mp4,1498,29377.0,29388.0,12.0,Cross,Cross,0,pending,data/raw/Skeleton_data/V1.npy,1498,True,True,True,ok,
V1_01500,V1,/Users/krishna/dev/fightflow/data/downloaded-videos/V1.mp4,1499,29406.0,29416.0,11.0,Cross,Cross,0,pending,data/raw/Skeleton_data/V1.npy,1499,True,True,True,ok,
V1_01501,V1,/Users/krishna/dev/fightflow/data/downloaded-videos/V1.mp4,1500,29417.0,29425.0,9.0,Lead Hook,Lead Hook,2,pending,data/raw/Skeleton_data/V1.npy,1500,True,True,True,ok,
V1_01502,V1,/Users/krishna/dev/fightflow/data/downloaded-videos/V1.mp4,1501,29426.0,29437.0,12.0,Cross,Cross,0,pending,data/raw/Skeleton_data/V1.npy,1501,True,True,True,ok,
V1_01503,V1,/Users/krishna/dev/fightflow/data/downloaded-videos/V1.mp4,1502,29452.0,29464.0,13.0,Jab,Jab,1,pending,data/raw/Skeleton_data/V1.npy,1502,True,True,True,ok,
V1_01504,V1,/Users/krishna/dev/fightflow/data/downloaded-videos/V1.mp4,1503,29484.0,29495.0,12.0,Jab,Jab,1,pending,data/raw/Skeleton_data/V1.npy,1503,True,True,True,ok,
V1_01505,V1,/Users/krishna/dev/fightflow/data/downloaded-videos/V1.mp4,1504,29527.0,29538.0,12.0,Rear Hook,Rear Hook,4,pending,data/raw/Skeleton_data/V1.npy,1504,True,True,True,ok,
V1_01506,V1,/Users/krishna/dev/fightflow/data/downloaded-videos/V1.mp4,1505,29610.0,29618.0,9.0,Jab,Jab,1,pending,data/raw/Skeleton_data/V1.npy,1505,True,True,True,ok,
V1_01507,V1,/Users/krishna/dev/fightflow/data/downloaded-videos/V1.mp4,1506,29618.0,29632.0,15.0,Lead Hook,Lead Hook,2,pending,data/raw/Skeleton_data/V1.npy,1506,True,True,True,ok,
V1_01508,V1,/Users/krishna/dev/fightflow/data/downloaded-videos/V1.mp4,1507,29640.0,29650.0,11.0,Jab,Jab,1,pending,data/raw/Skeleton_data/V1.npy,1507,True,True,True,ok,
V1_01509,V1,/Users/krishna/dev/fightflow/data/downloaded-videos/V1.mp4,1508,29665.0,29674.0,10.0,Rear Hook,Rear Hook,4,pending,data/raw/Skeleton_data/V1.npy,1508,True,True,True,ok,
V1_01510,V1,/Users/krishna/dev/fightflow/data/downloaded-videos/V1.mp4,1509,29675.0,29684.0,10.0,Lead Hook,Lead Hook,2,pending,data/raw/Skeleton_data/V1.npy,1509,True,True,True,ok,
V1_01511,V1,/Users/krishna/dev/fightflow/data/downloaded-videos/V1.mp4,1510,29762.0,29768.0,7.0,Rear Hook,Rear Hook,4,pending,data/raw/Skeleton_data/V1.npy,1510,True,True,True,ok,
V1_01512,V1,/Users/krishna/dev/fightflow/data/downloaded-videos/V1.mp4,1511,29769.0,29775.0,7.0,Lead Hook,Lead Hook,2,pending,data/raw/Skeleton_data/V1.npy,1511,True,True,True,ok,
V1_01513,V1,/Users/krishna/dev/fightflow/data/downloaded-videos/V1.mp4,1512,29775.0,29779.0,5.0,Rear Hook,Rear Hook,4,pending,data/raw/Skeleton_data/V1.npy,1512,True,True,True,ok,
V1_01514,V1,/Users/krishna/dev/fightflow/data/downloaded-videos/V1.mp4,1513,29780.0,29786.0,7.0,Lead Hook,Lead Hook,2,pending,data/raw/Skeleton_data/V1.npy,1513,True,True,True,ok,
V1_01515,V1,/Users/krishna/dev/fightflow/data/downloaded-videos/V1.mp4,1514,29815.0,29821.0,7.0,Jab,Jab,1,pending,data/raw/Skeleton_data/V1.npy,1514,True,True,True,ok,
V1_01516,V1,/Users/krishna/dev/fightflow/data/downloaded-videos/V1.mp4,1515,29822.0,29828.0,7.0,Cross,Cross,0,pending,data/raw/Skeleton_data/V1.npy,1515,True,True,True,ok,
V1_01517,V1,/Users/krishna/dev/fightflow/data/downloaded-videos/V1.mp4,1516,29829.0,29837.0,9.0,Lead Hook,Lead Hook,2,pending,data/raw/Skeleton_data/V1.npy,1516,True,True,True,ok,
V1_01518,V1,/Users/krishna/dev/fightflow/data/downloaded-videos/V1.mp4,1517,29859.0,29869.0,11.0,Lead Hook,Lead Hook,2,pending,data/raw/Skeleton_data/V1.npy,1517,True,True,True,ok,
V1_01519,V1,/Users/krishna/dev/fightflow/data/downloaded-videos/V1.mp4,1518,29880.0,29887.0,8.0,Rear Hook,Rear Hook,4,pending,data/raw/Skeleton_data/V1.npy,1518,True,True,True,ok,
V1_01520,V1,/Users/krishna/dev/fightflow/data/downloaded-videos/V1.mp4,1519,29888.0,29897.0,10.0,Lead Hook,Lead Hook,2,pending,data/raw/Skeleton_data/V1.npy,1519,True,True,True,ok,
V1_01521,V1,/Users/krishna/dev/fightflow/data/downloaded-videos/V1.mp4,1520,29903.0,29911.0,9.0,Rear Uppercut,Rear Uppercut,5,pending,data/raw/Skeleton_data/V1.npy,1520,True,True,True,ok,
V1_01522,V1,/Users/krishna/dev/fightflow/data/downloaded-videos/V1.mp4,1521,29914.0,29925.0,12.0,Lead Hook,Lead Hook,2,pending,data/raw/Skeleton_data/V1.npy,1521,True,True,True,ok,
V1_01523,V1,/Users/krishna/dev/fightflow/data/downloaded-videos/V1.mp4,1522,29934.0,29943.0,10.0,Rear Hook,Rear Hook,4,pending,data/raw/Skeleton_data/V1.npy,1522,True,True,True,ok,
V1_01524,V1,/Users/krishna/dev/fightflow/data/downloaded-videos/V1.mp4,1523,29951.0,29961.0,11.0,Lead Hook,Lead Hook,2,pending,data/raw/Skeleton_data/V1.npy,1523,True,True,True,ok,
V1_01525,V1,/Users/krishna/dev/fightflow/data/downloaded-videos/V1.mp4,1524,29972.0,29981.0,10.0,Rear Hook,Rear Hook,4,pending,data/raw/Skeleton_data/V1.npy,1524,True,True,True,ok,
V1_01526,V1,/Users/krishna/dev/fightflow/data/downloaded-videos/V1.mp4,1525,29984.0,29995.0,12.0,Rear Hook,Rear Hook,4,pending,data/raw/Skeleton_data/V1.npy,1525,True,True,True,ok,
V1_01527,V1,/Users/krishna/dev/fightflow/data/downloaded-videos/V1.mp4,1526,29996.0,30004.0,9.0,Rear Uppercut,Rear Uppercut,5,pending,data/raw/Skeleton_data/V1.npy,1526,True,True,True,ok,
V1_01528,V1,/Users/krishna/dev/fightflow/data/downloaded-videos/V1.mp4,1527,30005.0,30013.0,9.0,Jab,Jab,1,pending,data/raw/Skeleton_data/V1.npy,1527,True,True,True,ok,
V1_01529,V1,/Users/krishna/dev/fightflow/data/downloaded-videos/V1.mp4,1528,30021.0,30029.0,9.0,Rear Hook,Rear Hook,4,pending,data/raw/Skeleton_data/V1.npy,1528,True,True,True,ok,
V1_01530,V1,/Users/krishna/dev/fightflow/data/downloaded-videos/V1.mp4,1529,30034.0,30045.0,12.0,Lead Hook,Lead Hook,2,pending,data/raw/Skeleton_data/V1.npy,1529,True,True,True,ok,
V1_01531,V1,/Users/krishna/dev/fightflow/data/downloaded-videos/V1.mp4,1530,30055.0,30064.0,10.0,Rear Hook,Rear Hook,4,pending,data/raw/Skeleton_data/V1.npy,1530,True,True,True,ok,
V1_01532,V1,/Users/krishna/dev/fightflow/data/downloaded-videos/V1.mp4,1531,30072.0,30080.0,9.0,Rear Uppercut,Rear Uppercut,5,pending,data/raw/Skeleton_data/V1.npy,1531,True,True,True,ok,
V1_01533,V1,/Users/krishna/dev/fightflow/data/downloaded-videos/V1.mp4,1532,30081.0,30089.0,9.0,Lead Hook,Lead Hook,2,pending,data/raw/Skeleton_data/V1.npy,1532,True,True,True,ok,
V1_01534,V1,/Users/krishna/dev/fightflow/data/downloaded-videos/V1.mp4,1533,30099.0,30107.0,9.0,Rear Hook,Rear Hook,4,pending,data/raw/Skeleton_data/V1.npy,1533,True,True,True,ok,
V1_01535,V1,/Users/krishna/dev/fightflow/data/downloaded-videos/V1.mp4,1534,30115.0,30125.0,11.0,Lead Hook,Lead Hook,2,pending,data/raw/Skeleton_data/V1.npy,1534,True,True,True,ok,
V1_01536,V1,/Users/krishna/dev/fightflow/data/downloaded-videos/V1.mp4,1535,30133.0,30139.0,7.0,Cross,Cross,0,pending,data/raw/Skeleton_data/V1.npy,1535,True,True,True,ok,
V1_01537,V1,/Users/krishna/dev/fightflow/data/downloaded-videos/V1.mp4,1536,30140.0,30146.0,7.0,Jab,Jab,1,pending,data/raw/Skeleton_data/V1.npy,1536,True,True,True,ok,
V1_01538,V1,/Users/krishna/dev/fightflow/data/downloaded-videos/V1.mp4,1537,30147.0,30153.0,7.0,Cross,Cross,0,pending,data/raw/Skeleton_data/V1.npy,1537,True,True,True,ok,
V1_01539,V1,/Users/krishna/dev/fightflow/data/downloaded-videos/V1.mp4,1538,30154.0,30164.0,11.0,Lead Hook,Lead Hook,2,pending,data/raw/Skeleton_data/V1.npy,1538,True,True,True,ok,
V1_01540,V1,/Users/krishna/dev/fightflow/data/downloaded-videos/V1.mp4,1539,30169.0,30178.0,10.0,Rear Hook,Rear Hook,4,pending,data/raw/Skeleton_data/V1.npy,1539,True,True,True,ok,
V1_01541,V1,/Users/krishna/dev/fightflow/data/downloaded-videos/V1.mp4,1540,30187.0,30194.0,8.0,Rear Uppercut,Rear Uppercut,5,pending,data/raw/Skeleton_data/V1.npy,1540,True,True,True,ok,
V1_01542,V1,/Users/krishna/dev/fightflow/data/downloaded-videos/V1.mp4,1541,30195.0,30202.0,8.0,Lead Hook,Lead Hook,2,pending,data/raw/Skeleton_data/V1.npy,1541,True,True,True,ok,
V1_01543,V1,/Users/krishna/dev/fightflow/data/downloaded-videos/V1.mp4,1542,30207.0,30214.0,8.0,Rear Hook,Rear Hook,4,pending,data/raw/Skeleton_data/V1.npy,1542,True,True,True,ok,
V1_01544,V1,/Users/krishna/dev/fightflow/data/downloaded-videos/V1.mp4,1543,30215.0,30219.0,5.0,Jab,Jab,1,pending,data/raw/Skeleton_data/V1.npy,1543,True,True,True,ok,
V1_01545,V1,/Users/krishna/dev/fightflow/data/downloaded-videos/V1.mp4,1544,30220.0,30225.0,6.0,Rear Uppercut,Rear Uppercut,5,pending,data/raw/Skeleton_data/V1.npy,1544,True,True,True,ok,
V1_01546,V1,/Users/krishna/dev/fightflow/data/downloaded-videos/V1.mp4,1545,30226.0,30233.0,8.0,Lead Hook,Lead Hook,2,pending,data/raw/Skeleton_data/V1.npy,1545,True,True,True,ok,
V1_01547,V1,/Users/krishna/dev/fightflow/data/downloaded-videos/V1.mp4,1546,30234.0,30239.0,6.0,Jab,Jab,1,pending,data/raw/Skeleton_data/V1.npy,1546,True,True,True,ok,
V1_01548,V1,/Users/krishna/dev/fightflow/data/downloaded-videos/V1.mp4,1547,30240.0,30246.0,7.0,Cross,Cross,0,pending,data/raw/Skeleton_data/V1.npy,1547,True,True,True,ok,
V1_01549,V1,/Users/krishna/dev/fightflow/data/downloaded-videos/V1.mp4,1548,30247.0,30256.0,10.0,Lead Hook,Lead Hook,2,pending,data/raw/Skeleton_data/V1.npy,1548,True,True,True,ok,
V1_01550,V1,/Users/krishna/dev/fightflow/data/downloaded-videos/V1.mp4,1549,30265.0,30273.0,9.0,Cross,Cross,0,pending,data/raw/Skeleton_data/V1.npy,1549,True,True,True,ok,
V1_01551,V1,/Users/krishna/dev/fightflow/data/downloaded-videos/V1.mp4,1550,30277.0,30285.0,9.0,Jab,Jab,1,pending,data/raw/Skeleton_data/V1.npy,1550,True,True,True,ok,
V1_01552,V1,/Users/krishna/dev/fightflow/data/downloaded-videos/V1.mp4,1551,30285.0,30291.0,7.0,Jab,Jab,1,pending,data/raw/Skeleton_data/V1.npy,1551,True,True,True,ok,
V1_01553,V1,/Users/krishna/dev/fightflow/data/downloaded-videos/V1.mp4,1552,30292.0,30298.0,7.0,Jab,Jab,1,pending,data/raw/Skeleton_data/V1.npy,1552,True,True,True,ok,
V1_01554,V1,/Users/krishna/dev/fightflow/data/downloaded-videos/V1.mp4,1553,30300.0,30307.0,8.0,Cross,Cross,0,pending,data/raw/Skeleton_data/V1.npy,1553,True,True,True,ok,
V1_01555,V1,/Users/krishna/dev/fightflow/data/downloaded-videos/V1.mp4,1554,30313.0,30318.0,6.0,Jab,Jab,1,pending,data/raw/Skeleton_data/V1.npy,1554,True,True,True,ok,
V1_01556,V1,/Users/krishna/dev/fightflow/data/downloaded-videos/V1.mp4,1555,30318.0,30321.0,4.0,Cross,Cross,0,pending,data/raw/Skeleton_data/V1.npy,1555,True,True,True,ok,
V1_01557,V1,/Users/krishna/dev/fightflow/data/downloaded-videos/V1.mp4,1556,30321.0,30324.0,4.0,Jab,Jab,1,pending,data/raw/Skeleton_data/V1.npy,1556,True,True,True,ok,
V1_01558,V1,/Users/krishna/dev/fightflow/data/downloaded-videos/V1.mp4,1557,30324.0,30326.0,3.0,Cross,Cross,0,pending,data/raw/Skeleton_data/V1.npy,1557,True,True,True,ok,
V1_01559,V1,/Users/krishna/dev/fightflow/data/downloaded-videos/V1.mp4,1558,30326.0,30329.0,4.0,Jab,Jab,1,pending,data/raw/Skeleton_data/V1.npy,1558,True,True,True,ok,
V1_01560,V1,/Users/krishna/dev/fightflow/data/downloaded-videos/V1.mp4,1559,30329.0,30332.0,4.0,Cross,Cross,0,pending,data/raw/Skeleton_data/V1.npy,1559,True,True,True,ok,
V1_01561,V1,/Users/krishna/dev/fightflow/data/downloaded-videos/V1.mp4,1560,30332.0,30335.0,4.0,Jab,Jab,1,pending,data/raw/Skeleton_data/V1.npy,1560,True,True,True,ok,
V1_01562,V1,/Users/krishna/dev/fightflow/data/downloaded-videos/V1.mp4,1561,30345.0,30350.0,6.0,Jab,Jab,1,pending,data/raw/Skeleton_data/V1.npy,1561,True,True,True,ok,
V1_01563,V1,/Users/krishna/dev/fightflow/data/downloaded-videos/V1.mp4,1562,30350.0,30353.0,4.0,Cross,Cross,0,pending,data/raw/Skeleton_data/V1.npy,1562,True,True,True,ok,
V1_01564,V1,/Users/krishna/dev/fightflow/data/downloaded-videos/V1.mp4,1563,30353.0,30355.0,3.0,Jab,Jab,1,pending,data/raw/Skeleton_data/V1.npy,1563,True,True,True,ok,
V1_01565,V1,/Users/krishna/dev/fightflow/data/downloaded-videos/V1.mp4,1564,30361.0,30368.0,8.0,Lead Hook,Lead Hook,2,pending,data/raw/Skeleton_data/V1.npy,1564,True,True,True,ok,
V1_01566,V1,/Users/krishna/dev/fightflow/data/downloaded-videos/V1.mp4,1565,30371.0,30379.0,9.0,Rear Hook,Rear Hook,4,pending,data/raw/Skeleton_data/V1.npy,1565,True,True,True,ok,
V1_01567,V1,/Users/krishna/dev/fightflow/data/downloaded-videos/V1.mp4,1566,30381.0,30390.0,10.0,Lead Hook,Lead Hook,2,pending,data/raw/Skeleton_data/V1.npy,1566,True,True,True,ok,
V1_01568,V1,/Users/krishna/dev/fightflow/data/downloaded-videos/V1.mp4,1567,30391.0,30397.0,7.0,Rear Uppercut,Rear Uppercut,5,pending,data/raw/Skeleton_data/V1.npy,1567,True,True,True,ok,
V1_01569,V1,/Users/krishna/dev/fightflow/data/downloaded-videos/V1.mp4,1568,30398.0,30404.0,7.0,Lead Hook,Lead Hook,2,pending,data/raw/Skeleton_data/V1.npy,1568,True,True,True,ok,
V1_01570,V1,/Users/krishna/dev/fightflow/data/downloaded-videos/V1.mp4,1569,30412.0,30423.0,12.0,Rear Hook,Rear Hook,4,pending,data/raw/Skeleton_data/V1.npy,1569,True,True,True,ok,
V1_01571,V1,/Users/krishna/dev/fightflow/data/downloaded-videos/V1.mp4,1570,30426.0,30435.0,10.0,Lead Hook,Lead Hook,2,pending,data/raw/Skeleton_data/V1.npy,1570,True,True,True,ok,
V1_01572,V1,/Users/krishna/dev/fightflow/data/downloaded-videos/V1.mp4,1571,30443.0,30447.0,5.0,Cross,Cross,0,pending,data/raw/Skeleton_data/V1.npy,1571,True,True,True,ok,
V1_01573,V1,/Users/krishna/dev/fightflow/data/downloaded-videos/V1.mp4,1572,30447.0,30451.0,5.0,Jab,Jab,1,pending,data/raw/Skeleton_data/V1.npy,1572,True,True,True,ok,
V1_01574,V1,/Users/krishna/dev/fightflow/data/downloaded-videos/V1.mp4,1573,30451.0,30455.0,5.0,Cross,Cross,0,pending,data/raw/Skeleton_data/V1.npy,1573,True,True,True,ok,
V1_01575,V1,/Users/krishna/dev/fightflow/data/downloaded-videos/V1.mp4,1574,30456.0,30463.0,8.0,Lead Hook,Lead Hook,2,pending,data/raw/Skeleton_data/V1.npy,1574,True,True,True,ok,
V1_01576,V1,/Users/krishna/dev/fightflow/data/downloaded-videos/V1.mp4,1575,30468.0,30474.0,7.0,Cross,Cross,0,pending,data/raw/Skeleton_data/V1.npy,1575,True,True,True,ok,
V1_01577,V1,/Users/krishna/dev/fightflow/data/downloaded-videos/V1.mp4,1576,30478.0,30487.0,10.0,Lead Hook,Lead Hook,2,pending,data/raw/Skeleton_data/V1.npy,1576,True,True,True,ok,
V1_01578,V1,/Users/krishna/dev/fightflow/data/downloaded-videos/V1.mp4,1577,30493.0,30499.0,7.0,Cross,Cross,0,pending,data/raw/Skeleton_data/V1.npy,1577,True,True,True,ok,
V1_01579,V1,/Users/krishna/dev/fightflow/data/downloaded-videos/V1.mp4,1578,30499.0,30506.0,8.0,Jab,Jab,1,pending,data/raw/Skeleton_data/V1.npy,1578,True,True,True,ok,
V1_01580,V1,/Users/krishna/dev/fightflow/data/downloaded-videos/V1.mp4,1579,30507.0,30512.0,6.0,Rear Uppercut,Rear Uppercut,5,pending,data/raw/Skeleton_data/V1.npy,1579,True,True,True,ok,
V1_01581,V1,/Users/krishna/dev/fightflow/data/downloaded-videos/V1.mp4,1580,30513.0,30521.0,9.0,Lead Hook,Lead Hook,2,pending,data/raw/Skeleton_data/V1.npy,1580,True,True,True,ok,
V1_01582,V1,/Users/krishna/dev/fightflow/data/downloaded-videos/V1.mp4,1581,30522.0,30527.0,6.0,Jab,Jab,1,pending,data/raw/Skeleton_data/V1.npy,1581,True,True,True,ok,
V1_01583,V1,/Users/krishna/dev/fightflow/data/downloaded-videos/V1.mp4,1582,30528.0,30535.0,8.0,Rear Hook,Rear Hook,4,pending,data/raw/Skeleton_data/V1.npy,1582,True,True,True,ok,
V1_01584,V1,/Users/krishna/dev/fightflow/data/downloaded-videos/V1.mp4,1583,30538.0,30545.0,8.0,Rear Uppercut,Rear Uppercut,5,pending,data/raw/Skeleton_data/V1.npy,1583,True,True,True,ok,
V1_01585,V1,/Users/krishna/dev/fightflow/data/downloaded-videos/V1.mp4,1584,30546.0,30554.0,9.0,Jab,Jab,1,pending,data/raw/Skeleton_data/V1.npy,1584,True,True,True,ok,
V1_01586,V1,/Users/krishna/dev/fightflow/data/downloaded-videos/V1.mp4,1585,30558.0,30568.0,11.0,Rear Hook,Rear Hook,4,pending,data/raw/Skeleton_data/V1.npy,1585,True,True,True,ok,
V1_01587,V1,/Users/krishna/dev/fightflow/data/downloaded-videos/V1.mp4,1586,30572.0,30579.0,8.0,Rear Uppercut,Rear Uppercut,5,pending,data/raw/Skeleton_data/V1.npy,1586,True,True,True,ok,
V1_01588,V1,/Users/krishna/dev/fightflow/data/downloaded-videos/V1.mp4,1587,30580.0,30588.0,9.0,Lead Hook,Lead Hook,2,pending,data/raw/Skeleton_data/V1.npy,1587,True,True,True,ok,
V1_01589,V1,/Users/krishna/dev/fightflow/data/downloaded-videos/V1.mp4,1588,30590.0,30597.0,8.0,Lead Uppercut,Lead Uppercut,3,pending,data/raw/Skeleton_data/V1.npy,1588,True,True,True,ok,
V1_01590,V1,/Users/krishna/dev/fightflow/data/downloaded-videos/V1.mp4,1589,30598.0,30604.0,7.0,Rear Hook,Rear Hook,4,pending,data/raw/Skeleton_data/V1.npy,1589,True,True,True,ok,
V1_01591,V1,/Users/krishna/dev/fightflow/data/downloaded-videos/V1.mp4,1590,30608.0,30618.0,11.0,Lead Hook,Lead Hook,2,pending,data/raw/Skeleton_data/V1.npy,1590,True,True,True,ok,
V1_01592,V1,/Users/krishna/dev/fightflow/data/downloaded-videos/V1.mp4,1591,30623.0,30629.0,7.0,Rear Uppercut,Rear Uppercut,5,pending,data/raw/Skeleton_data/V1.npy,1591,True,True,True,ok,
V1_01593,V1,/Users/krishna/dev/fightflow/data/downloaded-videos/V1.mp4,1592,30631.0,30641.0,11.0,Lead Hook,Lead Hook,2,pending,data/raw/Skeleton_data/V1.npy,1592,True,True,True,ok,
V1_01594,V1,/Users/krishna/dev/fightflow/data/downloaded-videos/V1.mp4,1593,30646.0,30652.0,7.0,Rear Uppercut,Rear Uppercut,5,pending,data/raw/Skeleton_data/V1.npy,1593,True,True,True,ok,
V1_01595,V1,/Users/krishna/dev/fightflow/data/downloaded-videos/V1.mp4,1594,30653.0,30660.0,8.0,Lead Hook,Lead Hook,2,pending,data/raw/Skeleton_data/V1.npy,1594,True,True,True,ok,
V1_01596,V1,/Users/krishna/dev/fightflow/data/downloaded-videos/V1.mp4,1595,30667.0,30675.0,9.0,Rear Hook,Rear Hook,4,pending,data/raw/Skeleton_data/V1.npy,1595,True,True,True,ok,
V1_01597,V1,/Users/krishna/dev/fightflow/data/downloaded-videos/V1.mp4,1596,30676.0,30684.0,9.0,Lead Hook,Lead Hook,2,pending,data/raw/Skeleton_data/V1.npy,1596,True,True,True,ok,
V1_01598,V1,/Users/krishna/dev/fightflow/data/downloaded-videos/V1.mp4,1597,30691.0,30698.0,8.0,Rear Hook,Rear Hook,4,pending,data/raw/Skeleton_data/V1.npy,1597,True,True,True,ok,
V1_01599,V1,/Users/krishna/dev/fightflow/data/downloaded-videos/V1.mp4,1598,30707.0,30715.0,9.0,Rear Uppercut,Rear Uppercut,5,pending,data/raw/Skeleton_data/V1.npy,1598,True,True,True,ok,
V1_01600,V1,/Users/krishna/dev/fightflow/data/downloaded-videos/V1.mp4,1599,30716.0,30724.0,9.0,Lead Hook,Lead Hook,2,pending,data/raw/Skeleton_data/V1.npy,1599,True,True,True,ok,
V1_01601,V1,/Users/krishna/dev/fightflow/data/downloaded-videos/V1.mp4,1600,30732.0,30741.0,10.0,Lead Hook,Lead Hook,2,pending,data/raw/Skeleton_data/V1.npy,1600,True,True,True,ok,
V1_01602,V1,/Users/krishna/dev/fightflow/data/downloaded-videos/V1.mp4,1601,30743.0,30750.0,8.0,Cross,Cross,0,pending,data/raw/Skeleton_data/V1.npy,1601,True,True,True,ok,
V1_01603,V1,/Users/krishna/dev/fightflow/data/downloaded-videos/V1.mp4,1602,30751.0,30762.0,12.0,Lead Hook,Lead Hook,2,pending,data/raw/Skeleton_data/V1.npy,1602,True,True,True,ok,
V1_01604,V1,/Users/krishna/dev/fightflow/data/downloaded-videos/V1.mp4,1603,30769.0,30777.0,9.0,Rear Hook,Rear Hook,4,pending,data/raw/Skeleton_data/V1.npy,1603,True,True,True,ok,
V1_01605,V1,/Users/krishna/dev/fightflow/data/downloaded-videos/V1.mp4,1604,30791.0,30800.0,10.0,Rear Uppercut,Rear Uppercut,5,pending,data/raw/Skeleton_data/V1.npy,1604,True,True,True,ok,
V1_01606,V1,/Users/krishna/dev/fightflow/data/downloaded-videos/V1.mp4,1605,30805.0,30817.0,13.0,Lead Hook,Lead Hook,2,pending,data/raw/Skeleton_data/V1.npy,1605,True,True,True,ok,
V1_01607,V1,/Users/krishna/dev/fightflow/data/downloaded-videos/V1.mp4,1606,30823.0,30835.0,13.0,Lead Hook,Lead Hook,2,pending,data/raw/Skeleton_data/V1.npy,1606,True,True,True,ok,
V1_01608,V1,/Users/krishna/dev/fightflow/data/downloaded-videos/V1.mp4,1607,30860.0,30866.0,7.0,Jab,Jab,1,pending,data/raw/Skeleton_data/V1.npy,1607,True,True,True,ok,
V1_01609,V1,/Users/krishna/dev/fightflow/data/downloaded-videos/V1.mp4,1608,30867.0,30872.0,6.0,Cross,Cross,0,pending,data/raw/Skeleton_data/V1.npy,1608,True,True,True,ok,
V1_01610,V1,/Users/krishna/dev/fightflow/data/downloaded-videos/V1.mp4,1609,30873.0,30877.0,5.0,Jab,Jab,1,pending,data/raw/Skeleton_data/V1.npy,1609,True,True,True,ok,
V1_01611,V1,/Users/krishna/dev/fightflow/data/downloaded-videos/V1.mp4,1610,30878.0,30884.0,7.0,Cross,Cross,0,pending,data/raw/Skeleton_data/V1.npy,1610,True,True,True,ok,
V1_01612,V1,/Users/krishna/dev/fightflow/data/downloaded-videos/V1.mp4,1611,30885.0,30894.0,10.0,Jab,Jab,1,pending,data/raw/Skeleton_data/V1.npy,1611,True,True,True,ok,
V1_01613,V1,/Users/krishna/dev/fightflow/data/downloaded-videos/V1.mp4,1612,30895.0,30904.0,10.0,Rear Uppercut,Rear Uppercut,5,pending,data/raw/Skeleton_data/V1.npy,1612,True,True,True,ok,
V1_01614,V1,/Users/krishna/dev/fightflow/data/downloaded-videos/V1.mp4,1613,30905.0,30913.0,9.0,Lead Hook,Lead Hook,2,pending,data/raw/Skeleton_data/V1.npy,1613,True,True,True,ok,
V1_01615,V1,/Users/krishna/dev/fightflow/data/downloaded-videos/V1.mp4,1614,30921.0,30929.0,9.0,Cross,Cross,0,pending,data/raw/Skeleton_data/V1.npy,1614,True,True,True,ok,
V1_01616,V1,/Users/krishna/dev/fightflow/data/downloaded-videos/V1.mp4,1615,30945.0,30951.0,7.0,Rear Uppercut,Rear Uppercut,5,pending,data/raw/Skeleton_data/V1.npy,1615,True,True,True,ok,
V1_01617,V1,/Users/krishna/dev/fightflow/data/downloaded-videos/V1.mp4,1616,30952.0,30961.0,10.0,Lead Hook,Lead Hook,2,pending,data/raw/Skeleton_data/V1.npy,1616,True,True,True,ok,
V1_01618,V1,/Users/krishna/dev/fightflow/data/downloaded-videos/V1.mp4,1617,30968.0,30978.0,11.0,Rear Hook,Rear Hook,4,pending,data/raw/Skeleton_data/V1.npy,1617,True,True,True,ok,
V1_01619,V1,/Users/krishna/dev/fightflow/data/downloaded-videos/V1.mp4,1618,30979.0,30989.0,11.0,Lead Hook,Lead Hook,2,pending,data/raw/Skeleton_data/V1.npy,1618,True,True,True,ok,
V1_01620,V1,/Users/krishna/dev/fightflow/data/downloaded-videos/V1.mp4,1619,30996.0,31003.0,8.0,Cross,Cross,0,pending,data/raw/Skeleton_data/V1.npy,1619,True,True,True,ok,
V1_01621,V1,/Users/krishna/dev/fightflow/data/downloaded-videos/V1.mp4,1620,31004.0,31009.0,6.0,Jab,Jab,1,pending,data/raw/Skeleton_data/V1.npy,1620,True,True,True,ok,
V1_01622,V1,/Users/krishna/dev/fightflow/data/downloaded-videos/V1.mp4,1621,31010.0,31014.0,5.0,Cross,Cross,0,pending,data/raw/Skeleton_data/V1.npy,1621,True,True,True,ok,
V1_01623,V1,/Users/krishna/dev/fightflow/data/downloaded-videos/V1.mp4,1622,31015.0,31023.0,9.0,Jab,Jab,1,pending,data/raw/Skeleton_data/V1.npy,1622,True,True,True,ok,
V1_01624,V1,/Users/krishna/dev/fightflow/data/downloaded-videos/V1.mp4,1623,31024.0,31031.0,8.0,Jab,Jab,1,pending,data/raw/Skeleton_data/V1.npy,1623,True,True,True,ok,
V1_01625,V1,/Users/krishna/dev/fightflow/data/downloaded-videos/V1.mp4,1624,31032.0,31037.0,6.0,Cross,Cross,0,pending,data/raw/Skeleton_data/V1.npy,1624,True,True,True,ok,
V1_01626,V1,/Users/krishna/dev/fightflow/data/downloaded-videos/V1.mp4,1625,31045.0,31050.0,6.0,Jab,Jab,1,pending,data/raw/Skeleton_data/V1.npy,1625,True,True,True,ok,
V1_01627,V1,/Users/krishna/dev/fightflow/data/downloaded-videos/V1.mp4,1626,31051.0,31058.0,8.0,Rear Uppercut,Rear Uppercut,5,pending,data/raw/Skeleton_data/V1.npy,1626,True,True,True,ok,
V1_01628,V1,/Users/krishna/dev/fightflow/data/downloaded-videos/V1.mp4,1627,31059.0,31066.0,8.0,Lead Hook,Lead Hook,2,pending,data/raw/Skeleton_data/V1.npy,1627,True,True,True,ok,
V1_01629,V1,/Users/krishna/dev/fightflow/data/downloaded-videos/V1.mp4,1628,31074.0,31084.0,11.0,Rear Hook,Rear Hook,4,pending,data/raw/Skeleton_data/V1.npy,1628,True,True,True,ok,
V1_01630,V1,/Users/krishna/dev/fightflow/data/downloaded-videos/V1.mp4,1629,31089.0,31099.0,11.0,Lead Hook,Lead Hook,2,pending,data/raw/Skeleton_data/V1.npy,1629,True,True,True,ok,
V1_01631,V1,/Users/krishna/dev/fightflow/data/downloaded-videos/V1.mp4,1630,31100.0,31110.0,11.0,Rear Uppercut,Rear Uppercut,5,pending,data/raw/Skeleton_data/V1.npy,1630,True,True,True,ok,
V1_01632,V1,/Users/krishna/dev/fightflow/data/downloaded-videos/V1.mp4,1631,31111.0,31119.0,9.0,Lead Hook,Lead Hook,2,pending,data/raw/Skeleton_data/V1.npy,1631,True,True,True,ok,
V1_01633,V1,/Users/krishna/dev/fightflow/data/downloaded-videos/V1.mp4,1632,31169.0,31178.0,10.0,Cross,Cross,0,pending,data/raw/Skeleton_data/V1.npy,1632,True,True,True,ok,
V1_01634,V1,/Users/krishna/dev/fightflow/data/downloaded-videos/V1.mp4,1633,31189.0,31199.0,11.0,Jab,Jab,1,pending,data/raw/Skeleton_data/V1.npy,1633,True,True,True,ok,
V1_01635,V1,/Users/krishna/dev/fightflow/data/downloaded-videos/V1.mp4,1634,31239.0,31250.0,12.0,Jab,Jab,1,pending,data/raw/Skeleton_data/V1.npy,1634,True,True,True,ok,
V1_01636,V1,/Users/krishna/dev/fightflow/data/downloaded-videos/V1.mp4,1635,31274.0,31285.0,12.0,Jab,Jab,1,pending,data/raw/Skeleton_data/V1.npy,1635,True,True,True,ok,
V1_01637,V1,/Users/krishna/dev/fightflow/data/downloaded-videos/V1.mp4,1636,31300.0,31311.0,12.0,Cross,Cross,0,pending,data/raw/Skeleton_data/V1.npy,1636,True,True,True,ok,
V1_01638,V1,/Users/krishna/dev/fightflow/data/downloaded-videos/V1.mp4,1637,31329.0,31339.0,11.0,Jab,Jab,1,pending,data/raw/Skeleton_data/V1.npy,1637,True,True,True,ok,
V1_01639,V1,/Users/krishna/dev/fightflow/data/downloaded-videos/V1.mp4,1638,31357.0,31366.0,10.0,Jab,Jab,1,pending,data/raw/Skeleton_data/V1.npy,1638,True,True,True,ok,
V1_01640,V1,/Users/krishna/dev/fightflow/data/downloaded-videos/V1.mp4,1639,31393.0,31403.0,11.0,Cross,Cross,0,pending,data/raw/Skeleton_data/V1.npy,1639,True,True,True,ok,
V1_01641,V1,/Users/krishna/dev/fightflow/data/downloaded-videos/V1.mp4,1640,31403.0,31415.0,13.0,Lead Hook,Lead Hook,2,pending,data/raw/Skeleton_data/V1.npy,1640,True,True,True,ok,
V1_01642,V1,/Users/krishna/dev/fightflow/data/downloaded-videos/V1.mp4,1641,31430.0,31440.0,11.0,Jab,Jab,1,pending,data/raw/Skeleton_data/V1.npy,1641,True,True,True,ok,
V1_01643,V1,/Users/krishna/dev/fightflow/data/downloaded-videos/V1.mp4,1642,31463.0,31472.0,10.0,Cross,Cross,0,pending,data/raw/Skeleton_data/V1.npy,1642,True,True,True,ok,
V1_01644,V1,/Users/krishna/dev/fightflow/data/downloaded-videos/V1.mp4,1643,31474.0,31486.0,13.0,Jab,Jab,1,pending,data/raw/Skeleton_data/V1.npy,1643,True,True,True,ok,
V1_01645,V1,/Users/krishna/dev/fightflow/data/downloaded-videos/V1.mp4,1644,31502.0,31509.0,8.0,Jab,Jab,1,pending,data/raw/Skeleton_data/V1.npy,1644,True,True,True,ok,
V1_01646,V1,/Users/krishna/dev/fightflow/data/downloaded-videos/V1.mp4,1645,31510.0,31516.0,7.0,Cross,Cross,0,pending,data/raw/Skeleton_data/V1.npy,1645,True,True,True,ok,
V1_01647,V1,/Users/krishna/dev/fightflow/data/downloaded-videos/V1.mp4,1646,31527.0,31536.0,10.0,Rear Hook,Rear Hook,4,pending,data/raw/Skeleton_data/V1.npy,1646,True,True,True,ok,
V1_01648,V1,/Users/krishna/dev/fightflow/data/downloaded-videos/V1.mp4,1647,31556.0,31567.0,12.0,Jab,Jab,1,pending,data/raw/Skeleton_data/V1.npy,1647,True,True,True,ok,
V1_01649,V1,/Users/krishna/dev/fightflow/data/downloaded-videos/V1.mp4,1648,31587.0,31595.0,9.0,Cross,Cross,0,pending,data/raw/Skeleton_data/V1.npy,1648,True,True,True,ok,
V1_01650,V1,/Users/krishna/dev/fightflow/data/downloaded-videos/V1.mp4,1649,31608.0,31620.0,13.0,Rear Uppercut,Rear Uppercut,5,pending,data/raw/Skeleton_data/V1.npy,1649,True,True,True,ok,
V1_01651,V1,/Users/krishna/dev/fightflow/data/downloaded-videos/V1.mp4,1650,31624.0,31635.0,12.0,Jab,Jab,1,pending,data/raw/Skeleton_data/V1.npy,1650,True,True,True,ok,
V1_01652,V1,/Users/krishna/dev/fightflow/data/downloaded-videos/V1.mp4,1651,31638.0,31659.0,22.0,Lead Uppercut,Lead Uppercut,3,pending,data/raw/Skeleton_data/V1.npy,1651,True,True,True,ok,
V1_01653,V1,/Users/krishna/dev/fightflow/data/downloaded-videos/V1.mp4,1652,31662.0,31677.0,16.0,Cross,Cross,0,pending,data/raw/Skeleton_data/V1.npy,1652,True,True,True,ok,
V1_01654,V1,/Users/krishna/dev/fightflow/data/downloaded-videos/V1.mp4,1653,31696.0,31707.0,12.0,Jab,Jab,1,pending,data/raw/Skeleton_data/V1.npy,1653,True,True,True,ok,
V1_01655,V1,/Users/krishna/dev/fightflow/data/downloaded-videos/V1.mp4,1654,31725.0,31732.0,8.0,Jab,Jab,1,pending,data/raw/Skeleton_data/V1.npy,1654,True,True,True,ok,
V1_01656,V1,/Users/krishna/dev/fightflow/data/downloaded-videos/V1.mp4,1655,31734.0,31742.0,9.0,Jab,Jab,1,pending,data/raw/Skeleton_data/V1.npy,1655,True,True,True,ok,
V1_01657,V1,/Users/krishna/dev/fightflow/data/downloaded-videos/V1.mp4,1656,31764.0,31770.0,7.0,Cross,Cross,0,pending,data/raw/Skeleton_data/V1.npy,1656,True,True,True,ok,
V1_01658,V1,/Users/krishna/dev/fightflow/data/downloaded-videos/V1.mp4,1657,31771.0,31784.0,14.0,Lead Hook,Lead Hook,2,pending,data/raw/Skeleton_data/V1.npy,1657,True,True,True,ok,
V1_01659,V1,/Users/krishna/dev/fightflow/data/downloaded-videos/V1.mp4,1658,31787.0,31801.0,15.0,Rear Hook,Rear Hook,4,pending,data/raw/Skeleton_data/V1.npy,1658,True,True,True,ok,
V1_01660,V1,/Users/krishna/dev/fightflow/data/downloaded-videos/V1.mp4,1659,31818.0,31831.0,14.0,Rear Hook,Rear Hook,4,pending,data/raw/Skeleton_data/V1.npy,1659,True,True,True,ok,
V1_01661,V1,/Users/krishna/dev/fightflow/data/downloaded-videos/V1.mp4,1660,31841.0,31855.0,15.0,Rear Hook,Rear Hook,4,pending,data/raw/Skeleton_data/V1.npy,1660,True,True,True,ok,
V1_01662,V1,/Users/krishna/dev/fightflow/data/downloaded-videos/V1.mp4,1661,32491.0,32501.0,11.0,Rear Hook,Rear Hook,4,pending,data/raw/Skeleton_data/V1.npy,1661,True,True,True,ok,
V1_01663,V1,/Users/krishna/dev/fightflow/data/downloaded-videos/V1.mp4,1662,32504.0,32512.0,9.0,Rear Uppercut,Rear Uppercut,5,pending,data/raw/Skeleton_data/V1.npy,1662,True,True,True,ok,
V1_01664,V1,/Users/krishna/dev/fightflow/data/downloaded-videos/V1.mp4,1663,32513.0,32519.0,7.0,Lead Hook,Lead Hook,2,pending,data/raw/Skeleton_data/V1.npy,1663,True,True,True,ok,
V1_01665,V1,/Users/krishna/dev/fightflow/data/downloaded-videos/V1.mp4,1664,32529.0,32539.0,11.0,Rear Hook,Rear Hook,4,pending,data/raw/Skeleton_data/V1.npy,1664,True,True,True,ok,
V1_01666,V1,/Users/krishna/dev/fightflow/data/downloaded-videos/V1.mp4,1665,32530.0,32550.0,21.0,Rear Uppercut,Rear Uppercut,5,pending,data/raw/Skeleton_data/V1.npy,1665,True,True,True,ok,
V1_01667,V1,/Users/krishna/dev/fightflow/data/downloaded-videos/V1.mp4,1666,32551.0,32558.0,8.0,Lead Hook,Lead Hook,2,pending,data/raw/Skeleton_data/V1.npy,1666,True,True,True,ok,
V1_01668,V1,/Users/krishna/dev/fightflow/data/downloaded-videos/V1.mp4,1667,32564.0,32576.0,13.0,Rear Hook,Rear Hook,4,pending,data/raw/Skeleton_data/V1.npy,1667,True,True,True,ok,
V1_01669,V1,/Users/krishna/dev/fightflow/data/downloaded-videos/V1.mp4,1668,32577.0,32586.0,10.0,Rear Uppercut,Rear Uppercut,5,pending,data/raw/Skeleton_data/V1.npy,1668,True,True,True,ok,
V1_01670,V1,/Users/krishna/dev/fightflow/data/downloaded-videos/V1.mp4,1669,32587.0,32596.0,10.0,Lead Hook,Lead Hook,2,pending,data/raw/Skeleton_data/V1.npy,1669,True,True,True,ok,
V1_01671,V1,/Users/krishna/dev/fightflow/data/downloaded-videos/V1.mp4,1670,32601.0,32610.0,10.0,Rear Hook,Rear Hook,4,pending,data/raw/Skeleton_data/V1.npy,1670,True,True,True,ok,
V1_01672,V1,/Users/krishna/dev/fightflow/data/downloaded-videos/V1.mp4,1671,32611.0,32622.0,12.0,Rear Uppercut,Rear Uppercut,5,pending,data/raw/Skeleton_data/V1.npy,1671,True,True,True,ok,
V1_01673,V1,/Users/krishna/dev/fightflow/data/downloaded-videos/V1.mp4,1672,32623.0,32630.0,8.0,Lead Hook,Lead Hook,2,pending,data/raw/Skeleton_data/V1.npy,1672,True,True,True,ok,
V1_01674,V1,/Users/krishna/dev/fightflow/data/downloaded-videos/V1.mp4,1673,32638.0,32648.0,11.0,Rear Hook,Rear Hook,4,pending,data/raw/Skeleton_data/V1.npy,1673,True,True,True,ok,
V1_01675,V1,/Users/krishna/dev/fightflow/data/downloaded-videos/V1.mp4,1674,32649.0,32659.0,11.0,Rear Uppercut,Rear Uppercut,5,pending,data/raw/Skeleton_data/V1.npy,1674,True,True,True,ok,
V1_01676,V1,/Users/krishna/dev/fightflow/data/downloaded-videos/V1.mp4,1675,32660.0,32668.0,9.0,Lead Hook,Lead Hook,2,pending,data/raw/Skeleton_data/V1.npy,1675,True,True,True,ok,
V1_01677,V1,/Users/krishna/dev/fightflow/data/downloaded-videos/V1.mp4,1676,32673.0,32683.0,11.0,Rear Hook,Rear Hook,4,pending,data/raw/Skeleton_data/V1.npy,1676,True,True,True,ok,
V1_01678,V1,/Users/krishna/dev/fightflow/data/downloaded-videos/V1.mp4,1677,32684.0,32694.0,11.0,Rear Uppercut,Rear Uppercut,5,pending,data/raw/Skeleton_data/V1.npy,1677,True,True,True,ok,
V1_01679,V1,/Users/krishna/dev/fightflow/data/downloaded-videos/V1.mp4,1678,32695.0,32703.0,9.0,Lead Hook,Lead Hook,2,pending,data/raw/Skeleton_data/V1.npy,1678,True,True,True,ok,
V1_01680,V1,/Users/krishna/dev/fightflow/data/downloaded-videos/V1.mp4,1679,32710.0,32721.0,12.0,Rear Hook,Rear Hook,4,pending,data/raw/Skeleton_data/V1.npy,1679,True,True,True,ok,
V1_01681,V1,/Users/krishna/dev/fightflow/data/downloaded-videos/V1.mp4,1680,32722.0,32733.0,12.0,Rear Uppercut,Rear Uppercut,5,pending,data/raw/Skeleton_data/V1.npy,1680,True,True,True,ok,
V1_01682,V1,/Users/krishna/dev/fightflow/data/downloaded-videos/V1.mp4,1681,32734.0,32741.0,8.0,Lead Hook,Lead Hook,2,pending,data/raw/Skeleton_data/V1.npy,1681,True,True,True,ok,
V1_01683,V1,/Users/krishna/dev/fightflow/data/downloaded-videos/V1.mp4,1682,32749.0,32758.0,10.0,Rear Hook,Rear Hook,4,pending,data/raw/Skeleton_data/V1.npy,1682,True,True,True,ok,
V1_01684,V1,/Users/krishna/dev/fightflow/data/downloaded-videos/V1.mp4,1683,32759.0,32771.0,13.0,Rear Uppercut,Rear Uppercut,5,pending,data/raw/Skeleton_data/V1.npy,1683,True,True,True,ok,
V1_01685,V1,/Users/krishna/dev/fightflow/data/downloaded-videos/V1.mp4,1684,32772.0,32781.0,10.0,Lead Hook,Lead Hook,2,pending,data/raw/Skeleton_data/V1.npy,1684,True,True,True,ok,
V1_01686,V1,/Users/krishna/dev/fightflow/data/downloaded-videos/V1.mp4,1685,32786.0,32797.0,12.0,Rear Hook,Rear Hook,4,pending,data/raw/Skeleton_data/V1.npy,1685,True,True,True,ok,
V1_01687,V1,/Users/krishna/dev/fightflow/data/downloaded-videos/V1.mp4,1686,32798.0,32808.0,11.0,Rear Uppercut,Rear Uppercut,5,pending,data/raw/Skeleton_data/V1.npy,1686,True,True,True,ok,
V1_01688,V1,/Users/krishna/dev/fightflow/data/downloaded-videos/V1.mp4,1687,32809.0,32817.0,9.0,Lead Hook,Lead Hook,2,pending,data/raw/Skeleton_data/V1.npy,1687,True,True,True,ok,
V1_01689,V1,/Users/krishna/dev/fightflow/data/downloaded-videos/V1.mp4,1688,32823.0,32835.0,13.0,Rear Hook,Rear Hook,4,pending,data/raw/Skeleton_data/V1.npy,1688,True,True,True,ok,
V1_01690,V1,/Users/krishna/dev/fightflow/data/downloaded-videos/V1.mp4,1689,32836.0,32845.0,10.0,Rear Uppercut,Rear Uppercut,5,pending,data/raw/Skeleton_data/V1.npy,1689,True,True,True,ok,
V1_01691,V1,/Users/krishna/dev/fightflow/data/downloaded-videos/V1.mp4,1690,32847.0,32855.0,9.0,Lead Hook,Lead Hook,2,pending,data/raw/Skeleton_data/V1.npy,1690,True,True,True,ok,
V1_01692,V1,/Users/krishna/dev/fightflow/data/downloaded-videos/V1.mp4,1691,32861.0,32874.0,14.0,Rear Hook,Rear Hook,4,pending,data/raw/Skeleton_data/V1.npy,1691,True,True,True,ok,
V1_01693,V1,/Users/krishna/dev/fightflow/data/downloaded-videos/V1.mp4,1692,32875.0,32884.0,10.0,Rear Uppercut,Rear Uppercut,5,pending,data/raw/Skeleton_data/V1.npy,1692,True,True,True,ok,
V1_01694,V1,/Users/krishna/dev/fightflow/data/downloaded-videos/V1.mp4,1693,32885.0,32892.0,8.0,Lead Hook,Lead Hook,2,pending,data/raw/Skeleton_data/V1.npy,1693,True,True,True,ok,
V1_01695,V1,/Users/krishna/dev/fightflow/data/downloaded-videos/V1.mp4,1694,32899.0,32910.0,12.0,Rear Hook,Rear Hook,4,pending,data/raw/Skeleton_data/V1.npy,1694,True,True,True,ok,
V1_01696,V1,/Users/krishna/dev/fightflow/data/downloaded-videos/V1.mp4,1695,32913.0,32923.0,11.0,Rear Uppercut,Rear Uppercut,5,pending,data/raw/Skeleton_data/V1.npy,1695,True,True,True,ok,
V1_01697,V1,/Users/krishna/dev/fightflow/data/downloaded-videos/V1.mp4,1696,32924.0,32930.0,7.0,Lead Hook,Lead Hook,2,pending,data/raw/Skeleton_data/V1.npy,1696,True,True,True,ok,
V1_01698,V1,/Users/krishna/dev/fightflow/data/downloaded-videos/V1.mp4,1697,32938.0,32949.0,12.0,Rear Hook,Rear Hook,4,pending,data/raw/Skeleton_data/V1.npy,1697,True,True,True,ok,
V1_01699,V1,/Users/krishna/dev/fightflow/data/downloaded-videos/V1.mp4,1698,32950.0,32959.0,10.0,Rear Uppercut,Rear Uppercut,5,pending,data/raw/Skeleton_data/V1.npy,1698,True,True,True,ok,
V1_01700,V1,/Users/krishna/dev/fightflow/data/downloaded-videos/V1.mp4,1699,32960.0,32969.0,10.0,Lead Hook,Lead Hook,2,pending,data/raw/Skeleton_data/V1.npy,1699,True,True,True,ok,
V1_01701,V1,/Users/krishna/dev/fightflow/data/downloaded-videos/V1.mp4,1700,32974.0,32985.0,12.0,Rear Hook,Rear Hook,4,pending,data/raw/Skeleton_data/V1.npy,1700,True,True,True,ok,
V1_01702,V1,/Users/krishna/dev/fightflow/data/downloaded-videos/V1.mp4,1701,32986.0,32995.0,10.0,Rear Uppercut,Rear Uppercut,5,pending,data/raw/Skeleton_data/V1.npy,1701,True,True,True,ok,
V1_01703,V1,/Users/krishna/dev/fightflow/data/downloaded-videos/V1.mp4,1702,32996.0,33004.0,9.0,Lead Hook,Lead Hook,2,pending,data/raw/Skeleton_data/V1.npy,1702,True,True,True,ok,
V1_01704,V1,/Users/krishna/dev/fightflow/data/downloaded-videos/V1.mp4,1703,33010.0,33024.0,15.0,Rear Hook,Rear Hook,4,pending,data/raw/Skeleton_data/V1.npy,1703,True,True,True,ok,
V1_01705,V1,/Users/krishna/dev/fightflow/data/downloaded-videos/V1.mp4,1704,33025.0,33033.0,9.0,Rear Uppercut,Rear Uppercut,5,pending,data/raw/Skeleton_data/V1.npy,1704,True,True,True,ok,
V1_01706,V1,/Users/krishna/dev/fightflow/data/downloaded-videos/V1.mp4,1705,33034.0,33043.0,10.0,Lead Hook,Lead Hook,2,pending,data/raw/Skeleton_data/V1.npy,1705,True,True,True,ok,
V1_01707,V1,/Users/krishna/dev/fightflow/data/downloaded-videos/V1.mp4,1706,33050.0,33059.0,10.0,Rear Hook,Rear Hook,4,pending,data/raw/Skeleton_data/V1.npy,1706,True,True,True,ok,
V1_01708,V1,/Users/krishna/dev/fightflow/data/downloaded-videos/V1.mp4,1707,33065.0,33073.0,9.0,Rear Uppercut,Rear Uppercut,5,pending,data/raw/Skeleton_data/V1.npy,1707,True,True,True,ok,
V1_01709,V1,/Users/krishna/dev/fightflow/data/downloaded-videos/V1.mp4,1708,33074.0,33082.0,9.0,Lead Hook,Lead Hook,2,pending,data/raw/Skeleton_data/V1.npy,1708,True,True,True,ok,
V1_01710,V1,/Users/krishna/dev/fightflow/data/downloaded-videos/V1.mp4,1709,33088.0,33098.0,11.0,Rear Hook,Rear Hook,4,pending,data/raw/Skeleton_data/V1.npy,1709,True,True,True,ok,
V1_01711,V1,/Users/krishna/dev/fightflow/data/downloaded-videos/V1.mp4,1710,33104.0,33112.0,9.0,Rear Uppercut,Rear Uppercut,5,pending,data/raw/Skeleton_data/V1.npy,1710,True,True,True,ok,
V1_01712,V1,/Users/krishna/dev/fightflow/data/downloaded-videos/V1.mp4,1711,33113.0,33121.0,9.0,Lead Hook,Lead Hook,2,pending,data/raw/Skeleton_data/V1.npy,1711,True,True,True,ok,
V1_01713,V1,/Users/krishna/dev/fightflow/data/downloaded-videos/V1.mp4,1712,33128.0,33139.0,12.0,Rear Hook,Rear Hook,4,pending,data/raw/Skeleton_data/V1.npy,1712,True,True,True,ok,
V1_01714,V1,/Users/krishna/dev/fightflow/data/downloaded-videos/V1.mp4,1713,33141.0,33150.0,10.0,Rear Uppercut,Rear Uppercut,5,pending,data/raw/Skeleton_data/V1.npy,1713,True,True,True,ok,
V1_01715,V1,/Users/krishna/dev/fightflow/data/downloaded-videos/V1.mp4,1714,33151.0,33158.0,8.0,Lead Hook,Lead Hook,2,pending,data/raw/Skeleton_data/V1.npy,1714,True,True,True,ok,
V1_01716,V1,/Users/krishna/dev/fightflow/data/downloaded-videos/V1.mp4,1715,33165.0,33178.0,14.0,Rear Hook,Rear Hook,4,pending,data/raw/Skeleton_data/V1.npy,1715,True,True,True,ok,
V1_01717,V1,/Users/krishna/dev/fightflow/data/downloaded-videos/V1.mp4,1716,33180.0,33189.0,10.0,Rear Uppercut,Rear Uppercut,5,pending,data/raw/Skeleton_data/V1.npy,1716,True,True,True,ok,
V1_01718,V1,/Users/krishna/dev/fightflow/data/downloaded-videos/V1.mp4,1717,33190.0,33198.0,9.0,Lead Hook,Lead Hook,2,pending,data/raw/Skeleton_data/V1.npy,1717,True,True,True,ok,
V1_01719,V1,/Users/krishna/dev/fightflow/data/downloaded-videos/V1.mp4,1718,33205.0,33216.0,12.0,Rear Hook,Rear Hook,4,pending,data/raw/Skeleton_data/V1.npy,1718,True,True,True,ok,
V1_01720,V1,/Users/krishna/dev/fightflow/data/downloaded-videos/V1.mp4,1719,33219.0,33229.0,11.0,Rear Uppercut,Rear Uppercut,5,pending,data/raw/Skeleton_data/V1.npy,1719,True,True,True,ok,
V1_01721,V1,/Users/krishna/dev/fightflow/data/downloaded-videos/V1.mp4,1720,33230.0,33238.0,9.0,Lead Hook,Lead Hook,2,pending,data/raw/Skeleton_data/V1.npy,1720,True,True,True,ok,
V1_01722,V1,/Users/krishna/dev/fightflow/data/downloaded-videos/V1.mp4,1721,33245.0,33255.0,11.0,Rear Hook,Rear Hook,4,pending,data/raw/Skeleton_data/V1.npy,1721,True,True,True,ok,
V1_01723,V1,/Users/krishna/dev/fightflow/data/downloaded-videos/V1.mp4,1722,33258.0,33268.0,11.0,Rear Uppercut,Rear Uppercut,5,pending,data/raw/Skeleton_data/V1.npy,1722,True,True,True,ok,
V1_01724,V1,/Users/krishna/dev/fightflow/data/downloaded-videos/V1.mp4,1723,33269.0,33277.0,9.0,Lead Hook,Lead Hook,2,pending,data/raw/Skeleton_data/V1.npy,1723,True,True,True,ok,
V1_01725,V1,/Users/krishna/dev/fightflow/data/downloaded-videos/V1.mp4,1724,33284.0,33294.0,11.0,Rear Hook,Rear Hook,4,pending,data/raw/Skeleton_data/V1.npy,1724,True,True,True,ok,
V1_01726,V1,/Users/krishna/dev/fightflow/data/downloaded-videos/V1.mp4,1725,33295.0,33306.0,12.0,Rear Uppercut,Rear Uppercut,5,pending,data/raw/Skeleton_data/V1.npy,1725,True,True,True,ok,
V1_01727,V1,/Users/krishna/dev/fightflow/data/downloaded-videos/V1.mp4,1726,33307.0,33314.0,8.0,Lead Hook,Lead Hook,2,pending,data/raw/Skeleton_data/V1.npy,1726,True,True,True,ok,
V1_01728,V1,/Users/krishna/dev/fightflow/data/downloaded-videos/V1.mp4,1727,33320.0,33330.0,11.0,Rear Hook,Rear Hook,4,pending,data/raw/Skeleton_data/V1.npy,1727,True,True,True,ok,
V1_01729,V1,/Users/krishna/dev/fightflow/data/downloaded-videos/V1.mp4,1728,33333.0,33344.0,12.0,Rear Uppercut,Rear Uppercut,5,pending,data/raw/Skeleton_data/V1.npy,1728,True,True,True,ok,
V1_01730,V1,/Users/krishna/dev/fightflow/data/downloaded-videos/V1.mp4,1729,33345.0,33352.0,8.0,Lead Hook,Lead Hook,2,pending,data/raw/Skeleton_data/V1.npy,1729,True,True,True,ok,
V1_01731,V1,/Users/krishna/dev/fightflow/data/downloaded-videos/V1.mp4,1730,33358.0,33371.0,14.0,Rear Hook,Rear Hook,4,pending,data/raw/Skeleton_data/V1.npy,1730,True,True,True,ok,
V1_01732,V1,/Users/krishna/dev/fightflow/data/downloaded-videos/V1.mp4,1731,33372.0,33381.0,10.0,Rear Uppercut,Rear Uppercut,5,pending,data/raw/Skeleton_data/V1.npy,1731,True,True,True,ok,
V1_01733,V1,/Users/krishna/dev/fightflow/data/downloaded-videos/V1.mp4,1732,33382.0,33390.0,9.0,Lead Hook,Lead Hook,2,pending,data/raw/Skeleton_data/V1.npy,1732,True,True,True,ok,
V1_01734,V1,/Users/krishna/dev/fightflow/data/downloaded-videos/V1.mp4,1733,33395.0,33407.0,13.0,Rear Hook,Rear Hook,4,pending,data/raw/Skeleton_data/V1.npy,1733,True,True,True,ok,
V1_01735,V1,/Users/krishna/dev/fightflow/data/downloaded-videos/V1.mp4,1734,33409.0,33418.0,10.0,Rear Uppercut,Rear Uppercut,5,pending,data/raw/Skeleton_data/V1.npy,1734,True,True,True,ok,
V1_01736,V1,/Users/krishna/dev/fightflow/data/downloaded-videos/V1.mp4,1735,33419.0,33428.0,10.0,Lead Hook,Lead Hook,2,pending,data/raw/Skeleton_data/V1.npy,1735,True,True,True,ok,
V1_01737,V1,/Users/krishna/dev/fightflow/data/downloaded-videos/V1.mp4,1736,33434.0,33445.0,12.0,Rear Hook,Rear Hook,4,pending,data/raw/Skeleton_data/V1.npy,1736,True,True,True,ok,
V1_01738,V1,/Users/krishna/dev/fightflow/data/downloaded-videos/V1.mp4,1737,33447.0,33458.0,12.0,Rear Uppercut,Rear Uppercut,5,pending,data/raw/Skeleton_data/V1.npy,1737,True,True,True,ok,
V1_01739,V1,/Users/krishna/dev/fightflow/data/downloaded-videos/V1.mp4,1738,33459.0,33467.0,9.0,Lead Hook,Lead Hook,2,pending,data/raw/Skeleton_data/V1.npy,1738,True,True,True,ok,
V1_01740,V1,/Users/krishna/dev/fightflow/data/downloaded-videos/V1.mp4,1739,33474.0,33484.0,11.0,Rear Hook,Rear Hook,4,pending,data/raw/Skeleton_data/V1.npy,1739,True,True,True,ok,
V1_01741,V1,/Users/krishna/dev/fightflow/data/downloaded-videos/V1.mp4,1740,33486.0,33499.0,14.0,Rear Uppercut,Rear Uppercut,5,pending,data/raw/Skeleton_data/V1.npy,1740,True,True,True,ok,
V1_01742,V1,/Users/krishna/dev/fightflow/data/downloaded-videos/V1.mp4,1741,33500.0,33508.0,9.0,Lead Hook,Lead Hook,2,pending,data/raw/Skeleton_data/V1.npy,1741,True,True,True,ok,
V1_01743,V1,/Users/krishna/dev/fightflow/data/downloaded-videos/V1.mp4,1742,33512.0,33523.0,12.0,Rear Hook,Rear Hook,4,pending,data/raw/Skeleton_data/V1.npy,1742,True,True,True,ok,
V1_01744,V1,/Users/krishna/dev/fightflow/data/downloaded-videos/V1.mp4,1743,33530.0,33540.0,11.0,Rear Uppercut,Rear Uppercut,5,pending,data/raw/Skeleton_data/V1.npy,1743,True,True,True,ok,
V1_01745,V1,/Users/krishna/dev/fightflow/data/downloaded-videos/V1.mp4,1744,33541.0,33549.0,9.0,Lead Hook,Lead Hook,2,pending,data/raw/Skeleton_data/V1.npy,1744,True,True,True,ok,
V1_01746,V1,/Users/krishna/dev/fightflow/data/downloaded-videos/V1.mp4,1745,33553.0,33565.0,13.0,Rear Hook,Rear Hook,4,pending,data/raw/Skeleton_data/V1.npy,1745,True,True,True,ok,
V1_01747,V1,/Users/krishna/dev/fightflow/data/downloaded-videos/V1.mp4,1746,33571.0,33581.0,11.0,Rear Uppercut,Rear Uppercut,5,pending,data/raw/Skeleton_data/V1.npy,1746,True,True,True,ok,
V1_01748,V1,/Users/krishna/dev/fightflow/data/downloaded-videos/V1.mp4,1747,33582.0,33589.0,8.0,Lead Hook,Lead Hook,2,pending,data/raw/Skeleton_data/V1.npy,1747,True,True,True,ok,
V1_01749,V1,/Users/krishna/dev/fightflow/data/downloaded-videos/V1.mp4,1748,33593.0,33603.0,11.0,Rear Hook,Rear Hook,4,pending,data/raw/Skeleton_data/V1.npy,1748,True,True,True,ok,
V1_01750,V1,/Users/krishna/dev/fightflow/data/downloaded-videos/V1.mp4,1749,33611.0,33620.0,10.0,Rear Uppercut,Rear Uppercut,5,pending,data/raw/Skeleton_data/V1.npy,1749,True,True,True,ok,
V1_01751,V1,/Users/krishna/dev/fightflow/data/downloaded-videos/V1.mp4,1750,33621.0,33629.0,9.0,Lead Hook,Lead Hook,2,pending,data/raw/Skeleton_data/V1.npy,1750,True,True,True,ok,
V1_01752,V1,/Users/krishna/dev/fightflow/data/downloaded-videos/V1.mp4,1751,33633.0,33643.0,11.0,Rear Hook,Rear Hook,4,pending,data/raw/Skeleton_data/V1.npy,1751,True,True,True,ok,
V1_01753,V1,/Users/krishna/dev/fightflow/data/downloaded-videos/V1.mp4,1752,33649.0,33659.0,11.0,Rear Uppercut,Rear Uppercut,5,pending,data/raw/Skeleton_data/V1.npy,1752,True,True,True,ok,
V1_01754,V1,/Users/krishna/dev/fightflow/data/downloaded-videos/V1.mp4,1753,33660.0,33668.0,9.0,Lead Hook,Lead Hook,2,pending,data/raw/Skeleton_data/V1.npy,1753,True,True,True,ok,
V1_01755,V1,/Users/krishna/dev/fightflow/data/downloaded-videos/V1.mp4,1754,33672.0,33685.0,14.0,Rear Hook,Rear Hook,4,pending,data/raw/Skeleton_data/V1.npy,1754,True,True,True,ok,
V1_01756,V1,/Users/krishna/dev/fightflow/data/downloaded-videos/V1.mp4,1755,33694.0,33704.0,11.0,Rear Uppercut,Rear Uppercut,5,pending,data/raw/Skeleton_data/V1.npy,1755,True,True,True,ok,
V1_01757,V1,/Users/krishna/dev/fightflow/data/downloaded-videos/V1.mp4,1756,33705.0,33712.0,8.0,Lead Hook,Lead Hook,2,pending,data/raw/Skeleton_data/V1.npy,1756,True,True,True,ok,
V1_01758,V1,/Users/krishna/dev/fightflow/data/downloaded-videos/V1.mp4,1757,33716.0,33727.0,12.0,Rear Hook,Rear Hook,4,pending,data/raw/Skeleton_data/V1.npy,1757,True,True,True,ok,
V1_01759,V1,/Users/krishna/dev/fightflow/data/downloaded-videos/V1.mp4,1758,33733.0,33744.0,12.0,Rear Uppercut,Rear Uppercut,5,pending,data/raw/Skeleton_data/V1.npy,1758,True,True,True,ok,
V1_01760,V1,/Users/krishna/dev/fightflow/data/downloaded-videos/V1.mp4,1759,33745.0,33753.0,9.0,Lead Hook,Lead Hook,2,pending,data/raw/Skeleton_data/V1.npy,1759,True,True,True,ok,
V1_01761,V1,/Users/krishna/dev/fightflow/data/downloaded-videos/V1.mp4,1760,33757.0,33767.0,11.0,Rear Hook,Rear Hook,4,pending,data/raw/Skeleton_data/V1.npy,1760,True,True,True,ok,
V1_01762,V1,/Users/krishna/dev/fightflow/data/downloaded-videos/V1.mp4,1761,33773.0,33783.0,11.0,Rear Uppercut,Rear Uppercut,5,pending,data/raw/Skeleton_data/V1.npy,1761,True,True,True,ok,
V1_01763,V1,/Users/krishna/dev/fightflow/data/downloaded-videos/V1.mp4,1762,33784.0,33792.0,9.0,Lead Hook,Lead Hook,2,pending,data/raw/Skeleton_data/V1.npy,1762,True,True,True,ok,
V1_01764,V1,/Users/krishna/dev/fightflow/data/downloaded-videos/V1.mp4,1763,33796.0,33808.0,13.0,Rear Hook,Rear Hook,4,pending,data/raw/Skeleton_data/V1.npy,1763,True,True,True,ok,
V1_01765,V1,/Users/krishna/dev/fightflow/data/downloaded-videos/V1.mp4,1764,33815.0,33825.0,11.0,Rear Uppercut,Rear Uppercut,5,pending,data/raw/Skeleton_data/V1.npy,1764,True,True,True,ok,
V1_01766,V1,/Users/krishna/dev/fightflow/data/downloaded-videos/V1.mp4,1765,33826.0,33834.0,9.0,Lead Hook,Lead Hook,2,pending,data/raw/Skeleton_data/V1.npy,1765,True,True,True,ok,
V1_01767,V1,/Users/krishna/dev/fightflow/data/downloaded-videos/V1.mp4,1766,33838.0,33851.0,14.0,Rear Hook,Rear Hook,4,pending,data/raw/Skeleton_data/V1.npy,1766,True,True,True,ok,
V1_01768,V1,/Users/krishna/dev/fightflow/data/downloaded-videos/V1.mp4,1767,33858.0,33868.0,11.0,Rear Uppercut,Rear Uppercut,5,pending,data/raw/Skeleton_data/V1.npy,1767,True,True,True,ok,
V1_01769,V1,/Users/krishna/dev/fightflow/data/downloaded-videos/V1.mp4,1768,33869.0,33876.0,8.0,Lead Hook,Lead Hook,2,pending,data/raw/Skeleton_data/V1.npy,1768,True,True,True,ok,
V1_01770,V1,/Users/krishna/dev/fightflow/data/downloaded-videos/V1.mp4,1769,33880.0,33893.0,14.0,Rear Hook,Rear Hook,4,pending,data/raw/Skeleton_data/V1.npy,1769,True,True,True,ok,
V1_01771,V1,/Users/krishna/dev/fightflow/data/downloaded-videos/V1.mp4,1770,33900.0,33910.0,11.0,Rear Uppercut,Rear Uppercut,5,pending,data/raw/Skeleton_data/V1.npy,1770,True,True,True,ok,
V1_01772,V1,/Users/krishna/dev/fightflow/data/downloaded-videos/V1.mp4,1771,33911.0,33919.0,9.0,Lead Hook,Lead Hook,2,pending,data/raw/Skeleton_data/V1.npy,1771,True,True,True,ok,
V1_01773,V1,/Users/krishna/dev/fightflow/data/downloaded-videos/V1.mp4,1772,33973.0,33982.0,10.0,Jab,Jab,1,pending,data/raw/Skeleton_data/V1.npy,1772,True,True,True,ok,
V1_01774,V1,/Users/krishna/dev/fightflow/data/downloaded-videos/V1.mp4,1773,33983.0,33992.0,10.0,Cross,Cross,0,pending,data/raw/Skeleton_data/V1.npy,1773,True,True,True,ok,
V1_01775,V1,/Users/krishna/dev/fightflow/data/downloaded-videos/V1.mp4,1774,33992.0,34001.0,10.0,Jab,Jab,1,pending,data/raw/Skeleton_data/V1.npy,1774,True,True,True,ok,
V1_01776,V1,/Users/krishna/dev/fightflow/data/downloaded-videos/V1.mp4,1775,34002.0,34013.0,12.0,Cross,Cross,0,pending,data/raw/Skeleton_data/V1.npy,1775,True,True,True,ok,
V1_01777,V1,/Users/krishna/dev/fightflow/data/downloaded-videos/V1.mp4,1776,34025.0,34033.0,9.0,Jab,Jab,1,pending,data/raw/Skeleton_data/V1.npy,1776,True,True,True,ok,
V1_01778,V1,/Users/krishna/dev/fightflow/data/downloaded-videos/V1.mp4,1777,34034.0,34044.0,11.0,Cross,Cross,0,pending,data/raw/Skeleton_data/V1.npy,1777,True,True,True,ok,
V1_01779,V1,/Users/krishna/dev/fightflow/data/downloaded-videos/V1.mp4,1778,34045.0,34053.0,9.0,Jab,Jab,1,pending,data/raw/Skeleton_data/V1.npy,1778,True,True,True,ok,
V1_01780,V1,/Users/krishna/dev/fightflow/data/downloaded-videos/V1.mp4,1779,34054.0,34065.0,12.0,Cross,Cross,0,pending,data/raw/Skeleton_data/V1.npy,1779,True,True,True,ok,
V1_01781,V1,/Users/krishna/dev/fightflow/data/downloaded-videos/V1.mp4,1780,34075.0,34085.0,11.0,Jab,Jab,1,pending,data/raw/Skeleton_data/V1.npy,1780,True,True,True,ok,
V1_01782,V1,/Users/krishna/dev/fightflow/data/downloaded-videos/V1.mp4,1781,34086.0,34094.0,9.0,Cross,Cross,0,pending,data/raw/Skeleton_data/V1.npy,1781,True,True,True,ok,
V1_01783,V1,/Users/krishna/dev/fightflow/data/downloaded-videos/V1.mp4,1782,34095.0,34105.0,11.0,Jab,Jab,1,pending,data/raw/Skeleton_data/V1.npy,1782,True,True,True,ok,
V1_01784,V1,/Users/krishna/dev/fightflow/data/downloaded-videos/V1.mp4,1783,34106.0,34116.0,11.0,Cross,Cross,0,pending,data/raw/Skeleton_data/V1.npy,1783,True,True,True,ok,
V1_01785,V1,/Users/krishna/dev/fightflow/data/downloaded-videos/V1.mp4,1784,34124.0,34137.0,14.0,Jab,Jab,1,pending,data/raw/Skeleton_data/V1.npy,1784,True,True,True,ok,
V1_01786,V1,/Users/krishna/dev/fightflow/data/downloaded-videos/V1.mp4,1785,34138.0,34146.0,9.0,Cross,Cross,0,pending,data/raw/Skeleton_data/V1.npy,1785,True,True,True,ok,
V1_01787,V1,/Users/krishna/dev/fightflow/data/downloaded-videos/V1.mp4,1786,34147.0,34156.0,10.0,Jab,Jab,1,pending,data/raw/Skeleton_data/V1.npy,1786,True,True,True,ok,
V1_01788,V1,/Users/krishna/dev/fightflow/data/downloaded-videos/V1.mp4,1787,34157.0,34170.0,14.0,Cross,Cross,0,pending,data/raw/Skeleton_data/V1.npy,1787,True,True,True,ok,
V1_01789,V1,/Users/krishna/dev/fightflow/data/downloaded-videos/V1.mp4,1788,34177.0,34188.0,12.0,Jab,Jab,1,pending,data/raw/Skeleton_data/V1.npy,1788,True,True,True,ok,
V1_01790,V1,/Users/krishna/dev/fightflow/data/downloaded-videos/V1.mp4,1789,34189.0,34198.0,10.0,Cross,Cross,0,pending,data/raw/Skeleton_data/V1.npy,1789,True,True,True,ok,
V1_01791,V1,/Users/krishna/dev/fightflow/data/downloaded-videos/V1.mp4,1790,34199.0,34207.0,9.0,Jab,Jab,1,pending,data/raw/Skeleton_data/V1.npy,1790,True,True,True,ok,
V1_01792,V1,/Users/krishna/dev/fightflow/data/downloaded-videos/V1.mp4,1791,34208.0,34219.0,12.0,Cross,Cross,0,pending,data/raw/Skeleton_data/V1.npy,1791,True,True,True,ok,
V1_01793,V1,/Users/krishna/dev/fightflow/data/downloaded-videos/V1.mp4,1792,34227.0,34239.0,13.0,Jab,Jab,1,pending,data/raw/Skeleton_data/V1.npy,1792,True,True,True,ok,
V1_01794,V1,/Users/krishna/dev/fightflow/data/downloaded-videos/V1.mp4,1793,34240.0,34249.0,10.0,Cross,Cross,0,pending,data/raw/Skeleton_data/V1.npy,1793,True,True,True,ok,
V1_01795,V1,/Users/krishna/dev/fightflow/data/downloaded-videos/V1.mp4,1794,34250.0,34259.0,10.0,Jab,Jab,1,pending,data/raw/Skeleton_data/V1.npy,1794,True,True,True,ok,
V1_01796,V1,/Users/krishna/dev/fightflow/data/downloaded-videos/V1.mp4,1795,34260.0,34273.0,14.0,Cross,Cross,0,pending,data/raw/Skeleton_data/V1.npy,1795,True,True,True,ok,
V1_01797,V1,/Users/krishna/dev/fightflow/data/downloaded-videos/V1.mp4,1796,34281.0,34292.0,12.0,Jab,Jab,1,pending,data/raw/Skeleton_data/V1.npy,1796,True,True,True,ok,
V1_01798,V1,/Users/krishna/dev/fightflow/data/downloaded-videos/V1.mp4,1797,34293.0,34302.0,10.0,Cross,Cross,0,pending,data/raw/Skeleton_data/V1.npy,1797,True,True,True,ok,
V1_01799,V1,/Users/krishna/dev/fightflow/data/downloaded-videos/V1.mp4,1798,34303.0,34310.0,8.0,Jab,Jab,1,pending,data/raw/Skeleton_data/V1.npy,1798,True,True,True,ok,
V1_01800,V1,/Users/krishna/dev/fightflow/data/downloaded-videos/V1.mp4,1799,34311.0,34321.0,11.0,Cross,Cross,0,pending,data/raw/Skeleton_data/V1.npy,1799,True,True,True,ok,
V1_01801,V1,/Users/krishna/dev/fightflow/data/downloaded-videos/V1.mp4,1800,34667.0,34678.0,12.0,Rear Hook,Rear Hook,4,pending,data/raw/Skeleton_data/V1.npy,1800,True,True,True,ok,
V1_01802,V1,/Users/krishna/dev/fightflow/data/downloaded-videos/V1.mp4,1801,34679.0,34686.0,8.0,Rear Uppercut,Rear Uppercut,5,pending,data/raw/Skeleton_data/V1.npy,1801,True,True,True,ok,
V1_01803,V1,/Users/krishna/dev/fightflow/data/downloaded-videos/V1.mp4,1802,34687.0,34696.0,10.0,Lead Hook,Lead Hook,2,pending,data/raw/Skeleton_data/V1.npy,1802,True,True,True,ok,
V1_01804,V1,/Users/krishna/dev/fightflow/data/downloaded-videos/V1.mp4,1803,34704.0,34714.0,11.0,Rear Hook,Rear Hook,4,pending,data/raw/Skeleton_data/V1.npy,1803,True,True,True,ok,
V1_01805,V1,/Users/krishna/dev/fightflow/data/downloaded-videos/V1.mp4,1804,34716.0,34726.0,11.0,Rear Uppercut,Rear Uppercut,5,pending,data/raw/Skeleton_data/V1.npy,1804,True,True,True,ok,
V1_01806,V1,/Users/krishna/dev/fightflow/data/downloaded-videos/V1.mp4,1805,34727.0,34736.0,10.0,Lead Hook,Lead Hook,2,pending,data/raw/Skeleton_data/V1.npy,1805,True,True,True,ok,
V1_01807,V1,/Users/krishna/dev/fightflow/data/downloaded-videos/V1.mp4,1806,34745.0,34754.0,10.0,Rear Hook,Rear Hook,4,pending,data/raw/Skeleton_data/V1.npy,1806,True,True,True,ok,
V1_01808,V1,/Users/krishna/dev/fightflow/data/downloaded-videos/V1.mp4,1807,34756.0,34765.0,10.0,Rear Uppercut,Rear Uppercut,5,pending,data/raw/Skeleton_data/V1.npy,1807,True,True,True,ok,
V1_01809,V1,/Users/krishna/dev/fightflow/data/downloaded-videos/V1.mp4,1808,34766.0,34774.0,9.0,Lead Hook,Lead Hook,2,pending,data/raw/Skeleton_data/V1.npy,1808,True,True,True,ok,
V1_01810,V1,/Users/krishna/dev/fightflow/data/downloaded-videos/V1.mp4,1809,34783.0,34793.0,11.0,Rear Hook,Rear Hook,4,pending,data/raw/Skeleton_data/V1.npy,1809,True,True,True,ok,
V1_01811,V1,/Users/krishna/dev/fightflow/data/downloaded-videos/V1.mp4,1810,34794.0,34802.0,9.0,Rear Uppercut,Rear Uppercut,5,pending,data/raw/Skeleton_data/V1.npy,1810,True,True,True,ok,
V1_01812,V1,/Users/krishna/dev/fightflow/data/downloaded-videos/V1.mp4,1811,34803.0,34812.0,10.0,Lead Hook,Lead Hook,2,pending,data/raw/Skeleton_data/V1.npy,1811,True,True,True,ok,
V1_01813,V1,/Users/krishna/dev/fightflow/data/downloaded-videos/V1.mp4,1812,34821.0,34830.0,10.0,Rear Hook,Rear Hook,4,pending,data/raw/Skeleton_data/V1.npy,1812,True,True,True,ok,
V1_01814,V1,/Users/krishna/dev/fightflow/data/downloaded-videos/V1.mp4,1813,34833.0,34842.0,10.0,Rear Uppercut,Rear Uppercut,5,pending,data/raw/Skeleton_data/V1.npy,1813,True,True,True,ok,
V1_01815,V1,/Users/krishna/dev/fightflow/data/downloaded-videos/V1.mp4,1814,34843.0,34851.0,9.0,Lead Hook,Lead Hook,2,pending,data/raw/Skeleton_data/V1.npy,1814,True,True,True,ok,
V1_01816,V1,/Users/krishna/dev/fightflow/data/downloaded-videos/V1.mp4,1815,34859.0,34870.0,12.0,Rear Hook,Rear Hook,4,pending,data/raw/Skeleton_data/V1.npy,1815,True,True,True,ok,
V1_01817,V1,/Users/krishna/dev/fightflow/data/downloaded-videos/V1.mp4,1816,34872.0,34882.0,11.0,Rear Uppercut,Rear Uppercut,5,pending,data/raw/Skeleton_data/V1.npy,1816,True,True,True,ok,
V1_01818,V1,/Users/krishna/dev/fightflow/data/downloaded-videos/V1.mp4,1817,34883.0,34891.0,9.0,Lead Hook,Lead Hook,2,pending,data/raw/Skeleton_data/V1.npy,1817,True,True,True,ok,
V1_01819,V1,/Users/krishna/dev/fightflow/data/downloaded-videos/V1.mp4,1818,34898.0,34909.0,12.0,Rear Hook,Rear Hook,4,pending,data/raw/Skeleton_data/V1.npy,1818,True,True,True,ok,
V1_01820,V1,/Users/krishna/dev/fightflow/data/downloaded-videos/V1.mp4,1819,34912.0,34921.0,10.0,Rear Uppercut,Rear Uppercut,5,pending,data/raw/Skeleton_data/V1.npy,1819,True,True,True,ok,
V1_01821,V1,/Users/krishna/dev/fightflow/data/downloaded-videos/V1.mp4,1820,34922.0,34930.0,9.0,Lead Hook,Lead Hook,2,pending,data/raw/Skeleton_data/V1.npy,1820,True,True,True,ok,
V1_01822,V1,/Users/krishna/dev/fightflow/data/downloaded-videos/V1.mp4,1821,34939.0,34948.0,10.0,Rear Hook,Rear Hook,4,pending,data/raw/Skeleton_data/V1.npy,1821,True,True,True,ok,
V1_01823,V1,/Users/krishna/dev/fightflow/data/downloaded-videos/V1.mp4,1822,34951.0,34961.0,11.0,Rear Uppercut,Rear Uppercut,5,pending,data/raw/Skeleton_data/V1.npy,1822,True,True,True,ok,
V1_01824,V1,/Users/krishna/dev/fightflow/data/downloaded-videos/V1.mp4,1823,34962.0,34972.0,11.0,Lead Hook,Lead Hook,2,pending,data/raw/Skeleton_data/V1.npy,1823,True,True,True,ok,
V1_01825,V1,/Users/krishna/dev/fightflow/data/downloaded-videos/V1.mp4,1824,34978.0,34987.0,10.0,Rear Hook,Rear Hook,4,pending,data/raw/Skeleton_data/V1.npy,1824,True,True,True,ok,
V1_01826,V1,/Users/krishna/dev/fightflow/data/downloaded-videos/V1.mp4,1825,34991.0,35001.0,11.0,Rear Uppercut,Rear Uppercut,5,pending,data/raw/Skeleton_data/V1.npy,1825,True,True,True,ok,
V1_01827,V1,/Users/krishna/dev/fightflow/data/downloaded-videos/V1.mp4,1826,35002.0,35010.0,9.0,Lead Hook,Lead Hook,2,pending,data/raw/Skeleton_data/V1.npy,1826,True,True,True,ok,
V1_01828,V1,/Users/krishna/dev/fightflow/data/downloaded-videos/V1.mp4,1827,35016.0,35027.0,12.0,Rear Hook,Rear Hook,4,pending,data/raw/Skeleton_data/V1.npy,1827,True,True,True,ok,
V1_01829,V1,/Users/krishna/dev/fightflow/data/downloaded-videos/V1.mp4,1828,35030.0,35040.0,11.0,Rear Uppercut,Rear Uppercut,5,pending,data/raw/Skeleton_data/V1.npy,1828,True,True,True,ok,
V1_01830,V1,/Users/krishna/dev/fightflow/data/downloaded-videos/V1.mp4,1829,35041.0,35050.0,10.0,Lead Hook,Lead Hook,2,pending,data/raw/Skeleton_data/V1.npy,1829,True,True,True,ok,
V1_01831,V1,/Users/krishna/dev/fightflow/data/downloaded-videos/V1.mp4,1830,35056.0,35067.0,12.0,Rear Hook,Rear Hook,4,pending,data/raw/Skeleton_data/V1.npy,1830,True,True,True,ok,
V1_01832,V1,/Users/krishna/dev/fightflow/data/downloaded-videos/V1.mp4,1831,35071.0,35080.0,10.0,Rear Uppercut,Rear Uppercut,5,pending,data/raw/Skeleton_data/V1.npy,1831,True,True,True,ok,
V1_01833,V1,/Users/krishna/dev/fightflow/data/downloaded-videos/V1.mp4,1832,35081.0,35090.0,10.0,Lead Hook,Lead Hook,2,pending,data/raw/Skeleton_data/V1.npy,1832,True,True,True,ok,
V1_01834,V1,/Users/krishna/dev/fightflow/data/downloaded-videos/V1.mp4,1833,35098.0,35105.0,8.0,Rear Hook,Rear Hook,4,pending,data/raw/Skeleton_data/V1.npy,1833,True,True,True,ok,
V1_01835,V1,/Users/krishna/dev/fightflow/data/downloaded-videos/V1.mp4,1834,35111.0,35120.0,10.0,Rear Uppercut,Rear Uppercut,5,pending,data/raw/Skeleton_data/V1.npy,1834,True,True,True,ok,
V1_01836,V1,/Users/krishna/dev/fightflow/data/downloaded-videos/V1.mp4,1835,35121.0,35130.0,10.0,Lead Hook,Lead Hook,2,pending,data/raw/Skeleton_data/V1.npy,1835,True,True,True,ok,
V1_01837,V1,/Users/krishna/dev/fightflow/data/downloaded-videos/V1.mp4,1836,35136.0,35147.0,12.0,Rear Hook,Rear Hook,4,pending,data/raw/Skeleton_data/V1.npy,1836,True,True,True,ok,
V1_01838,V1,/Users/krishna/dev/fightflow/data/downloaded-videos/V1.mp4,1837,35151.0,35162.0,12.0,Rear Uppercut,Rear Uppercut,5,pending,data/raw/Skeleton_data/V1.npy,1837,True,True,True,ok,
V1_01839,V1,/Users/krishna/dev/fightflow/data/downloaded-videos/V1.mp4,1838,35163.0,35171.0,9.0,Lead Hook,Lead Hook,2,pending,data/raw/Skeleton_data/V1.npy,1838,True,True,True,ok,
V1_01840,V1,/Users/krishna/dev/fightflow/data/downloaded-videos/V1.mp4,1839,35177.0,35188.0,12.0,Rear Hook,Rear Hook,4,pending,data/raw/Skeleton_data/V1.npy,1839,True,True,True,ok,
V1_01841,V1,/Users/krishna/dev/fightflow/data/downloaded-videos/V1.mp4,1840,35193.0,35202.0,10.0,Rear Uppercut,Rear Uppercut,5,pending,data/raw/Skeleton_data/V1.npy,1840,True,True,True,ok,
V1_01842,V1,/Users/krishna/dev/fightflow/data/downloaded-videos/V1.mp4,1841,35203.0,35212.0,10.0,Lead Hook,Lead Hook,2,pending,data/raw/Skeleton_data/V1.npy,1841,True,True,True,ok,
V1_01843,V1,/Users/krishna/dev/fightflow/data/downloaded-videos/V1.mp4,1842,35215.0,35228.0,14.0,Rear Hook,Rear Hook,4,pending,data/raw/Skeleton_data/V1.npy,1842,True,True,True,ok,
V1_01844,V1,/Users/krishna/dev/fightflow/data/downloaded-videos/V1.mp4,1843,35235.0,35243.0,9.0,Rear Uppercut,Rear Uppercut,5,pending,data/raw/Skeleton_data/V1.npy,1843,True,True,True,ok,
V1_01845,V1,/Users/krishna/dev/fightflow/data/downloaded-videos/V1.mp4,1844,35244.0,35252.0,9.0,Lead Hook,Lead Hook,2,pending,data/raw/Skeleton_data/V1.npy,1844,True,True,True,ok,
V1_01846,V1,/Users/krishna/dev/fightflow/data/downloaded-videos/V1.mp4,1845,35257.0,35268.0,12.0,Rear Hook,Rear Hook,4,pending,data/raw/Skeleton_data/V1.npy,1845,True,True,True,ok,
V1_01847,V1,/Users/krishna/dev/fightflow/data/downloaded-videos/V1.mp4,1846,35274.0,35283.0,10.0,Rear Uppercut,Rear Uppercut,5,pending,data/raw/Skeleton_data/V1.npy,1846,True,True,True,ok,
V1_01848,V1,/Users/krishna/dev/fightflow/data/downloaded-videos/V1.mp4,1847,35284.0,35292.0,9.0,Lead Hook,Lead Hook,2,pending,data/raw/Skeleton_data/V1.npy,1847,True,True,True,ok,
V1_01849,V1,/Users/krishna/dev/fightflow/data/downloaded-videos/V1.mp4,1848,35298.0,35308.0,11.0,Rear Hook,Rear Hook,4,pending,data/raw/Skeleton_data/V1.npy,1848,True,True,True,ok,
V1_01850,V1,/Users/krishna/dev/fightflow/data/downloaded-videos/V1.mp4,1849,35313.0,35323.0,11.0,Rear Uppercut,Rear Uppercut,5,pending,data/raw/Skeleton_data/V1.npy,1849,True,True,True,ok,
V1_01851,V1,/Users/krishna/dev/fightflow/data/downloaded-videos/V1.mp4,1850,35324.0,35332.0,9.0,Lead Hook,Lead Hook,2,pending,data/raw/Skeleton_data/V1.npy,1850,True,True,True,ok,
V1_01852,V1,/Users/krishna/dev/fightflow/data/downloaded-videos/V1.mp4,1851,35339.0,35349.0,11.0,Rear Hook,Rear Hook,4,pending,data/raw/Skeleton_data/V1.npy,1851,True,True,True,ok,
V1_01853,V1,/Users/krishna/dev/fightflow/data/downloaded-videos/V1.mp4,1852,35354.0,35363.0,10.0,Rear Uppercut,Rear Uppercut,5,pending,data/raw/Skeleton_data/V1.npy,1852,True,True,True,ok,
V1_01854,V1,/Users/krishna/dev/fightflow/data/downloaded-videos/V1.mp4,1853,35364.0,35371.0,8.0,Lead Hook,Lead Hook,2,pending,data/raw/Skeleton_data/V1.npy,1853,True,True,True,ok,
V1_01855,V1,/Users/krishna/dev/fightflow/data/downloaded-videos/V1.mp4,1854,35376.0,35387.0,12.0,Rear Hook,Rear Hook,4,pending,data/raw/Skeleton_data/V1.npy,1854,True,True,True,ok,
V1_01856,V1,/Users/krishna/dev/fightflow/data/downloaded-videos/V1.mp4,1855,35393.0,35402.0,10.0,Rear Uppercut,Rear Uppercut,5,pending,data/raw/Skeleton_data/V1.npy,1855,True,True,True,ok,
V1_01857,V1,/Users/krishna/dev/fightflow/data/downloaded-videos/V1.mp4,1856,35403.0,35411.0,9.0,Lead Hook,Lead Hook,2,pending,data/raw/Skeleton_data/V1.npy,1856,True,True,True,ok,
V1_01858,V1,/Users/krishna/dev/fightflow/data/downloaded-videos/V1.mp4,1857,35415.0,35427.0,13.0,Rear Hook,Rear Hook,4,pending,data/raw/Skeleton_data/V1.npy,1857,True,True,True,ok,
V1_01859,V1,/Users/krishna/dev/fightflow/data/downloaded-videos/V1.mp4,1858,35434.0,35441.0,8.0,Rear Uppercut,Rear Uppercut,5,pending,data/raw/Skeleton_data/V1.npy,1858,True,True,True,ok,
V1_01860,V1,/Users/krishna/dev/fightflow/data/downloaded-videos/V1.mp4,1859,35442.0,35450.0,9.0,Lead Hook,Lead Hook,2,pending,data/raw/Skeleton_data/V1.npy,1859,True,True,True,ok,
V1_01861,V1,/Users/krishna/dev/fightflow/data/downloaded-videos/V1.mp4,1860,35454.0,35467.0,14.0,Rear Hook,Rear Hook,4,pending,data/raw/Skeleton_data/V1.npy,1860,True,True,True,ok,
V1_01862,V1,/Users/krishna/dev/fightflow/data/downloaded-videos/V1.mp4,1861,35472.0,35480.0,9.0,Rear Uppercut,Rear Uppercut,5,pending,data/raw/Skeleton_data/V1.npy,1861,True,True,True,ok,
V1_01863,V1,/Users/krishna/dev/fightflow/data/downloaded-videos/V1.mp4,1862,35481.0,35490.0,10.0,Lead Hook,Lead Hook,2,pending,data/raw/Skeleton_data/V1.npy,1862,True,True,True,ok,
V1_01864,V1,/Users/krishna/dev/fightflow/data/downloaded-videos/V1.mp4,1863,35496.0,35505.0,10.0,Rear Hook,Rear Hook,4,pending,data/raw/Skeleton_data/V1.npy,1863,True,True,True,ok,
V1_01865,V1,/Users/krishna/dev/fightflow/data/downloaded-videos/V1.mp4,1864,35510.0,35520.0,11.0,Rear Uppercut,Rear Uppercut,5,pending,data/raw/Skeleton_data/V1.npy,1864,True,True,True,ok,
V1_01866,V1,/Users/krishna/dev/fightflow/data/downloaded-videos/V1.mp4,1865,35521.0,35529.0,9.0,Lead Hook,Lead Hook,2,pending,data/raw/Skeleton_data/V1.npy,1865,True,True,True,ok,
V10_00001,V10,/Users/krishna/dev/fightflow/data/downloaded-videos/V10.mp4,0,1721.0,1731.0,11.0,Cross,Cross,0,pending,data/raw/Skeleton_data/V10.npy,0,True,True,True,ok,
V10_00002,V10,/Users/krishna/dev/fightflow/data/downloaded-videos/V10.mp4,1,1786.0,1802.0,17.0,Cross,Cross,0,pending,data/raw/Skeleton_data/V10.npy,1,True,True,True,ok,
V10_00003,V10,/Users/krishna/dev/fightflow/data/downloaded-videos/V10.mp4,2,1944.0,1951.0,8.0,Cross,Cross,0,pending,data/raw/Skeleton_data/V10.npy,2,True,True,True,ok,
V10_00004,V10,/Users/krishna/dev/fightflow/data/downloaded-videos/V10.mp4,3,1995.0,2007.0,13.0,Lead Hook,Lead Hook,2,pending,data/raw/Skeleton_data/V10.npy,3,True,True,True,ok,
V10_00005,V10,/Users/krishna/dev/fightflow/data/downloaded-videos/V10.mp4,4,2069.0,2078.0,10.0,Jab,Jab,1,pending,data/raw/Skeleton_data/V10.npy,4,True,True,True,ok,
V10_00006,V10,/Users/krishna/dev/fightflow/data/downloaded-videos/V10.mp4,5,2116.0,2133.0,18.0,Rear Hook,Rear Hook,4,pending,data/raw/Skeleton_data/V10.npy,5,True,True,True,ok,
V10_00007,V10,/Users/krishna/dev/fightflow/data/downloaded-videos/V10.mp4,6,2218.0,2236.0,19.0,Rear Hook,Rear Hook,4,pending,data/raw/Skeleton_data/V10.npy,6,True,True,True,ok,
V10_00008,V10,/Users/krishna/dev/fightflow/data/downloaded-videos/V10.mp4,7,2330.0,2345.0,16.0,Lead Uppercut,Lead Uppercut,3,pending,data/raw/Skeleton_data/V10.npy,7,True,True,True,ok,
V10_00009,V10,/Users/krishna/dev/fightflow/data/downloaded-videos/V10.mp4,8,2473.0,2486.0,14.0,Lead Uppercut,Lead Uppercut,3,pending,data/raw/Skeleton_data/V10.npy,8,True,True,True,ok,
V10_00010,V10,/Users/krishna/dev/fightflow/data/downloaded-videos/V10.mp4,9,3438.0,3451.0,14.0,Jab,Jab,1,pending,data/raw/Skeleton_data/V10.npy,9,True,True,True,ok,
V10_00011,V10,/Users/krishna/dev/fightflow/data/downloaded-videos/V10.mp4,10,3459.0,3471.0,13.0,Jab,Jab,1,pending,data/raw/Skeleton_data/V10.npy,10,True,True,True,ok,
V10_00012,V10,/Users/krishna/dev/fightflow/data/downloaded-videos/V10.mp4,11,3477.0,3489.0,13.0,Jab,Jab,1,pending,data/raw/Skeleton_data/V10.npy,11,True,True,True,ok,
V10_00013,V10,/Users/krishna/dev/fightflow/data/downloaded-videos/V10.mp4,12,3496.0,3508.0,13.0,Jab,Jab,1,pending,data/raw/Skeleton_data/V10.npy,12,True,True,True,ok,
V10_00014,V10,/Users/krishna/dev/fightflow/data/downloaded-videos/V10.mp4,13,3515.0,3526.0,12.0,Jab,Jab,1,pending,data/raw/Skeleton_data/V10.npy,13,True,True,True,ok,
V10_00015,V10,/Users/krishna/dev/fightflow/data/downloaded-videos/V10.mp4,14,3534.0,3544.0,11.0,Jab,Jab,1,pending,data/raw/Skeleton_data/V10.npy,14,True,True,True,ok,
V10_00016,V10,/Users/krishna/dev/fightflow/data/downloaded-videos/V10.mp4,15,3552.0,3563.0,12.0,Jab,Jab,1,pending,data/raw/Skeleton_data/V10.npy,15,True,True,True,ok,
V10_00017,V10,/Users/krishna/dev/fightflow/data/downloaded-videos/V10.mp4,16,3571.0,3582.0,12.0,Jab,Jab,1,pending,data/raw/Skeleton_data/V10.npy,16,True,True,True,ok,
V10_00018,V10,/Users/krishna/dev/fightflow/data/downloaded-videos/V10.mp4,17,3590.0,3601.0,12.0,Jab,Jab,1,pending,data/raw/Skeleton_data/V10.npy,17,True,True,True,ok,
V10_00019,V10,/Users/krishna/dev/fightflow/data/downloaded-videos/V10.mp4,18,3608.0,3620.0,13.0,Jab,Jab,1,pending,data/raw/Skeleton_data/V10.npy,18,True,True,True,ok,
V10_00020,V10,/Users/krishna/dev/fightflow/data/downloaded-videos/V10.mp4,19,3627.0,3638.0,12.0,Jab,Jab,1,pending,data/raw/Skeleton_data/V10.npy,19,True,True,True,ok,
V10_00021,V10,/Users/krishna/dev/fightflow/data/downloaded-videos/V10.mp4,20,3646.0,3656.0,11.0,Jab,Jab,1,pending,data/raw/Skeleton_data/V10.npy,20,True,True,True,ok,
V10_00022,V10,/Users/krishna/dev/fightflow/data/downloaded-videos/V10.mp4,21,3664.0,3676.0,13.0,Jab,Jab,1,pending,data/raw/Skeleton_data/V10.npy,21,True,True,True,ok,
V10_00023,V10,/Users/krishna/dev/fightflow/data/downloaded-videos/V10.mp4,22,3682.0,3694.0,13.0,Jab,Jab,1,pending,data/raw/Skeleton_data/V10.npy,22,True,True,True,ok,
V10_00024,V10,/Users/krishna/dev/fightflow/data/downloaded-videos/V10.mp4,23,3702.0,3712.0,11.0,Jab,Jab,1,pending,data/raw/Skeleton_data/V10.npy,23,True,True,True,ok,
V10_00025,V10,/Users/krishna/dev/fightflow/data/downloaded-videos/V10.mp4,24,3776.0,3786.0,11.0,Cross,Cross,0,pending,data/raw/Skeleton_data/V10.npy,24,True,True,True,ok,
V10_00026,V10,/Users/krishna/dev/fightflow/data/downloaded-videos/V10.mp4,25,3813.0,3827.0,15.0,Cross,Cross,0,pending,data/raw/Skeleton_data/V10.npy,25,True,True,True,ok,
V10_00027,V10,/Users/krishna/dev/fightflow/data/downloaded-videos/V10.mp4,26,3850.0,3862.0,13.0,Cross,Cross,0,pending,data/raw/Skeleton_data/V10.npy,26,True,True,True,ok,
V10_00028,V10,/Users/krishna/dev/fightflow/data/downloaded-videos/V10.mp4,27,3887.0,3900.0,14.0,Cross,Cross,0,pending,data/raw/Skeleton_data/V10.npy,27,True,True,True,ok,
V10_00029,V10,/Users/krishna/dev/fightflow/data/downloaded-videos/V10.mp4,28,3926.0,3937.0,12.0,Cross,Cross,0,pending,data/raw/Skeleton_data/V10.npy,28,True,True,True,ok,
V10_00030,V10,/Users/krishna/dev/fightflow/data/downloaded-videos/V10.mp4,29,3963.0,3975.0,13.0,Cross,Cross,0,pending,data/raw/Skeleton_data/V10.npy,29,True,True,True,ok,
V10_00031,V10,/Users/krishna/dev/fightflow/data/downloaded-videos/V10.mp4,30,4001.0,4013.0,13.0,Cross,Cross,0,pending,data/raw/Skeleton_data/V10.npy,30,True,True,True,ok,
V10_00032,V10,/Users/krishna/dev/fightflow/data/downloaded-videos/V10.mp4,31,4041.0,4053.0,13.0,Lead Hook,Lead Hook,2,pending,data/raw/Skeleton_data/V10.npy,31,True,True,True,ok,
V10_00033,V10,/Users/krishna/dev/fightflow/data/downloaded-videos/V10.mp4,32,4078.0,4090.0,13.0,Lead Hook,Lead Hook,2,pending,data/raw/Skeleton_data/V10.npy,32,True,True,True,ok,
V10_00034,V10,/Users/krishna/dev/fightflow/data/downloaded-videos/V10.mp4,33,4116.0,4128.0,13.0,Lead Hook,Lead Hook,2,pending,data/raw/Skeleton_data/V10.npy,33,True,True,True,ok,
V10_00035,V10,/Users/krishna/dev/fightflow/data/downloaded-videos/V10.mp4,34,4153.0,4165.0,13.0,Lead Hook,Lead Hook,2,pending,data/raw/Skeleton_data/V10.npy,34,True,True,True,ok,
V10_00036,V10,/Users/krishna/dev/fightflow/data/downloaded-videos/V10.mp4,35,4190.0,4204.0,15.0,Lead Hook,Lead Hook,2,pending,data/raw/Skeleton_data/V10.npy,35,True,True,True,ok,
V10_00037,V10,/Users/krishna/dev/fightflow/data/downloaded-videos/V10.mp4,36,4228.0,4244.0,17.0,Lead Hook,Lead Hook,2,pending,data/raw/Skeleton_data/V10.npy,36,True,True,True,ok,
V10_00038,V10,/Users/krishna/dev/fightflow/data/downloaded-videos/V10.mp4,37,4265.0,4279.0,15.0,Lead Hook,Lead Hook,2,pending,data/raw/Skeleton_data/V10.npy,37,True,True,True,ok,
V10_00039,V10,/Users/krishna/dev/fightflow/data/downloaded-videos/V10.mp4,38,4302.0,4315.0,14.0,Lead Hook,Lead Hook,2,pending,data/raw/Skeleton_data/V10.npy,38,True,True,True,ok,
V10_00040,V10,/Users/krishna/dev/fightflow/data/downloaded-videos/V10.mp4,39,4341.0,4350.0,10.0,Rear Uppercut,Rear Uppercut,5,pending,data/raw/Skeleton_data/V10.npy,39,True,True,True,ok,
V10_00041,V10,/Users/krishna/dev/fightflow/data/downloaded-videos/V10.mp4,40,4375.0,4389.0,15.0,Rear Uppercut,Rear Uppercut,5,pending,data/raw/Skeleton_data/V10.npy,40,True,True,True,ok,
V10_00042,V10,/Users/krishna/dev/fightflow/data/downloaded-videos/V10.mp4,41,4412.0,4426.0,15.0,Rear Uppercut,Rear Uppercut,5,pending,data/raw/Skeleton_data/V10.npy,41,True,True,True,ok,
V10_00043,V10,/Users/krishna/dev/fightflow/data/downloaded-videos/V10.mp4,42,4451.0,4465.0,15.0,Rear Uppercut,Rear Uppercut,5,pending,data/raw/Skeleton_data/V10.npy,42,True,True,True,ok,
V10_00044,V10,/Users/krishna/dev/fightflow/data/downloaded-videos/V10.mp4,43,4487.0,4502.0,16.0,Rear Uppercut,Rear Uppercut,5,pending,data/raw/Skeleton_data/V10.npy,43,True,True,True,ok,
V10_00045,V10,/Users/krishna/dev/fightflow/data/downloaded-videos/V10.mp4,44,4525.0,4538.0,14.0,Rear Uppercut,Rear Uppercut,5,pending,data/raw/Skeleton_data/V10.npy,44,True,True,True,ok,
V10_00046,V10,/Users/krishna/dev/fightflow/data/downloaded-videos/V10.mp4,45,4561.0,4576.0,16.0,Rear Uppercut,Rear Uppercut,5,pending,data/raw/Skeleton_data/V10.npy,45,True,True,True,ok,
V10_00047,V10,/Users/krishna/dev/fightflow/data/downloaded-videos/V10.mp4,46,4596.0,4612.0,17.0,Rear Uppercut,Rear Uppercut,5,pending,data/raw/Skeleton_data/V10.npy,46,True,True,True,ok,
V10_00048,V10,/Users/krishna/dev/fightflow/data/downloaded-videos/V10.mp4,47,4942.0,4958.0,17.0,Jab,Jab,1,pending,data/raw/Skeleton_data/V10.npy,47,True,True,True,ok,
V10_00049,V10,/Users/krishna/dev/fightflow/data/downloaded-videos/V10.mp4,48,4964.0,4974.0,11.0,Jab,Jab,1,pending,data/raw/Skeleton_data/V10.npy,48,True,True,True,ok,
V10_00050,V10,/Users/krishna/dev/fightflow/data/downloaded-videos/V10.mp4,49,4981.0,4990.0,10.0,Jab,Jab,1,pending,data/raw/Skeleton_data/V10.npy,49,True,True,True,ok,
V10_00051,V10,/Users/krishna/dev/fightflow/data/downloaded-videos/V10.mp4,50,4997.0,5008.0,12.0,Jab,Jab,1,pending,data/raw/Skeleton_data/V10.npy,50,True,True,True,ok,
V10_00052,V10,/Users/krishna/dev/fightflow/data/downloaded-videos/V10.mp4,51,5014.0,5027.0,14.0,Jab,Jab,1,pending,data/raw/Skeleton_data/V10.npy,51,True,True,True,ok,
V10_00053,V10,/Users/krishna/dev/fightflow/data/downloaded-videos/V10.mp4,52,5033.0,5043.0,11.0,Jab,Jab,1,pending,data/raw/Skeleton_data/V10.npy,52,True,True,True,ok,
V10_00054,V10,/Users/krishna/dev/fightflow/data/downloaded-videos/V10.mp4,53,5054.0,5062.0,9.0,Jab,Jab,1,pending,data/raw/Skeleton_data/V10.npy,53,True,True,True,ok,
V10_00055,V10,/Users/krishna/dev/fightflow/data/downloaded-videos/V10.mp4,54,5072.0,5081.0,10.0,Jab,Jab,1,pending,data/raw/Skeleton_data/V10.npy,54,True,True,True,ok,
V10_00056,V10,/Users/krishna/dev/fightflow/data/downloaded-videos/V10.mp4,55,5089.0,5100.0,12.0,Jab,Jab,1,pending,data/raw/Skeleton_data/V10.npy,55,True,True,True,ok,
V10_00057,V10,/Users/krishna/dev/fightflow/data/downloaded-videos/V10.mp4,56,5109.0,5120.0,12.0,Jab,Jab,1,pending,data/raw/Skeleton_data/V10.npy,56,True,True,True,ok,
V10_00058,V10,/Users/krishna/dev/fightflow/data/downloaded-videos/V10.mp4,57,5128.0,5138.0,11.0,Jab,Jab,1,pending,data/raw/Skeleton_data/V10.npy,57,True,True,True,ok,
V10_00059,V10,/Users/krishna/dev/fightflow/data/downloaded-videos/V10.mp4,58,5146.0,5156.0,11.0,Jab,Jab,1,pending,data/raw/Skeleton_data/V10.npy,58,True,True,True,ok,
V10_00060,V10,/Users/krishna/dev/fightflow/data/downloaded-videos/V10.mp4,59,5165.0,5176.0,12.0,Jab,Jab,1,pending,data/raw/Skeleton_data/V10.npy,59,True,True,True,ok,
V10_00061,V10,/Users/krishna/dev/fightflow/data/downloaded-videos/V10.mp4,60,5183.0,5196.0,14.0,Jab,Jab,1,pending,data/raw/Skeleton_data/V10.npy,60,True,True,True,ok,
V10_00062,V10,/Users/krishna/dev/fightflow/data/downloaded-videos/V10.mp4,61,5201.0,5214.0,14.0,Jab,Jab,1,pending,data/raw/Skeleton_data/V10.npy,61,True,True,True,ok,
V10_00063,V10,/Users/krishna/dev/fightflow/data/downloaded-videos/V10.mp4,62,5241.0,5249.0,9.0,Cross,Cross,0,pending,data/raw/Skeleton_data/V10.npy,62,True,True,True,ok,
V10_00064,V10,/Users/krishna/dev/fightflow/data/downloaded-videos/V10.mp4,63,5278.0,5289.0,12.0,Cross,Cross,0,pending,data/raw/Skeleton_data/V10.npy,63,True,True,True,ok,
V10_00065,V10,/Users/krishna/dev/fightflow/data/downloaded-videos/V10.mp4,64,5315.0,5325.0,11.0,Cross,Cross,0,pending,data/raw/Skeleton_data/V10.npy,64,True,True,True,ok,
V10_00066,V10,/Users/krishna/dev/fightflow/data/downloaded-videos/V10.mp4,65,5352.0,5363.0,12.0,Cross,Cross,0,pending,data/raw/Skeleton_data/V10.npy,65,True,True,True,ok,
V10_00067,V10,/Users/krishna/dev/fightflow/data/downloaded-videos/V10.mp4,66,5388.0,5399.0,12.0,Cross,Cross,0,pending,data/raw/Skeleton_data/V10.npy,66,True,True,True,ok,
V10_00068,V10,/Users/krishna/dev/fightflow/data/downloaded-videos/V10.mp4,67,5428.0,5438.0,11.0,Cross,Cross,0,pending,data/raw/Skeleton_data/V10.npy,67,True,True,True,ok,
V10_00069,V10,/Users/krishna/dev/fightflow/data/downloaded-videos/V10.mp4,68,5464.0,5476.0,13.0,Cross,Cross,0,pending,data/raw/Skeleton_data/V10.npy,68,True,True,True,ok,
V10_00070,V10,/Users/krishna/dev/fightflow/data/downloaded-videos/V10.mp4,69,5502.0,5514.0,13.0,Cross,Cross,0,pending,data/raw/Skeleton_data/V10.npy,69,True,True,True,ok,
V10_00071,V10,/Users/krishna/dev/fightflow/data/downloaded-videos/V10.mp4,70,5538.0,5552.0,15.0,Lead Hook,Lead Hook,2,pending,data/raw/Skeleton_data/V10.npy,70,True,True,True,ok,
V10_00072,V10,/Users/krishna/dev/fightflow/data/downloaded-videos/V10.mp4,71,5577.0,5591.0,15.0,Lead Hook,Lead Hook,2,pending,data/raw/Skeleton_data/V10.npy,71,True,True,True,ok,
V10_00073,V10,/Users/krishna/dev/fightflow/data/downloaded-videos/V10.mp4,72,5651.0,5662.0,12.0,Lead Hook,Lead Hook,2,pending,data/raw/Skeleton_data/V10.npy,72,True,True,True,ok,
V10_00074,V10,/Users/krishna/dev/fightflow/data/downloaded-videos/V10.mp4,73,5687.0,5700.0,14.0,Lead Hook,Lead Hook,2,pending,data/raw/Skeleton_data/V10.npy,73,True,True,True,ok,
V10_00075,V10,/Users/krishna/dev/fightflow/data/downloaded-videos/V10.mp4,74,5727.0,5739.0,13.0,Lead Hook,Lead Hook,2,pending,data/raw/Skeleton_data/V10.npy,74,True,True,True,ok,
V10_00076,V10,/Users/krishna/dev/fightflow/data/downloaded-videos/V10.mp4,75,5763.0,5776.0,14.0,Lead Hook,Lead Hook,2,pending,data/raw/Skeleton_data/V10.npy,75,True,True,True,ok,
V10_00077,V10,/Users/krishna/dev/fightflow/data/downloaded-videos/V10.mp4,76,5802.0,5815.0,14.0,Lead Hook,Lead Hook,2,pending,data/raw/Skeleton_data/V10.npy,76,True,True,True,ok,
V10_00078,V10,/Users/krishna/dev/fightflow/data/downloaded-videos/V10.mp4,77,5838.0,5849.0,12.0,Rear Uppercut,Rear Uppercut,5,pending,data/raw/Skeleton_data/V10.npy,77,True,True,True,ok,
V10_00079,V10,/Users/krishna/dev/fightflow/data/downloaded-videos/V10.mp4,78,5877.0,5889.0,13.0,Rear Uppercut,Rear Uppercut,5,pending,data/raw/Skeleton_data/V10.npy,78,True,True,True,ok,
V10_00080,V10,/Users/krishna/dev/fightflow/data/downloaded-videos/V10.mp4,79,5915.0,5926.0,12.0,Rear Uppercut,Rear Uppercut,5,pending,data/raw/Skeleton_data/V10.npy,79,True,True,True,ok,
V10_00081,V10,/Users/krishna/dev/fightflow/data/downloaded-videos/V10.mp4,80,5952.0,5964.0,13.0,Rear Uppercut,Rear Uppercut,5,pending,data/raw/Skeleton_data/V10.npy,80,True,True,True,ok,
V10_00082,V10,/Users/krishna/dev/fightflow/data/downloaded-videos/V10.mp4,81,5987.0,6000.0,14.0,Rear Uppercut,Rear Uppercut,5,pending,data/raw/Skeleton_data/V10.npy,81,True,True,True,ok,
V10_00083,V10,/Users/krishna/dev/fightflow/data/downloaded-videos/V10.mp4,82,6028.0,6038.0,11.0,Rear Uppercut,Rear Uppercut,5,pending,data/raw/Skeleton_data/V10.npy,82,True,True,True,ok,
V10_00084,V10,/Users/krishna/dev/fightflow/data/downloaded-videos/V10.mp4,83,6064.0,6077.0,14.0,Rear Uppercut,Rear Uppercut,5,pending,data/raw/Skeleton_data/V10.npy,83,True,True,True,ok,
V10_00085,V10,/Users/krishna/dev/fightflow/data/downloaded-videos/V10.mp4,84,6101.0,6114.0,14.0,Rear Uppercut,Rear Uppercut,5,pending,data/raw/Skeleton_data/V10.npy,84,True,True,True,ok,
V10_00086,V10,/Users/krishna/dev/fightflow/data/downloaded-videos/V10.mp4,85,6137.0,6149.0,13.0,Rear Uppercut,Rear Uppercut,5,pending,data/raw/Skeleton_data/V10.npy,85,True,True,True,ok,
V10_00087,V10,/Users/krishna/dev/fightflow/data/downloaded-videos/V10.mp4,86,6478.0,6485.0,8.0,Jab,Jab,1,pending,data/raw/Skeleton_data/V10.npy,86,True,True,True,ok,
V10_00088,V10,/Users/krishna/dev/fightflow/data/downloaded-videos/V10.mp4,87,6486.0,6496.0,11.0,Cross,Cross,0,pending,data/raw/Skeleton_data/V10.npy,87,True,True,True,ok,
V10_00089,V10,/Users/krishna/dev/fightflow/data/downloaded-videos/V10.mp4,88,6516.0,6524.0,9.0,Jab,Jab,1,pending,data/raw/Skeleton_data/V10.npy,88,True,True,True,ok,
V10_00090,V10,/Users/krishna/dev/fightflow/data/downloaded-videos/V10.mp4,89,6525.0,6534.0,10.0,Cross,Cross,0,pending,data/raw/Skeleton_data/V10.npy,89,True,True,True,ok,
V10_00091,V10,/Users/krishna/dev/fightflow/data/downloaded-videos/V10.mp4,90,6556.0,6564.0,9.0,Jab,Jab,1,pending,data/raw/Skeleton_data/V10.npy,90,True,True,True,ok,
V10_00092,V10,/Users/krishna/dev/fightflow/data/downloaded-videos/V10.mp4,91,6565.0,6572.0,8.0,Cross,Cross,0,pending,data/raw/Skeleton_data/V10.npy,91,True,True,True,ok,
V10_00093,V10,/Users/krishna/dev/fightflow/data/downloaded-videos/V10.mp4,92,6593.0,6601.0,9.0,Jab,Jab,1,pending,data/raw/Skeleton_data/V10.npy,92,True,True,True,ok,
V10_00094,V10,/Users/krishna/dev/fightflow/data/downloaded-videos/V10.mp4,93,6602.0,6611.0,10.0,Cross,Cross,0,pending,data/raw/Skeleton_data/V10.npy,93,True,True,True,ok,
V10_00095,V10,/Users/krishna/dev/fightflow/data/downloaded-videos/V10.mp4,94,6632.0,6638.0,7.0,Jab,Jab,1,pending,data/raw/Skeleton_data/V10.npy,94,True,True,True,ok,
V10_00096,V10,/Users/krishna/dev/fightflow/data/downloaded-videos/V10.mp4,95,6639.0,6648.0,10.0,Cross,Cross,0,pending,data/raw/Skeleton_data/V10.npy,95,True,True,True,ok,
V10_00097,V10,/Users/krishna/dev/fightflow/data/downloaded-videos/V10.mp4,96,6777.0,6785.0,9.0,Jab,Jab,1,pending,data/raw/Skeleton_data/V10.npy,96,True,True,True,ok,
V10_00098,V10,/Users/krishna/dev/fightflow/data/downloaded-videos/V10.mp4,97,6786.0,6794.0,9.0,Cross,Cross,0,pending,data/raw/Skeleton_data/V10.npy,97,True,True,True,ok,
V10_00099,V10,/Users/krishna/dev/fightflow/data/downloaded-videos/V10.mp4,98,6817.0,6825.0,9.0,Jab,Jab,1,pending,data/raw/Skeleton_data/V10.npy,98,True,True,True,ok,
V10_00100,V10,/Users/krishna/dev/fightflow/data/downloaded-videos/V10.mp4,99,6827.0,6836.0,10.0,Cross,Cross,0,pending,data/raw/Skeleton_data/V10.npy,99,True,True,True,ok,
V10_00101,V10,/Users/krishna/dev/fightflow/data/downloaded-videos/V10.mp4,100,6854.0,6863.0,10.0,Jab,Jab,1,pending,data/raw/Skeleton_data/V10.npy,100,True,True,True,ok,
V10_00102,V10,/Users/krishna/dev/fightflow/data/downloaded-videos/V10.mp4,101,6864.0,6872.0,9.0,Cross,Cross,0,pending,data/raw/Skeleton_data/V10.npy,101,True,True,True,ok,
V10_00103,V10,/Users/krishna/dev/fightflow/data/downloaded-videos/V10.mp4,102,6893.0,6901.0,9.0,Jab,Jab,1,pending,data/raw/Skeleton_data/V10.npy,102,True,True,True,ok,
V10_00104,V10,/Users/krishna/dev/fightflow/data/downloaded-videos/V10.mp4,103,6902.0,6911.0,10.0,Cross,Cross,0,pending,data/raw/Skeleton_data/V10.npy,103,True,True,True,ok,
V10_00105,V10,/Users/krishna/dev/fightflow/data/downloaded-videos/V10.mp4,104,6927.0,6939.0,13.0,Jab,Jab,1,pending,data/raw/Skeleton_data/V10.npy,104,True,True,True,ok,
V10_00106,V10,/Users/krishna/dev/fightflow/data/downloaded-videos/V10.mp4,105,6940.0,6949.0,10.0,Cross,Cross,0,pending,data/raw/Skeleton_data/V10.npy,105,True,True,True,ok,
V10_00107,V10,/Users/krishna/dev/fightflow/data/downloaded-videos/V10.mp4,106,6965.0,6976.0,12.0,Jab,Jab,1,pending,data/raw/Skeleton_data/V10.npy,106,True,True,True,ok,
V10_00108,V10,/Users/krishna/dev/fightflow/data/downloaded-videos/V10.mp4,107,6977.0,6985.0,9.0,Cross,Cross,0,pending,data/raw/Skeleton_data/V10.npy,107,True,True,True,ok,
V10_00109,V10,/Users/krishna/dev/fightflow/data/downloaded-videos/V10.mp4,108,7003.0,7012.0,10.0,Jab,Jab,1,pending,data/raw/Skeleton_data/V10.npy,108,True,True,True,ok,
V10_00110,V10,/Users/krishna/dev/fightflow/data/downloaded-videos/V10.mp4,109,7013.0,7022.0,10.0,Cross,Cross,0,pending,data/raw/Skeleton_data/V10.npy,109,True,True,True,ok,
V10_00111,V10,/Users/krishna/dev/fightflow/data/downloaded-videos/V10.mp4,110,9521.0,9530.0,10.0,Jab,Jab,1,pending,data/raw/Skeleton_data/V10.npy,110,True,True,True,ok,
V10_00112,V10,/Users/krishna/dev/fightflow/data/downloaded-videos/V10.mp4,111,9531.0,9539.0,9.0,Cross,Cross,0,pending,data/raw/Skeleton_data/V10.npy,111,True,True,True,ok,
V10_00113,V10,/Users/krishna/dev/fightflow/data/downloaded-videos/V10.mp4,112,9540.0,9556.0,17.0,Lead Hook,Lead Hook,2,pending,data/raw/Skeleton_data/V10.npy,112,True,True,True,ok,
V10_00114,V10,/Users/krishna/dev/fightflow/data/downloaded-videos/V10.mp4,113,9592.0,9601.0,10.0,Jab,Jab,1,pending,data/raw/Skeleton_data/V10.npy,113,True,True,True,ok,
V10_00115,V10,/Users/krishna/dev/fightflow/data/downloaded-videos/V10.mp4,114,9602.0,9609.0,8.0,Cross,Cross,0,pending,data/raw/Skeleton_data/V10.npy,114,True,True,True,ok,
V10_00116,V10,/Users/krishna/dev/fightflow/data/downloaded-videos/V10.mp4,115,9610.0,9621.0,12.0,Lead Hook,Lead Hook,2,pending,data/raw/Skeleton_data/V10.npy,115,True,True,True,ok,
V10_00117,V10,/Users/krishna/dev/fightflow/data/downloaded-videos/V10.mp4,116,9664.0,9673.0,10.0,Jab,Jab,1,pending,data/raw/Skeleton_data/V10.npy,116,True,True,True,ok,
V10_00118,V10,/Users/krishna/dev/fightflow/data/downloaded-videos/V10.mp4,117,9674.0,9683.0,10.0,Cross,Cross,0,pending,data/raw/Skeleton_data/V10.npy,117,True,True,True,ok,
V10_00119,V10,/Users/krishna/dev/fightflow/data/downloaded-videos/V10.mp4,118,9684.0,9697.0,14.0,Lead Hook,Lead Hook,2,pending,data/raw/Skeleton_data/V10.npy,118,True,True,True,ok,
V10_00120,V10,/Users/krishna/dev/fightflow/data/downloaded-videos/V10.mp4,119,9744.0,9750.0,7.0,Jab,Jab,1,pending,data/raw/Skeleton_data/V10.npy,119,True,True,True,ok,
V10_00121,V10,/Users/krishna/dev/fightflow/data/downloaded-videos/V10.mp4,120,9751.0,9759.0,9.0,Cross,Cross,0,pending,data/raw/Skeleton_data/V10.npy,120,True,True,True,ok,
V10_00122,V10,/Users/krishna/dev/fightflow/data/downloaded-videos/V10.mp4,122,10116.0,10124.0,9.0,Jab,Jab,1,pending,data/raw/Skeleton_data/V10.npy,122,True,True,True,ok,
V10_00123,V10,/Users/krishna/dev/fightflow/data/downloaded-videos/V10.mp4,123,10125.0,10134.0,10.0,Cross,Cross,0,pending,data/raw/Skeleton_data/V10.npy,123,True,True,True,ok,
V10_00124,V10,/Users/krishna/dev/fightflow/data/downloaded-videos/V10.mp4,124,10135.0,10146.0,12.0,Lead Hook,Lead Hook,2,pending,data/raw/Skeleton_data/V10.npy,124,True,True,True,ok,
V10_00125,V10,/Users/krishna/dev/fightflow/data/downloaded-videos/V10.mp4,125,10189.0,10201.0,13.0,Jab,Jab,1,pending,data/raw/Skeleton_data/V10.npy,125,True,True,True,ok,
V10_00126,V10,/Users/krishna/dev/fightflow/data/downloaded-videos/V10.mp4,126,10202.0,10211.0,10.0,Cross,Cross,0,pending,data/raw/Skeleton_data/V10.npy,126,True,True,True,ok,
V10_00127,V10,/Users/krishna/dev/fightflow/data/downloaded-videos/V10.mp4,127,10212.0,10222.0,11.0,Lead Hook,Lead Hook,2,pending,data/raw/Skeleton_data/V10.npy,127,True,True,True,ok,
V10_00128,V10,/Users/krishna/dev/fightflow/data/downloaded-videos/V10.mp4,128,18703.0,18713.0,11.0,Rear Uppercut,Rear Uppercut,5,pending,data/raw/Skeleton_data/V10.npy,128,True,True,True,ok,
V10_00129,V10,/Users/krishna/dev/fightflow/data/downloaded-videos/V10.mp4,129,18714.0,18723.0,10.0,Lead Uppercut,Lead Uppercut,3,pending,data/raw/Skeleton_data/V10.npy,129,True,True,True,ok,
V10_00130,V10,/Users/krishna/dev/fightflow/data/downloaded-videos/V10.mp4,130,18724.0,18732.0,9.0,Rear Uppercut,Rear Uppercut,5,pending,data/raw/Skeleton_data/V10.npy,130,True,True,True,ok,
V10_00131,V10,/Users/krishna/dev/fightflow/data/downloaded-videos/V10.mp4,131,18733.0,18742.0,10.0,Lead Uppercut,Lead Uppercut,3,pending,data/raw/Skeleton_data/V10.npy,131,True,True,True,ok,
V10_00132,V10,/Users/krishna/dev/fightflow/data/downloaded-videos/V10.mp4,132,18743.0,18751.0,9.0,Rear Uppercut,Rear Uppercut,5,pending,data/raw/Skeleton_data/V10.npy,132,True,True,True,ok,
V10_00133,V10,/Users/krishna/dev/fightflow/data/downloaded-videos/V10.mp4,133,18752.0,18762.0,11.0,Lead Uppercut,Lead Uppercut,3,pending,data/raw/Skeleton_data/V10.npy,133,True,True,True,ok,
V10_00134,V10,/Users/krishna/dev/fightflow/data/downloaded-videos/V10.mp4,134,18763.0,18769.0,7.0,Rear Uppercut,Rear Uppercut,5,pending,data/raw/Skeleton_data/V10.npy,134,True,True,True,ok,
V10_00135,V10,/Users/krishna/dev/fightflow/data/downloaded-videos/V10.mp4,135,18770.0,18777.0,8.0,Lead Uppercut,Lead Uppercut,3,pending,data/raw/Skeleton_data/V10.npy,135,True,True,True,ok,
V10_00136,V10,/Users/krishna/dev/fightflow/data/downloaded-videos/V10.mp4,136,20578.0,20592.0,15.0,Rear Hook,Rear Hook,4,pending,data/raw/Skeleton_data/V10.npy,136,True,True,True,ok,
V10_00137,V10,/Users/krishna/dev/fightflow/data/downloaded-videos/V10.mp4,137,20600.0,20611.0,12.0,Lead Hook,Lead Hook,2,pending,data/raw/Skeleton_data/V10.npy,137,True,True,True,ok,
V10_00138,V10,/Users/krishna/dev/fightflow/data/downloaded-videos/V10.mp4,138,20615.0,20629.0,15.0,Rear Hook,Rear Hook,4,pending,data/raw/Skeleton_data/V10.npy,138,True,True,True,ok,
V10_00139,V10,/Users/krishna/dev/fightflow/data/downloaded-videos/V10.mp4,139,20633.0,20647.0,15.0,Lead Hook,Lead Hook,2,pending,data/raw/Skeleton_data/V10.npy,139,True,True,True,ok,
V10_00140,V10,/Users/krishna/dev/fightflow/data/downloaded-videos/V10.mp4,140,20653.0,20665.0,13.0,Rear Hook,Rear Hook,4,pending,data/raw/Skeleton_data/V10.npy,140,True,True,True,ok,
V10_00141,V10,/Users/krishna/dev/fightflow/data/downloaded-videos/V10.mp4,141,20669.0,20683.0,15.0,Lead Hook,Lead Hook,2,pending,data/raw/Skeleton_data/V10.npy,141,True,True,True,ok,
V10_00142,V10,/Users/krishna/dev/fightflow/data/downloaded-videos/V10.mp4,142,20689.0,20702.0,14.0,Rear Hook,Rear Hook,4,pending,data/raw/Skeleton_data/V10.npy,142,True,True,True,ok,
V10_00143,V10,/Users/krishna/dev/fightflow/data/downloaded-videos/V10.mp4,143,20710.0,20719.0,10.0,Lead Hook,Lead Hook,2,pending,data/raw/Skeleton_data/V10.npy,143,True,True,True,ok,
V10_00144,V10,/Users/krishna/dev/fightflow/data/downloaded-videos/V10.mp4,144,20729.0,20737.0,9.0,Rear Uppercut,Rear Uppercut,5,pending,data/raw/Skeleton_data/V10.npy,144,True,True,True,ok,
V10_00145,V10,/Users/krishna/dev/fightflow/data/downloaded-videos/V10.mp4,145,20747.0,20758.0,12.0,Lead Uppercut,Lead Uppercut,3,pending,data/raw/Skeleton_data/V10.npy,145,True,True,True,ok,
V10_00146,V10,/Users/krishna/dev/fightflow/data/downloaded-videos/V10.mp4,146,20766.0,20776.0,11.0,Rear Uppercut,Rear Uppercut,5,pending,data/raw/Skeleton_data/V10.npy,146,True,True,True,ok,
V10_00147,V10,/Users/krishna/dev/fightflow/data/downloaded-videos/V10.mp4,147,20785.0,20796.0,12.0,Lead Uppercut,Lead Uppercut,3,pending,data/raw/Skeleton_data/V10.npy,147,True,True,True,ok,
V10_00148,V10,/Users/krishna/dev/fightflow/data/downloaded-videos/V10.mp4,148,20805.0,20815.0,11.0,Rear Uppercut,Rear Uppercut,5,pending,data/raw/Skeleton_data/V10.npy,148,True,True,True,ok,
V10_00149,V10,/Users/krishna/dev/fightflow/data/downloaded-videos/V10.mp4,149,20824.0,20835.0,12.0,Lead Uppercut,Lead Uppercut,3,pending,data/raw/Skeleton_data/V10.npy,149,True,True,True,ok,
V10_00150,V10,/Users/krishna/dev/fightflow/data/downloaded-videos/V10.mp4,150,20844.0,20855.0,12.0,Rear Uppercut,Rear Uppercut,5,pending,data/raw/Skeleton_data/V10.npy,150,True,True,True,ok,
V10_00151,V10,/Users/krishna/dev/fightflow/data/downloaded-videos/V10.mp4,151,20860.0,20872.0,13.0,Lead Uppercut,Lead Uppercut,3,pending,data/raw/Skeleton_data/V10.npy,151,True,True,True,ok,
V2_00001,V2,/Users/krishna/dev/fightflow/data/downloaded-videos/V2.mp4,0,6675.0,6688.0,14.0,Jab,Jab,1,pending,data/raw/Skeleton_data/V2.npy,0,True,True,True,ok,
V2_00002,V2,/Users/krishna/dev/fightflow/data/downloaded-videos/V2.mp4,1,6689.0,6697.0,9.0,Cross,Cross,0,pending,data/raw/Skeleton_data/V2.npy,1,True,True,True,ok,
V2_00003,V2,/Users/krishna/dev/fightflow/data/downloaded-videos/V2.mp4,2,6698.0,6710.0,13.0,Lead Hook,Lead Hook,2,pending,data/raw/Skeleton_data/V2.npy,2,True,True,True,ok,
V2_00004,V2,/Users/krishna/dev/fightflow/data/downloaded-videos/V2.mp4,3,6722.0,6734.0,13.0,Jab,Jab,1,pending,data/raw/Skeleton_data/V2.npy,3,True,True,True,ok,
V2_00005,V2,/Users/krishna/dev/fightflow/data/downloaded-videos/V2.mp4,4,6735.0,6745.0,11.0,Cross,Cross,0,pending,data/raw/Skeleton_data/V2.npy,4,True,True,True,ok,
V2_00006,V2,/Users/krishna/dev/fightflow/data/downloaded-videos/V2.mp4,5,6746.0,6759.0,14.0,Lead Hook,Lead Hook,2,pending,data/raw/Skeleton_data/V2.npy,5,True,True,True,ok,
V2_00007,V2,/Users/krishna/dev/fightflow/data/downloaded-videos/V2.mp4,6,6772.0,6790.0,19.0,Jab,Jab,1,pending,data/raw/Skeleton_data/V2.npy,6,True,True,True,ok,
V2_00008,V2,/Users/krishna/dev/fightflow/data/downloaded-videos/V2.mp4,7,6791.0,6807.0,17.0,Cross,Cross,0,pending,data/raw/Skeleton_data/V2.npy,7,True,True,True,ok,
V2_00009,V2,/Users/krishna/dev/fightflow/data/downloaded-videos/V2.mp4,8,6808.0,6824.0,17.0,Lead Hook,Lead Hook,2,pending,data/raw/Skeleton_data/V2.npy,8,True,True,True,ok,
V2_00010,V2,/Users/krishna/dev/fightflow/data/downloaded-videos/V2.mp4,9,7255.0,7263.0,9.0,Cross,Cross,0,pending,data/raw/Skeleton_data/V2.npy,9,True,True,True,ok,
V2_00011,V2,/Users/krishna/dev/fightflow/data/downloaded-videos/V2.mp4,10,7264.0,7276.0,13.0,Lead Hook,Lead Hook,2,pending,data/raw/Skeleton_data/V2.npy,10,True,True,True,ok,
V2_00012,V2,/Users/krishna/dev/fightflow/data/downloaded-videos/V2.mp4,11,7287.0,7300.0,14.0,Jab,Jab,1,pending,data/raw/Skeleton_data/V2.npy,11,True,True,True,ok,
V2_00013,V2,/Users/krishna/dev/fightflow/data/downloaded-videos/V2.mp4,12,7301.0,7309.0,9.0,Cross,Cross,0,pending,data/raw/Skeleton_data/V2.npy,12,True,True,True,ok,
V2_00014,V2,/Users/krishna/dev/fightflow/data/downloaded-videos/V2.mp4,13,7310.0,7321.0,12.0,Lead Hook,Lead Hook,2,pending,data/raw/Skeleton_data/V2.npy,13,True,True,True,ok,
V2_00015,V2,/Users/krishna/dev/fightflow/data/downloaded-videos/V2.mp4,14,7332.0,7344.0,13.0,Jab,Jab,1,pending,data/raw/Skeleton_data/V2.npy,14,True,True,True,ok,
V2_00016,V2,/Users/krishna/dev/fightflow/data/downloaded-videos/V2.mp4,15,7345.0,7353.0,9.0,Cross,Cross,0,pending,data/raw/Skeleton_data/V2.npy,15,True,True,True,ok,
V2_00017,V2,/Users/krishna/dev/fightflow/data/downloaded-videos/V2.mp4,16,7354.0,7365.0,12.0,Lead Hook,Lead Hook,2,pending,data/raw/Skeleton_data/V2.npy,16,True,True,True,ok,
V2_00018,V2,/Users/krishna/dev/fightflow/data/downloaded-videos/V2.mp4,17,7374.0,7385.0,12.0,Jab,Jab,1,pending,data/raw/Skeleton_data/V2.npy,17,True,True,True,ok,
V2_00019,V2,/Users/krishna/dev/fightflow/data/downloaded-videos/V2.mp4,18,7386.0,7394.0,9.0,Cross,Cross,0,pending,data/raw/Skeleton_data/V2.npy,18,True,True,True,ok,
V2_00020,V2,/Users/krishna/dev/fightflow/data/downloaded-videos/V2.mp4,19,7395.0,7407.0,13.0,Lead Hook,Lead Hook,2,pending,data/raw/Skeleton_data/V2.npy,19,True,True,True,ok,
V2_00021,V2,/Users/krishna/dev/fightflow/data/downloaded-videos/V2.mp4,20,7410.0,7419.0,10.0,Jab,Jab,1,pending,data/raw/Skeleton_data/V2.npy,20,True,True,True,ok,
V2_00022,V2,/Users/krishna/dev/fightflow/data/downloaded-videos/V2.mp4,21,7420.0,7431.0,12.0,Cross,Cross,0,pending,data/raw/Skeleton_data/V2.npy,21,True,True,True,ok,
V2_00023,V2,/Users/krishna/dev/fightflow/data/downloaded-videos/V2.mp4,22,7432.0,7444.0,13.0,Lead Hook,Lead Hook,2,pending,data/raw/Skeleton_data/V2.npy,22,True,True,True,ok,
V2_00024,V2,/Users/krishna/dev/fightflow/data/downloaded-videos/V2.mp4,23,7450.0,7462.0,13.0,Lead Hook,Lead Hook,2,pending,data/raw/Skeleton_data/V2.npy,23,True,True,True,ok,
V2_00025,V2,/Users/krishna/dev/fightflow/data/downloaded-videos/V2.mp4,24,7475.0,7492.0,18.0,Cross,Cross,0,pending,data/raw/Skeleton_data/V2.npy,24,True,True,True,ok,
V2_00026,V2,/Users/krishna/dev/fightflow/data/downloaded-videos/V2.mp4,25,7493.0,7505.0,13.0,Lead Hook,Lead Hook,2,pending,data/raw/Skeleton_data/V2.npy,25,True,True,True,ok,
V2_00027,V2,/Users/krishna/dev/fightflow/data/downloaded-videos/V2.mp4,26,7506.0,7521.0,16.0,Lead Hook,Lead Hook,2,pending,data/raw/Skeleton_data/V2.npy,26,True,True,True,ok,
V2_00028,V2,/Users/krishna/dev/fightflow/data/downloaded-videos/V2.mp4,27,7550.0,7559.0,10.0,Cross,Cross,0,pending,data/raw/Skeleton_data/V2.npy,27,True,True,True,ok,
V2_00029,V2,/Users/krishna/dev/fightflow/data/downloaded-videos/V2.mp4,28,7560.0,7569.0,10.0,Lead Hook,Lead Hook,2,pending,data/raw/Skeleton_data/V2.npy,28,True,True,True,ok,
V2_00030,V2,/Users/krishna/dev/fightflow/data/downloaded-videos/V2.mp4,29,7574.0,7587.0,14.0,Lead Hook,Lead Hook,2,pending,data/raw/Skeleton_data/V2.npy,29,True,True,True,ok,
V2_00031,V2,/Users/krishna/dev/fightflow/data/downloaded-videos/V2.mp4,30,7922.0,7932.0,11.0,Cross,Cross,0,pending,data/raw/Skeleton_data/V2.npy,30,True,True,True,ok,
V2_00032,V2,/Users/krishna/dev/fightflow/data/downloaded-videos/V2.mp4,31,7933.0,7944.0,12.0,Lead Hook,Lead Hook,2,pending,data/raw/Skeleton_data/V2.npy,31,True,True,True,ok,
V2_00033,V2,/Users/krishna/dev/fightflow/data/downloaded-videos/V2.mp4,32,7947.0,7962.0,16.0,Lead Hook,Lead Hook,2,pending,data/raw/Skeleton_data/V2.npy,32,True,True,True,ok,
V2_00034,V2,/Users/krishna/dev/fightflow/data/downloaded-videos/V2.mp4,33,7977.0,7985.0,9.0,Cross,Cross,0,pending,data/raw/Skeleton_data/V2.npy,33,True,True,True,ok,
V2_00035,V2,/Users/krishna/dev/fightflow/data/downloaded-videos/V2.mp4,34,7986.0,7998.0,13.0,Lead Hook,Lead Hook,2,pending,data/raw/Skeleton_data/V2.npy,34,True,True,True,ok,
V2_00036,V2,/Users/krishna/dev/fightflow/data/downloaded-videos/V2.mp4,35,8000.0,8011.0,12.0,Lead Hook,Lead Hook,2,pending,data/raw/Skeleton_data/V2.npy,35,True,True,True,ok,
V2_00037,V2,/Users/krishna/dev/fightflow/data/downloaded-videos/V2.mp4,36,8024.0,8035.0,12.0,Cross,Cross,0,pending,data/raw/Skeleton_data/V2.npy,36,True,True,True,ok,
V2_00038,V2,/Users/krishna/dev/fightflow/data/downloaded-videos/V2.mp4,37,8036.0,8046.0,11.0,Lead Hook,Lead Hook,2,pending,data/raw/Skeleton_data/V2.npy,37,True,True,True,ok,
V2_00039,V2,/Users/krishna/dev/fightflow/data/downloaded-videos/V2.mp4,38,8051.0,8065.0,15.0,Lead Hook,Lead Hook,2,pending,data/raw/Skeleton_data/V2.npy,38,True,True,True,ok,
V2_00040,V2,/Users/krishna/dev/fightflow/data/downloaded-videos/V2.mp4,39,8074.0,8083.0,10.0,Cross,Cross,0,pending,data/raw/Skeleton_data/V2.npy,39,True,True,True,ok,
V2_00041,V2,/Users/krishna/dev/fightflow/data/downloaded-videos/V2.mp4,40,8084.0,8095.0,12.0,Lead Hook,Lead Hook,2,pending,data/raw/Skeleton_data/V2.npy,40,True,True,True,ok,
V2_00042,V2,/Users/krishna/dev/fightflow/data/downloaded-videos/V2.mp4,41,8096.0,8111.0,16.0,Lead Hook,Lead Hook,2,pending,data/raw/Skeleton_data/V2.npy,41,True,True,True,ok,
V2_00043,V2,/Users/krishna/dev/fightflow/data/downloaded-videos/V2.mp4,42,8129.0,8144.0,16.0,Lead Uppercut,Lead Uppercut,3,pending,data/raw/Skeleton_data/V2.npy,42,True,True,True,ok,
V2_00044,V2,/Users/krishna/dev/fightflow/data/downloaded-videos/V2.mp4,43,8145.0,8156.0,12.0,Rear Uppercut,Rear Uppercut,5,pending,data/raw/Skeleton_data/V2.npy,43,True,True,True,ok,
V2_00045,V2,/Users/krishna/dev/fightflow/data/downloaded-videos/V2.mp4,44,8157.0,8174.0,18.0,Lead Hook,Lead Hook,2,pending,data/raw/Skeleton_data/V2.npy,44,True,True,True,ok,
V2_00046,V2,/Users/krishna/dev/fightflow/data/downloaded-videos/V2.mp4,45,8180.0,8199.0,20.0,Lead Uppercut,Lead Uppercut,3,pending,data/raw/Skeleton_data/V2.npy,45,True,True,True,ok,
V2_00047,V2,/Users/krishna/dev/fightflow/data/downloaded-videos/V2.mp4,46,8200.0,8210.0,11.0,Rear Uppercut,Rear Uppercut,5,pending,data/raw/Skeleton_data/V2.npy,46,True,True,True,ok,
V2_00048,V2,/Users/krishna/dev/fightflow/data/downloaded-videos/V2.mp4,47,8212.0,8226.0,15.0,Lead Hook,Lead Hook,2,pending,data/raw/Skeleton_data/V2.npy,47,True,True,True,ok,
V2_00049,V2,/Users/krishna/dev/fightflow/data/downloaded-videos/V2.mp4,48,8243.0,8255.0,13.0,Lead Uppercut,Lead Uppercut,3,pending,data/raw/Skeleton_data/V2.npy,48,True,True,True,ok,
V2_00050,V2,/Users/krishna/dev/fightflow/data/downloaded-videos/V2.mp4,49,8256.0,8262.0,7.0,Rear Uppercut,Rear Uppercut,5,pending,data/raw/Skeleton_data/V2.npy,49,True,True,True,ok,
V2_00051,V2,/Users/krishna/dev/fightflow/data/downloaded-videos/V2.mp4,50,8263.0,8274.0,12.0,Lead Hook,Lead Hook,2,pending,data/raw/Skeleton_data/V2.npy,50,True,True,True,ok,
V2_00052,V2,/Users/krishna/dev/fightflow/data/downloaded-videos/V2.mp4,51,8633.0,8642.0,10.0,Lead Hook,Lead Hook,2,pending,data/raw/Skeleton_data/V2.npy,51,True,True,True,ok,
V2_00053,V2,/Users/krishna/dev/fightflow/data/downloaded-videos/V2.mp4,52,8643.0,8649.0,7.0,Rear Uppercut,Rear Uppercut,5,pending,data/raw/Skeleton_data/V2.npy,52,True,True,True,ok,
V2_00054,V2,/Users/krishna/dev/fightflow/data/downloaded-videos/V2.mp4,53,8650.0,8663.0,14.0,Lead Hook,Lead Hook,2,pending,data/raw/Skeleton_data/V2.npy,53,True,True,True,ok,
V2_00055,V2,/Users/krishna/dev/fightflow/data/downloaded-videos/V2.mp4,54,8676.0,8689.0,14.0,Lead Uppercut,Lead Uppercut,3,pending,data/raw/Skeleton_data/V2.npy,54,True,True,True,ok,
V2_00056,V2,/Users/krishna/dev/fightflow/data/downloaded-videos/V2.mp4,55,8690.0,8696.0,7.0,Rear Uppercut,Rear Uppercut,5,pending,data/raw/Skeleton_data/V2.npy,55,True,True,True,ok,
V2_00057,V2,/Users/krishna/dev/fightflow/data/downloaded-videos/V2.mp4,56,8697.0,8709.0,13.0,Lead Hook,Lead Hook,2,pending,data/raw/Skeleton_data/V2.npy,56,True,True,True,ok,
V2_00058,V2,/Users/krishna/dev/fightflow/data/downloaded-videos/V2.mp4,57,8719.0,8730.0,12.0,Lead Uppercut,Lead Uppercut,3,pending,data/raw/Skeleton_data/V2.npy,57,True,True,True,ok,
V2_00059,V2,/Users/krishna/dev/fightflow/data/downloaded-videos/V2.mp4,58,8731.0,8737.0,7.0,Rear Uppercut,Rear Uppercut,5,pending,data/raw/Skeleton_data/V2.npy,58,True,True,True,ok,
V2_00060,V2,/Users/krishna/dev/fightflow/data/downloaded-videos/V2.mp4,59,8738.0,8748.0,11.0,Lead Hook,Lead Hook,2,pending,data/raw/Skeleton_data/V2.npy,59,True,True,True,ok,
V2_00061,V2,/Users/krishna/dev/fightflow/data/downloaded-videos/V2.mp4,60,8756.0,8766.0,11.0,Lead Uppercut,Lead Uppercut,3,pending,data/raw/Skeleton_data/V2.npy,60,True,True,True,ok,
V2_00062,V2,/Users/krishna/dev/fightflow/data/downloaded-videos/V2.mp4,61,8767.0,8775.0,9.0,Rear Uppercut,Rear Uppercut,5,pending,data/raw/Skeleton_data/V2.npy,61,True,True,True,ok,
V2_00063,V2,/Users/krishna/dev/fightflow/data/downloaded-videos/V2.mp4,62,8776.0,8787.0,12.0,Lead Hook,Lead Hook,2,pending,data/raw/Skeleton_data/V2.npy,62,True,True,True,ok,
V2_00064,V2,/Users/krishna/dev/fightflow/data/downloaded-videos/V2.mp4,63,8795.0,8803.0,9.0,Lead Uppercut,Lead Uppercut,3,pending,data/raw/Skeleton_data/V2.npy,63,True,True,True,ok,
V2_00065,V2,/Users/krishna/dev/fightflow/data/downloaded-videos/V2.mp4,64,8804.0,8811.0,8.0,Rear Uppercut,Rear Uppercut,5,pending,data/raw/Skeleton_data/V2.npy,64,True,True,True,ok,
V2_00066,V2,/Users/krishna/dev/fightflow/data/downloaded-videos/V2.mp4,65,8812.0,8822.0,11.0,Lead Hook,Lead Hook,2,pending,data/raw/Skeleton_data/V2.npy,65,True,True,True,ok,
V2_00067,V2,/Users/krishna/dev/fightflow/data/downloaded-videos/V2.mp4,66,8827.0,8839.0,13.0,Lead Uppercut,Lead Uppercut,3,pending,data/raw/Skeleton_data/V2.npy,66,True,True,True,ok,
V2_00068,V2,/Users/krishna/dev/fightflow/data/downloaded-videos/V2.mp4,67,8840.0,8850.0,11.0,Rear Uppercut,Rear Uppercut,5,pending,data/raw/Skeleton_data/V2.npy,67,True,True,True,ok,
V2_00069,V2,/Users/krishna/dev/fightflow/data/downloaded-videos/V2.mp4,68,8861.0,8874.0,14.0,Jab,Jab,1,pending,data/raw/Skeleton_data/V2.npy,68,True,True,True,ok,
V2_00070,V2,/Users/krishna/dev/fightflow/data/downloaded-videos/V2.mp4,69,8875.0,8886.0,12.0,Cross,Cross,0,pending,data/raw/Skeleton_data/V2.npy,69,True,True,True,ok,
V2_00071,V2,/Users/krishna/dev/fightflow/data/downloaded-videos/V2.mp4,70,8887.0,8896.0,10.0,Lead Hook,Lead Hook,2,pending,data/raw/Skeleton_data/V2.npy,70,True,True,True,ok,
V2_00072,V2,/Users/krishna/dev/fightflow/data/downloaded-videos/V2.mp4,71,8916.0,8932.0,17.0,Jab,Jab,1,pending,data/raw/Skeleton_data/V2.npy,71,True,True,True,ok,
V2_00073,V2,/Users/krishna/dev/fightflow/data/downloaded-videos/V2.mp4,72,8933.0,8944.0,12.0,Cross,Cross,0,pending,data/raw/Skeleton_data/V2.npy,72,True,True,True,ok,
V2_00074,V2,/Users/krishna/dev/fightflow/data/downloaded-videos/V2.mp4,73,8945.0,8954.0,10.0,Lead Hook,Lead Hook,2,pending,data/raw/Skeleton_data/V2.npy,73,True,True,True,ok,
V2_00075,V2,/Users/krishna/dev/fightflow/data/downloaded-videos/V2.mp4,74,8973.0,8983.0,11.0,Jab,Jab,1,pending,data/raw/Skeleton_data/V2.npy,74,True,True,True,ok,
V2_00076,V2,/Users/krishna/dev/fightflow/data/downloaded-videos/V2.mp4,75,8984.0,8991.0,8.0,Cross,Cross,0,pending,data/raw/Skeleton_data/V2.npy,75,True,True,True,ok,
V2_00077,V2,/Users/krishna/dev/fightflow/data/downloaded-videos/V2.mp4,76,8992.0,9003.0,12.0,Lead Hook,Lead Hook,2,pending,data/raw/Skeleton_data/V2.npy,76,True,True,True,ok,
V2_00078,V2,/Users/krishna/dev/fightflow/data/downloaded-videos/V2.mp4,77,9371.0,9383.0,13.0,Jab,Jab,1,pending,data/raw/Skeleton_data/V2.npy,77,True,True,True,ok,
V2_00079,V2,/Users/krishna/dev/fightflow/data/downloaded-videos/V2.mp4,78,9384.0,9391.0,8.0,Cross,Cross,0,pending,data/raw/Skeleton_data/V2.npy,78,True,True,True,ok,
V2_00080,V2,/Users/krishna/dev/fightflow/data/downloaded-videos/V2.mp4,79,9392.0,9402.0,11.0,Lead Hook,Lead Hook,2,pending,data/raw/Skeleton_data/V2.npy,79,True,True,True,ok,
V2_00081,V2,/Users/krishna/dev/fightflow/data/downloaded-videos/V2.mp4,80,9418.0,9428.0,11.0,Jab,Jab,1,pending,data/raw/Skeleton_data/V2.npy,80,True,True,True,ok,
V2_00082,V2,/Users/krishna/dev/fightflow/data/downloaded-videos/V2.mp4,81,9429.0,9436.0,8.0,Cross,Cross,0,pending,data/raw/Skeleton_data/V2.npy,81,True,True,True,ok,
V2_00083,V2,/Users/krishna/dev/fightflow/data/downloaded-videos/V2.mp4,82,9437.0,9448.0,12.0,Lead Hook,Lead Hook,2,pending,data/raw/Skeleton_data/V2.npy,82,True,True,True,ok,
V2_00084,V2,/Users/krishna/dev/fightflow/data/downloaded-videos/V2.mp4,83,9460.0,9470.0,11.0,Jab,Jab,1,pending,data/raw/Skeleton_data/V2.npy,83,True,True,True,ok,
V2_00085,V2,/Users/krishna/dev/fightflow/data/downloaded-videos/V2.mp4,84,9471.0,9479.0,9.0,Cross,Cross,0,pending,data/raw/Skeleton_data/V2.npy,84,True,True,True,ok,
V2_00086,V2,/Users/krishna/dev/fightflow/data/downloaded-videos/V2.mp4,85,9480.0,9489.0,10.0,Lead Hook,Lead Hook,2,pending,data/raw/Skeleton_data/V2.npy,85,True,True,True,ok,
V2_00087,V2,/Users/krishna/dev/fightflow/data/downloaded-videos/V2.mp4,86,9501.0,9511.0,11.0,Jab,Jab,1,pending,data/raw/Skeleton_data/V2.npy,86,True,True,True,ok,
V2_00088,V2,/Users/krishna/dev/fightflow/data/downloaded-videos/V2.mp4,87,9512.0,9523.0,12.0,Cross,Cross,0,pending,data/raw/Skeleton_data/V2.npy,87,True,True,True,ok,
V2_00089,V2,/Users/krishna/dev/fightflow/data/downloaded-videos/V2.mp4,88,9524.0,9537.0,14.0,Lead Hook,Lead Hook,2,pending,data/raw/Skeleton_data/V2.npy,88,True,True,True,ok,
V2_00090,V2,/Users/krishna/dev/fightflow/data/downloaded-videos/V2.mp4,89,9543.0,9556.0,14.0,Jab,Jab,1,pending,data/raw/Skeleton_data/V2.npy,89,True,True,True,ok,
V2_00091,V2,/Users/krishna/dev/fightflow/data/downloaded-videos/V2.mp4,90,9557.0,9565.0,9.0,Cross,Cross,0,pending,data/raw/Skeleton_data/V2.npy,90,True,True,True,ok,
V2_00092,V2,/Users/krishna/dev/fightflow/data/downloaded-videos/V2.mp4,91,9579.0,9589.0,11.0,Cross,Cross,0,pending,data/raw/Skeleton_data/V2.npy,91,True,True,True,ok,
V2_00093,V2,/Users/krishna/dev/fightflow/data/downloaded-videos/V2.mp4,92,9593.0,9605.0,13.0,Lead Hook,Lead Hook,2,pending,data/raw/Skeleton_data/V2.npy,92,True,True,True,ok,
V2_00094,V2,/Users/krishna/dev/fightflow/data/downloaded-videos/V2.mp4,93,9610.0,9622.0,13.0,Lead Hook,Lead Hook,2,pending,data/raw/Skeleton_data/V2.npy,93,True,True,True,ok,
V2_00095,V2,/Users/krishna/dev/fightflow/data/downloaded-videos/V2.mp4,94,9644.0,9656.0,13.0,Cross,Cross,0,pending,data/raw/Skeleton_data/V2.npy,94,True,True,True,ok,
V2_00096,V2,/Users/krishna/dev/fightflow/data/downloaded-videos/V2.mp4,95,9661.0,9673.0,13.0,Lead Hook,Lead Hook,2,pending,data/raw/Skeleton_data/V2.npy,95,True,True,True,ok,
V2_00097,V2,/Users/krishna/dev/fightflow/data/downloaded-videos/V2.mp4,96,9680.0,9691.0,12.0,Lead Hook,Lead Hook,2,pending,data/raw/Skeleton_data/V2.npy,96,True,True,True,ok,
V2_00098,V2,/Users/krishna/dev/fightflow/data/downloaded-videos/V2.mp4,97,10156.0,10166.0,11.0,Lead Hook,Lead Hook,2,pending,data/raw/Skeleton_data/V2.npy,97,True,True,True,ok,
V2_00099,V2,/Users/krishna/dev/fightflow/data/downloaded-videos/V2.mp4,98,10172.0,10183.0,12.0,Lead Hook,Lead Hook,2,pending,data/raw/Skeleton_data/V2.npy,98,True,True,True,ok,
V2_00100,V2,/Users/krishna/dev/fightflow/data/downloaded-videos/V2.mp4,99,10203.0,10213.0,11.0,Cross,Cross,0,pending,data/raw/Skeleton_data/V2.npy,99,True,True,True,ok,
V2_00101,V2,/Users/krishna/dev/fightflow/data/downloaded-videos/V2.mp4,100,10218.0,10228.0,11.0,Lead Hook,Lead Hook,2,pending,data/raw/Skeleton_data/V2.npy,100,True,True,True,ok,
V2_00102,V2,/Users/krishna/dev/fightflow/data/downloaded-videos/V2.mp4,101,10233.0,10244.0,12.0,Lead Hook,Lead Hook,2,pending,data/raw/Skeleton_data/V2.npy,101,True,True,True,ok,
V2_00103,V2,/Users/krishna/dev/fightflow/data/downloaded-videos/V2.mp4,102,10260.0,10271.0,12.0,Cross,Cross,0,pending,data/raw/Skeleton_data/V2.npy,102,True,True,True,ok,
V2_00104,V2,/Users/krishna/dev/fightflow/data/downloaded-videos/V2.mp4,103,10272.0,10281.0,10.0,Lead Hook,Lead Hook,2,pending,data/raw/Skeleton_data/V2.npy,103,True,True,True,ok,
V2_00105,V2,/Users/krishna/dev/fightflow/data/downloaded-videos/V2.mp4,104,10298.0,10306.0,9.0,Lead Uppercut,Lead Uppercut,3,pending,data/raw/Skeleton_data/V2.npy,104,True,True,True,ok,
V2_00106,V2,/Users/krishna/dev/fightflow/data/downloaded-videos/V2.mp4,105,10307.0,10316.0,10.0,Rear Uppercut,Rear Uppercut,5,pending,data/raw/Skeleton_data/V2.npy,105,True,True,True,ok,
V2_00107,V2,/Users/krishna/dev/fightflow/data/downloaded-videos/V2.mp4,106,10317.0,10328.0,12.0,Lead Hook,Lead Hook,2,pending,data/raw/Skeleton_data/V2.npy,106,True,True,True,ok,
V2_00108,V2,/Users/krishna/dev/fightflow/data/downloaded-videos/V2.mp4,107,10340.0,10350.0,11.0,Lead Uppercut,Lead Uppercut,3,pending,data/raw/Skeleton_data/V2.npy,107,True,True,True,ok,
V2_00109,V2,/Users/krishna/dev/fightflow/data/downloaded-videos/V2.mp4,108,10356.0,10365.0,10.0,Rear Uppercut,Rear Uppercut,5,pending,data/raw/Skeleton_data/V2.npy,108,True,True,True,ok,
V2_00110,V2,/Users/krishna/dev/fightflow/data/downloaded-videos/V2.mp4,109,10366.0,10379.0,14.0,Lead Hook,Lead Hook,2,pending,data/raw/Skeleton_data/V2.npy,109,True,True,True,ok,
V2_00111,V2,/Users/krishna/dev/fightflow/data/downloaded-videos/V2.mp4,110,10399.0,10406.0,8.0,Lead Uppercut,Lead Uppercut,3,pending,data/raw/Skeleton_data/V2.npy,110,True,True,True,ok,
V2_00112,V2,/Users/krishna/dev/fightflow/data/downloaded-videos/V2.mp4,111,10407.0,10413.0,7.0,Rear Uppercut,Rear Uppercut,5,pending,data/raw/Skeleton_data/V2.npy,111,True,True,True,ok,
V2_00113,V2,/Users/krishna/dev/fightflow/data/downloaded-videos/V2.mp4,112,10412.0,10422.0,11.0,Lead Hook,Lead Hook,2,pending,data/raw/Skeleton_data/V2.npy,112,True,True,True,ok,
V2_00114,V2,/Users/krishna/dev/fightflow/data/downloaded-videos/V2.mp4,113,10433.0,10440.0,8.0,Lead Uppercut,Lead Uppercut,3,pending,data/raw/Skeleton_data/V2.npy,113,True,True,True,ok,
V2_00115,V2,/Users/krishna/dev/fightflow/data/downloaded-videos/V2.mp4,114,10441.0,10447.0,7.0,Rear Uppercut,Rear Uppercut,5,pending,data/raw/Skeleton_data/V2.npy,114,True,True,True,ok,
V2_00116,V2,/Users/krishna/dev/fightflow/data/downloaded-videos/V2.mp4,115,10448.0,10456.0,9.0,Lead Hook,Lead Hook,2,pending,data/raw/Skeleton_data/V2.npy,115,True,True,True,ok,
V2_00117,V2,/Users/krishna/dev/fightflow/data/downloaded-videos/V2.mp4,116,10469.0,10476.0,8.0,Lead Uppercut,Lead Uppercut,3,pending,data/raw/Skeleton_data/V2.npy,116,True,True,True,ok,
V2_00118,V2,/Users/krishna/dev/fightflow/data/downloaded-videos/V2.mp4,117,10477.0,10484.0,8.0,Rear Uppercut,Rear Uppercut,5,pending,data/raw/Skeleton_data/V2.npy,117,True,True,True,ok,
V2_00119,V2,/Users/krishna/dev/fightflow/data/downloaded-videos/V2.mp4,118,10485.0,10495.0,11.0,Lead Hook,Lead Hook,2,pending,data/raw/Skeleton_data/V2.npy,118,True,True,True,ok,
V2_00120,V2,/Users/krishna/dev/fightflow/data/downloaded-videos/V2.mp4,119,10933.0,10940.0,8.0,Lead Uppercut,Lead Uppercut,3,pending,data/raw/Skeleton_data/V2.npy,119,True,True,True,ok,
V2_00121,V2,/Users/krishna/dev/fightflow/data/downloaded-videos/V2.mp4,120,10941.0,10948.0,8.0,Rear Uppercut,Rear Uppercut,5,pending,data/raw/Skeleton_data/V2.npy,120,True,True,True,ok,
V2_00122,V2,/Users/krishna/dev/fightflow/data/downloaded-videos/V2.mp4,121,10949.0,10959.0,11.0,Lead Hook,Lead Hook,2,pending,data/raw/Skeleton_data/V2.npy,121,True,True,True,ok,
V2_00123,V2,/Users/krishna/dev/fightflow/data/downloaded-videos/V2.mp4,122,10965.0,10975.0,11.0,Lead Uppercut,Lead Uppercut,3,pending,data/raw/Skeleton_data/V2.npy,122,True,True,True,ok,
V2_00124,V2,/Users/krishna/dev/fightflow/data/downloaded-videos/V2.mp4,123,10976.0,10982.0,7.0,Rear Uppercut,Rear Uppercut,5,pending,data/raw/Skeleton_data/V2.npy,123,True,True,True,ok,
V2_00125,V2,/Users/krishna/dev/fightflow/data/downloaded-videos/V2.mp4,124,10983.0,10992.0,10.0,Lead Hook,Lead Hook,2,pending,data/raw/Skeleton_data/V2.npy,124,True,True,True,ok,
V2_00126,V2,/Users/krishna/dev/fightflow/data/downloaded-videos/V2.mp4,125,12433.0,12444.0,12.0,Jab,Jab,1,pending,data/raw/Skeleton_data/V2.npy,125,True,True,True,ok,
V2_00127,V2,/Users/krishna/dev/fightflow/data/downloaded-videos/V2.mp4,126,12445.0,12455.0,11.0,Cross,Cross,0,pending,data/raw/Skeleton_data/V2.npy,126,True,True,True,ok,
V2_00128,V2,/Users/krishna/dev/fightflow/data/downloaded-videos/V2.mp4,127,12456.0,12470.0,15.0,Jab,Jab,1,pending,data/raw/Skeleton_data/V2.npy,127,True,True,True,ok,
V2_00129,V2,/Users/krishna/dev/fightflow/data/downloaded-videos/V2.mp4,128,12486.0,12496.0,11.0,Jab,Jab,1,pending,data/raw/Skeleton_data/V2.npy,128,True,True,True,ok,
V2_00130,V2,/Users/krishna/dev/fightflow/data/downloaded-videos/V2.mp4,129,12497.0,12504.0,8.0,Cross,Cross,0,pending,data/raw/Skeleton_data/V2.npy,129,True,True,True,ok,
V2_00131,V2,/Users/krishna/dev/fightflow/data/downloaded-videos/V2.mp4,130,12505.0,12520.0,16.0,Jab,Jab,1,pending,data/raw/Skeleton_data/V2.npy,130,True,True,True,ok,
V2_00132,V2,/Users/krishna/dev/fightflow/data/downloaded-videos/V2.mp4,131,12536.0,12545.0,10.0,Jab,Jab,1,pending,data/raw/Skeleton_data/V2.npy,131,True,True,True,ok,
V2_00133,V2,/Users/krishna/dev/fightflow/data/downloaded-videos/V2.mp4,132,12546.0,12553.0,8.0,Cross,Cross,0,pending,data/raw/Skeleton_data/V2.npy,132,True,True,True,ok,
V2_00134,V2,/Users/krishna/dev/fightflow/data/downloaded-videos/V2.mp4,133,12554.0,12567.0,14.0,Jab,Jab,1,pending,data/raw/Skeleton_data/V2.npy,133,True,True,True,ok,
V2_00135,V2,/Users/krishna/dev/fightflow/data/downloaded-videos/V2.mp4,134,12583.0,12592.0,10.0,Jab,Jab,1,pending,data/raw/Skeleton_data/V2.npy,134,True,True,True,ok,
V2_00136,V2,/Users/krishna/dev/fightflow/data/downloaded-videos/V2.mp4,135,12597.0,12608.0,12.0,Jab,Jab,1,pending,data/raw/Skeleton_data/V2.npy,135,True,True,True,ok,
V2_00137,V2,/Users/krishna/dev/fightflow/data/downloaded-videos/V2.mp4,136,12614.0,12623.0,10.0,Jab,Jab,1,pending,data/raw/Skeleton_data/V2.npy,136,True,True,True,ok,
V2_00138,V2,/Users/krishna/dev/fightflow/data/downloaded-videos/V2.mp4,137,12624.0,12632.0,9.0,Cross,Cross,0,pending,data/raw/Skeleton_data/V2.npy,137,True,True,True,ok,
V2_00139,V2,/Users/krishna/dev/fightflow/data/downloaded-videos/V2.mp4,138,13016.0,13027.0,12.0,Jab,Jab,1,pending,data/raw/Skeleton_data/V2.npy,138,True,True,True,ok,
V2_00140,V2,/Users/krishna/dev/fightflow/data/downloaded-videos/V2.mp4,139,13028.0,13035.0,8.0,Cross,Cross,0,pending,data/raw/Skeleton_data/V2.npy,139,True,True,True,ok,
V2_00141,V2,/Users/krishna/dev/fightflow/data/downloaded-videos/V2.mp4,140,13036.0,13050.0,15.0,Jab,Jab,1,pending,data/raw/Skeleton_data/V2.npy,140,True,True,True,ok,
V2_00142,V2,/Users/krishna/dev/fightflow/data/downloaded-videos/V2.mp4,141,13063.0,13073.0,11.0,Jab,Jab,1,pending,data/raw/Skeleton_data/V2.npy,141,True,True,True,ok,
V2_00143,V2,/Users/krishna/dev/fightflow/data/downloaded-videos/V2.mp4,142,13074.0,13082.0,9.0,Cross,Cross,0,pending,data/raw/Skeleton_data/V2.npy,142,True,True,True,ok,
V2_00144,V2,/Users/krishna/dev/fightflow/data/downloaded-videos/V2.mp4,143,13083.0,13097.0,15.0,Jab,Jab,1,pending,data/raw/Skeleton_data/V2.npy,143,True,True,True,ok,
V2_00145,V2,/Users/krishna/dev/fightflow/data/downloaded-videos/V2.mp4,144,13111.0,13121.0,11.0,Jab,Jab,1,pending,data/raw/Skeleton_data/V2.npy,144,True,True,True,ok,
V2_00146,V2,/Users/krishna/dev/fightflow/data/downloaded-videos/V2.mp4,145,13122.0,13131.0,10.0,Cross,Cross,0,pending,data/raw/Skeleton_data/V2.npy,145,True,True,True,ok,
V2_00147,V2,/Users/krishna/dev/fightflow/data/downloaded-videos/V2.mp4,146,13132.0,13148.0,17.0,Jab,Jab,1,pending,data/raw/Skeleton_data/V2.npy,146,True,True,True,ok,
V2_00148,V2,/Users/krishna/dev/fightflow/data/downloaded-videos/V2.mp4,147,13152.0,13162.0,11.0,Rear Uppercut,Rear Uppercut,5,pending,data/raw/Skeleton_data/V2.npy,147,True,True,True,ok,
V2_00149,V2,/Users/krishna/dev/fightflow/data/downloaded-videos/V2.mp4,148,13163.0,13171.0,9.0,Lead Uppercut,Lead Uppercut,3,pending,data/raw/Skeleton_data/V2.npy,148,True,True,True,ok,
V2_00150,V2,/Users/krishna/dev/fightflow/data/downloaded-videos/V2.mp4,149,13172.0,13179.0,8.0,Rear Uppercut,Rear Uppercut,5,pending,data/raw/Skeleton_data/V2.npy,149,True,True,True,ok,
V2_00151,V2,/Users/krishna/dev/fightflow/data/downloaded-videos/V2.mp4,150,13180.0,13187.0,8.0,Lead Uppercut,Lead Uppercut,3,pending,data/raw/Skeleton_data/V2.npy,150,True,True,True,ok,
V2_00152,V2,/Users/krishna/dev/fightflow/data/downloaded-videos/V2.mp4,151,13188.0,13194.0,7.0,Rear Uppercut,Rear Uppercut,5,pending,data/raw/Skeleton_data/V2.npy,151,True,True,True,ok,
V2_00153,V2,/Users/krishna/dev/fightflow/data/downloaded-videos/V2.mp4,152,13195.0,13201.0,7.0,Lead Uppercut,Lead Uppercut,3,pending,data/raw/Skeleton_data/V2.npy,152,True,True,True,ok,
V2_00154,V2,/Users/krishna/dev/fightflow/data/downloaded-videos/V2.mp4,153,13202.0,13208.0,7.0,Rear Uppercut,Rear Uppercut,5,pending,data/raw/Skeleton_data/V2.npy,153,True,True,True,ok,
V2_00155,V2,/Users/krishna/dev/fightflow/data/downloaded-videos/V2.mp4,154,13210.0,13218.0,9.0,Lead Uppercut,Lead Uppercut,3,pending,data/raw/Skeleton_data/V2.npy,154,True,True,True,ok,
V2_00156,V2,/Users/krishna/dev/fightflow/data/downloaded-videos/V2.mp4,155,13219.0,13226.0,8.0,Rear Uppercut,Rear Uppercut,5,pending,data/raw/Skeleton_data/V2.npy,155,True,True,True,ok,
V2_00157,V2,/Users/krishna/dev/fightflow/data/downloaded-videos/V2.mp4,156,13227.0,13234.0,8.0,Lead Uppercut,Lead Uppercut,3,pending,data/raw/Skeleton_data/V2.npy,156,True,True,True,ok,
V2_00158,V2,/Users/krishna/dev/fightflow/data/downloaded-videos/V2.mp4,157,13235.0,13241.0,7.0,Rear Uppercut,Rear Uppercut,5,pending,data/raw/Skeleton_data/V2.npy,157,True,True,True,ok,
V2_00159,V2,/Users/krishna/dev/fightflow/data/downloaded-videos/V2.mp4,158,13242.0,13249.0,8.0,Lead Uppercut,Lead Uppercut,3,pending,data/raw/Skeleton_data/V2.npy,158,True,True,True,ok,
V2_00160,V2,/Users/krishna/dev/fightflow/data/downloaded-videos/V2.mp4,159,13250.0,13258.0,9.0,Rear Uppercut,Rear Uppercut,5,pending,data/raw/Skeleton_data/V2.npy,159,True,True,True,ok,
V2_00161,V2,/Users/krishna/dev/fightflow/data/downloaded-videos/V2.mp4,160,13259.0,13267.0,9.0,Lead Uppercut,Lead Uppercut,3,pending,data/raw/Skeleton_data/V2.npy,160,True,True,True,ok,
V2_00162,V2,/Users/krishna/dev/fightflow/data/downloaded-videos/V2.mp4,161,13268.0,13275.0,8.0,Rear Uppercut,Rear Uppercut,5,pending,data/raw/Skeleton_data/V2.npy,161,True,True,True,ok,
V2_00163,V2,/Users/krishna/dev/fightflow/data/downloaded-videos/V2.mp4,162,13276.0,13283.0,8.0,Lead Uppercut,Lead Uppercut,3,pending,data/raw/Skeleton_data/V2.npy,162,True,True,True,ok,
V2_00164,V2,/Users/krishna/dev/fightflow/data/downloaded-videos/V2.mp4,163,13284.0,13289.0,6.0,Rear Uppercut,Rear Uppercut,5,pending,data/raw/Skeleton_data/V2.npy,163,True,True,True,ok,
V2_00165,V2,/Users/krishna/dev/fightflow/data/downloaded-videos/V2.mp4,164,13290.0,13298.0,9.0,Lead Uppercut,Lead Uppercut,3,pending,data/raw/Skeleton_data/V2.npy,164,True,True,True,ok,
V2_00166,V2,/Users/krishna/dev/fightflow/data/downloaded-videos/V2.mp4,165,13299.0,13306.0,8.0,Rear Uppercut,Rear Uppercut,5,pending,data/raw/Skeleton_data/V2.npy,165,True,True,True,ok,
V2_00167,V2,/Users/krishna/dev/fightflow/data/downloaded-videos/V2.mp4,166,13307.0,13314.0,8.0,Lead Uppercut,Lead Uppercut,3,pending,data/raw/Skeleton_data/V2.npy,166,True,True,True,ok,
V2_00168,V2,/Users/krishna/dev/fightflow/data/downloaded-videos/V2.mp4,167,13315.0,13321.0,7.0,Rear Uppercut,Rear Uppercut,5,pending,data/raw/Skeleton_data/V2.npy,167,True,True,True,ok,
V2_00169,V2,/Users/krishna/dev/fightflow/data/downloaded-videos/V2.mp4,168,13322.0,13330.0,9.0,Lead Uppercut,Lead Uppercut,3,pending,data/raw/Skeleton_data/V2.npy,168,True,True,True,ok,
V2_00170,V2,/Users/krishna/dev/fightflow/data/downloaded-videos/V2.mp4,169,13331.0,13337.0,7.0,Rear Uppercut,Rear Uppercut,5,pending,data/raw/Skeleton_data/V2.npy,169,True,True,True,ok,
V2_00171,V2,/Users/krishna/dev/fightflow/data/downloaded-videos/V2.mp4,170,13338.0,13344.0,7.0,Lead Uppercut,Lead Uppercut,3,pending,data/raw/Skeleton_data/V2.npy,170,True,True,True,ok,
V2_00172,V2,/Users/krishna/dev/fightflow/data/downloaded-videos/V2.mp4,171,13345.0,13352.0,8.0,Rear Uppercut,Rear Uppercut,5,pending,data/raw/Skeleton_data/V2.npy,171,True,True,True,ok,
V2_00173,V2,/Users/krishna/dev/fightflow/data/downloaded-videos/V2.mp4,172,13353.0,13360.0,8.0,Lead Uppercut,Lead Uppercut,3,pending,data/raw/Skeleton_data/V2.npy,172,True,True,True,ok,
V2_00174,V2,/Users/krishna/dev/fightflow/data/downloaded-videos/V2.mp4,173,13706.0,13713.0,8.0,Rear Uppercut,Rear Uppercut,5,pending,data/raw/Skeleton_data/V2.npy,173,True,True,True,ok,
V2_00175,V2,/Users/krishna/dev/fightflow/data/downloaded-videos/V2.mp4,174,13714.0,13719.0,6.0,Lead Uppercut,Lead Uppercut,3,pending,data/raw/Skeleton_data/V2.npy,174,True,True,True,ok,
V2_00176,V2,/Users/krishna/dev/fightflow/data/downloaded-videos/V2.mp4,175,13720.0,13727.0,8.0,Rear Uppercut,Rear Uppercut,5,pending,data/raw/Skeleton_data/V2.npy,175,True,True,True,ok,
V2_00177,V2,/Users/krishna/dev/fightflow/data/downloaded-videos/V2.mp4,176,13728.0,13733.0,6.0,Lead Uppercut,Lead Uppercut,3,pending,data/raw/Skeleton_data/V2.npy,176,True,True,True,ok,
V2_00178,V2,/Users/krishna/dev/fightflow/data/downloaded-videos/V2.mp4,177,13734.0,13741.0,8.0,Rear Uppercut,Rear Uppercut,5,pending,data/raw/Skeleton_data/V2.npy,177,True,True,True,ok,
V2_00179,V2,/Users/krishna/dev/fightflow/data/downloaded-videos/V2.mp4,178,13742.0,13747.0,6.0,Lead Uppercut,Lead Uppercut,3,pending,data/raw/Skeleton_data/V2.npy,178,True,True,True,ok,
V2_00180,V2,/Users/krishna/dev/fightflow/data/downloaded-videos/V2.mp4,179,13748.0,13755.0,8.0,Rear Uppercut,Rear Uppercut,5,pending,data/raw/Skeleton_data/V2.npy,179,True,True,True,ok,
V2_00181,V2,/Users/krishna/dev/fightflow/data/downloaded-videos/V2.mp4,180,13756.0,13762.0,7.0,Lead Uppercut,Lead Uppercut,3,pending,data/raw/Skeleton_data/V2.npy,180,True,True,True,ok,
V2_00182,V2,/Users/krishna/dev/fightflow/data/downloaded-videos/V2.mp4,181,13763.0,13768.0,6.0,Rear Uppercut,Rear Uppercut,5,pending,data/raw/Skeleton_data/V2.npy,181,True,True,True,ok,
V2_00183,V2,/Users/krishna/dev/fightflow/data/downloaded-videos/V2.mp4,182,13769.0,13774.0,6.0,Lead Uppercut,Lead Uppercut,3,pending,data/raw/Skeleton_data/V2.npy,182,True,True,True,ok,
V2_00184,V2,/Users/krishna/dev/fightflow/data/downloaded-videos/V2.mp4,183,13775.0,13781.0,7.0,Rear Uppercut,Rear Uppercut,5,pending,data/raw/Skeleton_data/V2.npy,183,True,True,True,ok,
V2_00185,V2,/Users/krishna/dev/fightflow/data/downloaded-videos/V2.mp4,184,13782.0,13788.0,7.0,Lead Uppercut,Lead Uppercut,3,pending,data/raw/Skeleton_data/V2.npy,184,True,True,True,ok,
V2_00186,V2,/Users/krishna/dev/fightflow/data/downloaded-videos/V2.mp4,185,13789.0,13795.0,7.0,Rear Uppercut,Rear Uppercut,5,pending,data/raw/Skeleton_data/V2.npy,185,True,True,True,ok,
V2_00187,V2,/Users/krishna/dev/fightflow/data/downloaded-videos/V2.mp4,186,13796.0,13802.0,7.0,Lead Uppercut,Lead Uppercut,3,pending,data/raw/Skeleton_data/V2.npy,186,True,True,True,ok,
V2_00188,V2,/Users/krishna/dev/fightflow/data/downloaded-videos/V2.mp4,187,13803.0,13809.0,7.0,Rear Uppercut,Rear Uppercut,5,pending,data/raw/Skeleton_data/V2.npy,187,True,True,True,ok,
V2_00189,V2,/Users/krishna/dev/fightflow/data/downloaded-videos/V2.mp4,188,13810.0,13817.0,8.0,Lead Uppercut,Lead Uppercut,3,pending,data/raw/Skeleton_data/V2.npy,188,True,True,True,ok,
V2_00190,V2,/Users/krishna/dev/fightflow/data/downloaded-videos/V2.mp4,189,13818.0,13823.0,6.0,Rear Uppercut,Rear Uppercut,5,pending,data/raw/Skeleton_data/V2.npy,189,True,True,True,ok,
V2_00191,V2,/Users/krishna/dev/fightflow/data/downloaded-videos/V2.mp4,190,13824.0,13830.0,7.0,Lead Uppercut,Lead Uppercut,3,pending,data/raw/Skeleton_data/V2.npy,190,True,True,True,ok,
V2_00192,V2,/Users/krishna/dev/fightflow/data/downloaded-videos/V2.mp4,191,13831.0,13838.0,8.0,Rear Uppercut,Rear Uppercut,5,pending,data/raw/Skeleton_data/V2.npy,191,True,True,True,ok,
V2_00193,V2,/Users/krishna/dev/fightflow/data/downloaded-videos/V2.mp4,192,13839.0,13844.0,6.0,Lead Uppercut,Lead Uppercut,3,pending,data/raw/Skeleton_data/V2.npy,192,True,True,True,ok,
V2_00194,V2,/Users/krishna/dev/fightflow/data/downloaded-videos/V2.mp4,193,13845.0,13852.0,8.0,Rear Uppercut,Rear Uppercut,5,pending,data/raw/Skeleton_data/V2.npy,193,True,True,True,ok,
V2_00195,V2,/Users/krishna/dev/fightflow/data/downloaded-videos/V2.mp4,194,13853.0,13861.0,9.0,Lead Uppercut,Lead Uppercut,3,pending,data/raw/Skeleton_data/V2.npy,194,True,True,True,ok,
V2_00196,V2,/Users/krishna/dev/fightflow/data/downloaded-videos/V2.mp4,195,13862.0,13868.0,7.0,Rear Uppercut,Rear Uppercut,5,pending,data/raw/Skeleton_data/V2.npy,195,True,True,True,ok,
V2_00197,V2,/Users/krishna/dev/fightflow/data/downloaded-videos/V2.mp4,196,13869.0,13876.0,8.0,Lead Uppercut,Lead Uppercut,3,pending,data/raw/Skeleton_data/V2.npy,196,True,True,True,ok,
V2_00198,V2,/Users/krishna/dev/fightflow/data/downloaded-videos/V2.mp4,197,13877.0,13883.0,7.0,Rear Uppercut,Rear Uppercut,5,pending,data/raw/Skeleton_data/V2.npy,197,True,True,True,ok,
V2_00199,V2,/Users/krishna/dev/fightflow/data/downloaded-videos/V2.mp4,198,13884.0,13892.0,9.0,Lead Uppercut,Lead Uppercut,3,pending,data/raw/Skeleton_data/V2.npy,198,True,True,True,ok,
V2_00200,V2,/Users/krishna/dev/fightflow/data/downloaded-videos/V2.mp4,199,13893.0,13899.0,7.0,Rear Uppercut,Rear Uppercut,5,pending,data/raw/Skeleton_data/V2.npy,199,True,True,True,ok,
V2_00201,V2,/Users/krishna/dev/fightflow/data/downloaded-videos/V2.mp4,200,13900.0,13906.0,7.0,Lead Uppercut,Lead Uppercut,3,pending,data/raw/Skeleton_data/V2.npy,200,True,True,True,ok,
V2_00202,V2,/Users/krishna/dev/fightflow/data/downloaded-videos/V2.mp4,201,13907.0,13914.0,8.0,Rear Uppercut,Rear Uppercut,5,pending,data/raw/Skeleton_data/V2.npy,201,True,True,True,ok,
V2_00203,V2,/Users/krishna/dev/fightflow/data/downloaded-videos/V2.mp4,202,13915.0,13921.0,7.0,Lead Uppercut,Lead Uppercut,3,pending,data/raw/Skeleton_data/V2.npy,202,True,True,True,ok,
V2_00204,V2,/Users/krishna/dev/fightflow/data/downloaded-videos/V2.mp4,203,13922.0,13929.0,8.0,Rear Uppercut,Rear Uppercut,5,pending,data/raw/Skeleton_data/V2.npy,203,True,True,True,ok,
V2_00205,V2,/Users/krishna/dev/fightflow/data/downloaded-videos/V2.mp4,204,13930.0,13935.0,6.0,Lead Uppercut,Lead Uppercut,3,pending,data/raw/Skeleton_data/V2.npy,204,True,True,True,ok,
V2_00206,V2,/Users/krishna/dev/fightflow/data/downloaded-videos/V2.mp4,205,13936.0,13943.0,8.0,Rear Uppercut,Rear Uppercut,5,pending,data/raw/Skeleton_data/V2.npy,205,True,True,True,ok,
V2_00207,V2,/Users/krishna/dev/fightflow/data/downloaded-videos/V2.mp4,206,13944.0,13950.0,7.0,Lead Uppercut,Lead Uppercut,3,pending,data/raw/Skeleton_data/V2.npy,206,True,True,True,ok,
V2_00208,V2,/Users/krishna/dev/fightflow/data/downloaded-videos/V2.mp4,207,13951.0,13957.0,7.0,Rear Uppercut,Rear Uppercut,5,pending,data/raw/Skeleton_data/V2.npy,207,True,True,True,ok,
V2_00209,V2,/Users/krishna/dev/fightflow/data/downloaded-videos/V2.mp4,208,13958.0,13963.0,6.0,Lead Uppercut,Lead Uppercut,3,pending,data/raw/Skeleton_data/V2.npy,208,True,True,True,ok,
V2_00210,V2,/Users/krishna/dev/fightflow/data/downloaded-videos/V2.mp4,209,13964.0,13970.0,7.0,Rear Uppercut,Rear Uppercut,5,pending,data/raw/Skeleton_data/V2.npy,209,True,True,True,ok,
V2_00211,V2,/Users/krishna/dev/fightflow/data/downloaded-videos/V2.mp4,210,13971.0,13978.0,8.0,Lead Uppercut,Lead Uppercut,3,pending,data/raw/Skeleton_data/V2.npy,210,True,True,True,ok,
V2_00212,V2,/Users/krishna/dev/fightflow/data/downloaded-videos/V2.mp4,211,13979.0,13985.0,7.0,Rear Uppercut,Rear Uppercut,5,pending,data/raw/Skeleton_data/V2.npy,211,True,True,True,ok,
V2_00213,V2,/Users/krishna/dev/fightflow/data/downloaded-videos/V2.mp4,212,13986.0,13993.0,8.0,Lead Uppercut,Lead Uppercut,3,pending,data/raw/Skeleton_data/V2.npy,212,True,True,True,ok,
V2_00214,V2,/Users/krishna/dev/fightflow/data/downloaded-videos/V2.mp4,213,13994.0,13999.0,6.0,Rear Uppercut,Rear Uppercut,5,pending,data/raw/Skeleton_data/V2.npy,213,True,True,True,ok,
V2_00215,V2,/Users/krishna/dev/fightflow/data/downloaded-videos/V2.mp4,214,14000.0,14007.0,8.0,Lead Uppercut,Lead Uppercut,3,pending,data/raw/Skeleton_data/V2.npy,214,True,True,True,ok,
V2_00216,V2,/Users/krishna/dev/fightflow/data/downloaded-videos/V2.mp4,215,14008.0,14013.0,6.0,Rear Uppercut,Rear Uppercut,5,pending,data/raw/Skeleton_data/V2.npy,215,True,True,True,ok,
V2_00217,V2,/Users/krishna/dev/fightflow/data/downloaded-videos/V2.mp4,216,14014.0,14020.0,7.0,Lead Uppercut,Lead Uppercut,3,pending,data/raw/Skeleton_data/V2.npy,216,True,True,True,ok,
V2_00218,V2,/Users/krishna/dev/fightflow/data/downloaded-videos/V2.mp4,217,14021.0,14027.0,7.0,Rear Uppercut,Rear Uppercut,5,pending,data/raw/Skeleton_data/V2.npy,217,True,True,True,ok,
V2_00219,V2,/Users/krishna/dev/fightflow/data/downloaded-videos/V2.mp4,218,14028.0,14033.0,6.0,Lead Uppercut,Lead Uppercut,3,pending,data/raw/Skeleton_data/V2.npy,218,True,True,True,ok,
V2_00220,V2,/Users/krishna/dev/fightflow/data/downloaded-videos/V2.mp4,219,14034.0,14040.0,7.0,Rear Uppercut,Rear Uppercut,5,pending,data/raw/Skeleton_data/V2.npy,219,True,True,True,ok,
V2_00221,V2,/Users/krishna/dev/fightflow/data/downloaded-videos/V2.mp4,220,14041.0,14047.0,7.0,Lead Uppercut,Lead Uppercut,3,pending,data/raw/Skeleton_data/V2.npy,220,True,True,True,ok,
V2_00222,V2,/Users/krishna/dev/fightflow/data/downloaded-videos/V2.mp4,221,14048.0,14054.0,7.0,Rear Uppercut,Rear Uppercut,5,pending,data/raw/Skeleton_data/V2.npy,221,True,True,True,ok,
V2_00223,V2,/Users/krishna/dev/fightflow/data/downloaded-videos/V2.mp4,222,14055.0,14061.0,7.0,Lead Uppercut,Lead Uppercut,3,pending,data/raw/Skeleton_data/V2.npy,222,True,True,True,ok,
V2_00224,V2,/Users/krishna/dev/fightflow/data/downloaded-videos/V2.mp4,223,14509.0,14516.0,8.0,Lead Uppercut,Lead Uppercut,3,pending,data/raw/Skeleton_data/V2.npy,223,True,True,True,ok,
V2_00225,V2,/Users/krishna/dev/fightflow/data/downloaded-videos/V2.mp4,224,14517.0,14524.0,8.0,Rear Uppercut,Rear Uppercut,5,pending,data/raw/Skeleton_data/V2.npy,224,True,True,True,ok,
V2_00226,V2,/Users/krishna/dev/fightflow/data/downloaded-videos/V2.mp4,225,14525.0,14531.0,7.0,Lead Uppercut,Lead Uppercut,3,pending,data/raw/Skeleton_data/V2.npy,225,True,True,True,ok,
V2_00227,V2,/Users/krishna/dev/fightflow/data/downloaded-videos/V2.mp4,226,14532.0,14539.0,8.0,Rear Uppercut,Rear Uppercut,5,pending,data/raw/Skeleton_data/V2.npy,226,True,True,True,ok,
V2_00228,V2,/Users/krishna/dev/fightflow/data/downloaded-videos/V2.mp4,227,14540.0,14547.0,8.0,Lead Uppercut,Lead Uppercut,3,pending,data/raw/Skeleton_data/V2.npy,227,True,True,True,ok,
V2_00229,V2,/Users/krishna/dev/fightflow/data/downloaded-videos/V2.mp4,228,14548.0,14554.0,7.0,Rear Uppercut,Rear Uppercut,5,pending,data/raw/Skeleton_data/V2.npy,228,True,True,True,ok,
V2_00230,V2,/Users/krishna/dev/fightflow/data/downloaded-videos/V2.mp4,229,14555.0,14561.0,7.0,Lead Uppercut,Lead Uppercut,3,pending,data/raw/Skeleton_data/V2.npy,229,True,True,True,ok,
V2_00231,V2,/Users/krishna/dev/fightflow/data/downloaded-videos/V2.mp4,230,14562.0,14569.0,8.0,Rear Uppercut,Rear Uppercut,5,pending,data/raw/Skeleton_data/V2.npy,230,True,True,True,ok,
V2_00232,V2,/Users/krishna/dev/fightflow/data/downloaded-videos/V2.mp4,231,14570.0,14577.0,8.0,Lead Uppercut,Lead Uppercut,3,pending,data/raw/Skeleton_data/V2.npy,231,True,True,True,ok,
V3_00001,V3,/Users/krishna/dev/fightflow/data/downloaded-videos/V3.mp4,0,4444.0,4457.0,14.0,Jab,Jab,1,pending,data/raw/Skeleton_data/V3.npy,0,True,True,True,ok,
V3_00002,V3,/Users/krishna/dev/fightflow/data/downloaded-videos/V3.mp4,1,4458.0,4469.0,12.0,Cross,Cross,0,pending,data/raw/Skeleton_data/V3.npy,1,True,True,True,ok,
V3_00003,V3,/Users/krishna/dev/fightflow/data/downloaded-videos/V3.mp4,2,4483.0,4494.0,12.0,Lead Uppercut,Lead Uppercut,3,pending,data/raw/Skeleton_data/V3.npy,2,True,True,True,ok,
V3_00004,V3,/Users/krishna/dev/fightflow/data/downloaded-videos/V3.mp4,3,4939.0,4947.0,9.0,Jab,Jab,1,pending,data/raw/Skeleton_data/V3.npy,3,True,True,True,ok,
V3_00005,V3,/Users/krishna/dev/fightflow/data/downloaded-videos/V3.mp4,4,4948.0,4955.0,8.0,Cross,Cross,0,pending,data/raw/Skeleton_data/V3.npy,4,True,True,True,ok,
V3_00006,V3,/Users/krishna/dev/fightflow/data/downloaded-videos/V3.mp4,5,4956.0,4963.0,8.0,Jab,Jab,1,pending,data/raw/Skeleton_data/V3.npy,5,True,True,True,ok,
V3_00007,V3,/Users/krishna/dev/fightflow/data/downloaded-videos/V3.mp4,6,4964.0,4970.0,7.0,Cross,Cross,0,pending,data/raw/Skeleton_data/V3.npy,6,True,True,True,ok,
V3_00008,V3,/Users/krishna/dev/fightflow/data/downloaded-videos/V3.mp4,7,4971.0,4978.0,8.0,Jab,Jab,1,pending,data/raw/Skeleton_data/V3.npy,7,True,True,True,ok,
V3_00009,V3,/Users/krishna/dev/fightflow/data/downloaded-videos/V3.mp4,8,4979.0,4987.0,9.0,Cross,Cross,0,pending,data/raw/Skeleton_data/V3.npy,8,True,True,True,ok,
V3_00010,V3,/Users/krishna/dev/fightflow/data/downloaded-videos/V3.mp4,9,4988.0,4995.0,8.0,Jab,Jab,1,pending,data/raw/Skeleton_data/V3.npy,9,True,True,True,ok,
V3_00011,V3,/Users/krishna/dev/fightflow/data/downloaded-videos/V3.mp4,10,4996.0,5003.0,8.0,Cross,Cross,0,pending,data/raw/Skeleton_data/V3.npy,10,True,True,True,ok,
V3_00012,V3,/Users/krishna/dev/fightflow/data/downloaded-videos/V3.mp4,11,5004.0,5012.0,9.0,Jab,Jab,1,pending,data/raw/Skeleton_data/V3.npy,11,True,True,True,ok,
V3_00013,V3,/Users/krishna/dev/fightflow/data/downloaded-videos/V3.mp4,12,5013.0,5019.0,7.0,Cross,Cross,0,pending,data/raw/Skeleton_data/V3.npy,12,True,True,True,ok,
V3_00014,V3,/Users/krishna/dev/fightflow/data/downloaded-videos/V3.mp4,13,5020.0,5028.0,9.0,Jab,Jab,1,pending,data/raw/Skeleton_data/V3.npy,13,True,True,True,ok,
V3_00015,V3,/Users/krishna/dev/fightflow/data/downloaded-videos/V3.mp4,14,5029.0,5036.0,8.0,Cross,Cross,0,pending,data/raw/Skeleton_data/V3.npy,14,True,True,True,ok,
V3_00016,V3,/Users/krishna/dev/fightflow/data/downloaded-videos/V3.mp4,15,5037.0,5045.0,9.0,Jab,Jab,1,pending,data/raw/Skeleton_data/V3.npy,15,True,True,True,ok,
V3_00017,V3,/Users/krishna/dev/fightflow/data/downloaded-videos/V3.mp4,16,5046.0,5053.0,8.0,Cross,Cross,0,pending,data/raw/Skeleton_data/V3.npy,16,True,True,True,ok,
V3_00018,V3,/Users/krishna/dev/fightflow/data/downloaded-videos/V3.mp4,17,5054.0,5061.0,8.0,Jab,Jab,1,pending,data/raw/Skeleton_data/V3.npy,17,True,True,True,ok,
V3_00019,V3,/Users/krishna/dev/fightflow/data/downloaded-videos/V3.mp4,18,5062.0,5069.0,8.0,Cross,Cross,0,pending,data/raw/Skeleton_data/V3.npy,18,True,True,True,ok,
V3_00020,V3,/Users/krishna/dev/fightflow/data/downloaded-videos/V3.mp4,19,5070.0,5076.0,7.0,Jab,Jab,1,pending,data/raw/Skeleton_data/V3.npy,19,True,True,True,ok,
V3_00021,V3,/Users/krishna/dev/fightflow/data/downloaded-videos/V3.mp4,20,5077.0,5084.0,8.0,Cross,Cross,0,pending,data/raw/Skeleton_data/V3.npy,20,True,True,True,ok,
V3_00022,V3,/Users/krishna/dev/fightflow/data/downloaded-videos/V3.mp4,21,5085.0,5092.0,8.0,Jab,Jab,1,pending,data/raw/Skeleton_data/V3.npy,21,True,True,True,ok,
V3_00023,V3,/Users/krishna/dev/fightflow/data/downloaded-videos/V3.mp4,22,5093.0,5099.0,7.0,Cross,Cross,0,pending,data/raw/Skeleton_data/V3.npy,22,True,True,True,ok,
V3_00024,V3,/Users/krishna/dev/fightflow/data/downloaded-videos/V3.mp4,23,5100.0,5107.0,8.0,Jab,Jab,1,pending,data/raw/Skeleton_data/V3.npy,23,True,True,True,ok,
V3_00025,V3,/Users/krishna/dev/fightflow/data/downloaded-videos/V3.mp4,24,5108.0,5115.0,8.0,Cross,Cross,0,pending,data/raw/Skeleton_data/V3.npy,24,True,True,True,ok,
V3_00026,V3,/Users/krishna/dev/fightflow/data/downloaded-videos/V3.mp4,25,5116.0,5123.0,8.0,Jab,Jab,1,pending,data/raw/Skeleton_data/V3.npy,25,True,True,True,ok,
V3_00027,V3,/Users/krishna/dev/fightflow/data/downloaded-videos/V3.mp4,26,5124.0,5131.0,8.0,Cross,Cross,0,pending,data/raw/Skeleton_data/V3.npy,26,True,True,True,ok,
V3_00028,V3,/Users/krishna/dev/fightflow/data/downloaded-videos/V3.mp4,27,5132.0,5139.0,8.0,Jab,Jab,1,pending,data/raw/Skeleton_data/V3.npy,27,True,True,True,ok,
V3_00029,V3,/Users/krishna/dev/fightflow/data/downloaded-videos/V3.mp4,28,5140.0,5147.0,8.0,Cross,Cross,0,pending,data/raw/Skeleton_data/V3.npy,28,True,True,True,ok,
V3_00030,V3,/Users/krishna/dev/fightflow/data/downloaded-videos/V3.mp4,29,5148.0,5155.0,8.0,Jab,Jab,1,pending,data/raw/Skeleton_data/V3.npy,29,True,True,True,ok,
V3_00031,V3,/Users/krishna/dev/fightflow/data/downloaded-videos/V3.mp4,30,5156.0,5163.0,8.0,Cross,Cross,0,pending,data/raw/Skeleton_data/V3.npy,30,True,True,True,ok,
V3_00032,V3,/Users/krishna/dev/fightflow/data/downloaded-videos/V3.mp4,31,5164.0,5172.0,9.0,Jab,Jab,1,pending,data/raw/Skeleton_data/V3.npy,31,True,True,True,ok,
V3_00033,V3,/Users/krishna/dev/fightflow/data/downloaded-videos/V3.mp4,32,5173.0,5180.0,8.0,Cross,Cross,0,pending,data/raw/Skeleton_data/V3.npy,32,True,True,True,ok,
V3_00034,V3,/Users/krishna/dev/fightflow/data/downloaded-videos/V3.mp4,33,5181.0,5188.0,8.0,Jab,Jab,1,pending,data/raw/Skeleton_data/V3.npy,33,True,True,True,ok,
V3_00035,V3,/Users/krishna/dev/fightflow/data/downloaded-videos/V3.mp4,34,5189.0,5197.0,9.0,Cross,Cross,0,pending,data/raw/Skeleton_data/V3.npy,34,True,True,True,ok,
V3_00036,V3,/Users/krishna/dev/fightflow/data/downloaded-videos/V3.mp4,35,5198.0,5205.0,8.0,Jab,Jab,1,pending,data/raw/Skeleton_data/V3.npy,35,True,True,True,ok,
V3_00037,V3,/Users/krishna/dev/fightflow/data/downloaded-videos/V3.mp4,36,5206.0,5215.0,10.0,Cross,Cross,0,pending,data/raw/Skeleton_data/V3.npy,36,True,True,True,ok,
V3_00038,V3,/Users/krishna/dev/fightflow/data/downloaded-videos/V3.mp4,37,5216.0,5223.0,8.0,Jab,Jab,1,pending,data/raw/Skeleton_data/V3.npy,37,True,True,True,ok,
V3_00039,V3,/Users/krishna/dev/fightflow/data/downloaded-videos/V3.mp4,38,5224.0,5232.0,9.0,Cross,Cross,0,pending,data/raw/Skeleton_data/V3.npy,38,True,True,True,ok,
V3_00040,V3,/Users/krishna/dev/fightflow/data/downloaded-videos/V3.mp4,39,5233.0,5241.0,9.0,Jab,Jab,1,pending,data/raw/Skeleton_data/V3.npy,39,True,True,True,ok,
V3_00041,V3,/Users/krishna/dev/fightflow/data/downloaded-videos/V3.mp4,40,5242.0,5249.0,8.0,Cross,Cross,0,pending,data/raw/Skeleton_data/V3.npy,40,True,True,True,ok,
V3_00042,V3,/Users/krishna/dev/fightflow/data/downloaded-videos/V3.mp4,41,5250.0,5259.0,10.0,Jab,Jab,1,pending,data/raw/Skeleton_data/V3.npy,41,True,True,True,ok,
V3_00043,V3,/Users/krishna/dev/fightflow/data/downloaded-videos/V3.mp4,42,5260.0,5269.0,10.0,Cross,Cross,0,pending,data/raw/Skeleton_data/V3.npy,42,True,True,True,ok,
V3_00044,V3,/Users/krishna/dev/fightflow/data/downloaded-videos/V3.mp4,43,5270.0,5279.0,10.0,Jab,Jab,1,pending,data/raw/Skeleton_data/V3.npy,43,True,True,True,ok,
V3_00045,V3,/Users/krishna/dev/fightflow/data/downloaded-videos/V3.mp4,44,5280.0,5288.0,9.0,Cross,Cross,0,pending,data/raw/Skeleton_data/V3.npy,44,True,True,True,ok,
V3_00046,V3,/Users/krishna/dev/fightflow/data/downloaded-videos/V3.mp4,45,5289.0,5298.0,10.0,Jab,Jab,1,pending,data/raw/Skeleton_data/V3.npy,45,True,True,True,ok,
V3_00047,V3,/Users/krishna/dev/fightflow/data/downloaded-videos/V3.mp4,46,5299.0,5307.0,9.0,Cross,Cross,0,pending,data/raw/Skeleton_data/V3.npy,46,True,True,True,ok,
V3_00048,V3,/Users/krishna/dev/fightflow/data/downloaded-videos/V3.mp4,47,5308.0,5317.0,10.0,Jab,Jab,1,pending,data/raw/Skeleton_data/V3.npy,47,True,True,True,ok,
V3_00049,V3,/Users/krishna/dev/fightflow/data/downloaded-videos/V3.mp4,48,5318.0,5325.0,8.0,Cross,Cross,0,pending,data/raw/Skeleton_data/V3.npy,48,True,True,True,ok,
V3_00050,V3,/Users/krishna/dev/fightflow/data/downloaded-videos/V3.mp4,49,5326.0,5335.0,10.0,Jab,Jab,1,pending,data/raw/Skeleton_data/V3.npy,49,True,True,True,ok,
V3_00051,V3,/Users/krishna/dev/fightflow/data/downloaded-videos/V3.mp4,50,5336.0,5344.0,9.0,Cross,Cross,0,pending,data/raw/Skeleton_data/V3.npy,50,True,True,True,ok,
V3_00052,V3,/Users/krishna/dev/fightflow/data/downloaded-videos/V3.mp4,51,5345.0,5353.0,9.0,Jab,Jab,1,pending,data/raw/Skeleton_data/V3.npy,51,True,True,True,ok,
V3_00053,V3,/Users/krishna/dev/fightflow/data/downloaded-videos/V3.mp4,52,5354.0,5362.0,9.0,Cross,Cross,0,pending,data/raw/Skeleton_data/V3.npy,52,True,True,True,ok,
V3_00054,V3,/Users/krishna/dev/fightflow/data/downloaded-videos/V3.mp4,53,6306.0,6315.0,10.0,Cross,Cross,0,pending,data/raw/Skeleton_data/V3.npy,53,True,True,True,ok,
V3_00055,V3,/Users/krishna/dev/fightflow/data/downloaded-videos/V3.mp4,54,6316.0,6325.0,10.0,Jab,Jab,1,pending,data/raw/Skeleton_data/V3.npy,54,True,True,True,ok,
V3_00056,V3,/Users/krishna/dev/fightflow/data/downloaded-videos/V3.mp4,55,6328.0,6338.0,11.0,Cross,Cross,0,pending,data/raw/Skeleton_data/V3.npy,55,True,True,True,ok,
V3_00057,V3,/Users/krishna/dev/fightflow/data/downloaded-videos/V3.mp4,56,6339.0,6349.0,11.0,Jab,Jab,1,pending,data/raw/Skeleton_data/V3.npy,56,True,True,True,ok,
V3_00058,V3,/Users/krishna/dev/fightflow/data/downloaded-videos/V3.mp4,57,6367.0,6377.0,11.0,Jab,Jab,1,pending,data/raw/Skeleton_data/V3.npy,57,True,True,True,ok,
V3_00059,V3,/Users/krishna/dev/fightflow/data/downloaded-videos/V3.mp4,58,6378.0,6386.0,9.0,Cross,Cross,0,pending,data/raw/Skeleton_data/V3.npy,58,True,True,True,ok,
V3_00060,V3,/Users/krishna/dev/fightflow/data/downloaded-videos/V3.mp4,59,6389.0,6400.0,12.0,Lead Uppercut,Lead Uppercut,3,pending,data/raw/Skeleton_data/V3.npy,59,True,True,True,ok,
V3_00061,V3,/Users/krishna/dev/fightflow/data/downloaded-videos/V3.mp4,60,6414.0,6430.0,17.0,Cross,Cross,0,pending,data/raw/Skeleton_data/V3.npy,60,True,True,True,ok,
V3_00062,V3,/Users/krishna/dev/fightflow/data/downloaded-videos/V3.mp4,61,6455.0,6467.0,13.0,Cross,Cross,0,pending,data/raw/Skeleton_data/V3.npy,61,True,True,True,ok,
V3_00063,V3,/Users/krishna/dev/fightflow/data/downloaded-videos/V3.mp4,62,6509.0,6522.0,14.0,Jab,Jab,1,pending,data/raw/Skeleton_data/V3.npy,62,True,True,True,ok,
V3_00064,V3,/Users/krishna/dev/fightflow/data/downloaded-videos/V3.mp4,63,6523.0,6534.0,12.0,Cross,Cross,0,pending,data/raw/Skeleton_data/V3.npy,63,True,True,True,ok,
V3_00065,V3,/Users/krishna/dev/fightflow/data/downloaded-videos/V3.mp4,64,6553.0,6562.0,10.0,Lead Uppercut,Lead Uppercut,3,pending,data/raw/Skeleton_data/V3.npy,64,True,True,True,ok,
V3_00066,V3,/Users/krishna/dev/fightflow/data/downloaded-videos/V3.mp4,65,6641.0,6651.0,11.0,Cross,Cross,0,pending,data/raw/Skeleton_data/V3.npy,65,True,True,True,ok,
V3_00067,V3,/Users/krishna/dev/fightflow/data/downloaded-videos/V3.mp4,66,6688.0,6694.0,7.0,Jab,Jab,1,pending,data/raw/Skeleton_data/V3.npy,66,True,True,True,ok,
V3_00068,V3,/Users/krishna/dev/fightflow/data/downloaded-videos/V3.mp4,67,6695.0,6702.0,8.0,Cross,Cross,0,pending,data/raw/Skeleton_data/V3.npy,67,True,True,True,ok,
V3_00069,V3,/Users/krishna/dev/fightflow/data/downloaded-videos/V3.mp4,68,6704.0,6711.0,8.0,Lead Uppercut,Lead Uppercut,3,pending,data/raw/Skeleton_data/V3.npy,68,True,True,True,ok,
V3_00070,V3,/Users/krishna/dev/fightflow/data/downloaded-videos/V3.mp4,69,6720.0,6729.0,10.0,Cross,Cross,0,pending,data/raw/Skeleton_data/V3.npy,69,True,True,True,ok,
V3_00071,V3,/Users/krishna/dev/fightflow/data/downloaded-videos/V3.mp4,70,6752.0,6762.0,11.0,Cross,Cross,0,pending,data/raw/Skeleton_data/V3.npy,70,True,True,True,ok,
V3_00072,V3,/Users/krishna/dev/fightflow/data/downloaded-videos/V3.mp4,71,6805.0,6813.0,9.0,Jab,Jab,1,pending,data/raw/Skeleton_data/V3.npy,71,True,True,True,ok,
V3_00073,V3,/Users/krishna/dev/fightflow/data/downloaded-videos/V3.mp4,72,6814.0,6822.0,9.0,Cross,Cross,0,pending,data/raw/Skeleton_data/V3.npy,72,True,True,True,ok,
V3_00074,V3,/Users/krishna/dev/fightflow/data/downloaded-videos/V3.mp4,73,6851.0,6860.0,10.0,Lead Uppercut,Lead Uppercut,3,pending,data/raw/Skeleton_data/V3.npy,73,True,True,True,ok,
V3_00075,V3,/Users/krishna/dev/fightflow/data/downloaded-videos/V3.mp4,74,6872.0,6881.0,10.0,Cross,Cross,0,pending,data/raw/Skeleton_data/V3.npy,74,True,True,True,ok,
V3_00076,V3,/Users/krishna/dev/fightflow/data/downloaded-videos/V3.mp4,75,6904.0,6913.0,10.0,Cross,Cross,0,pending,data/raw/Skeleton_data/V3.npy,75,True,True,True,ok,
V3_00077,V3,/Users/krishna/dev/fightflow/data/downloaded-videos/V3.mp4,76,6962.0,6969.0,8.0,Jab,Jab,1,pending,data/raw/Skeleton_data/V3.npy,76,True,True,True,ok,
V3_00078,V3,/Users/krishna/dev/fightflow/data/downloaded-videos/V3.mp4,77,6970.0,6977.0,8.0,Cross,Cross,0,pending,data/raw/Skeleton_data/V3.npy,77,True,True,True,ok,
V3_00079,V3,/Users/krishna/dev/fightflow/data/downloaded-videos/V3.mp4,78,6982.0,6989.0,8.0,Lead Uppercut,Lead Uppercut,3,pending,data/raw/Skeleton_data/V3.npy,78,True,True,True,ok,
V3_00080,V3,/Users/krishna/dev/fightflow/data/downloaded-videos/V3.mp4,79,6999.0,7007.0,9.0,Cross,Cross,0,pending,data/raw/Skeleton_data/V3.npy,79,True,True,True,ok,
V3_00081,V3,/Users/krishna/dev/fightflow/data/downloaded-videos/V3.mp4,80,7025.0,7035.0,11.0,Cross,Cross,0,pending,data/raw/Skeleton_data/V3.npy,80,True,True,True,ok,
V3_00082,V3,/Users/krishna/dev/fightflow/data/downloaded-videos/V3.mp4,81,7077.0,7085.0,9.0,Cross,Cross,0,pending,data/raw/Skeleton_data/V3.npy,81,True,True,True,ok,
V3_00083,V3,/Users/krishna/dev/fightflow/data/downloaded-videos/V3.mp4,82,7087.0,7093.0,7.0,Lead Uppercut,Lead Uppercut,3,pending,data/raw/Skeleton_data/V3.npy,82,True,True,True,ok,
V3_00084,V3,/Users/krishna/dev/fightflow/data/downloaded-videos/V3.mp4,83,7099.0,7107.0,9.0,Cross,Cross,0,pending,data/raw/Skeleton_data/V3.npy,83,True,True,True,ok,
V3_00085,V3,/Users/krishna/dev/fightflow/data/downloaded-videos/V3.mp4,84,7123.0,7131.0,9.0,Cross,Cross,0,pending,data/raw/Skeleton_data/V3.npy,84,True,True,True,ok,
V3_00086,V3,/Users/krishna/dev/fightflow/data/downloaded-videos/V3.mp4,85,7145.0,7151.0,7.0,Jab,Jab,1,pending,data/raw/Skeleton_data/V3.npy,85,True,True,True,ok,
V3_00087,V3,/Users/krishna/dev/fightflow/data/downloaded-videos/V3.mp4,86,7152.0,7157.0,6.0,Cross,Cross,0,pending,data/raw/Skeleton_data/V3.npy,86,True,True,True,ok,
V3_00088,V3,/Users/krishna/dev/fightflow/data/downloaded-videos/V3.mp4,87,7158.0,7165.0,8.0,Lead Uppercut,Lead Uppercut,3,pending,data/raw/Skeleton_data/V3.npy,87,True,True,True,ok,
V3_00089,V3,/Users/krishna/dev/fightflow/data/downloaded-videos/V3.mp4,88,7170.0,7177.0,8.0,Cross,Cross,0,pending,data/raw/Skeleton_data/V3.npy,88,True,True,True,ok,
V3_00090,V3,/Users/krishna/dev/fightflow/data/downloaded-videos/V3.mp4,89,7192.0,7201.0,10.0,Cross,Cross,0,pending,data/raw/Skeleton_data/V3.npy,89,True,True,True,ok,
V3_00091,V3,/Users/krishna/dev/fightflow/data/downloaded-videos/V3.mp4,90,7220.0,7226.0,7.0,Jab,Jab,1,pending,data/raw/Skeleton_data/V3.npy,90,True,True,True,ok,
V3_00092,V3,/Users/krishna/dev/fightflow/data/downloaded-videos/V3.mp4,91,7227.0,7232.0,6.0,Cross,Cross,0,pending,data/raw/Skeleton_data/V3.npy,91,True,True,True,ok,
V3_00093,V3,/Users/krishna/dev/fightflow/data/downloaded-videos/V3.mp4,92,7234.0,7240.0,7.0,Lead Uppercut,Lead Uppercut,3,pending,data/raw/Skeleton_data/V3.npy,92,True,True,True,ok,
V3_00094,V3,/Users/krishna/dev/fightflow/data/downloaded-videos/V3.mp4,93,7245.0,7251.0,7.0,Jab,Jab,1,pending,data/raw/Skeleton_data/V3.npy,93,True,True,True,ok,
V3_00095,V3,/Users/krishna/dev/fightflow/data/downloaded-videos/V3.mp4,94,7263.0,7271.0,9.0,Cross,Cross,0,pending,data/raw/Skeleton_data/V3.npy,94,True,True,True,ok,
V3_00096,V3,/Users/krishna/dev/fightflow/data/downloaded-videos/V3.mp4,95,7315.0,7322.0,8.0,Jab,Jab,1,pending,data/raw/Skeleton_data/V3.npy,95,True,True,True,ok,
V3_00097,V3,/Users/krishna/dev/fightflow/data/downloaded-videos/V3.mp4,96,7323.0,7330.0,8.0,Cross,Cross,0,pending,data/raw/Skeleton_data/V3.npy,96,True,True,True,ok,
V3_00098,V3,/Users/krishna/dev/fightflow/data/downloaded-videos/V3.mp4,97,7331.0,7338.0,8.0,Lead Uppercut,Lead Uppercut,3,pending,data/raw/Skeleton_data/V3.npy,97,True,True,True,ok,
V3_00099,V3,/Users/krishna/dev/fightflow/data/downloaded-videos/V3.mp4,98,7341.0,7349.0,9.0,Cross,Cross,0,pending,data/raw/Skeleton_data/V3.npy,98,True,True,True,ok,
V3_00100,V3,/Users/krishna/dev/fightflow/data/downloaded-videos/V3.mp4,99,7366.0,7375.0,10.0,Cross,Cross,0,pending,data/raw/Skeleton_data/V3.npy,99,True,True,True,ok,
V3_00101,V3,/Users/krishna/dev/fightflow/data/downloaded-videos/V3.mp4,100,7411.0,7418.0,8.0,Jab,Jab,1,pending,data/raw/Skeleton_data/V3.npy,100,True,True,True,ok,
V3_00102,V3,/Users/krishna/dev/fightflow/data/downloaded-videos/V3.mp4,101,7419.0,7424.0,6.0,Cross,Cross,0,pending,data/raw/Skeleton_data/V3.npy,101,True,True,True,ok,
V3_00103,V3,/Users/krishna/dev/fightflow/data/downloaded-videos/V3.mp4,102,7425.0,7431.0,7.0,Lead Uppercut,Lead Uppercut,3,pending,data/raw/Skeleton_data/V3.npy,102,True,True,True,ok,
V3_00104,V3,/Users/krishna/dev/fightflow/data/downloaded-videos/V3.mp4,103,7435.0,7442.0,8.0,Cross,Cross,0,pending,data/raw/Skeleton_data/V3.npy,103,True,True,True,ok,
V3_00105,V3,/Users/krishna/dev/fightflow/data/downloaded-videos/V3.mp4,104,7457.0,7466.0,10.0,Cross,Cross,0,pending,data/raw/Skeleton_data/V3.npy,104,True,True,True,ok,
V3_00106,V3,/Users/krishna/dev/fightflow/data/downloaded-videos/V3.mp4,105,7500.0,7507.0,8.0,Jab,Jab,1,pending,data/raw/Skeleton_data/V3.npy,105,True,True,True,ok,
V3_00107,V3,/Users/krishna/dev/fightflow/data/downloaded-videos/V3.mp4,106,7508.0,7514.0,7.0,Cross,Cross,0,pending,data/raw/Skeleton_data/V3.npy,106,True,True,True,ok,
V3_00108,V3,/Users/krishna/dev/fightflow/data/downloaded-videos/V3.mp4,107,7515.0,7522.0,8.0,Lead Uppercut,Lead Uppercut,3,pending,data/raw/Skeleton_data/V3.npy,107,True,True,True,ok,
V3_00109,V3,/Users/krishna/dev/fightflow/data/downloaded-videos/V3.mp4,108,7527.0,7535.0,9.0,Cross,Cross,0,pending,data/raw/Skeleton_data/V3.npy,108,True,True,True,ok,
V3_00110,V3,/Users/krishna/dev/fightflow/data/downloaded-videos/V3.mp4,109,7550.0,7560.0,11.0,Cross,Cross,0,pending,data/raw/Skeleton_data/V3.npy,109,True,True,True,ok,
V3_00111,V3,/Users/krishna/dev/fightflow/data/downloaded-videos/V3.mp4,110,7596.0,7603.0,8.0,Jab,Jab,1,pending,data/raw/Skeleton_data/V3.npy,110,True,True,True,ok,
V3_00112,V3,/Users/krishna/dev/fightflow/data/downloaded-videos/V3.mp4,111,7604.0,7610.0,7.0,Cross,Cross,0,pending,data/raw/Skeleton_data/V3.npy,111,True,True,True,ok,
V3_00113,V3,/Users/krishna/dev/fightflow/data/downloaded-videos/V3.mp4,112,7611.0,7617.0,7.0,Lead Uppercut,Lead Uppercut,3,pending,data/raw/Skeleton_data/V3.npy,112,True,True,True,ok,
V3_00114,V3,/Users/krishna/dev/fightflow/data/downloaded-videos/V3.mp4,113,7625.0,7633.0,9.0,Cross,Cross,0,pending,data/raw/Skeleton_data/V3.npy,113,True,True,True,ok,
V3_00115,V3,/Users/krishna/dev/fightflow/data/downloaded-videos/V3.mp4,114,7650.0,7660.0,11.0,Cross,Cross,0,pending,data/raw/Skeleton_data/V3.npy,114,True,True,True,ok,
V3_00116,V3,/Users/krishna/dev/fightflow/data/downloaded-videos/V3.mp4,115,7691.0,7699.0,9.0,Jab,Jab,1,pending,data/raw/Skeleton_data/V3.npy,115,True,True,True,ok,
V3_00117,V3,/Users/krishna/dev/fightflow/data/downloaded-videos/V3.mp4,116,7700.0,7707.0,8.0,Cross,Cross,0,pending,data/raw/Skeleton_data/V3.npy,116,True,True,True,ok,
V3_00118,V3,/Users/krishna/dev/fightflow/data/downloaded-videos/V3.mp4,117,7710.0,7717.0,8.0,Lead Uppercut,Lead Uppercut,3,pending,data/raw/Skeleton_data/V3.npy,117,True,True,True,ok,
V3_00119,V3,/Users/krishna/dev/fightflow/data/downloaded-videos/V3.mp4,118,7722.0,7730.0,9.0,Cross,Cross,0,pending,data/raw/Skeleton_data/V3.npy,118,True,True,True,ok,
V3_00120,V3,/Users/krishna/dev/fightflow/data/downloaded-videos/V3.mp4,119,7748.0,7758.0,11.0,Cross,Cross,0,pending,data/raw/Skeleton_data/V3.npy,119,True,True,True,ok,
V3_00121,V3,/Users/krishna/dev/fightflow/data/downloaded-videos/V3.mp4,120,7811.0,7819.0,9.0,Jab,Jab,1,pending,data/raw/Skeleton_data/V3.npy,120,True,True,True,ok,
V3_00122,V3,/Users/krishna/dev/fightflow/data/downloaded-videos/V3.mp4,121,7837.0,7843.0,7.0,Rear Hook,Rear Hook,4,pending,data/raw/Skeleton_data/V3.npy,121,True,True,True,ok,
V3_00123,V3,/Users/krishna/dev/fightflow/data/downloaded-videos/V3.mp4,122,7862.0,7872.0,11.0,Lead Hook,Lead Hook,2,pending,data/raw/Skeleton_data/V3.npy,122,True,True,True,ok,
V3_00124,V3,/Users/krishna/dev/fightflow/data/downloaded-videos/V3.mp4,123,7901.0,7909.0,9.0,Rear Hook,Rear Hook,4,pending,data/raw/Skeleton_data/V3.npy,123,True,True,True,ok,
V3_00125,V3,/Users/krishna/dev/fightflow/data/downloaded-videos/V3.mp4,124,7930.0,7938.0,9.0,Lead Hook,Lead Hook,2,pending,data/raw/Skeleton_data/V3.npy,124,True,True,True,ok,
V3_00126,V3,/Users/krishna/dev/fightflow/data/downloaded-videos/V3.mp4,125,7964.0,7971.0,8.0,Rear Hook,Rear Hook,4,pending,data/raw/Skeleton_data/V3.npy,125,True,True,True,ok,
V3_00127,V3,/Users/krishna/dev/fightflow/data/downloaded-videos/V3.mp4,126,7988.0,7998.0,11.0,Lead Hook,Lead Hook,2,pending,data/raw/Skeleton_data/V3.npy,126,True,True,True,ok,
V3_00128,V3,/Users/krishna/dev/fightflow/data/downloaded-videos/V3.mp4,127,8025.0,8035.0,11.0,Rear Hook,Rear Hook,4,pending,data/raw/Skeleton_data/V3.npy,127,True,True,True,ok,
V3_00129,V3,/Users/krishna/dev/fightflow/data/downloaded-videos/V3.mp4,128,8064.0,8077.0,14.0,Lead Hook,Lead Hook,2,pending,data/raw/Skeleton_data/V3.npy,128,True,True,True,ok,
V3_00130,V3,/Users/krishna/dev/fightflow/data/downloaded-videos/V3.mp4,129,8096.0,8105.0,10.0,Rear Hook,Rear Hook,4,pending,data/raw/Skeleton_data/V3.npy,129,True,True,True,ok,
V3_00131,V3,/Users/krishna/dev/fightflow/data/downloaded-videos/V3.mp4,130,8135.0,8144.0,10.0,Lead Hook,Lead Hook,2,pending,data/raw/Skeleton_data/V3.npy,130,True,True,True,ok,
V3_00132,V3,/Users/krishna/dev/fightflow/data/downloaded-videos/V3.mp4,131,8175.0,8183.0,9.0,Rear Hook,Rear Hook,4,pending,data/raw/Skeleton_data/V3.npy,131,True,True,True,ok,
V3_00133,V3,/Users/krishna/dev/fightflow/data/downloaded-videos/V3.mp4,132,8212.0,8222.0,11.0,Lead Hook,Lead Hook,2,pending,data/raw/Skeleton_data/V3.npy,132,True,True,True,ok,
V3_00134,V3,/Users/krishna/dev/fightflow/data/downloaded-videos/V3.mp4,133,8251.0,8259.0,9.0,Rear Hook,Rear Hook,4,pending,data/raw/Skeleton_data/V3.npy,133,True,True,True,ok,
V3_00135,V3,/Users/krishna/dev/fightflow/data/downloaded-videos/V3.mp4,134,8291.0,8304.0,14.0,Lead Hook,Lead Hook,2,pending,data/raw/Skeleton_data/V3.npy,134,True,True,True,ok,
V3_00136,V3,/Users/krishna/dev/fightflow/data/downloaded-videos/V3.mp4,135,8328.0,8336.0,9.0,Rear Hook,Rear Hook,4,pending,data/raw/Skeleton_data/V3.npy,135,True,True,True,ok,
V3_00137,V3,/Users/krishna/dev/fightflow/data/downloaded-videos/V3.mp4,136,8365.0,8374.0,10.0,Lead Hook,Lead Hook,2,pending,data/raw/Skeleton_data/V3.npy,136,True,True,True,ok,
V3_00138,V3,/Users/krishna/dev/fightflow/data/downloaded-videos/V3.mp4,137,8391.0,8399.0,9.0,Rear Hook,Rear Hook,4,pending,data/raw/Skeleton_data/V3.npy,137,True,True,True,ok,
V3_00139,V3,/Users/krishna/dev/fightflow/data/downloaded-videos/V3.mp4,138,8415.0,8423.0,9.0,Lead Hook,Lead Hook,2,pending,data/raw/Skeleton_data/V3.npy,138,True,True,True,ok,
V3_00140,V3,/Users/krishna/dev/fightflow/data/downloaded-videos/V3.mp4,139,8440.0,8450.0,11.0,Rear Hook,Rear Hook,4,pending,data/raw/Skeleton_data/V3.npy,139,True,True,True,ok,
V3_00141,V3,/Users/krishna/dev/fightflow/data/downloaded-videos/V3.mp4,140,8464.0,8474.0,11.0,Lead Hook,Lead Hook,2,pending,data/raw/Skeleton_data/V3.npy,140,True,True,True,ok,
V3_00142,V3,/Users/krishna/dev/fightflow/data/downloaded-videos/V3.mp4,141,8509.0,8518.0,10.0,Rear Hook,Rear Hook,4,pending,data/raw/Skeleton_data/V3.npy,141,True,True,True,ok,
V3_00143,V3,/Users/krishna/dev/fightflow/data/downloaded-videos/V3.mp4,142,8533.0,8540.0,8.0,Jab,Jab,1,pending,data/raw/Skeleton_data/V3.npy,142,True,True,True,ok,
V3_00144,V3,/Users/krishna/dev/fightflow/data/downloaded-videos/V3.mp4,143,8541.0,8548.0,8.0,Cross,Cross,0,pending,data/raw/Skeleton_data/V3.npy,143,True,True,True,ok,
V3_00145,V3,/Users/krishna/dev/fightflow/data/downloaded-videos/V3.mp4,144,8549.0,8554.0,6.0,Jab,Jab,1,pending,data/raw/Skeleton_data/V3.npy,144,True,True,True,ok,
V3_00146,V3,/Users/krishna/dev/fightflow/data/downloaded-videos/V3.mp4,145,8555.0,8561.0,7.0,Cross,Cross,0,pending,data/raw/Skeleton_data/V3.npy,145,True,True,True,ok,
V3_00147,V3,/Users/krishna/dev/fightflow/data/downloaded-videos/V3.mp4,146,8562.0,8567.0,6.0,Jab,Jab,1,pending,data/raw/Skeleton_data/V3.npy,146,True,True,True,ok,
V3_00148,V3,/Users/krishna/dev/fightflow/data/downloaded-videos/V3.mp4,147,8568.0,8574.0,7.0,Cross,Cross,0,pending,data/raw/Skeleton_data/V3.npy,147,True,True,True,ok,
V3_00149,V3,/Users/krishna/dev/fightflow/data/downloaded-videos/V3.mp4,148,8575.0,8580.0,6.0,Jab,Jab,1,pending,data/raw/Skeleton_data/V3.npy,148,True,True,True,ok,
V3_00150,V3,/Users/krishna/dev/fightflow/data/downloaded-videos/V3.mp4,149,8581.0,8587.0,7.0,Cross,Cross,0,pending,data/raw/Skeleton_data/V3.npy,149,True,True,True,ok,
V3_00151,V3,/Users/krishna/dev/fightflow/data/downloaded-videos/V3.mp4,150,8588.0,8593.0,6.0,Jab,Jab,1,pending,data/raw/Skeleton_data/V3.npy,150,True,True,True,ok,
V3_00152,V3,/Users/krishna/dev/fightflow/data/downloaded-videos/V3.mp4,151,8594.0,8599.0,6.0,Cross,Cross,0,pending,data/raw/Skeleton_data/V3.npy,151,True,True,True,ok,
V3_00153,V3,/Users/krishna/dev/fightflow/data/downloaded-videos/V3.mp4,152,8600.0,8606.0,7.0,Jab,Jab,1,pending,data/raw/Skeleton_data/V3.npy,152,True,True,True,ok,
V3_00154,V3,/Users/krishna/dev/fightflow/data/downloaded-videos/V3.mp4,153,8607.0,8612.0,6.0,Cross,Cross,0,pending,data/raw/Skeleton_data/V3.npy,153,True,True,True,ok,
V3_00155,V3,/Users/krishna/dev/fightflow/data/downloaded-videos/V3.mp4,154,8613.0,8618.0,6.0,Jab,Jab,1,pending,data/raw/Skeleton_data/V3.npy,154,True,True,True,ok,
V3_00156,V3,/Users/krishna/dev/fightflow/data/downloaded-videos/V3.mp4,155,8619.0,8624.0,6.0,Cross,Cross,0,pending,data/raw/Skeleton_data/V3.npy,155,True,True,True,ok,
V3_00157,V3,/Users/krishna/dev/fightflow/data/downloaded-videos/V3.mp4,156,8625.0,8631.0,7.0,Jab,Jab,1,pending,data/raw/Skeleton_data/V3.npy,156,True,True,True,ok,
V3_00158,V3,/Users/krishna/dev/fightflow/data/downloaded-videos/V3.mp4,157,8632.0,8637.0,6.0,Cross,Cross,0,pending,data/raw/Skeleton_data/V3.npy,157,True,True,True,ok,
V3_00159,V3,/Users/krishna/dev/fightflow/data/downloaded-videos/V3.mp4,158,8638.0,8644.0,7.0,Jab,Jab,1,pending,data/raw/Skeleton_data/V3.npy,158,True,True,True,ok,
V3_00160,V3,/Users/krishna/dev/fightflow/data/downloaded-videos/V3.mp4,159,8645.0,8649.0,5.0,Cross,Cross,0,pending,data/raw/Skeleton_data/V3.npy,159,True,True,True,ok,
V3_00161,V3,/Users/krishna/dev/fightflow/data/downloaded-videos/V3.mp4,160,8650.0,8655.0,6.0,Jab,Jab,1,pending,data/raw/Skeleton_data/V3.npy,160,True,True,True,ok,
V3_00162,V3,/Users/krishna/dev/fightflow/data/downloaded-videos/V3.mp4,161,8656.0,8661.0,6.0,Cross,Cross,0,pending,data/raw/Skeleton_data/V3.npy,161,True,True,True,ok,
V3_00163,V3,/Users/krishna/dev/fightflow/data/downloaded-videos/V3.mp4,162,8662.0,8667.0,6.0,Jab,Jab,1,pending,data/raw/Skeleton_data/V3.npy,162,True,True,True,ok,
V3_00164,V3,/Users/krishna/dev/fightflow/data/downloaded-videos/V3.mp4,163,8668.0,8673.0,6.0,Cross,Cross,0,pending,data/raw/Skeleton_data/V3.npy,163,True,True,True,ok,
V3_00165,V3,/Users/krishna/dev/fightflow/data/downloaded-videos/V3.mp4,164,8674.0,8679.0,6.0,Jab,Jab,1,pending,data/raw/Skeleton_data/V3.npy,164,True,True,True,ok,
V3_00166,V3,/Users/krishna/dev/fightflow/data/downloaded-videos/V3.mp4,165,8680.0,8685.0,6.0,Cross,Cross,0,pending,data/raw/Skeleton_data/V3.npy,165,True,True,True,ok,
V3_00167,V3,/Users/krishna/dev/fightflow/data/downloaded-videos/V3.mp4,166,8686.0,8691.0,6.0,Jab,Jab,1,pending,data/raw/Skeleton_data/V3.npy,166,True,True,True,ok,
V3_00168,V3,/Users/krishna/dev/fightflow/data/downloaded-videos/V3.mp4,167,8692.0,8697.0,6.0,Cross,Cross,0,pending,data/raw/Skeleton_data/V3.npy,167,True,True,True,ok,
V3_00169,V3,/Users/krishna/dev/fightflow/data/downloaded-videos/V3.mp4,168,8698.0,8704.0,7.0,Jab,Jab,1,pending,data/raw/Skeleton_data/V3.npy,168,True,True,True,ok,
V3_00170,V3,/Users/krishna/dev/fightflow/data/downloaded-videos/V3.mp4,169,8705.0,8710.0,6.0,Cross,Cross,0,pending,data/raw/Skeleton_data/V3.npy,169,True,True,True,ok,
V3_00171,V3,/Users/krishna/dev/fightflow/data/downloaded-videos/V3.mp4,170,8711.0,8717.0,7.0,Jab,Jab,1,pending,data/raw/Skeleton_data/V3.npy,170,True,True,True,ok,
V3_00172,V3,/Users/krishna/dev/fightflow/data/downloaded-videos/V3.mp4,171,8718.0,8723.0,6.0,Cross,Cross,0,pending,data/raw/Skeleton_data/V3.npy,171,True,True,True,ok,
V3_00173,V3,/Users/krishna/dev/fightflow/data/downloaded-videos/V3.mp4,172,8724.0,8731.0,8.0,Jab,Jab,1,pending,data/raw/Skeleton_data/V3.npy,172,True,True,True,ok,
V3_00174,V3,/Users/krishna/dev/fightflow/data/downloaded-videos/V3.mp4,173,8732.0,8737.0,6.0,Cross,Cross,0,pending,data/raw/Skeleton_data/V3.npy,173,True,True,True,ok,
V3_00175,V3,/Users/krishna/dev/fightflow/data/downloaded-videos/V3.mp4,174,8738.0,8745.0,8.0,Jab,Jab,1,pending,data/raw/Skeleton_data/V3.npy,174,True,True,True,ok,
V3_00176,V3,/Users/krishna/dev/fightflow/data/downloaded-videos/V3.mp4,175,8746.0,8751.0,6.0,Cross,Cross,0,pending,data/raw/Skeleton_data/V3.npy,175,True,True,True,ok,
V3_00177,V3,/Users/krishna/dev/fightflow/data/downloaded-videos/V3.mp4,176,8752.0,8758.0,7.0,Jab,Jab,1,pending,data/raw/Skeleton_data/V3.npy,176,True,True,True,ok,
V3_00178,V3,/Users/krishna/dev/fightflow/data/downloaded-videos/V3.mp4,177,8759.0,8765.0,7.0,Cross,Cross,0,pending,data/raw/Skeleton_data/V3.npy,177,True,True,True,ok,
V3_00179,V3,/Users/krishna/dev/fightflow/data/downloaded-videos/V3.mp4,178,8766.0,8772.0,7.0,Jab,Jab,1,pending,data/raw/Skeleton_data/V3.npy,178,True,True,True,ok,
V3_00180,V3,/Users/krishna/dev/fightflow/data/downloaded-videos/V3.mp4,179,8773.0,8778.0,6.0,Cross,Cross,0,pending,data/raw/Skeleton_data/V3.npy,179,True,True,True,ok,
V3_00181,V3,/Users/krishna/dev/fightflow/data/downloaded-videos/V3.mp4,180,8779.0,8785.0,7.0,Jab,Jab,1,pending,data/raw/Skeleton_data/V3.npy,180,True,True,True,ok,
V3_00182,V3,/Users/krishna/dev/fightflow/data/downloaded-videos/V3.mp4,181,8786.0,8792.0,7.0,Cross,Cross,0,pending,data/raw/Skeleton_data/V3.npy,181,True,True,True,ok,
V3_00183,V3,/Users/krishna/dev/fightflow/data/downloaded-videos/V3.mp4,182,8793.0,8800.0,8.0,Jab,Jab,1,pending,data/raw/Skeleton_data/V3.npy,182,True,True,True,ok,
V3_00184,V3,/Users/krishna/dev/fightflow/data/downloaded-videos/V3.mp4,183,8801.0,8806.0,6.0,Cross,Cross,0,pending,data/raw/Skeleton_data/V3.npy,183,True,True,True,ok,
V3_00185,V3,/Users/krishna/dev/fightflow/data/downloaded-videos/V3.mp4,184,8807.0,8814.0,8.0,Jab,Jab,1,pending,data/raw/Skeleton_data/V3.npy,184,True,True,True,ok,
V3_00186,V3,/Users/krishna/dev/fightflow/data/downloaded-videos/V3.mp4,185,8815.0,8821.0,7.0,Cross,Cross,0,pending,data/raw/Skeleton_data/V3.npy,185,True,True,True,ok,
V3_00187,V3,/Users/krishna/dev/fightflow/data/downloaded-videos/V3.mp4,186,8822.0,8829.0,8.0,Jab,Jab,1,pending,data/raw/Skeleton_data/V3.npy,186,True,True,True,ok,
V3_00188,V3,/Users/krishna/dev/fightflow/data/downloaded-videos/V3.mp4,187,8830.0,8836.0,7.0,Cross,Cross,0,pending,data/raw/Skeleton_data/V3.npy,187,True,True,True,ok,
V3_00189,V3,/Users/krishna/dev/fightflow/data/downloaded-videos/V3.mp4,188,8837.0,8843.0,7.0,Jab,Jab,1,pending,data/raw/Skeleton_data/V3.npy,188,True,True,True,ok,
V3_00190,V3,/Users/krishna/dev/fightflow/data/downloaded-videos/V3.mp4,189,8844.0,8850.0,7.0,Cross,Cross,0,pending,data/raw/Skeleton_data/V3.npy,189,True,True,True,ok,
V3_00191,V3,/Users/krishna/dev/fightflow/data/downloaded-videos/V3.mp4,190,8851.0,8858.0,8.0,Jab,Jab,1,pending,data/raw/Skeleton_data/V3.npy,190,True,True,True,ok,
V3_00192,V3,/Users/krishna/dev/fightflow/data/downloaded-videos/V3.mp4,191,8859.0,8865.0,7.0,Cross,Cross,0,pending,data/raw/Skeleton_data/V3.npy,191,True,True,True,ok,
V3_00193,V3,/Users/krishna/dev/fightflow/data/downloaded-videos/V3.mp4,192,8866.0,8872.0,7.0,Jab,Jab,1,pending,data/raw/Skeleton_data/V3.npy,192,True,True,True,ok,
V3_00194,V3,/Users/krishna/dev/fightflow/data/downloaded-videos/V3.mp4,193,8873.0,8879.0,7.0,Cross,Cross,0,pending,data/raw/Skeleton_data/V3.npy,193,True,True,True,ok,
V3_00195,V3,/Users/krishna/dev/fightflow/data/downloaded-videos/V3.mp4,194,8880.0,8887.0,8.0,Jab,Jab,1,pending,data/raw/Skeleton_data/V3.npy,194,True,True,True,ok,
V3_00196,V3,/Users/krishna/dev/fightflow/data/downloaded-videos/V3.mp4,195,8888.0,8894.0,7.0,Cross,Cross,0,pending,data/raw/Skeleton_data/V3.npy,195,True,True,True,ok,
V3_00197,V3,/Users/krishna/dev/fightflow/data/downloaded-videos/V3.mp4,196,8895.0,8901.0,7.0,Jab,Jab,1,pending,data/raw/Skeleton_data/V3.npy,196,True,True,True,ok,
V3_00198,V3,/Users/krishna/dev/fightflow/data/downloaded-videos/V3.mp4,197,8902.0,8908.0,7.0,Cross,Cross,0,pending,data/raw/Skeleton_data/V3.npy,197,True,True,True,ok,
V3_00199,V3,/Users/krishna/dev/fightflow/data/downloaded-videos/V3.mp4,198,8909.0,8915.0,7.0,Jab,Jab,1,pending,data/raw/Skeleton_data/V3.npy,198,True,True,True,ok,
V3_00200,V3,/Users/krishna/dev/fightflow/data/downloaded-videos/V3.mp4,199,8919.0,8921.0,3.0,Cross,Cross,0,pending,data/raw/Skeleton_data/V3.npy,199,True,True,True,ok,
V3_00201,V3,/Users/krishna/dev/fightflow/data/downloaded-videos/V3.mp4,200,8923.0,8929.0,7.0,Jab,Jab,1,pending,data/raw/Skeleton_data/V3.npy,200,True,True,True,ok,
V3_00202,V3,/Users/krishna/dev/fightflow/data/downloaded-videos/V3.mp4,201,8931.0,8936.0,6.0,Cross,Cross,0,pending,data/raw/Skeleton_data/V3.npy,201,True,True,True,ok,
V3_00203,V3,/Users/krishna/dev/fightflow/data/downloaded-videos/V3.mp4,202,8938.0,8944.0,7.0,Jab,Jab,1,pending,data/raw/Skeleton_data/V3.npy,202,True,True,True,ok,
V3_00204,V3,/Users/krishna/dev/fightflow/data/downloaded-videos/V3.mp4,203,8945.0,8950.0,6.0,Cross,Cross,0,pending,data/raw/Skeleton_data/V3.npy,203,True,True,True,ok,
V3_00205,V3,/Users/krishna/dev/fightflow/data/downloaded-videos/V3.mp4,204,8951.0,8957.0,7.0,Jab,Jab,1,pending,data/raw/Skeleton_data/V3.npy,204,True,True,True,ok,
V3_00206,V3,/Users/krishna/dev/fightflow/data/downloaded-videos/V3.mp4,205,8959.0,8964.0,6.0,Cross,Cross,0,pending,data/raw/Skeleton_data/V3.npy,205,True,True,True,ok,
V3_00207,V3,/Users/krishna/dev/fightflow/data/downloaded-videos/V3.mp4,206,8965.0,8971.0,7.0,Jab,Jab,1,pending,data/raw/Skeleton_data/V3.npy,206,True,True,True,ok,
V3_00208,V3,/Users/krishna/dev/fightflow/data/downloaded-videos/V3.mp4,207,8973.0,8977.0,5.0,Cross,Cross,0,pending,data/raw/Skeleton_data/V3.npy,207,True,True,True,ok,
V3_00209,V3,/Users/krishna/dev/fightflow/data/downloaded-videos/V3.mp4,208,8979.0,8985.0,7.0,Jab,Jab,1,pending,data/raw/Skeleton_data/V3.npy,208,True,True,True,ok,
V3_00210,V3,/Users/krishna/dev/fightflow/data/downloaded-videos/V3.mp4,209,8987.0,8992.0,6.0,Cross,Cross,0,pending,data/raw/Skeleton_data/V3.npy,209,True,True,True,ok,
V3_00211,V3,/Users/krishna/dev/fightflow/data/downloaded-videos/V3.mp4,210,8993.0,8999.0,7.0,Jab,Jab,1,pending,data/raw/Skeleton_data/V3.npy,210,True,True,True,ok,
V3_00212,V3,/Users/krishna/dev/fightflow/data/downloaded-videos/V3.mp4,211,9001.0,9005.0,5.0,Cross,Cross,0,pending,data/raw/Skeleton_data/V3.npy,211,True,True,True,ok,
V3_00213,V3,/Users/krishna/dev/fightflow/data/downloaded-videos/V3.mp4,212,9007.0,9014.0,8.0,Jab,Jab,1,pending,data/raw/Skeleton_data/V3.npy,212,True,True,True,ok,
V3_00214,V3,/Users/krishna/dev/fightflow/data/downloaded-videos/V3.mp4,213,9015.0,9020.0,6.0,Cross,Cross,0,pending,data/raw/Skeleton_data/V3.npy,213,True,True,True,ok,
V3_00215,V3,/Users/krishna/dev/fightflow/data/downloaded-videos/V3.mp4,214,9021.0,9027.0,7.0,Jab,Jab,1,pending,data/raw/Skeleton_data/V3.npy,214,True,True,True,ok,
V3_00216,V3,/Users/krishna/dev/fightflow/data/downloaded-videos/V3.mp4,215,9029.0,9034.0,6.0,Cross,Cross,0,pending,data/raw/Skeleton_data/V3.npy,215,True,True,True,ok,
V3_00217,V3,/Users/krishna/dev/fightflow/data/downloaded-videos/V3.mp4,216,9036.0,9041.0,6.0,Jab,Jab,1,pending,data/raw/Skeleton_data/V3.npy,216,True,True,True,ok,
V3_00218,V3,/Users/krishna/dev/fightflow/data/downloaded-videos/V3.mp4,217,9043.0,9048.0,6.0,Cross,Cross,0,pending,data/raw/Skeleton_data/V3.npy,217,True,True,True,ok,
V3_00219,V3,/Users/krishna/dev/fightflow/data/downloaded-videos/V3.mp4,218,9050.0,9055.0,6.0,Jab,Jab,1,pending,data/raw/Skeleton_data/V3.npy,218,True,True,True,ok,
V3_00220,V3,/Users/krishna/dev/fightflow/data/downloaded-videos/V3.mp4,219,9056.0,9061.0,6.0,Cross,Cross,0,pending,data/raw/Skeleton_data/V3.npy,219,True,True,True,ok,
V3_00221,V3,/Users/krishna/dev/fightflow/data/downloaded-videos/V3.mp4,220,9063.0,9068.0,6.0,Jab,Jab,1,pending,data/raw/Skeleton_data/V3.npy,220,True,True,True,ok,
V3_00222,V3,/Users/krishna/dev/fightflow/data/downloaded-videos/V3.mp4,221,9070.0,9074.0,5.0,Cross,Cross,0,pending,data/raw/Skeleton_data/V3.npy,221,True,True,True,ok,
V3_00223,V3,/Users/krishna/dev/fightflow/data/downloaded-videos/V3.mp4,222,9076.0,9082.0,7.0,Jab,Jab,1,pending,data/raw/Skeleton_data/V3.npy,222,True,True,True,ok,
V3_00224,V3,/Users/krishna/dev/fightflow/data/downloaded-videos/V3.mp4,223,9083.0,9088.0,6.0,Cross,Cross,0,pending,data/raw/Skeleton_data/V3.npy,223,True,True,True,ok,
V3_00225,V3,/Users/krishna/dev/fightflow/data/downloaded-videos/V3.mp4,224,9089.0,9094.0,6.0,Jab,Jab,1,pending,data/raw/Skeleton_data/V3.npy,224,True,True,True,ok,
V3_00226,V3,/Users/krishna/dev/fightflow/data/downloaded-videos/V3.mp4,225,9096.0,9100.0,5.0,Cross,Cross,0,pending,data/raw/Skeleton_data/V3.npy,225,True,True,True,ok,
V3_00227,V3,/Users/krishna/dev/fightflow/data/downloaded-videos/V3.mp4,226,9102.0,9108.0,7.0,Jab,Jab,1,pending,data/raw/Skeleton_data/V3.npy,226,True,True,True,ok,
V3_00228,V3,/Users/krishna/dev/fightflow/data/downloaded-videos/V3.mp4,227,9109.0,9114.0,6.0,Cross,Cross,0,pending,data/raw/Skeleton_data/V3.npy,227,True,True,True,ok,
V3_00229,V3,/Users/krishna/dev/fightflow/data/downloaded-videos/V3.mp4,228,9115.0,9121.0,7.0,Jab,Jab,1,pending,data/raw/Skeleton_data/V3.npy,228,True,True,True,ok,
V3_00230,V3,/Users/krishna/dev/fightflow/data/downloaded-videos/V3.mp4,229,9122.0,9127.0,6.0,Cross,Cross,0,pending,data/raw/Skeleton_data/V3.npy,229,True,True,True,ok,
V3_00231,V3,/Users/krishna/dev/fightflow/data/downloaded-videos/V3.mp4,230,9128.0,9134.0,7.0,Jab,Jab,1,pending,data/raw/Skeleton_data/V3.npy,230,True,True,True,ok,
V3_00232,V3,/Users/krishna/dev/fightflow/data/downloaded-videos/V3.mp4,231,9135.0,9140.0,6.0,Cross,Cross,0,pending,data/raw/Skeleton_data/V3.npy,231,True,True,True,ok,
V3_00233,V3,/Users/krishna/dev/fightflow/data/downloaded-videos/V3.mp4,232,9141.0,9147.0,7.0,Jab,Jab,1,pending,data/raw/Skeleton_data/V3.npy,232,True,True,True,ok,
V3_00234,V3,/Users/krishna/dev/fightflow/data/downloaded-videos/V3.mp4,233,9149.0,9153.0,5.0,Cross,Cross,0,pending,data/raw/Skeleton_data/V3.npy,233,True,True,True,ok,
V3_00235,V3,/Users/krishna/dev/fightflow/data/downloaded-videos/V3.mp4,234,9155.0,9160.0,6.0,Jab,Jab,1,pending,data/raw/Skeleton_data/V3.npy,234,True,True,True,ok,
V3_00236,V3,/Users/krishna/dev/fightflow/data/downloaded-videos/V3.mp4,235,9162.0,9167.0,6.0,Cross,Cross,0,pending,data/raw/Skeleton_data/V3.npy,235,True,True,True,ok,
V3_00237,V3,/Users/krishna/dev/fightflow/data/downloaded-videos/V3.mp4,236,9169.0,9174.0,6.0,Jab,Jab,1,pending,data/raw/Skeleton_data/V3.npy,236,True,True,True,ok,
V3_00238,V3,/Users/krishna/dev/fightflow/data/downloaded-videos/V3.mp4,237,9176.0,9181.0,6.0,Cross,Cross,0,pending,data/raw/Skeleton_data/V3.npy,237,True,True,True,ok,
V3_00239,V3,/Users/krishna/dev/fightflow/data/downloaded-videos/V3.mp4,238,9182.0,9188.0,7.0,Jab,Jab,1,pending,data/raw/Skeleton_data/V3.npy,238,True,True,True,ok,
V3_00240,V3,/Users/krishna/dev/fightflow/data/downloaded-videos/V3.mp4,239,9190.0,9195.0,6.0,Cross,Cross,0,pending,data/raw/Skeleton_data/V3.npy,239,True,True,True,ok,
V3_00241,V3,/Users/krishna/dev/fightflow/data/downloaded-videos/V3.mp4,240,9197.0,9203.0,7.0,Jab,Jab,1,pending,data/raw/Skeleton_data/V3.npy,240,True,True,True,ok,
V3_00242,V3,/Users/krishna/dev/fightflow/data/downloaded-videos/V3.mp4,241,9205.0,9209.0,5.0,Cross,Cross,0,pending,data/raw/Skeleton_data/V3.npy,241,True,True,True,ok,
V3_00243,V3,/Users/krishna/dev/fightflow/data/downloaded-videos/V3.mp4,242,9212.0,9216.0,5.0,Jab,Jab,1,pending,data/raw/Skeleton_data/V3.npy,242,True,True,True,ok,
V3_00244,V3,/Users/krishna/dev/fightflow/data/downloaded-videos/V3.mp4,243,9219.0,9223.0,5.0,Cross,Cross,0,pending,data/raw/Skeleton_data/V3.npy,243,True,True,True,ok,
V3_00245,V3,/Users/krishna/dev/fightflow/data/downloaded-videos/V3.mp4,244,9225.0,9232.0,8.0,Jab,Jab,1,pending,data/raw/Skeleton_data/V3.npy,244,True,True,True,ok,
V3_00246,V3,/Users/krishna/dev/fightflow/data/downloaded-videos/V3.mp4,245,10688.0,10697.0,10.0,Jab,Jab,1,pending,data/raw/Skeleton_data/V3.npy,245,True,True,True,ok,
V3_00247,V3,/Users/krishna/dev/fightflow/data/downloaded-videos/V3.mp4,246,10699.0,10705.0,7.0,Rear Hook,Rear Hook,4,pending,data/raw/Skeleton_data/V3.npy,246,True,True,True,ok,
V3_00248,V3,/Users/krishna/dev/fightflow/data/downloaded-videos/V3.mp4,247,10744.0,10750.0,7.0,Rear uppercut,Rear Uppercut,5,pending,data/raw/Skeleton_data/V3.npy,247,True,True,True,ok,
V3_00249,V3,/Users/krishna/dev/fightflow/data/downloaded-videos/V3.mp4,248,10754.0,10761.0,8.0,Lead Uppercut,Lead Uppercut,3,pending,data/raw/Skeleton_data/V3.npy,248,True,True,True,ok,
V3_00250,V3,/Users/krishna/dev/fightflow/data/downloaded-videos/V3.mp4,249,10801.0,10818.0,18.0,Jab,Jab,1,pending,data/raw/Skeleton_data/V3.npy,249,True,True,True,ok,
V3_00251,V3,/Users/krishna/dev/fightflow/data/downloaded-videos/V3.mp4,250,10823.0,10829.0,7.0,Rear uppercut,Rear Uppercut,5,pending,data/raw/Skeleton_data/V3.npy,250,True,True,True,ok,
V3_00252,V3,/Users/krishna/dev/fightflow/data/downloaded-videos/V3.mp4,251,10869.0,10880.0,12.0,Rear Hook,Rear Hook,4,pending,data/raw/Skeleton_data/V3.npy,251,True,True,True,ok,
V3_00253,V3,/Users/krishna/dev/fightflow/data/downloaded-videos/V3.mp4,252,10883.0,10896.0,14.0,Lead Uppercut,Lead Uppercut,3,pending,data/raw/Skeleton_data/V3.npy,252,True,True,True,ok,
V3_00254,V3,/Users/krishna/dev/fightflow/data/downloaded-videos/V3.mp4,253,10919.0,10928.0,10.0,Jab,Jab,1,pending,data/raw/Skeleton_data/V3.npy,253,True,True,True,ok,
V3_00255,V3,/Users/krishna/dev/fightflow/data/downloaded-videos/V3.mp4,254,10948.0,10957.0,10.0,Jab,Jab,1,pending,data/raw/Skeleton_data/V3.npy,254,True,True,True,ok,
V3_00256,V3,/Users/krishna/dev/fightflow/data/downloaded-videos/V3.mp4,255,10959.0,10964.0,6.0,Rear Hook,Rear Hook,4,pending,data/raw/Skeleton_data/V3.npy,255,True,True,True,ok,
V3_00257,V3,/Users/krishna/dev/fightflow/data/downloaded-videos/V3.mp4,256,10988.0,10994.0,7.0,Rear uppercut,Rear Uppercut,5,pending,data/raw/Skeleton_data/V3.npy,256,True,True,True,ok,
V3_00258,V3,/Users/krishna/dev/fightflow/data/downloaded-videos/V3.mp4,257,10997.0,11007.0,11.0,Lead Hook,Lead Hook,2,pending,data/raw/Skeleton_data/V3.npy,257,True,True,True,ok,
V3_00259,V3,/Users/krishna/dev/fightflow/data/downloaded-videos/V3.mp4,258,11046.0,11054.0,9.0,Jab,Jab,1,pending,data/raw/Skeleton_data/V3.npy,258,True,True,True,ok,
V3_00260,V3,/Users/krishna/dev/fightflow/data/downloaded-videos/V3.mp4,259,11058.0,11063.0,6.0,Rear Hook,Rear Hook,4,pending,data/raw/Skeleton_data/V3.npy,259,True,True,True,ok,
V3_00261,V3,/Users/krishna/dev/fightflow/data/downloaded-videos/V3.mp4,261,11102.0,11114.0,13.0,Lead Hook,Lead Hook,2,pending,data/raw/Skeleton_data/V3.npy,261,True,True,True,ok,
V3_00262,V3,/Users/krishna/dev/fightflow/data/downloaded-videos/V3.mp4,262,11162.0,11170.0,9.0,Jab,Jab,1,pending,data/raw/Skeleton_data/V3.npy,262,True,True,True,ok,
V3_00263,V3,/Users/krishna/dev/fightflow/data/downloaded-videos/V3.mp4,263,11173.0,11177.0,5.0,Rear Hook,Rear Hook,4,pending,data/raw/Skeleton_data/V3.npy,263,True,True,True,ok,
V3_00264,V3,/Users/krishna/dev/fightflow/data/downloaded-videos/V3.mp4,264,11197.0,11201.0,5.0,Rear uppercut,Rear Uppercut,5,pending,data/raw/Skeleton_data/V3.npy,264,True,True,True,ok,
V3_00265,V3,/Users/krishna/dev/fightflow/data/downloaded-videos/V3.mp4,265,11206.0,11212.0,7.0,Lead Hook,Lead Hook,2,pending,data/raw/Skeleton_data/V3.npy,265,True,True,True,ok,
V3_00266,V3,/Users/krishna/dev/fightflow/data/downloaded-videos/V3.mp4,266,11255.0,11261.0,7.0,Jab,Jab,1,pending,data/raw/Skeleton_data/V3.npy,266,True,True,True,ok,
V3_00267,V3,/Users/krishna/dev/fightflow/data/downloaded-videos/V3.mp4,267,11264.0,11269.0,6.0,Rear Hook,Rear Hook,4,pending,data/raw/Skeleton_data/V3.npy,267,True,True,True,ok,
V3_00268,V3,/Users/krishna/dev/fightflow/data/downloaded-videos/V3.mp4,268,11294.0,11298.0,5.0,Rear uppercut,Rear Uppercut,5,pending,data/raw/Skeleton_data/V3.npy,268,True,True,True,ok,
V3_00269,V3,/Users/krishna/dev/fightflow/data/downloaded-videos/V3.mp4,269,11302.0,11311.0,10.0,Lead Hook,Lead Hook,2,pending,data/raw/Skeleton_data/V3.npy,269,True,True,True,ok,
V3_00270,V3,/Users/krishna/dev/fightflow/data/downloaded-videos/V3.mp4,270,11359.0,11365.0,7.0,Jab,Jab,1,pending,data/raw/Skeleton_data/V3.npy,270,True,True,True,ok,
V3_00271,V3,/Users/krishna/dev/fightflow/data/downloaded-videos/V3.mp4,271,11371.0,11376.0,6.0,Rear Hook,Rear Hook,4,pending,data/raw/Skeleton_data/V3.npy,271,True,True,True,ok,
V3_00272,V3,/Users/krishna/dev/fightflow/data/downloaded-videos/V3.mp4,272,11398.0,11403.0,6.0,Rear uppercut,Rear Uppercut,5,pending,data/raw/Skeleton_data/V3.npy,272,True,True,True,ok,
V3_00273,V3,/Users/krishna/dev/fightflow/data/downloaded-videos/V3.mp4,273,11407.0,11415.0,9.0,Lead Hook,Lead Hook,2,pending,data/raw/Skeleton_data/V3.npy,273,True,True,True,ok,
V3_00274,V3,/Users/krishna/dev/fightflow/data/downloaded-videos/V3.mp4,274,11458.0,11466.0,9.0,Jab,Jab,1,pending,data/raw/Skeleton_data/V3.npy,274,True,True,True,ok,
V3_00275,V3,/Users/krishna/dev/fightflow/data/downloaded-videos/V3.mp4,275,11470.0,11475.0,6.0,Rear Hook,Rear Hook,4,pending,data/raw/Skeleton_data/V3.npy,275,True,True,True,ok,
V3_00276,V3,/Users/krishna/dev/fightflow/data/downloaded-videos/V3.mp4,276,11498.0,11503.0,6.0,Rear uppercut,Rear Uppercut,5,pending,data/raw/Skeleton_data/V3.npy,276,True,True,True,ok,
V3_00277,V3,/Users/krishna/dev/fightflow/data/downloaded-videos/V3.mp4,277,11507.0,11513.0,7.0,Lead Hook,Lead Hook,2,pending,data/raw/Skeleton_data/V3.npy,277,True,True,True,ok,
V3_00278,V3,/Users/krishna/dev/fightflow/data/downloaded-videos/V3.mp4,278,11558.0,11565.0,8.0,Jab,Jab,1,pending,data/raw/Skeleton_data/V3.npy,278,True,True,True,ok,
V3_00279,V3,/Users/krishna/dev/fightflow/data/downloaded-videos/V3.mp4,279,11569.0,11574.0,6.0,Rear Hook,Rear Hook,4,pending,data/raw/Skeleton_data/V3.npy,279,True,True,True,ok,
V3_00280,V3,/Users/krishna/dev/fightflow/data/downloaded-videos/V3.mp4,280,11604.0,11609.0,6.0,Lead Hook,Lead Hook,2,pending,data/raw/Skeleton_data/V3.npy,280,True,True,True,ok,
V3_00281,V3,/Users/krishna/dev/fightflow/data/downloaded-videos/V3.mp4,281,11611.0,11616.0,6.0,Rear uppercut,Rear Uppercut,5,pending,data/raw/Skeleton_data/V3.npy,281,True,True,True,ok,
V3_00282,V3,/Users/krishna/dev/fightflow/data/downloaded-videos/V3.mp4,282,11619.0,11624.0,6.0,Lead Hook,Lead Hook,2,pending,data/raw/Skeleton_data/V3.npy,282,True,True,True,ok,
V3_00283,V3,/Users/krishna/dev/fightflow/data/downloaded-videos/V3.mp4,283,11666.0,11672.0,7.0,Jab,Jab,1,pending,data/raw/Skeleton_data/V3.npy,283,True,True,True,ok,
V3_00284,V3,/Users/krishna/dev/fightflow/data/downloaded-videos/V3.mp4,284,11676.0,11680.0,5.0,Rear Hook,Rear Hook,4,pending,data/raw/Skeleton_data/V3.npy,284,True,True,True,ok,
V3_00285,V3,/Users/krishna/dev/fightflow/data/downloaded-videos/V3.mp4,285,11701.0,11705.0,5.0,Rear uppercut,Rear Uppercut,5,pending,data/raw/Skeleton_data/V3.npy,285,True,True,True,ok,
V3_00286,V3,/Users/krishna/dev/fightflow/data/downloaded-videos/V3.mp4,286,11709.0,11715.0,7.0,Lead Hook,Lead Hook,2,pending,data/raw/Skeleton_data/V3.npy,286,True,True,True,ok,
V3_00287,V3,/Users/krishna/dev/fightflow/data/downloaded-videos/V3.mp4,287,11767.0,11773.0,7.0,Jab,Jab,1,pending,data/raw/Skeleton_data/V3.npy,287,True,True,True,ok,
V3_00288,V3,/Users/krishna/dev/fightflow/data/downloaded-videos/V3.mp4,288,11786.0,11791.0,6.0,Rear Hook,Rear Hook,4,pending,data/raw/Skeleton_data/V3.npy,288,True,True,True,ok,
V3_00289,V3,/Users/krishna/dev/fightflow/data/downloaded-videos/V3.mp4,289,11810.0,11815.0,6.0,Rear uppercut,Rear Uppercut,5,pending,data/raw/Skeleton_data/V3.npy,289,True,True,True,ok,
V3_00290,V3,/Users/krishna/dev/fightflow/data/downloaded-videos/V3.mp4,290,11818.0,11829.0,12.0,Lead Hook,Lead Hook,2,pending,data/raw/Skeleton_data/V3.npy,290,True,True,True,ok,
V3_00291,V3,/Users/krishna/dev/fightflow/data/downloaded-videos/V3.mp4,291,11865.0,11870.0,6.0,Jab,Jab,1,pending,data/raw/Skeleton_data/V3.npy,291,True,True,True,ok,
V3_00292,V3,/Users/krishna/dev/fightflow/data/downloaded-videos/V3.mp4,292,11874.0,11879.0,6.0,Rear Hook,Rear Hook,4,pending,data/raw/Skeleton_data/V3.npy,292,True,True,True,ok,
V3_00293,V3,/Users/krishna/dev/fightflow/data/downloaded-videos/V3.mp4,293,11900.0,11905.0,6.0,Rear uppercut,Rear Uppercut,5,pending,data/raw/Skeleton_data/V3.npy,293,True,True,True,ok,
V3_00294,V3,/Users/krishna/dev/fightflow/data/downloaded-videos/V3.mp4,294,11908.0,11913.0,6.0,Lead Hook,Lead Hook,2,pending,data/raw/Skeleton_data/V3.npy,294,True,True,True,ok,
V3_00295,V3,/Users/krishna/dev/fightflow/data/downloaded-videos/V3.mp4,296,11966.0,11970.0,5.0,Rear Hook,Rear Hook,4,pending,data/raw/Skeleton_data/V3.npy,296,True,True,True,ok,
V3_00296,V3,/Users/krishna/dev/fightflow/data/downloaded-videos/V3.mp4,297,11991.0,11995.0,5.0,Rear uppercut,Rear Uppercut,5,pending,data/raw/Skeleton_data/V3.npy,297,True,True,True,ok,
V3_00297,V3,/Users/krishna/dev/fightflow/data/downloaded-videos/V3.mp4,298,11999.0,12004.0,6.0,Lead Hook,Lead Hook,2,pending,data/raw/Skeleton_data/V3.npy,298,True,True,True,ok,
V3_00298,V3,/Users/krishna/dev/fightflow/data/downloaded-videos/V3.mp4,299,12028.0,12036.0,9.0,Jab,Jab,1,pending,data/raw/Skeleton_data/V3.npy,299,True,True,True,ok,
V3_00299,V3,/Users/krishna/dev/fightflow/data/downloaded-videos/V3.mp4,300,12038.0,12042.0,5.0,Rear Hook,Rear Hook,4,pending,data/raw/Skeleton_data/V3.npy,300,True,True,True,ok,
V3_00300,V3,/Users/krishna/dev/fightflow/data/downloaded-videos/V3.mp4,301,12063.0,12067.0,5.0,Rear uppercut,Rear Uppercut,5,pending,data/raw/Skeleton_data/V3.npy,301,True,True,True,ok,
V3_00301,V3,/Users/krishna/dev/fightflow/data/downloaded-videos/V3.mp4,302,12073.0,12079.0,7.0,Lead Hook,Lead Hook,2,pending,data/raw/Skeleton_data/V3.npy,302,True,True,True,ok,
V3_00302,V3,/Users/krishna/dev/fightflow/data/downloaded-videos/V3.mp4,303,12897.0,12910.0,14.0,Jab,Jab,1,pending,data/raw/Skeleton_data/V3.npy,303,True,True,True,ok,
V3_00303,V3,/Users/krishna/dev/fightflow/data/downloaded-videos/V3.mp4,304,12915.0,12929.0,15.0,Jab,Jab,1,pending,data/raw/Skeleton_data/V3.npy,304,True,True,True,ok,
V3_00304,V3,/Users/krishna/dev/fightflow/data/downloaded-videos/V3.mp4,305,12937.0,12947.0,11.0,Lead Hook,Lead Hook,2,pending,data/raw/Skeleton_data/V3.npy,305,True,True,True,ok,
V3_00305,V3,/Users/krishna/dev/fightflow/data/downloaded-videos/V3.mp4,306,12956.0,12964.0,9.0,Cross,Cross,0,pending,data/raw/Skeleton_data/V3.npy,306,True,True,True,ok,
V3_00306,V3,/Users/krishna/dev/fightflow/data/downloaded-videos/V3.mp4,307,12987.0,13000.0,14.0,Jab,Jab,1,pending,data/raw/Skeleton_data/V3.npy,307,True,True,True,ok,
V3_00307,V3,/Users/krishna/dev/fightflow/data/downloaded-videos/V3.mp4,308,13005.0,13012.0,8.0,Jab,Jab,1,pending,data/raw/Skeleton_data/V3.npy,308,True,True,True,ok,
V3_00308,V3,/Users/krishna/dev/fightflow/data/downloaded-videos/V3.mp4,309,13026.0,13033.0,8.0,Lead Hook,Lead Hook,2,pending,data/raw/Skeleton_data/V3.npy,309,True,True,True,ok,
V3_00309,V3,/Users/krishna/dev/fightflow/data/downloaded-videos/V3.mp4,310,13044.0,13051.0,8.0,Cross,Cross,0,pending,data/raw/Skeleton_data/V3.npy,310,True,True,True,ok,
V3_00310,V3,/Users/krishna/dev/fightflow/data/downloaded-videos/V3.mp4,311,13083.0,13090.0,8.0,Jab,Jab,1,pending,data/raw/Skeleton_data/V3.npy,311,True,True,True,ok,
V3_00311,V3,/Users/krishna/dev/fightflow/data/downloaded-videos/V3.mp4,312,13095.0,13100.0,6.0,Jab,Jab,1,pending,data/raw/Skeleton_data/V3.npy,312,True,True,True,ok,
V3_00312,V3,/Users/krishna/dev/fightflow/data/downloaded-videos/V3.mp4,313,13111.0,13119.0,9.0,Lead Hook,Lead Hook,2,pending,data/raw/Skeleton_data/V3.npy,313,True,True,True,ok,
V3_00313,V3,/Users/krishna/dev/fightflow/data/downloaded-videos/V3.mp4,314,13124.0,13131.0,8.0,Cross,Cross,0,pending,data/raw/Skeleton_data/V3.npy,314,True,True,True,ok,
V3_00314,V3,/Users/krishna/dev/fightflow/data/downloaded-videos/V3.mp4,315,13160.0,13170.0,11.0,Jab,Jab,1,pending,data/raw/Skeleton_data/V3.npy,315,True,True,True,ok,
V3_00315,V3,/Users/krishna/dev/fightflow/data/downloaded-videos/V3.mp4,316,13175.0,13182.0,8.0,Jab,Jab,1,pending,data/raw/Skeleton_data/V3.npy,316,True,True,True,ok,
V3_00316,V3,/Users/krishna/dev/fightflow/data/downloaded-videos/V3.mp4,317,13192.0,13200.0,9.0,Lead Hook,Lead Hook,2,pending,data/raw/Skeleton_data/V3.npy,317,True,True,True,ok,
V3_00317,V3,/Users/krishna/dev/fightflow/data/downloaded-videos/V3.mp4,318,13206.0,13213.0,8.0,Cross,Cross,0,pending,data/raw/Skeleton_data/V3.npy,318,True,True,True,ok,
V3_00318,V3,/Users/krishna/dev/fightflow/data/downloaded-videos/V3.mp4,319,13246.0,13253.0,8.0,Jab,Jab,1,pending,data/raw/Skeleton_data/V3.npy,319,True,True,True,ok,
V3_00319,V3,/Users/krishna/dev/fightflow/data/downloaded-videos/V3.mp4,320,13258.0,13263.0,6.0,Jab,Jab,1,pending,data/raw/Skeleton_data/V3.npy,320,True,True,True,ok,
V3_00320,V3,/Users/krishna/dev/fightflow/data/downloaded-videos/V3.mp4,321,13275.0,13280.0,6.0,Lead Hook,Lead Hook,2,pending,data/raw/Skeleton_data/V3.npy,321,True,True,True,ok,
V3_00321,V3,/Users/krishna/dev/fightflow/data/downloaded-videos/V3.mp4,322,13284.0,13291.0,8.0,Cross,Cross,0,pending,data/raw/Skeleton_data/V3.npy,322,True,True,True,ok,
V3_00322,V3,/Users/krishna/dev/fightflow/data/downloaded-videos/V3.mp4,323,13329.0,13337.0,9.0,Jab,Jab,1,pending,data/raw/Skeleton_data/V3.npy,323,True,True,True,ok,
V3_00323,V3,/Users/krishna/dev/fightflow/data/downloaded-videos/V3.mp4,324,13341.0,13347.0,7.0,Jab,Jab,1,pending,data/raw/Skeleton_data/V3.npy,324,True,True,True,ok,
V3_00324,V3,/Users/krishna/dev/fightflow/data/downloaded-videos/V3.mp4,325,13353.0,13361.0,9.0,Lead Hook,Lead Hook,2,pending,data/raw/Skeleton_data/V3.npy,325,True,True,True,ok,
V3_00325,V3,/Users/krishna/dev/fightflow/data/downloaded-videos/V3.mp4,326,13365.0,13372.0,8.0,Cross,Cross,0,pending,data/raw/Skeleton_data/V3.npy,326,True,True,True,ok,
V3_00326,V3,/Users/krishna/dev/fightflow/data/downloaded-videos/V3.mp4,327,13394.0,13402.0,9.0,Jab,Jab,1,pending,data/raw/Skeleton_data/V3.npy,327,True,True,True,ok,
V3_00327,V3,/Users/krishna/dev/fightflow/data/downloaded-videos/V3.mp4,328,13406.0,13412.0,7.0,Jab,Jab,1,pending,data/raw/Skeleton_data/V3.npy,328,True,True,True,ok,
V3_00328,V3,/Users/krishna/dev/fightflow/data/downloaded-videos/V3.mp4,329,13422.0,13429.0,8.0,Lead Hook,Lead Hook,2,pending,data/raw/Skeleton_data/V3.npy,329,True,True,True,ok,
V3_00329,V3,/Users/krishna/dev/fightflow/data/downloaded-videos/V3.mp4,330,13432.0,13440.0,9.0,Cross,Cross,0,pending,data/raw/Skeleton_data/V3.npy,330,True,True,True,ok,
V3_00330,V3,/Users/krishna/dev/fightflow/data/downloaded-videos/V3.mp4,331,13480.0,13488.0,9.0,Jab,Jab,1,pending,data/raw/Skeleton_data/V3.npy,331,True,True,True,ok,
V3_00331,V3,/Users/krishna/dev/fightflow/data/downloaded-videos/V3.mp4,332,13492.0,13492.0,1.0,Jab,Jab,1,pending,data/raw/Skeleton_data/V3.npy,332,True,True,True,ok,
V3_00332,V3,/Users/krishna/dev/fightflow/data/downloaded-videos/V3.mp4,333,13504.0,13511.0,8.0,Lead Hook,Lead Hook,2,pending,data/raw/Skeleton_data/V3.npy,333,True,True,True,ok,
V3_00333,V3,/Users/krishna/dev/fightflow/data/downloaded-videos/V3.mp4,334,13514.0,13521.0,8.0,Cross,Cross,0,pending,data/raw/Skeleton_data/V3.npy,334,True,True,True,ok,
V3_00334,V3,/Users/krishna/dev/fightflow/data/downloaded-videos/V3.mp4,335,13542.0,13552.0,11.0,Jab,Jab,1,pending,data/raw/Skeleton_data/V3.npy,335,True,True,True,ok,
V3_00335,V3,/Users/krishna/dev/fightflow/data/downloaded-videos/V3.mp4,336,13555.0,13563.0,9.0,Jab,Jab,1,pending,data/raw/Skeleton_data/V3.npy,336,True,True,True,ok,
V3_00336,V3,/Users/krishna/dev/fightflow/data/downloaded-videos/V3.mp4,337,13573.0,13581.0,9.0,Lead Hook,Lead Hook,2,pending,data/raw/Skeleton_data/V3.npy,337,True,True,True,ok,
V3_00337,V3,/Users/krishna/dev/fightflow/data/downloaded-videos/V3.mp4,338,13583.0,13591.0,9.0,Cross,Cross,0,pending,data/raw/Skeleton_data/V3.npy,338,True,True,True,ok,
V3_00338,V3,/Users/krishna/dev/fightflow/data/downloaded-videos/V3.mp4,339,13640.0,13649.0,10.0,Jab,Jab,1,pending,data/raw/Skeleton_data/V3.npy,339,True,True,True,ok,
V3_00339,V3,/Users/krishna/dev/fightflow/data/downloaded-videos/V3.mp4,340,13654.0,13660.0,7.0,Jab,Jab,1,pending,data/raw/Skeleton_data/V3.npy,340,True,True,True,ok,
V3_00340,V3,/Users/krishna/dev/fightflow/data/downloaded-videos/V3.mp4,341,13667.0,13673.0,7.0,Lead Hook,Lead Hook,2,pending,data/raw/Skeleton_data/V3.npy,341,True,True,True,ok,
V3_00341,V3,/Users/krishna/dev/fightflow/data/downloaded-videos/V3.mp4,342,13676.0,13684.0,9.0,Cross,Cross,0,pending,data/raw/Skeleton_data/V3.npy,342,True,True,True,ok,
V3_00342,V3,/Users/krishna/dev/fightflow/data/downloaded-videos/V3.mp4,343,13708.0,13716.0,9.0,Jab,Jab,1,pending,data/raw/Skeleton_data/V3.npy,343,True,True,True,ok,
V3_00343,V3,/Users/krishna/dev/fightflow/data/downloaded-videos/V3.mp4,344,13721.0,13727.0,7.0,Jab,Jab,1,pending,data/raw/Skeleton_data/V3.npy,344,True,True,True,ok,
V3_00344,V3,/Users/krishna/dev/fightflow/data/downloaded-videos/V3.mp4,345,13735.0,13742.0,8.0,Lead Hook,Lead Hook,2,pending,data/raw/Skeleton_data/V3.npy,345,True,True,True,ok,
V3_00345,V3,/Users/krishna/dev/fightflow/data/downloaded-videos/V3.mp4,346,13744.0,13751.0,8.0,Cross,Cross,0,pending,data/raw/Skeleton_data/V3.npy,346,True,True,True,ok,
V3_00346,V3,/Users/krishna/dev/fightflow/data/downloaded-videos/V3.mp4,347,13778.0,13787.0,10.0,Jab,Jab,1,pending,data/raw/Skeleton_data/V3.npy,347,True,True,True,ok,
V3_00347,V3,/Users/krishna/dev/fightflow/data/downloaded-videos/V3.mp4,348,13791.0,13797.0,7.0,Jab,Jab,1,pending,data/raw/Skeleton_data/V3.npy,348,True,True,True,ok,
V3_00348,V3,/Users/krishna/dev/fightflow/data/downloaded-videos/V3.mp4,349,13807.0,13815.0,9.0,Lead Hook,Lead Hook,2,pending,data/raw/Skeleton_data/V3.npy,349,True,True,True,ok,
V3_00349,V3,/Users/krishna/dev/fightflow/data/downloaded-videos/V3.mp4,350,13817.0,13824.0,8.0,Cross,Cross,0,pending,data/raw/Skeleton_data/V3.npy,350,True,True,True,ok,
V3_00350,V3,/Users/krishna/dev/fightflow/data/downloaded-videos/V3.mp4,351,13864.0,13872.0,9.0,Jab,Jab,1,pending,data/raw/Skeleton_data/V3.npy,351,True,True,True,ok,
V3_00351,V3,/Users/krishna/dev/fightflow/data/downloaded-videos/V3.mp4,352,13876.0,13883.0,8.0,Jab,Jab,1,pending,data/raw/Skeleton_data/V3.npy,352,True,True,True,ok,
V3_00352,V3,/Users/krishna/dev/fightflow/data/downloaded-videos/V3.mp4,353,13891.0,13897.0,7.0,Lead Hook,Lead Hook,2,pending,data/raw/Skeleton_data/V3.npy,353,True,True,True,ok,
V3_00353,V3,/Users/krishna/dev/fightflow/data/downloaded-videos/V3.mp4,354,13900.0,13909.0,10.0,Cross,Cross,0,pending,data/raw/Skeleton_data/V3.npy,354,True,True,True,ok,
V3_00354,V3,/Users/krishna/dev/fightflow/data/downloaded-videos/V3.mp4,355,13932.0,13942.0,11.0,Jab,Jab,1,pending,data/raw/Skeleton_data/V3.npy,355,True,True,True,ok,
V3_00355,V3,/Users/krishna/dev/fightflow/data/downloaded-videos/V3.mp4,356,13944.0,13952.0,9.0,Jab,Jab,1,pending,data/raw/Skeleton_data/V3.npy,356,True,True,True,ok,
V3_00356,V3,/Users/krishna/dev/fightflow/data/downloaded-videos/V3.mp4,357,13960.0,13968.0,9.0,Lead Hook,Lead Hook,2,pending,data/raw/Skeleton_data/V3.npy,357,True,True,True,ok,
V3_00357,V3,/Users/krishna/dev/fightflow/data/downloaded-videos/V3.mp4,358,13971.0,13978.0,8.0,Cross,Cross,0,pending,data/raw/Skeleton_data/V3.npy,358,True,True,True,ok,
V3_00358,V3,/Users/krishna/dev/fightflow/data/downloaded-videos/V3.mp4,359,14006.0,14014.0,9.0,Jab,Jab,1,pending,data/raw/Skeleton_data/V3.npy,359,True,True,True,ok,
V3_00359,V3,/Users/krishna/dev/fightflow/data/downloaded-videos/V3.mp4,360,14019.0,14024.0,6.0,Jab,Jab,1,pending,data/raw/Skeleton_data/V3.npy,360,True,True,True,ok,
V3_00360,V3,/Users/krishna/dev/fightflow/data/downloaded-videos/V3.mp4,361,14034.0,14040.0,7.0,Lead Hook,Lead Hook,2,pending,data/raw/Skeleton_data/V3.npy,361,True,True,True,ok,
V3_00361,V3,/Users/krishna/dev/fightflow/data/downloaded-videos/V3.mp4,362,14044.0,14051.0,8.0,Cross,Cross,0,pending,data/raw/Skeleton_data/V3.npy,362,True,True,True,ok,
V3_00362,V3,/Users/krishna/dev/fightflow/data/downloaded-videos/V3.mp4,363,14083.0,14090.0,8.0,Jab,Jab,1,pending,data/raw/Skeleton_data/V3.npy,363,True,True,True,ok,
V3_00363,V3,/Users/krishna/dev/fightflow/data/downloaded-videos/V3.mp4,364,14093.0,14098.0,6.0,Jab,Jab,1,pending,data/raw/Skeleton_data/V3.npy,364,True,True,True,ok,
V3_00364,V3,/Users/krishna/dev/fightflow/data/downloaded-videos/V3.mp4,365,14107.0,14114.0,8.0,Lead Hook,Lead Hook,2,pending,data/raw/Skeleton_data/V3.npy,365,True,True,True,ok,
V3_00365,V3,/Users/krishna/dev/fightflow/data/downloaded-videos/V3.mp4,366,14117.0,14125.0,9.0,Cross,Cross,0,pending,data/raw/Skeleton_data/V3.npy,366,True,True,True,ok,
V3_00366,V3,/Users/krishna/dev/fightflow/data/downloaded-videos/V3.mp4,367,14150.0,14157.0,8.0,Jab,Jab,1,pending,data/raw/Skeleton_data/V3.npy,367,True,True,True,ok,
V3_00367,V3,/Users/krishna/dev/fightflow/data/downloaded-videos/V3.mp4,368,14162.0,14168.0,7.0,Jab,Jab,1,pending,data/raw/Skeleton_data/V3.npy,368,True,True,True,ok,
V3_00368,V3,/Users/krishna/dev/fightflow/data/downloaded-videos/V3.mp4,369,14174.0,14183.0,10.0,Lead Hook,Lead Hook,2,pending,data/raw/Skeleton_data/V3.npy,369,True,True,True,ok,
V3_00369,V3,/Users/krishna/dev/fightflow/data/downloaded-videos/V3.mp4,370,14186.0,14193.0,8.0,Cross,Cross,0,pending,data/raw/Skeleton_data/V3.npy,370,True,True,True,ok,
V3_00370,V3,/Users/krishna/dev/fightflow/data/downloaded-videos/V3.mp4,371,14207.0,14213.0,7.0,Jab,Jab,1,pending,data/raw/Skeleton_data/V3.npy,371,True,True,True,ok,
V3_00371,V3,/Users/krishna/dev/fightflow/data/downloaded-videos/V3.mp4,372,14217.0,14222.0,6.0,Jab,Jab,1,pending,data/raw/Skeleton_data/V3.npy,372,True,True,True,ok,
V3_00372,V3,/Users/krishna/dev/fightflow/data/downloaded-videos/V3.mp4,373,14228.0,14237.0,10.0,Lead Hook,Lead Hook,2,pending,data/raw/Skeleton_data/V3.npy,373,True,True,True,ok,
V3_00373,V3,/Users/krishna/dev/fightflow/data/downloaded-videos/V3.mp4,374,14240.0,14248.0,9.0,Cross,Cross,0,pending,data/raw/Skeleton_data/V3.npy,374,True,True,True,ok,
V3_00374,V3,/Users/krishna/dev/fightflow/data/downloaded-videos/V3.mp4,375,16471.0,16476.0,6.0,Cross,Cross,0,pending,data/raw/Skeleton_data/V3.npy,375,True,True,True,ok,
V3_00375,V3,/Users/krishna/dev/fightflow/data/downloaded-videos/V3.mp4,376,16478.0,16486.0,9.0,Jab,Jab,1,pending,data/raw/Skeleton_data/V3.npy,376,True,True,True,ok,
V3_00376,V3,/Users/krishna/dev/fightflow/data/downloaded-videos/V3.mp4,377,16488.0,16504.0,17.0,Cross,Cross,0,pending,data/raw/Skeleton_data/V3.npy,377,True,True,True,ok,
V3_00377,V3,/Users/krishna/dev/fightflow/data/downloaded-videos/V3.mp4,378,16534.0,16542.0,9.0,Cross,Cross,0,pending,data/raw/Skeleton_data/V3.npy,378,True,True,True,ok,
V3_00378,V3,/Users/krishna/dev/fightflow/data/downloaded-videos/V3.mp4,379,16547.0,16555.0,9.0,Lead Hook,Lead Hook,2,pending,data/raw/Skeleton_data/V3.npy,379,True,True,True,ok,
V3_00379,V3,/Users/krishna/dev/fightflow/data/downloaded-videos/V3.mp4,380,16559.0,16568.0,10.0,Lead Hook,Lead Hook,2,pending,data/raw/Skeleton_data/V3.npy,380,True,True,True,ok,
V3_00380,V3,/Users/krishna/dev/fightflow/data/downloaded-videos/V3.mp4,381,16610.0,16617.0,8.0,Cross,Cross,0,pending,data/raw/Skeleton_data/V3.npy,381,True,True,True,ok,
V3_00381,V3,/Users/krishna/dev/fightflow/data/downloaded-videos/V3.mp4,382,16620.0,16630.0,11.0,Lead Hook,Lead Hook,2,pending,data/raw/Skeleton_data/V3.npy,382,True,True,True,ok,
V3_00382,V3,/Users/krishna/dev/fightflow/data/downloaded-videos/V3.mp4,383,16633.0,16646.0,14.0,Cross,Cross,0,pending,data/raw/Skeleton_data/V3.npy,383,True,True,True,ok,
V3_00383,V3,/Users/krishna/dev/fightflow/data/downloaded-videos/V3.mp4,384,16684.0,16690.0,7.0,Cross,Cross,0,pending,data/raw/Skeleton_data/V3.npy,384,True,True,True,ok,
V3_00384,V3,/Users/krishna/dev/fightflow/data/downloaded-videos/V3.mp4,385,16692.0,16700.0,9.0,Lead Hook,Lead Hook,2,pending,data/raw/Skeleton_data/V3.npy,385,True,True,True,ok,
V3_00385,V3,/Users/krishna/dev/fightflow/data/downloaded-videos/V3.mp4,386,16702.0,16711.0,10.0,Lead Hook,Lead Hook,2,pending,data/raw/Skeleton_data/V3.npy,386,True,True,True,ok,
V3_00386,V3,/Users/krishna/dev/fightflow/data/downloaded-videos/V3.mp4,387,16764.0,16767.0,4.0,Cross,Cross,0,pending,data/raw/Skeleton_data/V3.npy,387,True,True,True,ok,
V3_00387,V3,/Users/krishna/dev/fightflow/data/downloaded-videos/V3.mp4,388,16769.0,16776.0,8.0,Lead Hook,Lead Hook,2,pending,data/raw/Skeleton_data/V3.npy,388,True,True,True,ok,
V3_00388,V3,/Users/krishna/dev/fightflow/data/downloaded-videos/V3.mp4,389,16801.0,16806.0,6.0,Cross,Cross,0,pending,data/raw/Skeleton_data/V3.npy,389,True,True,True,ok,
V3_00389,V3,/Users/krishna/dev/fightflow/data/downloaded-videos/V3.mp4,390,16808.0,16814.0,7.0,Jab,Jab,1,pending,data/raw/Skeleton_data/V3.npy,390,True,True,True,ok,
V3_00390,V3,/Users/krishna/dev/fightflow/data/downloaded-videos/V3.mp4,391,16819.0,16825.0,7.0,Lead Hook,Lead Hook,2,pending,data/raw/Skeleton_data/V3.npy,391,True,True,True,ok,
V3_00391,V3,/Users/krishna/dev/fightflow/data/downloaded-videos/V3.mp4,392,16863.0,16867.0,5.0,Cross,Cross,0,pending,data/raw/Skeleton_data/V3.npy,392,True,True,True,ok,
V3_00392,V3,/Users/krishna/dev/fightflow/data/downloaded-videos/V3.mp4,393,16869.0,16878.0,10.0,Jab,Jab,1,pending,data/raw/Skeleton_data/V3.npy,393,True,True,True,ok,
V3_00393,V3,/Users/krishna/dev/fightflow/data/downloaded-videos/V3.mp4,394,16881.0,16887.0,7.0,Cross,Cross,0,pending,data/raw/Skeleton_data/V3.npy,394,True,True,True,ok,
V3_00394,V3,/Users/krishna/dev/fightflow/data/downloaded-videos/V3.mp4,395,16906.0,16912.0,7.0,Cross,Cross,0,pending,data/raw/Skeleton_data/V3.npy,395,True,True,True,ok,
V3_00395,V3,/Users/krishna/dev/fightflow/data/downloaded-videos/V3.mp4,396,16914.0,16919.0,6.0,Jab,Jab,1,pending,data/raw/Skeleton_data/V3.npy,396,True,True,True,ok,
V3_00396,V3,/Users/krishna/dev/fightflow/data/downloaded-videos/V3.mp4,397,16925.0,16933.0,9.0,Lead Hook,Lead Hook,2,pending,data/raw/Skeleton_data/V3.npy,397,True,True,True,ok,
V3_00397,V3,/Users/krishna/dev/fightflow/data/downloaded-videos/V3.mp4,398,16986.0,16989.0,4.0,Cross,Cross,0,pending,data/raw/Skeleton_data/V3.npy,398,True,True,True,ok,
V3_00398,V3,/Users/krishna/dev/fightflow/data/downloaded-videos/V3.mp4,399,16991.0,16997.0,7.0,Lead Hook,Lead Hook,2,pending,data/raw/Skeleton_data/V3.npy,399,True,True,True,ok,
V3_00399,V3,/Users/krishna/dev/fightflow/data/downloaded-videos/V3.mp4,400,16999.0,17006.0,8.0,Cross,Cross,0,pending,data/raw/Skeleton_data/V3.npy,400,True,True,True,ok,
V3_00400,V3,/Users/krishna/dev/fightflow/data/downloaded-videos/V3.mp4,401,17024.0,17030.0,7.0,Cross,Cross,0,pending,data/raw/Skeleton_data/V3.npy,401,True,True,True,ok,
V3_00401,V3,/Users/krishna/dev/fightflow/data/downloaded-videos/V3.mp4,402,17033.0,17037.0,5.0,Lead Hook,Lead Hook,2,pending,data/raw/Skeleton_data/V3.npy,402,True,True,True,ok,
V3_00402,V3,/Users/krishna/dev/fightflow/data/downloaded-videos/V3.mp4,403,17045.0,17050.0,6.0,Lead Hook,Lead Hook,2,pending,data/raw/Skeleton_data/V3.npy,403,True,True,True,ok,
V3_00403,V3,/Users/krishna/dev/fightflow/data/downloaded-videos/V3.mp4,404,17115.0,17120.0,6.0,Cross,Cross,0,pending,data/raw/Skeleton_data/V3.npy,404,True,True,True,ok,
V3_00404,V3,/Users/krishna/dev/fightflow/data/downloaded-videos/V3.mp4,405,17122.0,17130.0,9.0,Jab,Jab,1,pending,data/raw/Skeleton_data/V3.npy,405,True,True,True,ok,
V3_00405,V3,/Users/krishna/dev/fightflow/data/downloaded-videos/V3.mp4,406,17133.0,17140.0,8.0,Cross,Cross,0,pending,data/raw/Skeleton_data/V3.npy,406,True,True,True,ok,
V3_00406,V3,/Users/krishna/dev/fightflow/data/downloaded-videos/V3.mp4,407,17157.0,17163.0,7.0,Cross,Cross,0,pending,data/raw/Skeleton_data/V3.npy,407,True,True,True,ok,
V3_00407,V3,/Users/krishna/dev/fightflow/data/downloaded-videos/V3.mp4,408,17164.0,17171.0,8.0,Jab,Jab,1,pending,data/raw/Skeleton_data/V3.npy,408,True,True,True,ok,
V3_00408,V3,/Users/krishna/dev/fightflow/data/downloaded-videos/V3.mp4,409,17191.0,17201.0,11.0,Lead Hook,Lead Hook,2,pending,data/raw/Skeleton_data/V3.npy,409,True,True,True,ok,
V3_00409,V3,/Users/krishna/dev/fightflow/data/downloaded-videos/V3.mp4,410,17245.0,17250.0,6.0,Cross,Cross,0,pending,data/raw/Skeleton_data/V3.npy,410,True,True,True,ok,
V3_00410,V3,/Users/krishna/dev/fightflow/data/downloaded-videos/V3.mp4,411,17252.0,17257.0,6.0,Jab,Jab,1,pending,data/raw/Skeleton_data/V3.npy,411,True,True,True,ok,
V3_00411,V3,/Users/krishna/dev/fightflow/data/downloaded-videos/V3.mp4,412,17260.0,17267.0,8.0,Cross,Cross,0,pending,data/raw/Skeleton_data/V3.npy,412,True,True,True,ok,
V3_00412,V3,/Users/krishna/dev/fightflow/data/downloaded-videos/V3.mp4,413,17286.0,17291.0,6.0,Cross,Cross,0,pending,data/raw/Skeleton_data/V3.npy,413,True,True,True,ok,
V3_00413,V3,/Users/krishna/dev/fightflow/data/downloaded-videos/V3.mp4,414,17293.0,17298.0,6.0,Lead Hook,Lead Hook,2,pending,data/raw/Skeleton_data/V3.npy,414,True,True,True,ok,
V3_00414,V3,/Users/krishna/dev/fightflow/data/downloaded-videos/V3.mp4,415,17306.0,17313.0,8.0,Lead Hook,Lead Hook,2,pending,data/raw/Skeleton_data/V3.npy,415,True,True,True,ok,
V3_00415,V3,/Users/krishna/dev/fightflow/data/downloaded-videos/V3.mp4,416,17351.0,17356.0,6.0,Cross,Cross,0,pending,data/raw/Skeleton_data/V3.npy,416,True,True,True,ok,
V3_00416,V3,/Users/krishna/dev/fightflow/data/downloaded-videos/V3.mp4,417,17359.0,17366.0,8.0,Jab,Jab,1,pending,data/raw/Skeleton_data/V3.npy,417,True,True,True,ok,
V3_00417,V3,/Users/krishna/dev/fightflow/data/downloaded-videos/V3.mp4,418,17368.0,17375.0,8.0,Cross,Cross,0,pending,data/raw/Skeleton_data/V3.npy,418,True,True,True,ok,
V3_00418,V3,/Users/krishna/dev/fightflow/data/downloaded-videos/V3.mp4,419,17392.0,17398.0,7.0,Cross,Cross,0,pending,data/raw/Skeleton_data/V3.npy,419,True,True,True,ok,
V3_00419,V3,/Users/krishna/dev/fightflow/data/downloaded-videos/V3.mp4,420,17401.0,17407.0,7.0,Lead Hook,Lead Hook,2,pending,data/raw/Skeleton_data/V3.npy,420,True,True,True,ok,
V3_00420,V3,/Users/krishna/dev/fightflow/data/downloaded-videos/V3.mp4,421,17413.0,17421.0,9.0,Lead Hook,Lead Hook,2,pending,data/raw/Skeleton_data/V3.npy,421,True,True,True,ok,
V3_00421,V3,/Users/krishna/dev/fightflow/data/downloaded-videos/V3.mp4,422,17468.0,17472.0,5.0,Cross,Cross,0,pending,data/raw/Skeleton_data/V3.npy,422,True,True,True,ok,
V3_00422,V3,/Users/krishna/dev/fightflow/data/downloaded-videos/V3.mp4,423,17473.0,17481.0,9.0,Lead Hook,Lead Hook,2,pending,data/raw/Skeleton_data/V3.npy,423,True,True,True,ok,
V3_00423,V3,/Users/krishna/dev/fightflow/data/downloaded-videos/V3.mp4,424,17484.0,17493.0,10.0,Lead Hook,Lead Hook,2,pending,data/raw/Skeleton_data/V3.npy,424,True,True,True,ok,
V3_00424,V3,/Users/krishna/dev/fightflow/data/downloaded-videos/V3.mp4,425,17530.0,17537.0,8.0,Jab,Jab,1,pending,data/raw/Skeleton_data/V3.npy,425,True,True,True,ok,
V3_00425,V3,/Users/krishna/dev/fightflow/data/downloaded-videos/V3.mp4,426,17553.0,17557.0,5.0,Cross,Cross,0,pending,data/raw/Skeleton_data/V3.npy,426,True,True,True,ok,
V3_00426,V3,/Users/krishna/dev/fightflow/data/downloaded-videos/V3.mp4,427,17559.0,17566.0,8.0,Jab,Jab,1,pending,data/raw/Skeleton_data/V3.npy,427,True,True,True,ok,
V3_00427,V3,/Users/krishna/dev/fightflow/data/downloaded-videos/V3.mp4,428,17568.0,17574.0,7.0,Cross,Cross,0,pending,data/raw/Skeleton_data/V3.npy,428,True,True,True,ok,
V3_00428,V3,/Users/krishna/dev/fightflow/data/downloaded-videos/V3.mp4,429,17593.0,17598.0,6.0,Cross,Cross,0,pending,data/raw/Skeleton_data/V3.npy,429,True,True,True,ok,
V3_00429,V3,/Users/krishna/dev/fightflow/data/downloaded-videos/V3.mp4,430,17600.0,17606.0,7.0,Lead Hook,Lead Hook,2,pending,data/raw/Skeleton_data/V3.npy,430,True,True,True,ok,
V3_00430,V3,/Users/krishna/dev/fightflow/data/downloaded-videos/V3.mp4,431,17610.0,17619.0,10.0,Lead Hook,Lead Hook,2,pending,data/raw/Skeleton_data/V3.npy,431,True,True,True,ok,
V3_00431,V3,/Users/krishna/dev/fightflow/data/downloaded-videos/V3.mp4,432,17657.0,17662.0,6.0,Cross,Cross,0,pending,data/raw/Skeleton_data/V3.npy,432,True,True,True,ok,
V3_00432,V3,/Users/krishna/dev/fightflow/data/downloaded-videos/V3.mp4,433,17664.0,17671.0,8.0,Jab,Jab,1,pending,data/raw/Skeleton_data/V3.npy,433,True,True,True,ok,
V3_00433,V3,/Users/krishna/dev/fightflow/data/downloaded-videos/V3.mp4,434,17680.0,17685.0,6.0,Cross,Cross,0,pending,data/raw/Skeleton_data/V3.npy,434,True,True,True,ok,
V3_00434,V3,/Users/krishna/dev/fightflow/data/downloaded-videos/V3.mp4,435,17704.0,17711.0,8.0,Cross,Cross,0,pending,data/raw/Skeleton_data/V3.npy,435,True,True,True,ok,
V3_00435,V3,/Users/krishna/dev/fightflow/data/downloaded-videos/V3.mp4,436,17713.0,17718.0,6.0,Lead Hook,Lead Hook,2,pending,data/raw/Skeleton_data/V3.npy,436,True,True,True,ok,
V3_00436,V3,/Users/krishna/dev/fightflow/data/downloaded-videos/V3.mp4,437,17726.0,17732.0,7.0,Lead Hook,Lead Hook,2,pending,data/raw/Skeleton_data/V3.npy,437,True,True,True,ok,
V3_00437,V3,/Users/krishna/dev/fightflow/data/downloaded-videos/V3.mp4,438,17798.0,17803.0,6.0,Cross,Cross,0,pending,data/raw/Skeleton_data/V3.npy,438,True,True,True,ok,
V3_00438,V3,/Users/krishna/dev/fightflow/data/downloaded-videos/V3.mp4,439,17805.0,17811.0,7.0,Lead Hook,Lead Hook,2,pending,data/raw/Skeleton_data/V3.npy,439,True,True,True,ok,
V3_00439,V3,/Users/krishna/dev/fightflow/data/downloaded-videos/V3.mp4,440,17814.0,17821.0,8.0,Cross,Cross,0,pending,data/raw/Skeleton_data/V3.npy,440,True,True,True,ok,
V3_00440,V3,/Users/krishna/dev/fightflow/data/downloaded-videos/V3.mp4,441,17839.0,17845.0,7.0,Cross,Cross,0,pending,data/raw/Skeleton_data/V3.npy,441,True,True,True,ok,
V3_00441,V3,/Users/krishna/dev/fightflow/data/downloaded-videos/V3.mp4,442,17847.0,17853.0,7.0,Lead Hook,Lead Hook,2,pending,data/raw/Skeleton_data/V3.npy,442,True,True,True,ok,
V3_00442,V3,/Users/krishna/dev/fightflow/data/downloaded-videos/V3.mp4,443,17858.0,17865.0,8.0,Lead Hook,Lead Hook,2,pending,data/raw/Skeleton_data/V3.npy,443,True,True,True,ok,
V3_00443,V3,/Users/krishna/dev/fightflow/data/downloaded-videos/V3.mp4,444,17891.0,17899.0,9.0,Jab,Jab,1,pending,data/raw/Skeleton_data/V3.npy,444,True,True,True,ok,
V3_00444,V3,/Users/krishna/dev/fightflow/data/downloaded-videos/V3.mp4,445,17902.0,17908.0,7.0,Cross,Cross,0,pending,data/raw/Skeleton_data/V3.npy,445,True,True,True,ok,
V3_00445,V3,/Users/krishna/dev/fightflow/data/downloaded-videos/V3.mp4,446,17939.0,17945.0,7.0,Jab,Jab,1,pending,data/raw/Skeleton_data/V3.npy,446,True,True,True,ok,
V3_00446,V3,/Users/krishna/dev/fightflow/data/downloaded-videos/V3.mp4,447,17947.0,17953.0,7.0,Cross,Cross,0,pending,data/raw/Skeleton_data/V3.npy,447,True,True,True,ok,
V3_00447,V3,/Users/krishna/dev/fightflow/data/downloaded-videos/V3.mp4,448,17993.0,17997.0,5.0,Jab,Jab,1,pending,data/raw/Skeleton_data/V3.npy,448,True,True,True,ok,
V3_00448,V3,/Users/krishna/dev/fightflow/data/downloaded-videos/V3.mp4,449,17999.0,18005.0,7.0,Cross,Cross,0,pending,data/raw/Skeleton_data/V3.npy,449,True,True,True,ok,
V3_00449,V3,/Users/krishna/dev/fightflow/data/downloaded-videos/V3.mp4,450,18042.0,18047.0,6.0,Jab,Jab,1,pending,data/raw/Skeleton_data/V3.npy,450,True,True,True,ok,
V3_00450,V3,/Users/krishna/dev/fightflow/data/downloaded-videos/V3.mp4,451,18048.0,18054.0,7.0,Cross,Cross,0,pending,data/raw/Skeleton_data/V3.npy,451,True,True,True,ok,
V3_00451,V3,/Users/krishna/dev/fightflow/data/downloaded-videos/V3.mp4,452,18093.0,18098.0,6.0,Jab,Jab,1,pending,data/raw/Skeleton_data/V3.npy,452,True,True,True,ok,
V3_00452,V3,/Users/krishna/dev/fightflow/data/downloaded-videos/V3.mp4,453,18100.0,18106.0,7.0,Cross,Cross,0,pending,data/raw/Skeleton_data/V3.npy,453,True,True,True,ok,
V3_00453,V3,/Users/krishna/dev/fightflow/data/downloaded-videos/V3.mp4,454,18118.0,18130.0,13.0,Jab,Jab,1,pending,data/raw/Skeleton_data/V3.npy,454,True,True,True,ok,
V3_00454,V3,/Users/krishna/dev/fightflow/data/downloaded-videos/V3.mp4,455,18158.0,18175.0,18.0,Jab,Jab,1,pending,data/raw/Skeleton_data/V3.npy,455,True,True,True,ok,
V3_00455,V3,/Users/krishna/dev/fightflow/data/downloaded-videos/V3.mp4,456,18178.0,18187.0,10.0,Cross,Cross,0,pending,data/raw/Skeleton_data/V3.npy,456,True,True,True,ok,
V3_00456,V3,/Users/krishna/dev/fightflow/data/downloaded-videos/V3.mp4,457,18219.0,18225.0,7.0,Jab,Jab,1,pending,data/raw/Skeleton_data/V3.npy,457,True,True,True,ok,
V3_00457,V3,/Users/krishna/dev/fightflow/data/downloaded-videos/V3.mp4,458,18228.0,18236.0,9.0,Cross,Cross,0,pending,data/raw/Skeleton_data/V3.npy,458,True,True,True,ok,
V3_00458,V3,/Users/krishna/dev/fightflow/data/downloaded-videos/V3.mp4,459,18307.0,18318.0,12.0,Cross,Cross,0,pending,data/raw/Skeleton_data/V3.npy,459,True,True,True,ok,
V3_00459,V3,/Users/krishna/dev/fightflow/data/downloaded-videos/V3.mp4,460,18360.0,18371.0,12.0,Jab,Jab,1,pending,data/raw/Skeleton_data/V3.npy,460,True,True,True,ok,
V3_00460,V3,/Users/krishna/dev/fightflow/data/downloaded-videos/V3.mp4,461,18374.0,18382.0,9.0,Cross,Cross,0,pending,data/raw/Skeleton_data/V3.npy,461,True,True,True,ok,
V3_00461,V3,/Users/krishna/dev/fightflow/data/downloaded-videos/V3.mp4,462,18399.0,18411.0,13.0,Jab,Jab,1,pending,data/raw/Skeleton_data/V3.npy,462,True,True,True,ok,
V3_00462,V3,/Users/krishna/dev/fightflow/data/downloaded-videos/V3.mp4,463,18485.0,18490.0,6.0,Jab,Jab,1,pending,data/raw/Skeleton_data/V3.npy,463,True,True,True,ok,
V3_00463,V3,/Users/krishna/dev/fightflow/data/downloaded-videos/V3.mp4,464,18492.0,18500.0,9.0,Cross,Cross,0,pending,data/raw/Skeleton_data/V3.npy,464,True,True,True,ok,
V3_00464,V3,/Users/krishna/dev/fightflow/data/downloaded-videos/V3.mp4,465,18538.0,18544.0,7.0,Jab,Jab,1,pending,data/raw/Skeleton_data/V3.npy,465,True,True,True,ok,
V3_00465,V3,/Users/krishna/dev/fightflow/data/downloaded-videos/V3.mp4,466,18547.0,18554.0,8.0,Cross,Cross,0,pending,data/raw/Skeleton_data/V3.npy,466,True,True,True,ok,
V3_00466,V3,/Users/krishna/dev/fightflow/data/downloaded-videos/V3.mp4,467,18616.0,18623.0,8.0,Jab,Jab,1,pending,data/raw/Skeleton_data/V3.npy,467,True,True,True,ok,
V3_00467,V3,/Users/krishna/dev/fightflow/data/downloaded-videos/V3.mp4,468,18626.0,18633.0,8.0,Cross,Cross,0,pending,data/raw/Skeleton_data/V3.npy,468,True,True,True,ok,
V3_00468,V3,/Users/krishna/dev/fightflow/data/downloaded-videos/V3.mp4,469,18665.0,18671.0,7.0,Cross,Cross,0,pending,data/raw/Skeleton_data/V3.npy,469,True,True,True,ok,
V3_00469,V3,/Users/krishna/dev/fightflow/data/downloaded-videos/V3.mp4,470,18673.0,18680.0,8.0,Jab,Jab,1,pending,data/raw/Skeleton_data/V3.npy,470,True,True,True,ok,
V3_00470,V3,/Users/krishna/dev/fightflow/data/downloaded-videos/V3.mp4,471,18682.0,18689.0,8.0,Cross,Cross,0,pending,data/raw/Skeleton_data/V3.npy,471,True,True,True,ok,
V3_00471,V3,/Users/krishna/dev/fightflow/data/downloaded-videos/V3.mp4,472,18734.0,18741.0,8.0,Cross,Cross,0,pending,data/raw/Skeleton_data/V3.npy,472,True,True,True,ok,
V3_00472,V3,/Users/krishna/dev/fightflow/data/downloaded-videos/V3.mp4,473,18745.0,18751.0,7.0,Lead Hook,Lead Hook,2,pending,data/raw/Skeleton_data/V3.npy,473,True,True,True,ok,
V3_00473,V3,/Users/krishna/dev/fightflow/data/downloaded-videos/V3.mp4,474,18753.0,18761.0,9.0,Cross,Cross,0,pending,data/raw/Skeleton_data/V3.npy,474,True,True,True,ok,
V3_00474,V3,/Users/krishna/dev/fightflow/data/downloaded-videos/V3.mp4,475,18804.0,18810.0,7.0,Jab,Jab,1,pending,data/raw/Skeleton_data/V3.npy,475,True,True,True,ok,
V3_00475,V3,/Users/krishna/dev/fightflow/data/downloaded-videos/V3.mp4,476,18812.0,18819.0,8.0,Cross,Cross,0,pending,data/raw/Skeleton_data/V3.npy,476,True,True,True,ok,
V3_00476,V3,/Users/krishna/dev/fightflow/data/downloaded-videos/V3.mp4,477,18846.0,18853.0,8.0,Cross,Cross,0,pending,data/raw/Skeleton_data/V3.npy,477,True,True,True,ok,
V3_00477,V3,/Users/krishna/dev/fightflow/data/downloaded-videos/V3.mp4,478,18856.0,18863.0,8.0,Jab,Jab,1,pending,data/raw/Skeleton_data/V3.npy,478,True,True,True,ok,
V3_00478,V3,/Users/krishna/dev/fightflow/data/downloaded-videos/V3.mp4,479,18866.0,18872.0,7.0,Cross,Cross,0,pending,data/raw/Skeleton_data/V3.npy,479,True,True,True,ok,
V3_00479,V3,/Users/krishna/dev/fightflow/data/downloaded-videos/V3.mp4,480,18892.0,18898.0,7.0,Cross,Cross,0,pending,data/raw/Skeleton_data/V3.npy,480,True,True,True,ok,
V3_00480,V3,/Users/krishna/dev/fightflow/data/downloaded-videos/V3.mp4,481,18901.0,18907.0,7.0,Lead Hook,Lead Hook,2,pending,data/raw/Skeleton_data/V3.npy,481,True,True,True,ok,
V3_00481,V3,/Users/krishna/dev/fightflow/data/downloaded-videos/V3.mp4,482,18909.0,18916.0,8.0,Cross,Cross,0,pending,data/raw/Skeleton_data/V3.npy,482,True,True,True,ok,
V3_00482,V3,/Users/krishna/dev/fightflow/data/downloaded-videos/V3.mp4,483,18967.0,18973.0,7.0,Jab,Jab,1,pending,data/raw/Skeleton_data/V3.npy,483,True,True,True,ok,
V3_00483,V3,/Users/krishna/dev/fightflow/data/downloaded-videos/V3.mp4,484,18974.0,18979.0,6.0,Cross,Cross,0,pending,data/raw/Skeleton_data/V3.npy,484,True,True,True,ok,
V3_00484,V3,/Users/krishna/dev/fightflow/data/downloaded-videos/V3.mp4,485,18996.0,19001.0,6.0,Cross,Cross,0,pending,data/raw/Skeleton_data/V3.npy,485,True,True,True,ok,
V3_00485,V3,/Users/krishna/dev/fightflow/data/downloaded-videos/V3.mp4,486,19002.0,19008.0,7.0,Lead Hook,Lead Hook,2,pending,data/raw/Skeleton_data/V3.npy,486,True,True,True,ok,
V3_00486,V3,/Users/krishna/dev/fightflow/data/downloaded-videos/V3.mp4,487,19011.0,19017.0,7.0,Cross,Cross,0,pending,data/raw/Skeleton_data/V3.npy,487,True,True,True,ok,
V3_00487,V3,/Users/krishna/dev/fightflow/data/downloaded-videos/V3.mp4,488,19033.0,19040.0,8.0,Cross,Cross,0,pending,data/raw/Skeleton_data/V3.npy,488,True,True,True,ok,
V3_00488,V3,/Users/krishna/dev/fightflow/data/downloaded-videos/V3.mp4,489,19043.0,19048.0,6.0,Lead Hook,Lead Hook,2,pending,data/raw/Skeleton_data/V3.npy,489,True,True,True,ok,
V3_00489,V3,/Users/krishna/dev/fightflow/data/downloaded-videos/V3.mp4,490,19050.0,19058.0,9.0,Cross,Cross,0,pending,data/raw/Skeleton_data/V3.npy,490,True,True,True,ok,
V3_00490,V3,/Users/krishna/dev/fightflow/data/downloaded-videos/V3.mp4,491,19098.0,19105.0,8.0,Jab,Jab,1,pending,data/raw/Skeleton_data/V3.npy,491,True,True,True,ok,
V3_00491,V3,/Users/krishna/dev/fightflow/data/downloaded-videos/V3.mp4,492,19107.0,19113.0,7.0,Cross,Cross,0,pending,data/raw/Skeleton_data/V3.npy,492,True,True,True,ok,
V3_00492,V3,/Users/krishna/dev/fightflow/data/downloaded-videos/V3.mp4,493,19134.0,19140.0,7.0,Cross,Cross,0,pending,data/raw/Skeleton_data/V3.npy,493,True,True,True,ok,
V3_00493,V3,/Users/krishna/dev/fightflow/data/downloaded-videos/V3.mp4,494,19143.0,19149.0,7.0,Lead Hook,Lead Hook,2,pending,data/raw/Skeleton_data/V3.npy,494,True,True,True,ok,
V3_00494,V3,/Users/krishna/dev/fightflow/data/downloaded-videos/V3.mp4,495,19151.0,19157.0,7.0,Cross,Cross,0,pending,data/raw/Skeleton_data/V3.npy,495,True,True,True,ok,
V3_00495,V3,/Users/krishna/dev/fightflow/data/downloaded-videos/V3.mp4,496,19175.0,19180.0,6.0,Cross,Cross,0,pending,data/raw/Skeleton_data/V3.npy,496,True,True,True,ok,
V3_00496,V3,/Users/krishna/dev/fightflow/data/downloaded-videos/V3.mp4,497,19181.0,19188.0,8.0,Lead Hook,Lead Hook,2,pending,data/raw/Skeleton_data/V3.npy,497,True,True,True,ok,
V3_00497,V3,/Users/krishna/dev/fightflow/data/downloaded-videos/V3.mp4,498,19190.0,19196.0,7.0,Cross,Cross,0,pending,data/raw/Skeleton_data/V3.npy,498,True,True,True,ok,
V3_00498,V3,/Users/krishna/dev/fightflow/data/downloaded-videos/V3.mp4,499,19238.0,19242.0,5.0,Jab,Jab,1,pending,data/raw/Skeleton_data/V3.npy,499,True,True,True,ok,
V3_00499,V3,/Users/krishna/dev/fightflow/data/downloaded-videos/V3.mp4,500,19243.0,19248.0,6.0,Cross,Cross,0,pending,data/raw/Skeleton_data/V3.npy,500,True,True,True,ok,
V3_00500,V3,/Users/krishna/dev/fightflow/data/downloaded-videos/V3.mp4,501,19261.0,19266.0,6.0,Cross,Cross,0,pending,data/raw/Skeleton_data/V3.npy,501,True,True,True,ok,
V3_00501,V3,/Users/krishna/dev/fightflow/data/downloaded-videos/V3.mp4,502,19267.0,19273.0,7.0,Jab,Jab,1,pending,data/raw/Skeleton_data/V3.npy,502,True,True,True,ok,
V3_00502,V3,/Users/krishna/dev/fightflow/data/downloaded-videos/V3.mp4,503,19275.0,19280.0,6.0,Cross,Cross,0,pending,data/raw/Skeleton_data/V3.npy,503,True,True,True,ok,
V3_00503,V3,/Users/krishna/dev/fightflow/data/downloaded-videos/V3.mp4,504,19297.0,19303.0,7.0,Cross,Cross,0,pending,data/raw/Skeleton_data/V3.npy,504,True,True,True,ok,
V3_00504,V3,/Users/krishna/dev/fightflow/data/downloaded-videos/V3.mp4,505,19305.0,19311.0,7.0,Jab,Jab,1,pending,data/raw/Skeleton_data/V3.npy,505,True,True,True,ok,
V3_00505,V3,/Users/krishna/dev/fightflow/data/downloaded-videos/V3.mp4,506,19314.0,19321.0,8.0,Cross,Cross,0,pending,data/raw/Skeleton_data/V3.npy,506,True,True,True,ok,
V3_00506,V3,/Users/krishna/dev/fightflow/data/downloaded-videos/V3.mp4,507,19369.0,19375.0,7.0,Jab,Jab,1,pending,data/raw/Skeleton_data/V3.npy,507,True,True,True,ok,
V3_00507,V3,/Users/krishna/dev/fightflow/data/downloaded-videos/V3.mp4,508,19377.0,19383.0,7.0,Cross,Cross,0,pending,data/raw/Skeleton_data/V3.npy,508,True,True,True,ok,
V3_00508,V3,/Users/krishna/dev/fightflow/data/downloaded-videos/V3.mp4,509,19400.0,19404.0,5.0,Cross,Cross,0,pending,data/raw/Skeleton_data/V3.npy,509,True,True,True,ok,
V3_00509,V3,/Users/krishna/dev/fightflow/data/downloaded-videos/V3.mp4,510,19407.0,19412.0,6.0,Lead Hook,Lead Hook,2,pending,data/raw/Skeleton_data/V3.npy,510,True,True,True,ok,
V3_00510,V3,/Users/krishna/dev/fightflow/data/downloaded-videos/V3.mp4,511,19414.0,19419.0,6.0,Cross,Cross,0,pending,data/raw/Skeleton_data/V3.npy,511,True,True,True,ok,
V3_00511,V3,/Users/krishna/dev/fightflow/data/downloaded-videos/V3.mp4,512,19436.0,19442.0,7.0,Cross,Cross,0,pending,data/raw/Skeleton_data/V3.npy,512,True,True,True,ok,
V3_00512,V3,/Users/krishna/dev/fightflow/data/downloaded-videos/V3.mp4,513,19444.0,19448.0,5.0,Jab,Jab,1,pending,data/raw/Skeleton_data/V3.npy,513,True,True,True,ok,
V3_00513,V3,/Users/krishna/dev/fightflow/data/downloaded-videos/V3.mp4,514,19452.0,19459.0,8.0,Cross,Cross,0,pending,data/raw/Skeleton_data/V3.npy,514,True,True,True,ok,
V3_00514,V3,/Users/krishna/dev/fightflow/data/downloaded-videos/V3.mp4,515,19510.0,19514.0,5.0,Jab,Jab,1,pending,data/raw/Skeleton_data/V3.npy,515,True,True,True,ok,
V3_00515,V3,/Users/krishna/dev/fightflow/data/downloaded-videos/V3.mp4,516,19517.0,19523.0,7.0,Cross,Cross,0,pending,data/raw/Skeleton_data/V3.npy,516,True,True,True,ok,
V3_00516,V3,/Users/krishna/dev/fightflow/data/downloaded-videos/V3.mp4,517,19540.0,19544.0,5.0,Cross,Cross,0,pending,data/raw/Skeleton_data/V3.npy,517,True,True,True,ok,
V3_00517,V3,/Users/krishna/dev/fightflow/data/downloaded-videos/V3.mp4,518,19546.0,19553.0,8.0,Jab,Jab,1,pending,data/raw/Skeleton_data/V3.npy,518,True,True,True,ok,
V3_00518,V3,/Users/krishna/dev/fightflow/data/downloaded-videos/V3.mp4,519,19554.0,19560.0,7.0,Cross,Cross,0,pending,data/raw/Skeleton_data/V3.npy,519,True,True,True,ok,
V3_00519,V3,/Users/krishna/dev/fightflow/data/downloaded-videos/V3.mp4,520,19578.0,19583.0,6.0,Cross,Cross,0,pending,data/raw/Skeleton_data/V3.npy,520,True,True,True,ok,
V3_00520,V3,/Users/krishna/dev/fightflow/data/downloaded-videos/V3.mp4,521,19586.0,19589.0,4.0,Lead Hook,Lead Hook,2,pending,data/raw/Skeleton_data/V3.npy,521,True,True,True,ok,
V3_00521,V3,/Users/krishna/dev/fightflow/data/downloaded-videos/V3.mp4,522,19593.0,19601.0,9.0,Cross,Cross,0,pending,data/raw/Skeleton_data/V3.npy,522,True,True,True,ok,
V3_00522,V3,/Users/krishna/dev/fightflow/data/downloaded-videos/V3.mp4,523,19652.0,19658.0,7.0,Jab,Jab,1,pending,data/raw/Skeleton_data/V3.npy,523,True,True,True,ok,
V3_00523,V3,/Users/krishna/dev/fightflow/data/downloaded-videos/V3.mp4,524,19660.0,19667.0,8.0,Jab,Jab,1,pending,data/raw/Skeleton_data/V3.npy,524,True,True,True,ok,
V3_00524,V3,/Users/krishna/dev/fightflow/data/downloaded-videos/V3.mp4,525,19684.0,19690.0,7.0,Cross,Cross,0,pending,data/raw/Skeleton_data/V3.npy,525,True,True,True,ok,
V3_00525,V3,/Users/krishna/dev/fightflow/data/downloaded-videos/V3.mp4,526,19692.0,19697.0,6.0,Jab,Jab,1,pending,data/raw/Skeleton_data/V3.npy,526,True,True,True,ok,
V3_00526,V3,/Users/krishna/dev/fightflow/data/downloaded-videos/V3.mp4,527,19700.0,19706.0,7.0,Cross,Cross,0,pending,data/raw/Skeleton_data/V3.npy,527,True,True,True,ok,
V3_00527,V3,/Users/krishna/dev/fightflow/data/downloaded-videos/V3.mp4,528,19723.0,19729.0,7.0,Cross,Cross,0,pending,data/raw/Skeleton_data/V3.npy,528,True,True,True,ok,
V3_00528,V3,/Users/krishna/dev/fightflow/data/downloaded-videos/V3.mp4,529,19732.0,19737.0,6.0,Lead Hook,Lead Hook,2,pending,data/raw/Skeleton_data/V3.npy,529,True,True,True,ok,
V3_00529,V3,/Users/krishna/dev/fightflow/data/downloaded-videos/V3.mp4,530,19739.0,19746.0,8.0,Cross,Cross,0,pending,data/raw/Skeleton_data/V3.npy,530,True,True,True,ok,
V3_00530,V3,/Users/krishna/dev/fightflow/data/downloaded-videos/V3.mp4,531,19791.0,19796.0,6.0,Jab,Jab,1,pending,data/raw/Skeleton_data/V3.npy,531,True,True,True,ok,
V3_00531,V3,/Users/krishna/dev/fightflow/data/downloaded-videos/V3.mp4,532,19798.0,19804.0,7.0,Cross,Cross,0,pending,data/raw/Skeleton_data/V3.npy,532,True,True,True,ok,
V3_00532,V3,/Users/krishna/dev/fightflow/data/downloaded-videos/V3.mp4,533,19822.0,19827.0,6.0,Cross,Cross,0,pending,data/raw/Skeleton_data/V3.npy,533,True,True,True,ok,
V3_00533,V3,/Users/krishna/dev/fightflow/data/downloaded-videos/V3.mp4,534,19829.0,19835.0,7.0,Lead Hook,Lead Hook,2,pending,data/raw/Skeleton_data/V3.npy,534,True,True,True,ok,
V3_00534,V3,/Users/krishna/dev/fightflow/data/downloaded-videos/V3.mp4,535,19837.0,19843.0,7.0,Cross,Cross,0,pending,data/raw/Skeleton_data/V3.npy,535,True,True,True,ok,
V3_00535,V3,/Users/krishna/dev/fightflow/data/downloaded-videos/V3.mp4,536,19880.0,19886.0,7.0,Jab,Jab,1,pending,data/raw/Skeleton_data/V3.npy,536,True,True,True,ok,
V3_00536,V3,/Users/krishna/dev/fightflow/data/downloaded-videos/V3.mp4,537,19887.0,19893.0,7.0,Cross,Cross,0,pending,data/raw/Skeleton_data/V3.npy,537,True,True,True,ok,
V3_00537,V3,/Users/krishna/dev/fightflow/data/downloaded-videos/V3.mp4,538,19912.0,19917.0,6.0,Cross,Cross,0,pending,data/raw/Skeleton_data/V3.npy,538,True,True,True,ok,
V3_00538,V3,/Users/krishna/dev/fightflow/data/downloaded-videos/V3.mp4,539,19920.0,19925.0,6.0,Jab,Jab,1,pending,data/raw/Skeleton_data/V3.npy,539,True,True,True,ok,
V3_00539,V3,/Users/krishna/dev/fightflow/data/downloaded-videos/V3.mp4,540,19928.0,19935.0,8.0,Cross,Cross,0,pending,data/raw/Skeleton_data/V3.npy,540,True,True,True,ok,
V3_00540,V3,/Users/krishna/dev/fightflow/data/downloaded-videos/V3.mp4,541,19954.0,19959.0,6.0,Cross,Cross,0,pending,data/raw/Skeleton_data/V3.npy,541,True,True,True,ok,
V3_00541,V3,/Users/krishna/dev/fightflow/data/downloaded-videos/V3.mp4,542,19961.0,19966.0,6.0,Lead Hook,Lead Hook,2,pending,data/raw/Skeleton_data/V3.npy,542,True,True,True,ok,
V3_00542,V3,/Users/krishna/dev/fightflow/data/downloaded-videos/V3.mp4,543,19968.0,19976.0,9.0,Cross,Cross,0,pending,data/raw/Skeleton_data/V3.npy,543,True,True,True,ok,
V3_00543,V3,/Users/krishna/dev/fightflow/data/downloaded-videos/V3.mp4,544,20036.0,20046.0,11.0,Jab,Jab,1,pending,data/raw/Skeleton_data/V3.npy,544,True,True,True,ok,
V3_00544,V3,/Users/krishna/dev/fightflow/data/downloaded-videos/V3.mp4,545,20054.0,20064.0,11.0,Cross,Cross,0,pending,data/raw/Skeleton_data/V3.npy,545,True,True,True,ok,
V3_00545,V3,/Users/krishna/dev/fightflow/data/downloaded-videos/V3.mp4,546,20091.0,20099.0,9.0,Jab,Jab,1,pending,data/raw/Skeleton_data/V3.npy,546,True,True,True,ok,
V3_00546,V3,/Users/krishna/dev/fightflow/data/downloaded-videos/V3.mp4,547,20117.0,20125.0,9.0,Cross,Cross,0,pending,data/raw/Skeleton_data/V3.npy,547,True,True,True,ok,
V3_00547,V3,/Users/krishna/dev/fightflow/data/downloaded-videos/V3.mp4,548,20155.0,20164.0,10.0,Jab,Jab,1,pending,data/raw/Skeleton_data/V3.npy,548,True,True,True,ok,
V3_00548,V3,/Users/krishna/dev/fightflow/data/downloaded-videos/V3.mp4,549,20180.0,20188.0,9.0,Cross,Cross,0,pending,data/raw/Skeleton_data/V3.npy,549,True,True,True,ok,
V3_00549,V3,/Users/krishna/dev/fightflow/data/downloaded-videos/V3.mp4,550,20219.0,20227.0,9.0,Jab,Jab,1,pending,data/raw/Skeleton_data/V3.npy,550,True,True,True,ok,
V3_00550,V3,/Users/krishna/dev/fightflow/data/downloaded-videos/V3.mp4,551,20246.0,20253.0,8.0,Cross,Cross,0,pending,data/raw/Skeleton_data/V3.npy,551,True,True,True,ok,
V3_00551,V3,/Users/krishna/dev/fightflow/data/downloaded-videos/V3.mp4,552,20285.0,20292.0,8.0,Jab,Jab,1,pending,data/raw/Skeleton_data/V3.npy,552,True,True,True,ok,
V3_00552,V3,/Users/krishna/dev/fightflow/data/downloaded-videos/V3.mp4,553,20310.0,20318.0,9.0,Cross,Cross,0,pending,data/raw/Skeleton_data/V3.npy,553,True,True,True,ok,
V3_00553,V3,/Users/krishna/dev/fightflow/data/downloaded-videos/V3.mp4,554,20349.0,20361.0,13.0,Jab,Jab,1,pending,data/raw/Skeleton_data/V3.npy,554,True,True,True,ok,
V3_00554,V3,/Users/krishna/dev/fightflow/data/downloaded-videos/V3.mp4,555,20317.0,20379.0,63.0,Cross,Cross,0,pending,data/raw/Skeleton_data/V3.npy,555,True,True,True,ok,
V3_00555,V3,/Users/krishna/dev/fightflow/data/downloaded-videos/V3.mp4,556,20400.0,20411.0,12.0,Jab,Jab,1,pending,data/raw/Skeleton_data/V3.npy,556,True,True,True,ok,
V3_00556,V3,/Users/krishna/dev/fightflow/data/downloaded-videos/V3.mp4,557,20424.0,20433.0,10.0,Cross,Cross,0,pending,data/raw/Skeleton_data/V3.npy,557,True,True,True,ok,
V3_00557,V3,/Users/krishna/dev/fightflow/data/downloaded-videos/V3.mp4,558,20462.0,20471.0,10.0,Jab,Jab,1,pending,data/raw/Skeleton_data/V3.npy,558,True,True,True,ok,
V3_00558,V3,/Users/krishna/dev/fightflow/data/downloaded-videos/V3.mp4,559,20487.0,20496.0,10.0,Cross,Cross,0,pending,data/raw/Skeleton_data/V3.npy,559,True,True,True,ok,
V3_00559,V3,/Users/krishna/dev/fightflow/data/downloaded-videos/V3.mp4,560,20524.0,20534.0,11.0,Jab,Jab,1,pending,data/raw/Skeleton_data/V3.npy,560,True,True,True,ok,
V3_00560,V3,/Users/krishna/dev/fightflow/data/downloaded-videos/V3.mp4,561,20548.0,20558.0,11.0,Cross,Cross,0,pending,data/raw/Skeleton_data/V3.npy,561,True,True,True,ok,
V3_00561,V3,/Users/krishna/dev/fightflow/data/downloaded-videos/V3.mp4,562,20584.0,20593.0,10.0,Jab,Jab,1,pending,data/raw/Skeleton_data/V3.npy,562,True,True,True,ok,
V3_00562,V3,/Users/krishna/dev/fightflow/data/downloaded-videos/V3.mp4,563,20610.0,20619.0,10.0,Cross,Cross,0,pending,data/raw/Skeleton_data/V3.npy,563,True,True,True,ok,
V3_00563,V3,/Users/krishna/dev/fightflow/data/downloaded-videos/V3.mp4,564,20650.0,20660.0,11.0,Jab,Jab,1,pending,data/raw/Skeleton_data/V3.npy,564,True,True,True,ok,
V3_00564,V3,/Users/krishna/dev/fightflow/data/downloaded-videos/V3.mp4,565,20673.0,20681.0,9.0,Cross,Cross,0,pending,data/raw/Skeleton_data/V3.npy,565,True,True,True,ok,
V3_00565,V3,/Users/krishna/dev/fightflow/data/downloaded-videos/V3.mp4,566,20701.0,20711.0,11.0,Jab,Jab,1,pending,data/raw/Skeleton_data/V3.npy,566,True,True,True,ok,
V3_00566,V3,/Users/krishna/dev/fightflow/data/downloaded-videos/V3.mp4,567,20726.0,20735.0,10.0,Cross,Cross,0,pending,data/raw/Skeleton_data/V3.npy,567,True,True,True,ok,
V3_00567,V3,/Users/krishna/dev/fightflow/data/downloaded-videos/V3.mp4,568,22190.0,22195.0,6.0,Jab,Jab,1,pending,data/raw/Skeleton_data/V3.npy,568,True,True,True,ok,
V3_00568,V3,/Users/krishna/dev/fightflow/data/downloaded-videos/V3.mp4,569,22198.0,22203.0,6.0,Cross,Cross,0,pending,data/raw/Skeleton_data/V3.npy,569,True,True,True,ok,
V3_00569,V3,/Users/krishna/dev/fightflow/data/downloaded-videos/V3.mp4,570,22205.0,22211.0,7.0,Jab,Jab,1,pending,data/raw/Skeleton_data/V3.npy,570,True,True,True,ok,
V3_00570,V3,/Users/krishna/dev/fightflow/data/downloaded-videos/V3.mp4,571,22213.0,22218.0,6.0,Cross,Cross,0,pending,data/raw/Skeleton_data/V3.npy,571,True,True,True,ok,
V3_00571,V3,/Users/krishna/dev/fightflow/data/downloaded-videos/V3.mp4,572,22220.0,22225.0,6.0,Jab,Jab,1,pending,data/raw/Skeleton_data/V3.npy,572,True,True,True,ok,
V3_00572,V3,/Users/krishna/dev/fightflow/data/downloaded-videos/V3.mp4,573,22227.0,22233.0,7.0,Cross,Cross,0,pending,data/raw/Skeleton_data/V3.npy,573,True,True,True,ok,
V3_00573,V3,/Users/krishna/dev/fightflow/data/downloaded-videos/V3.mp4,574,22235.0,22240.0,6.0,Jab,Jab,1,pending,data/raw/Skeleton_data/V3.npy,574,True,True,True,ok,
V3_00574,V3,/Users/krishna/dev/fightflow/data/downloaded-videos/V3.mp4,575,22242.0,22248.0,7.0,Cross,Cross,0,pending,data/raw/Skeleton_data/V3.npy,575,True,True,True,ok,
V3_00575,V3,/Users/krishna/dev/fightflow/data/downloaded-videos/V3.mp4,576,22250.0,22255.0,6.0,Jab,Jab,1,pending,data/raw/Skeleton_data/V3.npy,576,True,True,True,ok,
V3_00576,V3,/Users/krishna/dev/fightflow/data/downloaded-videos/V3.mp4,577,22257.0,22262.0,6.0,Cross,Cross,0,pending,data/raw/Skeleton_data/V3.npy,577,True,True,True,ok,
V3_00577,V3,/Users/krishna/dev/fightflow/data/downloaded-videos/V3.mp4,578,23293.0,23298.0,6.0,Cross,Cross,0,pending,data/raw/Skeleton_data/V3.npy,578,True,True,True,ok,
V3_00578,V3,/Users/krishna/dev/fightflow/data/downloaded-videos/V3.mp4,579,23301.0,23306.0,6.0,Jab,Jab,1,pending,data/raw/Skeleton_data/V3.npy,579,True,True,True,ok,
V3_00579,V3,/Users/krishna/dev/fightflow/data/downloaded-videos/V3.mp4,580,23309.0,23314.0,6.0,Cross,Cross,0,pending,data/raw/Skeleton_data/V3.npy,580,True,True,True,ok,
V3_00580,V3,/Users/krishna/dev/fightflow/data/downloaded-videos/V3.mp4,581,23316.0,23322.0,7.0,Jab,Jab,1,pending,data/raw/Skeleton_data/V3.npy,581,True,True,True,ok,
V3_00581,V3,/Users/krishna/dev/fightflow/data/downloaded-videos/V3.mp4,582,23324.0,23329.0,6.0,Cross,Cross,0,pending,data/raw/Skeleton_data/V3.npy,582,True,True,True,ok,
V3_00582,V3,/Users/krishna/dev/fightflow/data/downloaded-videos/V3.mp4,583,23331.0,23337.0,7.0,Jab,Jab,1,pending,data/raw/Skeleton_data/V3.npy,583,True,True,True,ok,
V3_00583,V3,/Users/krishna/dev/fightflow/data/downloaded-videos/V3.mp4,584,23339.0,23344.0,6.0,Cross,Cross,0,pending,data/raw/Skeleton_data/V3.npy,584,True,True,True,ok,
V3_00584,V3,/Users/krishna/dev/fightflow/data/downloaded-videos/V3.mp4,585,23346.0,23352.0,7.0,Jab,Jab,1,pending,data/raw/Skeleton_data/V3.npy,585,True,True,True,ok,
V3_00585,V3,/Users/krishna/dev/fightflow/data/downloaded-videos/V3.mp4,586,23354.0,23359.0,6.0,Cross,Cross,0,pending,data/raw/Skeleton_data/V3.npy,586,True,True,True,ok,
V3_00586,V3,/Users/krishna/dev/fightflow/data/downloaded-videos/V3.mp4,587,23361.0,23367.0,7.0,Jab,Jab,1,pending,data/raw/Skeleton_data/V3.npy,587,True,True,True,ok,
V3_00587,V3,/Users/krishna/dev/fightflow/data/downloaded-videos/V3.mp4,588,23369.0,23374.0,6.0,Cross,Cross,0,pending,data/raw/Skeleton_data/V3.npy,588,True,True,True,ok,
V3_00588,V3,/Users/krishna/dev/fightflow/data/downloaded-videos/V3.mp4,589,23376.0,23382.0,7.0,Jab,Jab,1,pending,data/raw/Skeleton_data/V3.npy,589,True,True,True,ok,
V3_00589,V3,/Users/krishna/dev/fightflow/data/downloaded-videos/V3.mp4,590,23384.0,23389.0,6.0,Cross,Cross,0,pending,data/raw/Skeleton_data/V3.npy,590,True,True,True,ok,
V3_00590,V3,/Users/krishna/dev/fightflow/data/downloaded-videos/V3.mp4,591,23391.0,23397.0,7.0,Jab,Jab,1,pending,data/raw/Skeleton_data/V3.npy,591,True,True,True,ok,
V3_00591,V3,/Users/krishna/dev/fightflow/data/downloaded-videos/V3.mp4,592,23399.0,23405.0,7.0,Cross,Cross,0,pending,data/raw/Skeleton_data/V3.npy,592,True,True,True,ok,
V3_00592,V3,/Users/krishna/dev/fightflow/data/downloaded-videos/V3.mp4,593,23406.0,23411.0,6.0,Jab,Jab,1,pending,data/raw/Skeleton_data/V3.npy,593,True,True,True,ok,
V3_00593,V3,/Users/krishna/dev/fightflow/data/downloaded-videos/V3.mp4,594,23414.0,23419.0,6.0,Cross,Cross,0,pending,data/raw/Skeleton_data/V3.npy,594,True,True,True,ok,
V3_00594,V3,/Users/krishna/dev/fightflow/data/downloaded-videos/V3.mp4,595,23421.0,23427.0,7.0,Jab,Jab,1,pending,data/raw/Skeleton_data/V3.npy,595,True,True,True,ok,
V3_00595,V3,/Users/krishna/dev/fightflow/data/downloaded-videos/V3.mp4,596,23430.0,23435.0,6.0,Cross,Cross,0,pending,data/raw/Skeleton_data/V3.npy,596,True,True,True,ok,
V3_00596,V3,/Users/krishna/dev/fightflow/data/downloaded-videos/V3.mp4,597,23437.0,23443.0,7.0,Jab,Jab,1,pending,data/raw/Skeleton_data/V3.npy,597,True,True,True,ok,
V3_00597,V3,/Users/krishna/dev/fightflow/data/downloaded-videos/V3.mp4,598,23445.0,23450.0,6.0,Cross,Cross,0,pending,data/raw/Skeleton_data/V3.npy,598,True,True,True,ok,
V3_00598,V3,/Users/krishna/dev/fightflow/data/downloaded-videos/V3.mp4,599,23452.0,23458.0,7.0,Jab,Jab,1,pending,data/raw/Skeleton_data/V3.npy,599,True,True,True,ok,
V3_00599,V3,/Users/krishna/dev/fightflow/data/downloaded-videos/V3.mp4,600,23460.0,23464.0,5.0,Cross,Cross,0,pending,data/raw/Skeleton_data/V3.npy,600,True,True,True,ok,
V3_00600,V3,/Users/krishna/dev/fightflow/data/downloaded-videos/V3.mp4,601,23466.0,23471.0,6.0,Jab,Jab,1,pending,data/raw/Skeleton_data/V3.npy,601,True,True,True,ok,
V3_00601,V3,/Users/krishna/dev/fightflow/data/downloaded-videos/V3.mp4,602,23474.0,23478.0,5.0,Rear Hook,Rear Hook,4,pending,data/raw/Skeleton_data/V3.npy,602,True,True,True,ok,
V3_00602,V3,/Users/krishna/dev/fightflow/data/downloaded-videos/V3.mp4,603,23483.0,23488.0,6.0,Jab,Jab,1,pending,data/raw/Skeleton_data/V3.npy,603,True,True,True,ok,
V3_00603,V3,/Users/krishna/dev/fightflow/data/downloaded-videos/V3.mp4,604,23490.0,23495.0,6.0,Cross,Cross,0,pending,data/raw/Skeleton_data/V3.npy,604,True,True,True,ok,
V3_00604,V3,/Users/krishna/dev/fightflow/data/downloaded-videos/V3.mp4,605,23497.0,23503.0,7.0,Jab,Jab,1,pending,data/raw/Skeleton_data/V3.npy,605,True,True,True,ok,
V3_00605,V3,/Users/krishna/dev/fightflow/data/downloaded-videos/V3.mp4,606,23505.0,23510.0,6.0,Cross,Cross,0,pending,data/raw/Skeleton_data/V3.npy,606,True,True,True,ok,
V3_00606,V3,/Users/krishna/dev/fightflow/data/downloaded-videos/V3.mp4,607,23512.0,23518.0,7.0,Jab,Jab,1,pending,data/raw/Skeleton_data/V3.npy,607,True,True,True,ok,
V3_00607,V3,/Users/krishna/dev/fightflow/data/downloaded-videos/V3.mp4,608,23519.0,23524.0,6.0,Cross,Cross,0,pending,data/raw/Skeleton_data/V3.npy,608,True,True,True,ok,
V3_00608,V3,/Users/krishna/dev/fightflow/data/downloaded-videos/V3.mp4,609,23526.0,23532.0,7.0,Jab,Jab,1,pending,data/raw/Skeleton_data/V3.npy,609,True,True,True,ok,
V3_00609,V3,/Users/krishna/dev/fightflow/data/downloaded-videos/V3.mp4,610,23534.0,23539.0,6.0,Cross,Cross,0,pending,data/raw/Skeleton_data/V3.npy,610,True,True,True,ok,
V3_00610,V3,/Users/krishna/dev/fightflow/data/downloaded-videos/V3.mp4,611,23541.0,23547.0,7.0,Jab,Jab,1,pending,data/raw/Skeleton_data/V3.npy,611,True,True,True,ok,
V3_00611,V3,/Users/krishna/dev/fightflow/data/downloaded-videos/V3.mp4,612,23549.0,23554.0,6.0,Cross,Cross,0,pending,data/raw/Skeleton_data/V3.npy,612,True,True,True,ok,
V3_00612,V3,/Users/krishna/dev/fightflow/data/downloaded-videos/V3.mp4,613,23556.0,23562.0,7.0,Jab,Jab,1,pending,data/raw/Skeleton_data/V3.npy,613,True,True,True,ok,
V3_00613,V3,/Users/krishna/dev/fightflow/data/downloaded-videos/V3.mp4,614,23564.0,23569.0,6.0,Cross,Cross,0,pending,data/raw/Skeleton_data/V3.npy,614,True,True,True,ok,
V3_00614,V3,/Users/krishna/dev/fightflow/data/downloaded-videos/V3.mp4,615,23571.0,23578.0,8.0,Jab,Jab,1,pending,data/raw/Skeleton_data/V3.npy,615,True,True,True,ok,
V3_00615,V3,/Users/krishna/dev/fightflow/data/downloaded-videos/V3.mp4,616,23580.0,23585.0,6.0,Cross,Cross,0,pending,data/raw/Skeleton_data/V3.npy,616,True,True,True,ok,
V3_00616,V3,/Users/krishna/dev/fightflow/data/downloaded-videos/V3.mp4,617,23587.0,23593.0,7.0,Jab,Jab,1,pending,data/raw/Skeleton_data/V3.npy,617,True,True,True,ok,
V3_00617,V3,/Users/krishna/dev/fightflow/data/downloaded-videos/V3.mp4,618,23595.0,23600.0,6.0,Cross,Cross,0,pending,data/raw/Skeleton_data/V3.npy,618,True,True,True,ok,
V3_00618,V3,/Users/krishna/dev/fightflow/data/downloaded-videos/V3.mp4,619,23602.0,23607.0,6.0,Jab,Jab,1,pending,data/raw/Skeleton_data/V3.npy,619,True,True,True,ok,
V3_00619,V3,/Users/krishna/dev/fightflow/data/downloaded-videos/V3.mp4,620,23610.0,23615.0,6.0,Cross,Cross,0,pending,data/raw/Skeleton_data/V3.npy,620,True,True,True,ok,
V3_00620,V3,/Users/krishna/dev/fightflow/data/downloaded-videos/V3.mp4,621,23617.0,23622.0,6.0,Jab,Jab,1,pending,data/raw/Skeleton_data/V3.npy,621,True,True,True,ok,
V3_00621,V3,/Users/krishna/dev/fightflow/data/downloaded-videos/V3.mp4,622,23625.0,23630.0,6.0,Cross,Cross,0,pending,data/raw/Skeleton_data/V3.npy,622,True,True,True,ok,
V3_00622,V3,/Users/krishna/dev/fightflow/data/downloaded-videos/V3.mp4,623,23633.0,23638.0,6.0,Jab,Jab,1,pending,data/raw/Skeleton_data/V3.npy,623,True,True,True,ok,
V3_00623,V3,/Users/krishna/dev/fightflow/data/downloaded-videos/V3.mp4,624,23640.0,23645.0,6.0,Cross,Cross,0,pending,data/raw/Skeleton_data/V3.npy,624,True,True,True,ok,
V3_00624,V3,/Users/krishna/dev/fightflow/data/downloaded-videos/V3.mp4,625,23648.0,23648.0,1.0,Jab,Jab,1,pending,data/raw/Skeleton_data/V3.npy,625,True,True,True,ok,
V3_00625,V3,/Users/krishna/dev/fightflow/data/downloaded-videos/V3.mp4,626,23655.0,23661.0,7.0,Cross,Cross,0,pending,data/raw/Skeleton_data/V3.npy,626,True,True,True,ok,
V3_00626,V3,/Users/krishna/dev/fightflow/data/downloaded-videos/V3.mp4,627,23663.0,23669.0,7.0,Lead Uppercut,Lead Uppercut,3,pending,data/raw/Skeleton_data/V3.npy,627,True,True,True,ok,
V3_00627,V3,/Users/krishna/dev/fightflow/data/downloaded-videos/V3.mp4,628,23671.0,23676.0,6.0,Cross,Cross,0,pending,data/raw/Skeleton_data/V3.npy,628,True,True,True,ok,
V3_00628,V3,/Users/krishna/dev/fightflow/data/downloaded-videos/V3.mp4,629,23679.0,23684.0,6.0,Jab,Jab,1,pending,data/raw/Skeleton_data/V3.npy,629,True,True,True,ok,
V3_00629,V3,/Users/krishna/dev/fightflow/data/downloaded-videos/V3.mp4,630,23686.0,23692.0,7.0,Cross,Cross,0,pending,data/raw/Skeleton_data/V3.npy,630,True,True,True,ok,
V3_00630,V3,/Users/krishna/dev/fightflow/data/downloaded-videos/V3.mp4,631,23694.0,23699.0,6.0,Lead Hook,Lead Hook,2,pending,data/raw/Skeleton_data/V3.npy,631,True,True,True,ok,
V3_00631,V3,/Users/krishna/dev/fightflow/data/downloaded-videos/V3.mp4,632,23703.0,23707.0,5.0,Rear Hook,Rear Hook,4,pending,data/raw/Skeleton_data/V3.npy,632,True,True,True,ok,
V3_00632,V3,/Users/krishna/dev/fightflow/data/downloaded-videos/V3.mp4,633,23710.0,23717.0,8.0,Lead Hook,Lead Hook,2,pending,data/raw/Skeleton_data/V3.npy,633,True,True,True,ok,
V3_00633,V3,/Users/krishna/dev/fightflow/data/downloaded-videos/V3.mp4,634,23719.0,23725.0,7.0,Cross,Cross,0,pending,data/raw/Skeleton_data/V3.npy,634,True,True,True,ok,
V3_00634,V3,/Users/krishna/dev/fightflow/data/downloaded-videos/V3.mp4,635,23727.0,23732.0,6.0,Jab,Jab,1,pending,data/raw/Skeleton_data/V3.npy,635,True,True,True,ok,
V3_00635,V3,/Users/krishna/dev/fightflow/data/downloaded-videos/V3.mp4,636,23734.0,23739.0,6.0,Cross,Cross,0,pending,data/raw/Skeleton_data/V3.npy,636,True,True,True,ok,
V3_00636,V3,/Users/krishna/dev/fightflow/data/downloaded-videos/V3.mp4,637,23743.0,23749.0,7.0,Lead Hook,Lead Hook,2,pending,data/raw/Skeleton_data/V3.npy,637,True,True,True,ok,
V3_00637,V3,/Users/krishna/dev/fightflow/data/downloaded-videos/V3.mp4,638,23752.0,23758.0,7.0,Cross,Cross,0,pending,data/raw/Skeleton_data/V3.npy,638,True,True,True,ok,
V3_00638,V3,/Users/krishna/dev/fightflow/data/downloaded-videos/V3.mp4,639,23761.0,23766.0,6.0,Jab,Jab,1,pending,data/raw/Skeleton_data/V3.npy,639,True,True,True,ok,
V3_00639,V3,/Users/krishna/dev/fightflow/data/downloaded-videos/V3.mp4,640,23768.0,23773.0,6.0,Cross,Cross,0,pending,data/raw/Skeleton_data/V3.npy,640,True,True,True,ok,
V3_00640,V3,/Users/krishna/dev/fightflow/data/downloaded-videos/V3.mp4,641,23775.0,23781.0,7.0,Jab,Jab,1,pending,data/raw/Skeleton_data/V3.npy,641,True,True,True,ok,
V3_00641,V3,/Users/krishna/dev/fightflow/data/downloaded-videos/V3.mp4,642,23784.0,23788.0,5.0,Rear Hook,Rear Hook,4,pending,data/raw/Skeleton_data/V3.npy,642,True,True,True,ok,
V3_00642,V3,/Users/krishna/dev/fightflow/data/downloaded-videos/V3.mp4,643,23794.0,23800.0,7.0,Jab,Jab,1,pending,data/raw/Skeleton_data/V3.npy,643,True,True,True,ok,
V3_00643,V3,/Users/krishna/dev/fightflow/data/downloaded-videos/V3.mp4,644,23802.0,23807.0,6.0,Cross,Cross,0,pending,data/raw/Skeleton_data/V3.npy,644,True,True,True,ok,
V3_00644,V3,/Users/krishna/dev/fightflow/data/downloaded-videos/V3.mp4,645,23810.0,23815.0,6.0,Jab,Jab,1,pending,data/raw/Skeleton_data/V3.npy,645,True,True,True,ok,
V3_00645,V3,/Users/krishna/dev/fightflow/data/downloaded-videos/V3.mp4,646,23817.0,23822.0,6.0,Cross,Cross,0,pending,data/raw/Skeleton_data/V3.npy,646,True,True,True,ok,
V3_00646,V3,/Users/krishna/dev/fightflow/data/downloaded-videos/V3.mp4,647,23825.0,23830.0,6.0,Jab,Jab,1,pending,data/raw/Skeleton_data/V3.npy,647,True,True,True,ok,
V3_00647,V3,/Users/krishna/dev/fightflow/data/downloaded-videos/V3.mp4,648,23832.0,23838.0,7.0,Cross,Cross,0,pending,data/raw/Skeleton_data/V3.npy,648,True,True,True,ok,
V3_00648,V3,/Users/krishna/dev/fightflow/data/downloaded-videos/V3.mp4,649,23840.0,23846.0,7.0,Jab,Jab,1,pending,data/raw/Skeleton_data/V3.npy,649,True,True,True,ok,
V3_00649,V3,/Users/krishna/dev/fightflow/data/downloaded-videos/V3.mp4,650,23848.0,23853.0,6.0,Cross,Cross,0,pending,data/raw/Skeleton_data/V3.npy,650,True,True,True,ok,
V3_00650,V3,/Users/krishna/dev/fightflow/data/downloaded-videos/V3.mp4,651,23855.0,23861.0,7.0,Jab,Jab,1,pending,data/raw/Skeleton_data/V3.npy,651,True,True,True,ok,
V3_00651,V3,/Users/krishna/dev/fightflow/data/downloaded-videos/V3.mp4,652,23863.0,23868.0,6.0,Cross,Cross,0,pending,data/raw/Skeleton_data/V3.npy,652,True,True,True,ok,
V3_00652,V3,/Users/krishna/dev/fightflow/data/downloaded-videos/V3.mp4,653,23870.0,23876.0,7.0,Jab,Jab,1,pending,data/raw/Skeleton_data/V3.npy,653,True,True,True,ok,
V3_00653,V3,/Users/krishna/dev/fightflow/data/downloaded-videos/V3.mp4,654,23878.0,23883.0,6.0,Cross,Cross,0,pending,data/raw/Skeleton_data/V3.npy,654,True,True,True,ok,
V3_00654,V3,/Users/krishna/dev/fightflow/data/downloaded-videos/V3.mp4,655,23885.0,23890.0,6.0,Jab,Jab,1,pending,data/raw/Skeleton_data/V3.npy,655,True,True,True,ok,
V3_00655,V3,/Users/krishna/dev/fightflow/data/downloaded-videos/V3.mp4,656,23892.0,23898.0,7.0,Cross,Cross,0,pending,data/raw/Skeleton_data/V3.npy,656,True,True,True,ok,
V3_00656,V3,/Users/krishna/dev/fightflow/data/downloaded-videos/V3.mp4,657,23900.0,23906.0,7.0,Jab,Jab,1,pending,data/raw/Skeleton_data/V3.npy,657,True,True,True,ok,
V3_00657,V3,/Users/krishna/dev/fightflow/data/downloaded-videos/V3.mp4,658,23908.0,23913.0,6.0,Cross,Cross,0,pending,data/raw/Skeleton_data/V3.npy,658,True,True,True,ok,
V3_00658,V3,/Users/krishna/dev/fightflow/data/downloaded-videos/V3.mp4,659,23915.0,23921.0,7.0,Jab,Jab,1,pending,data/raw/Skeleton_data/V3.npy,659,True,True,True,ok,
V3_00659,V3,/Users/krishna/dev/fightflow/data/downloaded-videos/V3.mp4,660,23922.0,23928.0,7.0,Cross,Cross,0,pending,data/raw/Skeleton_data/V3.npy,660,True,True,True,ok,
V3_00660,V3,/Users/krishna/dev/fightflow/data/downloaded-videos/V3.mp4,661,23930.0,23936.0,7.0,Jab,Jab,1,pending,data/raw/Skeleton_data/V3.npy,661,True,True,True,ok,
V3_00661,V3,/Users/krishna/dev/fightflow/data/downloaded-videos/V3.mp4,662,23938.0,23943.0,6.0,Cross,Cross,0,pending,data/raw/Skeleton_data/V3.npy,662,True,True,True,ok,
V3_00662,V3,/Users/krishna/dev/fightflow/data/downloaded-videos/V3.mp4,663,23944.0,23950.0,7.0,Jab,Jab,1,pending,data/raw/Skeleton_data/V3.npy,663,True,True,True,ok,
V3_00663,V3,/Users/krishna/dev/fightflow/data/downloaded-videos/V3.mp4,664,23952.0,23956.0,5.0,Cross,Cross,0,pending,data/raw/Skeleton_data/V3.npy,664,True,True,True,ok,
V3_00664,V3,/Users/krishna/dev/fightflow/data/downloaded-videos/V3.mp4,665,23958.0,23963.0,6.0,Jab,Jab,1,pending,data/raw/Skeleton_data/V3.npy,665,True,True,True,ok,
V3_00665,V3,/Users/krishna/dev/fightflow/data/downloaded-videos/V3.mp4,666,23965.0,23970.0,6.0,Cross,Cross,0,pending,data/raw/Skeleton_data/V3.npy,666,True,True,True,ok,
V3_00666,V3,/Users/krishna/dev/fightflow/data/downloaded-videos/V3.mp4,667,23972.0,23978.0,7.0,Jab,Jab,1,pending,data/raw/Skeleton_data/V3.npy,667,True,True,True,ok,
V3_00667,V3,/Users/krishna/dev/fightflow/data/downloaded-videos/V3.mp4,668,23980.0,23984.0,5.0,Cross,Cross,0,pending,data/raw/Skeleton_data/V3.npy,668,True,True,True,ok,
V3_00668,V3,/Users/krishna/dev/fightflow/data/downloaded-videos/V3.mp4,669,23986.0,23992.0,7.0,Jab,Jab,1,pending,data/raw/Skeleton_data/V3.npy,669,True,True,True,ok,
V3_00669,V3,/Users/krishna/dev/fightflow/data/downloaded-videos/V3.mp4,670,23994.0,23999.0,6.0,Cross,Cross,0,pending,data/raw/Skeleton_data/V3.npy,670,True,True,True,ok,
V3_00670,V3,/Users/krishna/dev/fightflow/data/downloaded-videos/V3.mp4,671,24001.0,24006.0,6.0,Jab,Jab,1,pending,data/raw/Skeleton_data/V3.npy,671,True,True,True,ok,
V3_00671,V3,/Users/krishna/dev/fightflow/data/downloaded-videos/V3.mp4,672,24008.0,24013.0,6.0,Cross,Cross,0,pending,data/raw/Skeleton_data/V3.npy,672,True,True,True,ok,
V3_00672,V3,/Users/krishna/dev/fightflow/data/downloaded-videos/V3.mp4,673,24015.0,24021.0,7.0,Jab,Jab,1,pending,data/raw/Skeleton_data/V3.npy,673,True,True,True,ok,
V3_00673,V3,/Users/krishna/dev/fightflow/data/downloaded-videos/V3.mp4,674,24023.0,24027.0,5.0,Cross,Cross,0,pending,data/raw/Skeleton_data/V3.npy,674,True,True,True,ok,
V3_00674,V3,/Users/krishna/dev/fightflow/data/downloaded-videos/V3.mp4,675,24030.0,24036.0,7.0,Jab,Jab,1,pending,data/raw/Skeleton_data/V3.npy,675,True,True,True,ok,
V3_00675,V3,/Users/krishna/dev/fightflow/data/downloaded-videos/V3.mp4,676,24037.0,24042.0,6.0,Cross,Cross,0,pending,data/raw/Skeleton_data/V3.npy,676,True,True,True,ok,
V3_00676,V3,/Users/krishna/dev/fightflow/data/downloaded-videos/V3.mp4,677,24044.0,24049.0,6.0,Jab,Jab,1,pending,data/raw/Skeleton_data/V3.npy,677,True,True,True,ok,
V3_00677,V3,/Users/krishna/dev/fightflow/data/downloaded-videos/V3.mp4,678,24051.0,24056.0,6.0,Cross,Cross,0,pending,data/raw/Skeleton_data/V3.npy,678,True,True,True,ok,
V3_00678,V3,/Users/krishna/dev/fightflow/data/downloaded-videos/V3.mp4,679,24058.0,24063.0,6.0,Jab,Jab,1,pending,data/raw/Skeleton_data/V3.npy,679,True,True,True,ok,
V3_00679,V3,/Users/krishna/dev/fightflow/data/downloaded-videos/V3.mp4,680,24065.0,24070.0,6.0,Cross,Cross,0,pending,data/raw/Skeleton_data/V3.npy,680,True,True,True,ok,
V3_00680,V3,/Users/krishna/dev/fightflow/data/downloaded-videos/V3.mp4,681,24073.0,24077.0,5.0,Jab,Jab,1,pending,data/raw/Skeleton_data/V3.npy,681,True,True,True,ok,
V3_00681,V3,/Users/krishna/dev/fightflow/data/downloaded-videos/V3.mp4,682,24079.0,24082.0,4.0,Cross,Cross,0,pending,data/raw/Skeleton_data/V3.npy,682,True,True,True,ok,
V3_00682,V3,/Users/krishna/dev/fightflow/data/downloaded-videos/V3.mp4,683,24084.0,24086.0,3.0,Jab,Jab,1,pending,data/raw/Skeleton_data/V3.npy,683,True,True,True,ok,
V3_00683,V3,/Users/krishna/dev/fightflow/data/downloaded-videos/V3.mp4,684,24087.0,24091.0,5.0,Cross,Cross,0,pending,data/raw/Skeleton_data/V3.npy,684,True,True,True,ok,
V3_00684,V3,/Users/krishna/dev/fightflow/data/downloaded-videos/V3.mp4,685,24092.0,24094.0,3.0,Jab,Jab,1,pending,data/raw/Skeleton_data/V3.npy,685,True,True,True,ok,
V3_00685,V3,/Users/krishna/dev/fightflow/data/downloaded-videos/V3.mp4,686,24096.0,24100.0,5.0,Cross,Cross,0,pending,data/raw/Skeleton_data/V3.npy,686,True,True,True,ok,
V3_00686,V3,/Users/krishna/dev/fightflow/data/downloaded-videos/V3.mp4,687,24101.0,24106.0,6.0,Jab,Jab,1,pending,data/raw/Skeleton_data/V3.npy,687,True,True,True,ok,
V3_00687,V3,/Users/krishna/dev/fightflow/data/downloaded-videos/V3.mp4,688,24108.0,24112.0,5.0,Cross,Cross,0,pending,data/raw/Skeleton_data/V3.npy,688,True,True,True,ok,
V3_00688,V3,/Users/krishna/dev/fightflow/data/downloaded-videos/V3.mp4,689,24113.0,24119.0,7.0,Jab,Jab,1,pending,data/raw/Skeleton_data/V3.npy,689,True,True,True,ok,
V3_00689,V3,/Users/krishna/dev/fightflow/data/downloaded-videos/V3.mp4,690,24121.0,24126.0,6.0,Cross,Cross,0,pending,data/raw/Skeleton_data/V3.npy,690,True,True,True,ok,
V3_00690,V3,/Users/krishna/dev/fightflow/data/downloaded-videos/V3.mp4,691,24127.0,24132.0,6.0,Jab,Jab,1,pending,data/raw/Skeleton_data/V3.npy,691,True,True,True,ok,
V3_00691,V3,/Users/krishna/dev/fightflow/data/downloaded-videos/V3.mp4,692,24134.0,24140.0,7.0,Cross,Cross,0,pending,data/raw/Skeleton_data/V3.npy,692,True,True,True,ok,
V3_00692,V3,/Users/krishna/dev/fightflow/data/downloaded-videos/V3.mp4,693,24141.0,24148.0,8.0,Jab,Jab,1,pending,data/raw/Skeleton_data/V3.npy,693,True,True,True,ok,
V3_00693,V3,/Users/krishna/dev/fightflow/data/downloaded-videos/V3.mp4,694,24150.0,24154.0,5.0,Cross,Cross,0,pending,data/raw/Skeleton_data/V3.npy,694,True,True,True,ok,
V3_00694,V3,/Users/krishna/dev/fightflow/data/downloaded-videos/V3.mp4,695,25070.0,25077.0,8.0,Cross,Cross,0,pending,data/raw/Skeleton_data/V3.npy,695,True,True,True,ok,
V3_00695,V3,/Users/krishna/dev/fightflow/data/downloaded-videos/V3.mp4,696,25081.0,25088.0,8.0,Jab,Jab,1,pending,data/raw/Skeleton_data/V3.npy,696,True,True,True,ok,
V3_00696,V3,/Users/krishna/dev/fightflow/data/downloaded-videos/V3.mp4,697,25091.0,25098.0,8.0,Cross,Cross,0,pending,data/raw/Skeleton_data/V3.npy,697,True,True,True,ok,
V3_00697,V3,/Users/krishna/dev/fightflow/data/downloaded-videos/V3.mp4,698,25101.0,25109.0,9.0,Jab,Jab,1,pending,data/raw/Skeleton_data/V3.npy,698,True,True,True,ok,
V3_00698,V3,/Users/krishna/dev/fightflow/data/downloaded-videos/V3.mp4,699,25112.0,25118.0,7.0,Cross,Cross,0,pending,data/raw/Skeleton_data/V3.npy,699,True,True,True,ok,
V3_00699,V3,/Users/krishna/dev/fightflow/data/downloaded-videos/V3.mp4,700,25122.0,25130.0,9.0,Jab,Jab,1,pending,data/raw/Skeleton_data/V3.npy,700,True,True,True,ok,
V3_00700,V3,/Users/krishna/dev/fightflow/data/downloaded-videos/V3.mp4,701,25133.0,25139.0,7.0,Cross,Cross,0,pending,data/raw/Skeleton_data/V3.npy,701,True,True,True,ok,
V3_00701,V3,/Users/krishna/dev/fightflow/data/downloaded-videos/V3.mp4,702,25142.0,25151.0,10.0,Jab,Jab,1,pending,data/raw/Skeleton_data/V3.npy,702,True,True,True,ok,
V3_00702,V3,/Users/krishna/dev/fightflow/data/downloaded-videos/V3.mp4,703,25153.0,25160.0,8.0,Cross,Cross,0,pending,data/raw/Skeleton_data/V3.npy,703,True,True,True,ok,
V3_00703,V3,/Users/krishna/dev/fightflow/data/downloaded-videos/V3.mp4,704,25163.0,25173.0,11.0,Jab,Jab,1,pending,data/raw/Skeleton_data/V3.npy,704,True,True,True,ok,
V3_00704,V3,/Users/krishna/dev/fightflow/data/downloaded-videos/V3.mp4,705,25174.0,25181.0,8.0,Cross,Cross,0,pending,data/raw/Skeleton_data/V3.npy,705,True,True,True,ok,
V3_00705,V3,/Users/krishna/dev/fightflow/data/downloaded-videos/V3.mp4,706,25185.0,25193.0,9.0,Jab,Jab,1,pending,data/raw/Skeleton_data/V3.npy,706,True,True,True,ok,
V3_00706,V3,/Users/krishna/dev/fightflow/data/downloaded-videos/V3.mp4,707,25196.0,25203.0,8.0,Cross,Cross,0,pending,data/raw/Skeleton_data/V3.npy,707,True,True,True,ok,
V3_00707,V3,/Users/krishna/dev/fightflow/data/downloaded-videos/V3.mp4,708,25206.0,25214.0,9.0,Jab,Jab,1,pending,data/raw/Skeleton_data/V3.npy,708,True,True,True,ok,
V3_00708,V3,/Users/krishna/dev/fightflow/data/downloaded-videos/V3.mp4,709,25216.0,25224.0,9.0,Cross,Cross,0,pending,data/raw/Skeleton_data/V3.npy,709,True,True,True,ok,
V3_00709,V3,/Users/krishna/dev/fightflow/data/downloaded-videos/V3.mp4,710,25227.0,25235.0,9.0,Jab,Jab,1,pending,data/raw/Skeleton_data/V3.npy,710,True,True,True,ok,
V3_00710,V3,/Users/krishna/dev/fightflow/data/downloaded-videos/V3.mp4,711,25238.0,25245.0,8.0,Cross,Cross,0,pending,data/raw/Skeleton_data/V3.npy,711,True,True,True,ok,
V3_00711,V3,/Users/krishna/dev/fightflow/data/downloaded-videos/V3.mp4,712,25247.0,25255.0,9.0,Jab,Jab,1,pending,data/raw/Skeleton_data/V3.npy,712,True,True,True,ok,
V3_00712,V3,/Users/krishna/dev/fightflow/data/downloaded-videos/V3.mp4,713,25258.0,25264.0,7.0,Cross,Cross,0,pending,data/raw/Skeleton_data/V3.npy,713,True,True,True,ok,
V3_00713,V3,/Users/krishna/dev/fightflow/data/downloaded-videos/V3.mp4,714,25268.0,25276.0,9.0,Jab,Jab,1,pending,data/raw/Skeleton_data/V3.npy,714,True,True,True,ok,
V3_00714,V3,/Users/krishna/dev/fightflow/data/downloaded-videos/V3.mp4,715,25279.0,25286.0,8.0,Cross,Cross,0,pending,data/raw/Skeleton_data/V3.npy,715,True,True,True,ok,
V3_00715,V3,/Users/krishna/dev/fightflow/data/downloaded-videos/V3.mp4,716,25290.0,25298.0,9.0,Jab,Jab,1,pending,data/raw/Skeleton_data/V3.npy,716,True,True,True,ok,
V3_00716,V3,/Users/krishna/dev/fightflow/data/downloaded-videos/V3.mp4,717,25301.0,25308.0,8.0,Cross,Cross,0,pending,data/raw/Skeleton_data/V3.npy,717,True,True,True,ok,
V3_00717,V3,/Users/krishna/dev/fightflow/data/downloaded-videos/V3.mp4,718,25312.0,25320.0,9.0,Jab,Jab,1,pending,data/raw/Skeleton_data/V3.npy,718,True,True,True,ok,
V3_00718,V3,/Users/krishna/dev/fightflow/data/downloaded-videos/V3.mp4,719,25323.0,25330.0,8.0,Cross,Cross,0,pending,data/raw/Skeleton_data/V3.npy,719,True,True,True,ok,
V3_00719,V3,/Users/krishna/dev/fightflow/data/downloaded-videos/V3.mp4,720,25333.0,25341.0,9.0,Jab,Jab,1,pending,data/raw/Skeleton_data/V3.npy,720,True,True,True,ok,
V3_00720,V3,/Users/krishna/dev/fightflow/data/downloaded-videos/V3.mp4,721,25344.0,25350.0,7.0,Cross,Cross,0,pending,data/raw/Skeleton_data/V3.npy,721,True,True,True,ok,
V3_00721,V3,/Users/krishna/dev/fightflow/data/downloaded-videos/V3.mp4,722,25353.0,25362.0,10.0,Jab,Jab,1,pending,data/raw/Skeleton_data/V3.npy,722,True,True,True,ok,
V3_00722,V3,/Users/krishna/dev/fightflow/data/downloaded-videos/V3.mp4,723,25366.0,25372.0,7.0,Cross,Cross,0,pending,data/raw/Skeleton_data/V3.npy,723,True,True,True,ok,
V3_00723,V3,/Users/krishna/dev/fightflow/data/downloaded-videos/V3.mp4,724,25375.0,25383.0,9.0,Jab,Jab,1,pending,data/raw/Skeleton_data/V3.npy,724,True,True,True,ok,
V3_00724,V3,/Users/krishna/dev/fightflow/data/downloaded-videos/V3.mp4,725,25386.0,25393.0,8.0,Cross,Cross,0,pending,data/raw/Skeleton_data/V3.npy,725,True,True,True,ok,
V3_00725,V3,/Users/krishna/dev/fightflow/data/downloaded-videos/V3.mp4,726,25396.0,25404.0,9.0,Jab,Jab,1,pending,data/raw/Skeleton_data/V3.npy,726,True,True,True,ok,
V3_00726,V3,/Users/krishna/dev/fightflow/data/downloaded-videos/V3.mp4,727,25407.0,25413.0,7.0,Cross,Cross,0,pending,data/raw/Skeleton_data/V3.npy,727,True,True,True,ok,
V3_00727,V3,/Users/krishna/dev/fightflow/data/downloaded-videos/V3.mp4,728,25416.0,25424.0,9.0,Jab,Jab,1,pending,data/raw/Skeleton_data/V3.npy,728,True,True,True,ok,
V3_00728,V3,/Users/krishna/dev/fightflow/data/downloaded-videos/V3.mp4,729,25427.0,25433.0,7.0,Cross,Cross,0,pending,data/raw/Skeleton_data/V3.npy,729,True,True,True,ok,
V3_00729,V3,/Users/krishna/dev/fightflow/data/downloaded-videos/V3.mp4,730,25436.0,25444.0,9.0,Jab,Jab,1,pending,data/raw/Skeleton_data/V3.npy,730,True,True,True,ok,
V3_00730,V3,/Users/krishna/dev/fightflow/data/downloaded-videos/V3.mp4,731,25448.0,25455.0,8.0,Cross,Cross,0,pending,data/raw/Skeleton_data/V3.npy,731,True,True,True,ok,
V3_00731,V3,/Users/krishna/dev/fightflow/data/downloaded-videos/V3.mp4,732,25458.0,25466.0,9.0,Jab,Jab,1,pending,data/raw/Skeleton_data/V3.npy,732,True,True,True,ok,
V3_00732,V3,/Users/krishna/dev/fightflow/data/downloaded-videos/V3.mp4,733,25469.0,25475.0,7.0,Cross,Cross,0,pending,data/raw/Skeleton_data/V3.npy,733,True,True,True,ok,
V3_00733,V3,/Users/krishna/dev/fightflow/data/downloaded-videos/V3.mp4,734,25478.0,25486.0,9.0,Jab,Jab,1,pending,data/raw/Skeleton_data/V3.npy,734,True,True,True,ok,
V3_00734,V3,/Users/krishna/dev/fightflow/data/downloaded-videos/V3.mp4,735,25484.0,25494.0,11.0,Cross,Cross,0,pending,data/raw/Skeleton_data/V3.npy,735,True,True,True,ok,
V3_00735,V3,/Users/krishna/dev/fightflow/data/downloaded-videos/V3.mp4,736,25497.0,25504.0,8.0,Jab,Jab,1,pending,data/raw/Skeleton_data/V3.npy,736,True,True,True,ok,
V3_00736,V3,/Users/krishna/dev/fightflow/data/downloaded-videos/V3.mp4,737,25509.0,25512.0,4.0,Rear Hook,Rear Hook,4,pending,data/raw/Skeleton_data/V3.npy,737,True,True,True,ok,
V3_00737,V3,/Users/krishna/dev/fightflow/data/downloaded-videos/V3.mp4,738,25514.0,25518.0,5.0,Lead Hook,Lead Hook,2,pending,data/raw/Skeleton_data/V3.npy,738,True,True,True,ok,
V3_00738,V3,/Users/krishna/dev/fightflow/data/downloaded-videos/V3.mp4,739,25523.0,25527.0,5.0,Rear Hook,Rear Hook,4,pending,data/raw/Skeleton_data/V3.npy,739,True,True,True,ok,
V3_00739,V3,/Users/krishna/dev/fightflow/data/downloaded-videos/V3.mp4,740,25533.0,25541.0,9.0,Jab,Jab,1,pending,data/raw/Skeleton_data/V3.npy,740,True,True,True,ok,
V3_00740,V3,/Users/krishna/dev/fightflow/data/downloaded-videos/V3.mp4,741,25543.0,25550.0,8.0,Cross,Cross,0,pending,data/raw/Skeleton_data/V3.npy,741,True,True,True,ok,
V3_00741,V3,/Users/krishna/dev/fightflow/data/downloaded-videos/V3.mp4,742,25552.0,25560.0,9.0,Jab,Jab,1,pending,data/raw/Skeleton_data/V3.npy,742,True,True,True,ok,
V3_00742,V3,/Users/krishna/dev/fightflow/data/downloaded-videos/V3.mp4,743,25560.0,25568.0,9.0,Cross,Cross,0,pending,data/raw/Skeleton_data/V3.npy,743,True,True,True,ok,
V3_00743,V3,/Users/krishna/dev/fightflow/data/downloaded-videos/V3.mp4,744,25571.0,25578.0,8.0,Jab,Jab,1,pending,data/raw/Skeleton_data/V3.npy,744,True,True,True,ok,
V3_00744,V3,/Users/krishna/dev/fightflow/data/downloaded-videos/V3.mp4,745,25581.0,25588.0,8.0,Cross,Cross,0,pending,data/raw/Skeleton_data/V3.npy,745,True,True,True,ok,
V3_00745,V3,/Users/krishna/dev/fightflow/data/downloaded-videos/V3.mp4,746,25591.0,25600.0,10.0,Jab,Jab,1,pending,data/raw/Skeleton_data/V3.npy,746,True,True,True,ok,
V3_00746,V3,/Users/krishna/dev/fightflow/data/downloaded-videos/V3.mp4,747,25602.0,25608.0,7.0,Cross,Cross,0,pending,data/raw/Skeleton_data/V3.npy,747,True,True,True,ok,
V3_00747,V3,/Users/krishna/dev/fightflow/data/downloaded-videos/V3.mp4,748,25612.0,25619.0,8.0,Jab,Jab,1,pending,data/raw/Skeleton_data/V3.npy,748,True,True,True,ok,
V3_00748,V3,/Users/krishna/dev/fightflow/data/downloaded-videos/V3.mp4,749,25622.0,25627.0,6.0,Cross,Cross,0,pending,data/raw/Skeleton_data/V3.npy,749,True,True,True,ok,
V3_00749,V3,/Users/krishna/dev/fightflow/data/downloaded-videos/V3.mp4,750,25632.0,25638.0,7.0,Jab,Jab,1,pending,data/raw/Skeleton_data/V3.npy,750,True,True,True,ok,
V3_00750,V3,/Users/krishna/dev/fightflow/data/downloaded-videos/V3.mp4,751,25642.0,25646.0,5.0,Rear Hook,Rear Hook,4,pending,data/raw/Skeleton_data/V3.npy,751,True,True,True,ok,
V3_00751,V3,/Users/krishna/dev/fightflow/data/downloaded-videos/V3.mp4,752,25649.0,25653.0,5.0,Lead Hook,Lead Hook,2,pending,data/raw/Skeleton_data/V3.npy,752,True,True,True,ok,
V3_00752,V3,/Users/krishna/dev/fightflow/data/downloaded-videos/V3.mp4,753,25655.0,25660.0,6.0,Rear Hook,Rear Hook,4,pending,data/raw/Skeleton_data/V3.npy,753,True,True,True,ok,
V3_00753,V3,/Users/krishna/dev/fightflow/data/downloaded-videos/V3.mp4,754,25667.0,25675.0,9.0,Jab,Jab,1,pending,data/raw/Skeleton_data/V3.npy,754,True,True,True,ok,
V3_00754,V3,/Users/krishna/dev/fightflow/data/downloaded-videos/V3.mp4,755,25677.0,25682.0,6.0,Cross,Cross,0,pending,data/raw/Skeleton_data/V3.npy,755,True,True,True,ok,
V3_00755,V3,/Users/krishna/dev/fightflow/data/downloaded-videos/V3.mp4,756,25687.0,25694.0,8.0,Jab,Jab,1,pending,data/raw/Skeleton_data/V3.npy,756,True,True,True,ok,
V3_00756,V3,/Users/krishna/dev/fightflow/data/downloaded-videos/V3.mp4,757,25697.0,25703.0,7.0,Cross,Cross,0,pending,data/raw/Skeleton_data/V3.npy,757,True,True,True,ok,
V3_00757,V3,/Users/krishna/dev/fightflow/data/downloaded-videos/V3.mp4,758,25707.0,25714.0,8.0,Jab,Jab,1,pending,data/raw/Skeleton_data/V3.npy,758,True,True,True,ok,
V3_00758,V3,/Users/krishna/dev/fightflow/data/downloaded-videos/V3.mp4,759,25717.0,25723.0,7.0,Cross,Cross,0,pending,data/raw/Skeleton_data/V3.npy,759,True,True,True,ok,
V3_00759,V3,/Users/krishna/dev/fightflow/data/downloaded-videos/V3.mp4,760,25727.0,25734.0,8.0,Jab,Jab,1,pending,data/raw/Skeleton_data/V3.npy,760,True,True,True,ok,
V3_00760,V3,/Users/krishna/dev/fightflow/data/downloaded-videos/V3.mp4,761,25736.0,25742.0,7.0,Cross,Cross,0,pending,data/raw/Skeleton_data/V3.npy,761,True,True,True,ok,
V3_00761,V3,/Users/krishna/dev/fightflow/data/downloaded-videos/V3.mp4,762,25746.0,25753.0,8.0,Jab,Jab,1,pending,data/raw/Skeleton_data/V3.npy,762,True,True,True,ok,
V3_00762,V3,/Users/krishna/dev/fightflow/data/downloaded-videos/V3.mp4,763,25756.0,25762.0,7.0,Cross,Cross,0,pending,data/raw/Skeleton_data/V3.npy,763,True,True,True,ok,
V3_00763,V3,/Users/krishna/dev/fightflow/data/downloaded-videos/V3.mp4,764,25766.0,25772.0,7.0,Jab,Jab,1,pending,data/raw/Skeleton_data/V3.npy,764,True,True,True,ok,
V3_00764,V3,/Users/krishna/dev/fightflow/data/downloaded-videos/V3.mp4,765,25774.0,25780.0,7.0,Cross,Cross,0,pending,data/raw/Skeleton_data/V3.npy,765,True,True,True,ok,
V3_00765,V3,/Users/krishna/dev/fightflow/data/downloaded-videos/V3.mp4,766,25783.0,25788.0,6.0,Jab,Jab,1,pending,data/raw/Skeleton_data/V3.npy,766,True,True,True,ok,
V3_00766,V3,/Users/krishna/dev/fightflow/data/downloaded-videos/V3.mp4,767,25789.0,25794.0,6.0,Cross,Cross,0,pending,data/raw/Skeleton_data/V3.npy,767,True,True,True,ok,
V3_00767,V3,/Users/krishna/dev/fightflow/data/downloaded-videos/V3.mp4,768,25795.0,25800.0,6.0,Jab,Jab,1,pending,data/raw/Skeleton_data/V3.npy,768,True,True,True,ok,
V3_00768,V3,/Users/krishna/dev/fightflow/data/downloaded-videos/V3.mp4,769,25801.0,25806.0,6.0,Cross,Cross,0,pending,data/raw/Skeleton_data/V3.npy,769,True,True,True,ok,
V3_00769,V3,/Users/krishna/dev/fightflow/data/downloaded-videos/V3.mp4,770,25807.0,25813.0,7.0,Jab,Jab,1,pending,data/raw/Skeleton_data/V3.npy,770,True,True,True,ok,
V3_00770,V3,/Users/krishna/dev/fightflow/data/downloaded-videos/V3.mp4,771,25814.0,25819.0,6.0,Cross,Cross,0,pending,data/raw/Skeleton_data/V3.npy,771,True,True,True,ok,
V3_00771,V3,/Users/krishna/dev/fightflow/data/downloaded-videos/V3.mp4,772,25821.0,25825.0,5.0,Jab,Jab,1,pending,data/raw/Skeleton_data/V3.npy,772,True,True,True,ok,
V3_00772,V3,/Users/krishna/dev/fightflow/data/downloaded-videos/V3.mp4,773,25827.0,25832.0,6.0,Cross,Cross,0,pending,data/raw/Skeleton_data/V3.npy,773,True,True,True,ok,
V3_00773,V3,/Users/krishna/dev/fightflow/data/downloaded-videos/V3.mp4,774,25833.0,25838.0,6.0,Jab,Jab,1,pending,data/raw/Skeleton_data/V3.npy,774,True,True,True,ok,
V3_00774,V3,/Users/krishna/dev/fightflow/data/downloaded-videos/V3.mp4,775,25841.0,25845.0,5.0,Cross,Cross,0,pending,data/raw/Skeleton_data/V3.npy,775,True,True,True,ok,
V3_00775,V3,/Users/krishna/dev/fightflow/data/downloaded-videos/V3.mp4,776,25847.0,25852.0,6.0,Jab,Jab,1,pending,data/raw/Skeleton_data/V3.npy,776,True,True,True,ok,
V3_00776,V3,/Users/krishna/dev/fightflow/data/downloaded-videos/V3.mp4,777,25854.0,25859.0,6.0,Cross,Cross,0,pending,data/raw/Skeleton_data/V3.npy,777,True,True,True,ok,
V3_00777,V3,/Users/krishna/dev/fightflow/data/downloaded-videos/V3.mp4,778,25861.0,25866.0,6.0,Jab,Jab,1,pending,data/raw/Skeleton_data/V3.npy,778,True,True,True,ok,
V3_00778,V3,/Users/krishna/dev/fightflow/data/downloaded-videos/V3.mp4,779,25868.0,25872.0,5.0,Cross,Cross,0,pending,data/raw/Skeleton_data/V3.npy,779,True,True,True,ok,
V3_00779,V3,/Users/krishna/dev/fightflow/data/downloaded-videos/V3.mp4,780,25874.0,25878.0,5.0,Jab,Jab,1,pending,data/raw/Skeleton_data/V3.npy,780,True,True,True,ok,
V3_00780,V3,/Users/krishna/dev/fightflow/data/downloaded-videos/V3.mp4,781,25880.0,25884.0,5.0,Cross,Cross,0,pending,data/raw/Skeleton_data/V3.npy,781,True,True,True,ok,
V3_00781,V3,/Users/krishna/dev/fightflow/data/downloaded-videos/V3.mp4,782,25886.0,25891.0,6.0,Jab,Jab,1,pending,data/raw/Skeleton_data/V3.npy,782,True,True,True,ok,
V3_00782,V3,/Users/krishna/dev/fightflow/data/downloaded-videos/V3.mp4,783,25893.0,25898.0,6.0,Cross,Cross,0,pending,data/raw/Skeleton_data/V3.npy,783,True,True,True,ok,
V3_00783,V3,/Users/krishna/dev/fightflow/data/downloaded-videos/V3.mp4,784,25899.0,25905.0,7.0,Jab,Jab,1,pending,data/raw/Skeleton_data/V3.npy,784,True,True,True,ok,
V3_00784,V3,/Users/krishna/dev/fightflow/data/downloaded-videos/V3.mp4,785,25906.0,25911.0,6.0,Cross,Cross,0,pending,data/raw/Skeleton_data/V3.npy,785,True,True,True,ok,
V3_00785,V3,/Users/krishna/dev/fightflow/data/downloaded-videos/V3.mp4,786,25912.0,25918.0,7.0,Jab,Jab,1,pending,data/raw/Skeleton_data/V3.npy,786,True,True,True,ok,
V3_00786,V3,/Users/krishna/dev/fightflow/data/downloaded-videos/V3.mp4,787,25919.0,25924.0,6.0,Cross,Cross,0,pending,data/raw/Skeleton_data/V3.npy,787,True,True,True,ok,
V3_00787,V3,/Users/krishna/dev/fightflow/data/downloaded-videos/V3.mp4,788,25926.0,25932.0,7.0,Jab,Jab,1,pending,data/raw/Skeleton_data/V3.npy,788,True,True,True,ok,
V3_00788,V3,/Users/krishna/dev/fightflow/data/downloaded-videos/V3.mp4,789,25933.0,25938.0,6.0,Cross,Cross,0,pending,data/raw/Skeleton_data/V3.npy,789,True,True,True,ok,
V3_00789,V3,/Users/krishna/dev/fightflow/data/downloaded-videos/V3.mp4,790,25940.0,25946.0,7.0,Jab,Jab,1,pending,data/raw/Skeleton_data/V3.npy,790,True,True,True,ok,
V3_00790,V3,/Users/krishna/dev/fightflow/data/downloaded-videos/V3.mp4,791,25948.0,25952.0,5.0,Cross,Cross,0,pending,data/raw/Skeleton_data/V3.npy,791,True,True,True,ok,
V3_00791,V3,/Users/krishna/dev/fightflow/data/downloaded-videos/V3.mp4,792,25954.0,25959.0,6.0,Jab,Jab,1,pending,data/raw/Skeleton_data/V3.npy,792,True,True,True,ok,
V3_00792,V3,/Users/krishna/dev/fightflow/data/downloaded-videos/V3.mp4,793,25961.0,25966.0,6.0,Cross,Cross,0,pending,data/raw/Skeleton_data/V3.npy,793,True,True,True,ok,
V3_00793,V3,/Users/krishna/dev/fightflow/data/downloaded-videos/V3.mp4,794,25967.0,25972.0,6.0,Jab,Jab,1,pending,data/raw/Skeleton_data/V3.npy,794,True,True,True,ok,
V3_00794,V3,/Users/krishna/dev/fightflow/data/downloaded-videos/V3.mp4,795,25974.0,25979.0,6.0,Cross,Cross,0,pending,data/raw/Skeleton_data/V3.npy,795,True,True,True,ok,
V3_00795,V3,/Users/krishna/dev/fightflow/data/downloaded-videos/V3.mp4,796,25980.0,25985.0,6.0,Jab,Jab,1,pending,data/raw/Skeleton_data/V3.npy,796,True,True,True,ok,
V3_00796,V3,/Users/krishna/dev/fightflow/data/downloaded-videos/V3.mp4,797,25987.0,25992.0,6.0,Cross,Cross,0,pending,data/raw/Skeleton_data/V3.npy,797,True,True,True,ok,
V3_00797,V3,/Users/krishna/dev/fightflow/data/downloaded-videos/V3.mp4,798,25994.0,26000.0,7.0,Jab,Jab,1,pending,data/raw/Skeleton_data/V3.npy,798,True,True,True,ok,
V3_00798,V3,/Users/krishna/dev/fightflow/data/downloaded-videos/V3.mp4,799,26001.0,26006.0,6.0,Cross,Cross,0,pending,data/raw/Skeleton_data/V3.npy,799,True,True,True,ok,
V3_00799,V3,/Users/krishna/dev/fightflow/data/downloaded-videos/V3.mp4,800,26008.0,26013.0,6.0,Jab,Jab,1,pending,data/raw/Skeleton_data/V3.npy,800,True,True,True,ok,
V3_00800,V3,/Users/krishna/dev/fightflow/data/downloaded-videos/V3.mp4,801,26015.0,26019.0,5.0,Cross,Cross,0,pending,data/raw/Skeleton_data/V3.npy,801,True,True,True,ok,
V3_00801,V3,/Users/krishna/dev/fightflow/data/downloaded-videos/V3.mp4,802,26021.0,26026.0,6.0,Jab,Jab,1,pending,data/raw/Skeleton_data/V3.npy,802,True,True,True,ok,
V3_00802,V3,/Users/krishna/dev/fightflow/data/downloaded-videos/V3.mp4,803,26028.0,26033.0,6.0,Cross,Cross,0,pending,data/raw/Skeleton_data/V3.npy,803,True,True,True,ok,
V3_00803,V3,/Users/krishna/dev/fightflow/data/downloaded-videos/V3.mp4,804,26035.0,26040.0,6.0,Jab,Jab,1,pending,data/raw/Skeleton_data/V3.npy,804,True,True,True,ok,
V3_00804,V3,/Users/krishna/dev/fightflow/data/downloaded-videos/V3.mp4,805,26042.0,26047.0,6.0,Cross,Cross,0,pending,data/raw/Skeleton_data/V3.npy,805,True,True,True,ok,
V3_00805,V3,/Users/krishna/dev/fightflow/data/downloaded-videos/V3.mp4,806,26048.0,26053.0,6.0,Jab,Jab,1,pending,data/raw/Skeleton_data/V3.npy,806,True,True,True,ok,
V3_00806,V3,/Users/krishna/dev/fightflow/data/downloaded-videos/V3.mp4,807,26055.0,26060.0,6.0,Cross,Cross,0,pending,data/raw/Skeleton_data/V3.npy,807,True,True,True,ok,
V3_00807,V3,/Users/krishna/dev/fightflow/data/downloaded-videos/V3.mp4,808,26061.0,26067.0,7.0,Jab,Jab,1,pending,data/raw/Skeleton_data/V3.npy,808,True,True,True,ok,
V3_00808,V3,/Users/krishna/dev/fightflow/data/downloaded-videos/V3.mp4,809,26068.0,26073.0,6.0,Cross,Cross,0,pending,data/raw/Skeleton_data/V3.npy,809,True,True,True,ok,
V3_00809,V3,/Users/krishna/dev/fightflow/data/downloaded-videos/V3.mp4,810,26074.0,26080.0,7.0,Jab,Jab,1,pending,data/raw/Skeleton_data/V3.npy,810,True,True,True,ok,
V3_00810,V3,/Users/krishna/dev/fightflow/data/downloaded-videos/V3.mp4,811,26081.0,26086.0,6.0,Cross,Cross,0,pending,data/raw/Skeleton_data/V3.npy,811,True,True,True,ok,
V3_00811,V3,/Users/krishna/dev/fightflow/data/downloaded-videos/V3.mp4,812,26087.0,26093.0,7.0,Lead Hook,Lead Hook,2,pending,data/raw/Skeleton_data/V3.npy,812,True,True,True,ok,
V3_00812,V3,/Users/krishna/dev/fightflow/data/downloaded-videos/V3.mp4,813,26490.0,26495.0,6.0,Jab,Jab,1,pending,data/raw/Skeleton_data/V3.npy,813,True,True,True,ok,
V3_00813,V3,/Users/krishna/dev/fightflow/data/downloaded-videos/V3.mp4,814,26497.0,26503.0,7.0,Cross,Cross,0,pending,data/raw/Skeleton_data/V3.npy,814,True,True,True,ok,
V4_00001,V4,/Users/krishna/dev/fightflow/data/downloaded-videos/V4.mp4,0,6437.0,6449.0,13.0,Jab,Jab,1,pending,data/raw/Skeleton_data/V4.npy,0,True,True,True,ok,
V4_00002,V4,/Users/krishna/dev/fightflow/data/downloaded-videos/V4.mp4,1,6452.0,6460.0,9.0,Rear Hook,Rear Hook,4,pending,data/raw/Skeleton_data/V4.npy,1,True,True,True,ok,
V4_00003,V4,/Users/krishna/dev/fightflow/data/downloaded-videos/V4.mp4,2,6463.0,6470.0,8.0,Lead hook,Lead Hook,2,pending,data/raw/Skeleton_data/V4.npy,2,True,True,True,ok,
V4_00004,V4,/Users/krishna/dev/fightflow/data/downloaded-videos/V4.mp4,3,6532.0,6544.0,13.0,Jab,Jab,1,pending,data/raw/Skeleton_data/V4.npy,3,True,True,True,ok,
V4_00005,V4,/Users/krishna/dev/fightflow/data/downloaded-videos/V4.mp4,4,6546.0,6558.0,13.0,Rear Hook,Rear Hook,4,pending,data/raw/Skeleton_data/V4.npy,4,True,True,True,ok,
V4_00006,V4,/Users/krishna/dev/fightflow/data/downloaded-videos/V4.mp4,5,6561.0,6568.0,8.0,Jab,Jab,1,pending,data/raw/Skeleton_data/V4.npy,5,True,True,True,ok,
V4_00007,V4,/Users/krishna/dev/fightflow/data/downloaded-videos/V4.mp4,6,6806.0,6814.0,9.0,Jab,Jab,1,pending,data/raw/Skeleton_data/V4.npy,6,True,True,True,ok,
V4_00008,V4,/Users/krishna/dev/fightflow/data/downloaded-videos/V4.mp4,7,6815.0,6820.0,6.0,Rear Hook,Rear Hook,4,pending,data/raw/Skeleton_data/V4.npy,7,True,True,True,ok,
V4_00009,V4,/Users/krishna/dev/fightflow/data/downloaded-videos/V4.mp4,8,6821.0,6828.0,8.0,Lead hook,Lead Hook,2,pending,data/raw/Skeleton_data/V4.npy,8,True,True,True,ok,
V4_00010,V4,/Users/krishna/dev/fightflow/data/downloaded-videos/V4.mp4,9,6881.0,6889.0,9.0,Jab,Jab,1,pending,data/raw/Skeleton_data/V4.npy,9,True,True,True,ok,
V4_00011,V4,/Users/krishna/dev/fightflow/data/downloaded-videos/V4.mp4,10,6890.0,6896.0,7.0,Rear Hook,Rear Hook,4,pending,data/raw/Skeleton_data/V4.npy,10,True,True,True,ok,
V4_00012,V4,/Users/krishna/dev/fightflow/data/downloaded-videos/V4.mp4,11,6897.0,6905.0,9.0,Jab,Jab,1,pending,data/raw/Skeleton_data/V4.npy,11,True,True,True,ok,
V4_00013,V4,/Users/krishna/dev/fightflow/data/downloaded-videos/V4.mp4,12,7123.0,7130.0,8.0,Jab,Jab,1,pending,data/raw/Skeleton_data/V4.npy,12,True,True,True,ok,
V4_00014,V4,/Users/krishna/dev/fightflow/data/downloaded-videos/V4.mp4,13,7132.0,7139.0,8.0,Cross,Cross,0,pending,data/raw/Skeleton_data/V4.npy,13,True,True,True,ok,
V4_00015,V4,/Users/krishna/dev/fightflow/data/downloaded-videos/V4.mp4,14,7141.0,7148.0,8.0,Jab,Jab,1,pending,data/raw/Skeleton_data/V4.npy,14,True,True,True,ok,
V4_00016,V4,/Users/krishna/dev/fightflow/data/downloaded-videos/V4.mp4,15,7150.0,7156.0,7.0,Cross,Cross,0,pending,data/raw/Skeleton_data/V4.npy,15,True,True,True,ok,
V4_00017,V4,/Users/krishna/dev/fightflow/data/downloaded-videos/V4.mp4,16,7159.0,7166.0,8.0,Jab,Jab,1,pending,data/raw/Skeleton_data/V4.npy,16,True,True,True,ok,
V4_00018,V4,/Users/krishna/dev/fightflow/data/downloaded-videos/V4.mp4,17,7169.0,7175.0,7.0,Cross,Cross,0,pending,data/raw/Skeleton_data/V4.npy,17,True,True,True,ok,
V4_00019,V4,/Users/krishna/dev/fightflow/data/downloaded-videos/V4.mp4,18,7177.0,7184.0,8.0,Jab,Jab,1,pending,data/raw/Skeleton_data/V4.npy,18,True,True,True,ok,
V4_00020,V4,/Users/krishna/dev/fightflow/data/downloaded-videos/V4.mp4,19,7186.0,7193.0,8.0,Cross,Cross,0,pending,data/raw/Skeleton_data/V4.npy,19,True,True,True,ok,
V4_00021,V4,/Users/krishna/dev/fightflow/data/downloaded-videos/V4.mp4,20,7194.0,7202.0,9.0,Jab,Jab,1,pending,data/raw/Skeleton_data/V4.npy,20,True,True,True,ok,
V4_00022,V4,/Users/krishna/dev/fightflow/data/downloaded-videos/V4.mp4,21,7204.0,7209.0,6.0,Cross,Cross,0,pending,data/raw/Skeleton_data/V4.npy,21,True,True,True,ok,
V4_00023,V4,/Users/krishna/dev/fightflow/data/downloaded-videos/V4.mp4,22,7211.0,7219.0,9.0,Jab,Jab,1,pending,data/raw/Skeleton_data/V4.npy,22,True,True,True,ok,
V4_00024,V4,/Users/krishna/dev/fightflow/data/downloaded-videos/V4.mp4,23,7221.0,7226.0,6.0,Cross,Cross,0,pending,data/raw/Skeleton_data/V4.npy,23,True,True,True,ok,
V4_00025,V4,/Users/krishna/dev/fightflow/data/downloaded-videos/V4.mp4,24,7229.0,7235.0,7.0,Jab,Jab,1,pending,data/raw/Skeleton_data/V4.npy,24,True,True,True,ok,
V4_00026,V4,/Users/krishna/dev/fightflow/data/downloaded-videos/V4.mp4,25,7238.0,7244.0,7.0,Cross,Cross,0,pending,data/raw/Skeleton_data/V4.npy,25,True,True,True,ok,
V4_00027,V4,/Users/krishna/dev/fightflow/data/downloaded-videos/V4.mp4,26,7246.0,7253.0,8.0,Jab,Jab,1,pending,data/raw/Skeleton_data/V4.npy,26,True,True,True,ok,
V4_00028,V4,/Users/krishna/dev/fightflow/data/downloaded-videos/V4.mp4,27,7255.0,7261.0,7.0,Cross,Cross,0,pending,data/raw/Skeleton_data/V4.npy,27,True,True,True,ok,
V4_00029,V4,/Users/krishna/dev/fightflow/data/downloaded-videos/V4.mp4,28,7264.0,7271.0,8.0,Jab,Jab,1,pending,data/raw/Skeleton_data/V4.npy,28,True,True,True,ok,
V4_00030,V4,/Users/krishna/dev/fightflow/data/downloaded-videos/V4.mp4,29,7658.0,7663.0,6.0,Cross,Cross,0,pending,data/raw/Skeleton_data/V4.npy,29,True,True,True,ok,
V4_00031,V4,/Users/krishna/dev/fightflow/data/downloaded-videos/V4.mp4,30,7666.0,7673.0,8.0,Jab,Jab,1,pending,data/raw/Skeleton_data/V4.npy,30,True,True,True,ok,
V4_00032,V4,/Users/krishna/dev/fightflow/data/downloaded-videos/V4.mp4,31,7675.0,7680.0,6.0,Cross,Cross,0,pending,data/raw/Skeleton_data/V4.npy,31,True,True,True,ok,
V4_00033,V4,/Users/krishna/dev/fightflow/data/downloaded-videos/V4.mp4,32,7683.0,7689.0,7.0,Jab,Jab,1,pending,data/raw/Skeleton_data/V4.npy,32,True,True,True,ok,
V4_00034,V4,/Users/krishna/dev/fightflow/data/downloaded-videos/V4.mp4,33,7691.0,7696.0,6.0,Cross,Cross,0,pending,data/raw/Skeleton_data/V4.npy,33,True,True,True,ok,
V4_00035,V4,/Users/krishna/dev/fightflow/data/downloaded-videos/V4.mp4,34,7699.0,7706.0,8.0,Jab,Jab,1,pending,data/raw/Skeleton_data/V4.npy,34,True,True,True,ok,
V4_00036,V4,/Users/krishna/dev/fightflow/data/downloaded-videos/V4.mp4,35,7708.0,7713.0,6.0,Cross,Cross,0,pending,data/raw/Skeleton_data/V4.npy,35,True,True,True,ok,
V4_00037,V4,/Users/krishna/dev/fightflow/data/downloaded-videos/V4.mp4,36,7715.0,7722.0,8.0,Jab,Jab,1,pending,data/raw/Skeleton_data/V4.npy,36,True,True,True,ok,
V4_00038,V4,/Users/krishna/dev/fightflow/data/downloaded-videos/V4.mp4,37,7724.0,7730.0,7.0,Cross,Cross,0,pending,data/raw/Skeleton_data/V4.npy,37,True,True,True,ok,
V4_00039,V4,/Users/krishna/dev/fightflow/data/downloaded-videos/V4.mp4,38,7732.0,7739.0,8.0,Jab,Jab,1,pending,data/raw/Skeleton_data/V4.npy,38,True,True,True,ok,
V4_00040,V4,/Users/krishna/dev/fightflow/data/downloaded-videos/V4.mp4,39,7741.0,7746.0,6.0,Cross,Cross,0,pending,data/raw/Skeleton_data/V4.npy,39,True,True,True,ok,
V4_00041,V4,/Users/krishna/dev/fightflow/data/downloaded-videos/V4.mp4,40,7748.0,7754.0,7.0,Jab,Jab,1,pending,data/raw/Skeleton_data/V4.npy,40,True,True,True,ok,
V4_00042,V4,/Users/krishna/dev/fightflow/data/downloaded-videos/V4.mp4,41,7756.0,7762.0,7.0,Cross,Cross,0,pending,data/raw/Skeleton_data/V4.npy,41,True,True,True,ok,
V4_00043,V4,/Users/krishna/dev/fightflow/data/downloaded-videos/V4.mp4,42,7764.0,7770.0,7.0,Jab,Jab,1,pending,data/raw/Skeleton_data/V4.npy,42,True,True,True,ok,
V4_00044,V4,/Users/krishna/dev/fightflow/data/downloaded-videos/V4.mp4,43,7773.0,7778.0,6.0,Cross,Cross,0,pending,data/raw/Skeleton_data/V4.npy,43,True,True,True,ok,
V4_00045,V4,/Users/krishna/dev/fightflow/data/downloaded-videos/V4.mp4,44,7780.0,7787.0,8.0,Jab,Jab,1,pending,data/raw/Skeleton_data/V4.npy,44,True,True,True,ok,
V4_00046,V4,/Users/krishna/dev/fightflow/data/downloaded-videos/V4.mp4,45,7789.0,7794.0,6.0,Cross,Cross,0,pending,data/raw/Skeleton_data/V4.npy,45,True,True,True,ok,
V4_00047,V4,/Users/krishna/dev/fightflow/data/downloaded-videos/V4.mp4,46,7796.0,7804.0,9.0,Jab,Jab,1,pending,data/raw/Skeleton_data/V4.npy,46,True,True,True,ok,
V4_00048,V4,/Users/krishna/dev/fightflow/data/downloaded-videos/V4.mp4,47,7805.0,7811.0,7.0,Cross,Cross,0,pending,data/raw/Skeleton_data/V4.npy,47,True,True,True,ok,
V4_00049,V4,/Users/krishna/dev/fightflow/data/downloaded-videos/V4.mp4,48,7813.0,7820.0,8.0,Jab,Jab,1,pending,data/raw/Skeleton_data/V4.npy,48,True,True,True,ok,
V4_00050,V4,/Users/krishna/dev/fightflow/data/downloaded-videos/V4.mp4,49,7822.0,7827.0,6.0,Cross,Cross,0,pending,data/raw/Skeleton_data/V4.npy,49,True,True,True,ok,
V4_00051,V4,/Users/krishna/dev/fightflow/data/downloaded-videos/V4.mp4,50,7829.0,7836.0,8.0,Jab,Jab,1,pending,data/raw/Skeleton_data/V4.npy,50,True,True,True,ok,
V4_00052,V4,/Users/krishna/dev/fightflow/data/downloaded-videos/V4.mp4,51,7837.0,7842.0,6.0,Cross,Cross,0,pending,data/raw/Skeleton_data/V4.npy,51,True,True,True,ok,
V4_00053,V4,/Users/krishna/dev/fightflow/data/downloaded-videos/V4.mp4,52,7882.0,7892.0,11.0,Jab,Jab,1,pending,data/raw/Skeleton_data/V4.npy,52,True,True,True,ok,
V4_00054,V4,/Users/krishna/dev/fightflow/data/downloaded-videos/V4.mp4,53,7895.0,7903.0,9.0,Rear Hook,Rear Hook,4,pending,data/raw/Skeleton_data/V4.npy,53,True,True,True,ok,
V4_00055,V4,/Users/krishna/dev/fightflow/data/downloaded-videos/V4.mp4,54,7907.0,7914.0,8.0,Lead hook,Lead Hook,2,pending,data/raw/Skeleton_data/V4.npy,54,True,True,True,ok,
V4_00056,V4,/Users/krishna/dev/fightflow/data/downloaded-videos/V4.mp4,55,7995.0,8004.0,10.0,Jab,Jab,1,pending,data/raw/Skeleton_data/V4.npy,55,True,True,True,ok,
V4_00057,V4,/Users/krishna/dev/fightflow/data/downloaded-videos/V4.mp4,56,8006.0,8013.0,8.0,Rear Hook,Rear Hook,4,pending,data/raw/Skeleton_data/V4.npy,56,True,True,True,ok,
V4_00058,V4,/Users/krishna/dev/fightflow/data/downloaded-videos/V4.mp4,57,8016.0,8022.0,7.0,Lead hook,Lead Hook,2,pending,data/raw/Skeleton_data/V4.npy,57,True,True,True,ok,
V4_00059,V4,/Users/krishna/dev/fightflow/data/downloaded-videos/V4.mp4,58,8069.0,8079.0,11.0,Jab,Jab,1,pending,data/raw/Skeleton_data/V4.npy,58,True,True,True,ok,
V4_00060,V4,/Users/krishna/dev/fightflow/data/downloaded-videos/V4.mp4,59,8080.0,8087.0,8.0,Rear Hook,Rear Hook,4,pending,data/raw/Skeleton_data/V4.npy,59,True,True,True,ok,
V4_00061,V4,/Users/krishna/dev/fightflow/data/downloaded-videos/V4.mp4,60,8088.0,8095.0,8.0,Lead hook,Lead Hook,2,pending,data/raw/Skeleton_data/V4.npy,60,True,True,True,ok,
V4_00062,V4,/Users/krishna/dev/fightflow/data/downloaded-videos/V4.mp4,61,8207.0,8215.0,9.0,Rear Uppercut,Rear Uppercut,5,pending,data/raw/Skeleton_data/V4.npy,61,True,True,True,ok,
V4_00063,V4,/Users/krishna/dev/fightflow/data/downloaded-videos/V4.mp4,62,8308.0,8315.0,8.0,Rear Uppercut,Rear Uppercut,5,pending,data/raw/Skeleton_data/V4.npy,62,True,True,True,ok,
V4_00064,V4,/Users/krishna/dev/fightflow/data/downloaded-videos/V4.mp4,63,8362.0,8386.0,25.0,Rear Uppercut,Rear Uppercut,5,pending,data/raw/Skeleton_data/V4.npy,63,True,True,True,ok,
V4_00065,V4,/Users/krishna/dev/fightflow/data/downloaded-videos/V4.mp4,64,8387.0,8398.0,12.0,Lead Uppercut,Lead Uppercut,3,pending,data/raw/Skeleton_data/V4.npy,64,True,True,True,ok,
V4_00066,V4,/Users/krishna/dev/fightflow/data/downloaded-videos/V4.mp4,65,8458.0,8467.0,10.0,Jab,Jab,1,pending,data/raw/Skeleton_data/V4.npy,65,True,True,True,ok,
V4_00067,V4,/Users/krishna/dev/fightflow/data/downloaded-videos/V4.mp4,66,8468.0,8469.0,2.0,Rear Uppercut,Rear Uppercut,5,pending,data/raw/Skeleton_data/V4.npy,66,True,True,True,ok,
V4_00068,V4,/Users/krishna/dev/fightflow/data/downloaded-videos/V4.mp4,67,8475.0,8481.0,7.0,Lead Uppercut,Lead Uppercut,3,pending,data/raw/Skeleton_data/V4.npy,67,True,True,True,ok,
V4_00069,V4,/Users/krishna/dev/fightflow/data/downloaded-videos/V4.mp4,68,8552.0,8559.0,8.0,Jab,Jab,1,pending,data/raw/Skeleton_data/V4.npy,68,True,True,True,ok,
V4_00070,V4,/Users/krishna/dev/fightflow/data/downloaded-videos/V4.mp4,69,8560.0,8566.0,7.0,Cross,Cross,0,pending,data/raw/Skeleton_data/V4.npy,69,True,True,True,ok,
V4_00071,V4,/Users/krishna/dev/fightflow/data/downloaded-videos/V4.mp4,70,8569.0,8576.0,8.0,Jab,Jab,1,pending,data/raw/Skeleton_data/V4.npy,70,True,True,True,ok,
V4_00072,V4,/Users/krishna/dev/fightflow/data/downloaded-videos/V4.mp4,71,8577.0,8583.0,7.0,Cross,Cross,0,pending,data/raw/Skeleton_data/V4.npy,71,True,True,True,ok,
V4_00073,V4,/Users/krishna/dev/fightflow/data/downloaded-videos/V4.mp4,72,8585.0,8593.0,9.0,Jab,Jab,1,pending,data/raw/Skeleton_data/V4.npy,72,True,True,True,ok,
V4_00074,V4,/Users/krishna/dev/fightflow/data/downloaded-videos/V4.mp4,73,8595.0,8600.0,6.0,Cross,Cross,0,pending,data/raw/Skeleton_data/V4.npy,73,True,True,True,ok,
V4_00075,V4,/Users/krishna/dev/fightflow/data/downloaded-videos/V4.mp4,74,8602.0,8610.0,9.0,Jab,Jab,1,pending,data/raw/Skeleton_data/V4.npy,74,True,True,True,ok,
V4_00076,V4,/Users/krishna/dev/fightflow/data/downloaded-videos/V4.mp4,75,8612.0,8617.0,6.0,Cross,Cross,0,pending,data/raw/Skeleton_data/V4.npy,75,True,True,True,ok,
V4_00077,V4,/Users/krishna/dev/fightflow/data/downloaded-videos/V4.mp4,76,8620.0,8629.0,10.0,Jab,Jab,1,pending,data/raw/Skeleton_data/V4.npy,76,True,True,True,ok,
V4_00078,V4,/Users/krishna/dev/fightflow/data/downloaded-videos/V4.mp4,77,8674.0,8684.0,11.0,Lead hook,Lead Hook,2,pending,data/raw/Skeleton_data/V4.npy,77,True,True,True,ok,
V4_00079,V4,/Users/krishna/dev/fightflow/data/downloaded-videos/V4.mp4,78,8736.0,8746.0,11.0,Lead hook,Lead Hook,2,pending,data/raw/Skeleton_data/V4.npy,78,True,True,True,ok,
V4_00080,V4,/Users/krishna/dev/fightflow/data/downloaded-videos/V4.mp4,79,8762.0,8769.0,8.0,Rear Uppercut,Rear Uppercut,5,pending,data/raw/Skeleton_data/V4.npy,79,True,True,True,ok,
V4_00081,V4,/Users/krishna/dev/fightflow/data/downloaded-videos/V4.mp4,80,8776.0,8782.0,7.0,Rear Uppercut,Rear Uppercut,5,pending,data/raw/Skeleton_data/V4.npy,80,True,True,True,ok,
V4_00082,V4,/Users/krishna/dev/fightflow/data/downloaded-videos/V4.mp4,81,8791.0,8798.0,8.0,Rear Uppercut,Rear Uppercut,5,pending,data/raw/Skeleton_data/V4.npy,81,True,True,True,ok,
V4_00083,V4,/Users/krishna/dev/fightflow/data/downloaded-videos/V4.mp4,82,8860.0,8868.0,9.0,Lead Uppercut,Lead Uppercut,3,pending,data/raw/Skeleton_data/V4.npy,82,True,True,True,ok,
V4_00084,V4,/Users/krishna/dev/fightflow/data/downloaded-videos/V4.mp4,83,8969.0,8977.0,9.0,Lead Uppercut,Lead Uppercut,3,pending,data/raw/Skeleton_data/V4.npy,83,True,True,True,ok,
V4_00085,V4,/Users/krishna/dev/fightflow/data/downloaded-videos/V4.mp4,84,9053.0,9060.0,8.0,Jab,Jab,1,pending,data/raw/Skeleton_data/V4.npy,84,True,True,True,ok,
V4_00086,V4,/Users/krishna/dev/fightflow/data/downloaded-videos/V4.mp4,85,9063.0,9069.0,7.0,Cross,Cross,0,pending,data/raw/Skeleton_data/V4.npy,85,True,True,True,ok,
V4_00087,V4,/Users/krishna/dev/fightflow/data/downloaded-videos/V4.mp4,86,9071.0,9078.0,8.0,Jab,Jab,1,pending,data/raw/Skeleton_data/V4.npy,86,True,True,True,ok,
V4_00088,V4,/Users/krishna/dev/fightflow/data/downloaded-videos/V4.mp4,87,9079.0,9085.0,7.0,Cross,Cross,0,pending,data/raw/Skeleton_data/V4.npy,87,True,True,True,ok,
V4_00089,V4,/Users/krishna/dev/fightflow/data/downloaded-videos/V4.mp4,88,9088.0,9095.0,8.0,Jab,Jab,1,pending,data/raw/Skeleton_data/V4.npy,88,True,True,True,ok,
V4_00090,V4,/Users/krishna/dev/fightflow/data/downloaded-videos/V4.mp4,89,9097.0,9103.0,7.0,Cross,Cross,0,pending,data/raw/Skeleton_data/V4.npy,89,True,True,True,ok,
V4_00091,V4,/Users/krishna/dev/fightflow/data/downloaded-videos/V4.mp4,90,9106.0,9113.0,8.0,Jab,Jab,1,pending,data/raw/Skeleton_data/V4.npy,90,True,True,True,ok,
V4_00092,V4,/Users/krishna/dev/fightflow/data/downloaded-videos/V4.mp4,91,9115.0,9121.0,7.0,Cross,Cross,0,pending,data/raw/Skeleton_data/V4.npy,91,True,True,True,ok,
V4_00093,V4,/Users/krishna/dev/fightflow/data/downloaded-videos/V4.mp4,92,9123.0,9130.0,8.0,Jab,Jab,1,pending,data/raw/Skeleton_data/V4.npy,92,True,True,True,ok,
V4_00094,V4,/Users/krishna/dev/fightflow/data/downloaded-videos/V4.mp4,93,9132.0,9137.0,6.0,Cross,Cross,0,pending,data/raw/Skeleton_data/V4.npy,93,True,True,True,ok,
V4_00095,V4,/Users/krishna/dev/fightflow/data/downloaded-videos/V4.mp4,94,9140.0,9146.0,7.0,Jab,Jab,1,pending,data/raw/Skeleton_data/V4.npy,94,True,True,True,ok,
V4_00096,V4,/Users/krishna/dev/fightflow/data/downloaded-videos/V4.mp4,95,9149.0,9154.0,6.0,Cross,Cross,0,pending,data/raw/Skeleton_data/V4.npy,95,True,True,True,ok,
V4_00097,V4,/Users/krishna/dev/fightflow/data/downloaded-videos/V4.mp4,96,9157.0,9162.0,6.0,Jab,Jab,1,pending,data/raw/Skeleton_data/V4.npy,96,True,True,True,ok,
V4_00098,V4,/Users/krishna/dev/fightflow/data/downloaded-videos/V4.mp4,97,9165.0,9171.0,7.0,Cross,Cross,0,pending,data/raw/Skeleton_data/V4.npy,97,True,True,True,ok,
V4_00099,V4,/Users/krishna/dev/fightflow/data/downloaded-videos/V4.mp4,98,9172.0,9180.0,9.0,Jab,Jab,1,pending,data/raw/Skeleton_data/V4.npy,98,True,True,True,ok,
V4_00100,V4,/Users/krishna/dev/fightflow/data/downloaded-videos/V4.mp4,99,9182.0,9187.0,6.0,Cross,Cross,0,pending,data/raw/Skeleton_data/V4.npy,99,True,True,True,ok,
V4_00101,V4,/Users/krishna/dev/fightflow/data/downloaded-videos/V4.mp4,100,9190.0,9197.0,8.0,Jab,Jab,1,pending,data/raw/Skeleton_data/V4.npy,100,True,True,True,ok,
V4_00102,V4,/Users/krishna/dev/fightflow/data/downloaded-videos/V4.mp4,101,9199.0,9204.0,6.0,Cross,Cross,0,pending,data/raw/Skeleton_data/V4.npy,101,True,True,True,ok,
V4_00103,V4,/Users/krishna/dev/fightflow/data/downloaded-videos/V4.mp4,102,9207.0,9213.0,7.0,Jab,Jab,1,pending,data/raw/Skeleton_data/V4.npy,102,True,True,True,ok,
V4_00104,V4,/Users/krishna/dev/fightflow/data/downloaded-videos/V4.mp4,103,9216.0,9221.0,6.0,Cross,Cross,0,pending,data/raw/Skeleton_data/V4.npy,103,True,True,True,ok,
V4_00105,V4,/Users/krishna/dev/fightflow/data/downloaded-videos/V4.mp4,104,9223.0,9230.0,8.0,Jab,Jab,1,pending,data/raw/Skeleton_data/V4.npy,104,True,True,True,ok,
V4_00106,V4,/Users/krishna/dev/fightflow/data/downloaded-videos/V4.mp4,105,9232.0,9237.0,6.0,Cross,Cross,0,pending,data/raw/Skeleton_data/V4.npy,105,True,True,True,ok,
V4_00107,V4,/Users/krishna/dev/fightflow/data/downloaded-videos/V4.mp4,106,9239.0,9247.0,9.0,Jab,Jab,1,pending,data/raw/Skeleton_data/V4.npy,106,True,True,True,ok,
V4_00108,V4,/Users/krishna/dev/fightflow/data/downloaded-videos/V4.mp4,107,9249.0,9253.0,5.0,Cross,Cross,0,pending,data/raw/Skeleton_data/V4.npy,107,True,True,True,ok,
V4_00109,V4,/Users/krishna/dev/fightflow/data/downloaded-videos/V4.mp4,108,9256.0,9263.0,8.0,Jab,Jab,1,pending,data/raw/Skeleton_data/V4.npy,108,True,True,True,ok,
V4_00110,V4,/Users/krishna/dev/fightflow/data/downloaded-videos/V4.mp4,109,9264.0,9269.0,6.0,Cross,Cross,0,pending,data/raw/Skeleton_data/V4.npy,109,True,True,True,ok,
V4_00111,V4,/Users/krishna/dev/fightflow/data/downloaded-videos/V4.mp4,110,9309.0,9316.0,8.0,Jab,Jab,1,pending,data/raw/Skeleton_data/V4.npy,110,True,True,True,ok,
V4_00112,V4,/Users/krishna/dev/fightflow/data/downloaded-videos/V4.mp4,111,9317.0,9322.0,6.0,Rear Hook,Rear Hook,4,pending,data/raw/Skeleton_data/V4.npy,111,True,True,True,ok,
V4_00113,V4,/Users/krishna/dev/fightflow/data/downloaded-videos/V4.mp4,112,9413.0,9419.0,7.0,Lead hook,Lead Hook,2,pending,data/raw/Skeleton_data/V4.npy,112,True,True,True,ok,
V4_00114,V4,/Users/krishna/dev/fightflow/data/downloaded-videos/V4.mp4,113,9421.0,9425.0,5.0,Rear Hook,Rear Hook,4,pending,data/raw/Skeleton_data/V4.npy,113,True,True,True,ok,
V4_00115,V4,/Users/krishna/dev/fightflow/data/downloaded-videos/V4.mp4,114,9426.0,9431.0,6.0,Lead hook,Lead Hook,2,pending,data/raw/Skeleton_data/V4.npy,114,True,True,True,ok,
V4_00116,V4,/Users/krishna/dev/fightflow/data/downloaded-videos/V4.mp4,115,9504.0,9512.0,9.0,Jab,Jab,1,pending,data/raw/Skeleton_data/V4.npy,115,True,True,True,ok,
V4_00117,V4,/Users/krishna/dev/fightflow/data/downloaded-videos/V4.mp4,116,9512.0,9518.0,7.0,Rear Hook,Rear Hook,4,pending,data/raw/Skeleton_data/V4.npy,116,True,True,True,ok,
V4_00118,V4,/Users/krishna/dev/fightflow/data/downloaded-videos/V4.mp4,117,9519.0,9524.0,6.0,Lead hook,Lead Hook,2,pending,data/raw/Skeleton_data/V4.npy,117,True,True,True,ok,
V4_00119,V4,/Users/krishna/dev/fightflow/data/downloaded-videos/V4.mp4,118,9546.0,9554.0,9.0,Jab,Jab,1,pending,data/raw/Skeleton_data/V4.npy,118,True,True,True,ok,
V4_00120,V4,/Users/krishna/dev/fightflow/data/downloaded-videos/V4.mp4,119,9574.0,9582.0,9.0,Cross,Cross,0,pending,data/raw/Skeleton_data/V4.npy,119,True,True,True,ok,
V4_00121,V4,/Users/krishna/dev/fightflow/data/downloaded-videos/V4.mp4,120,9637.0,9645.0,9.0,Jab,Jab,1,pending,data/raw/Skeleton_data/V4.npy,120,True,True,True,ok,
V4_00122,V4,/Users/krishna/dev/fightflow/data/downloaded-videos/V4.mp4,121,9646.0,9651.0,6.0,Rear Hook,Rear Hook,4,pending,data/raw/Skeleton_data/V4.npy,121,True,True,True,ok,
V4_00123,V4,/Users/krishna/dev/fightflow/data/downloaded-videos/V4.mp4,122,9653.0,9658.0,6.0,Lead Uppercut,Lead Uppercut,3,pending,data/raw/Skeleton_data/V4.npy,122,True,True,True,ok,
V4_00124,V4,/Users/krishna/dev/fightflow/data/downloaded-videos/V4.mp4,123,9731.0,9738.0,8.0,Jab,Jab,1,pending,data/raw/Skeleton_data/V4.npy,123,True,True,True,ok,
V4_00125,V4,/Users/krishna/dev/fightflow/data/downloaded-videos/V4.mp4,124,9739.0,9744.0,6.0,Rear Hook,Rear Hook,4,pending,data/raw/Skeleton_data/V4.npy,124,True,True,True,ok,
V4_00126,V4,/Users/krishna/dev/fightflow/data/downloaded-videos/V4.mp4,125,9745.0,9751.0,7.0,Lead Uppercut,Lead Uppercut,3,pending,data/raw/Skeleton_data/V4.npy,125,True,True,True,ok,
V4_00127,V4,/Users/krishna/dev/fightflow/data/downloaded-videos/V4.mp4,126,9828.0,9836.0,9.0,Jab,Jab,1,pending,data/raw/Skeleton_data/V4.npy,126,True,True,True,ok,
V4_00128,V4,/Users/krishna/dev/fightflow/data/downloaded-videos/V4.mp4,127,9837.0,9841.0,5.0,Rear Hook,Rear Hook,4,pending,data/raw/Skeleton_data/V4.npy,127,True,True,True,ok,
V4_00129,V4,/Users/krishna/dev/fightflow/data/downloaded-videos/V4.mp4,128,9843.0,9847.0,5.0,Lead Uppercut,Lead Uppercut,3,pending,data/raw/Skeleton_data/V4.npy,128,True,True,True,ok,
V4_00130,V4,/Users/krishna/dev/fightflow/data/downloaded-videos/V4.mp4,129,9927.0,9935.0,9.0,Jab,Jab,1,pending,data/raw/Skeleton_data/V4.npy,129,True,True,True,ok,
V4_00131,V4,/Users/krishna/dev/fightflow/data/downloaded-videos/V4.mp4,130,9936.0,9941.0,6.0,Rear Hook,Rear Hook,4,pending,data/raw/Skeleton_data/V4.npy,130,True,True,True,ok,
V4_00132,V4,/Users/krishna/dev/fightflow/data/downloaded-videos/V4.mp4,131,9943.0,9948.0,6.0,Lead hook,Lead Hook,2,pending,data/raw/Skeleton_data/V4.npy,131,True,True,True,ok,
V4_00133,V4,/Users/krishna/dev/fightflow/data/downloaded-videos/V4.mp4,132,10043.0,10051.0,9.0,Jab,Jab,1,pending,data/raw/Skeleton_data/V4.npy,132,True,True,True,ok,
V4_00134,V4,/Users/krishna/dev/fightflow/data/downloaded-videos/V4.mp4,133,10052.0,10056.0,5.0,Rear Hook,Rear Hook,4,pending,data/raw/Skeleton_data/V4.npy,133,True,True,True,ok,
V4_00135,V4,/Users/krishna/dev/fightflow/data/downloaded-videos/V4.mp4,134,10058.0,10062.0,5.0,Lead hook,Lead Hook,2,pending,data/raw/Skeleton_data/V4.npy,134,True,True,True,ok,
V4_00136,V4,/Users/krishna/dev/fightflow/data/downloaded-videos/V4.mp4,135,10203.0,10210.0,8.0,Jab,Jab,1,pending,data/raw/Skeleton_data/V4.npy,135,True,True,True,ok,
V4_00137,V4,/Users/krishna/dev/fightflow/data/downloaded-videos/V4.mp4,136,10211.0,10216.0,6.0,Rear Hook,Rear Hook,4,pending,data/raw/Skeleton_data/V4.npy,136,True,True,True,ok,
V4_00138,V4,/Users/krishna/dev/fightflow/data/downloaded-videos/V4.mp4,137,10217.0,10221.0,5.0,Lead hook,Lead Hook,2,pending,data/raw/Skeleton_data/V4.npy,137,True,True,True,ok,
V4_00139,V4,/Users/krishna/dev/fightflow/data/downloaded-videos/V4.mp4,138,10314.0,10323.0,10.0,Jab,Jab,1,pending,data/raw/Skeleton_data/V4.npy,138,True,True,True,ok,
V4_00140,V4,/Users/krishna/dev/fightflow/data/downloaded-videos/V4.mp4,139,10324.0,10328.0,5.0,Rear Hook,Rear Hook,4,pending,data/raw/Skeleton_data/V4.npy,139,True,True,True,ok,
V4_00141,V4,/Users/krishna/dev/fightflow/data/downloaded-videos/V4.mp4,140,10330.0,10334.0,5.0,Lead Uppercut,Lead Uppercut,3,pending,data/raw/Skeleton_data/V4.npy,140,True,True,True,ok,
V4_00142,V4,/Users/krishna/dev/fightflow/data/downloaded-videos/V4.mp4,141,10362.0,10370.0,9.0,Jab,Jab,1,pending,data/raw/Skeleton_data/V4.npy,141,True,True,True,ok,
V4_00143,V4,/Users/krishna/dev/fightflow/data/downloaded-videos/V4.mp4,142,10404.0,10410.0,7.0,Jab,Jab,1,pending,data/raw/Skeleton_data/V4.npy,142,True,True,True,ok,
V4_00144,V4,/Users/krishna/dev/fightflow/data/downloaded-videos/V4.mp4,143,10411.0,10416.0,6.0,Rear Hook,Rear Hook,4,pending,data/raw/Skeleton_data/V4.npy,143,True,True,True,ok,
V4_00145,V4,/Users/krishna/dev/fightflow/data/downloaded-videos/V4.mp4,144,10417.0,10421.0,5.0,Lead hook,Lead Hook,2,pending,data/raw/Skeleton_data/V4.npy,144,True,True,True,ok,
V4_00146,V4,/Users/krishna/dev/fightflow/data/downloaded-videos/V4.mp4,145,10514.0,10522.0,9.0,Jab,Jab,1,pending,data/raw/Skeleton_data/V4.npy,145,True,True,True,ok,
V4_00147,V4,/Users/krishna/dev/fightflow/data/downloaded-videos/V4.mp4,146,10523.0,10528.0,6.0,Rear Hook,Rear Hook,4,pending,data/raw/Skeleton_data/V4.npy,146,True,True,True,ok,
V4_00148,V4,/Users/krishna/dev/fightflow/data/downloaded-videos/V4.mp4,147,10530.0,10534.0,5.0,Lead hook,Lead Hook,2,pending,data/raw/Skeleton_data/V4.npy,147,True,True,True,ok,
V4_00149,V4,/Users/krishna/dev/fightflow/data/downloaded-videos/V4.mp4,148,10596.0,10603.0,8.0,Jab,Jab,1,pending,data/raw/Skeleton_data/V4.npy,148,True,True,True,ok,
V4_00150,V4,/Users/krishna/dev/fightflow/data/downloaded-videos/V4.mp4,149,10605.0,10609.0,5.0,Rear Hook,Rear Hook,4,pending,data/raw/Skeleton_data/V4.npy,149,True,True,True,ok,
V4_00151,V4,/Users/krishna/dev/fightflow/data/downloaded-videos/V4.mp4,150,10611.0,10615.0,5.0,Lead hook,Lead Hook,2,pending,data/raw/Skeleton_data/V4.npy,150,True,True,True,ok,
V4_00152,V4,/Users/krishna/dev/fightflow/data/downloaded-videos/V4.mp4,151,10677.0,10685.0,9.0,Jab,Jab,1,pending,data/raw/Skeleton_data/V4.npy,151,True,True,True,ok,
V4_00153,V4,/Users/krishna/dev/fightflow/data/downloaded-videos/V4.mp4,152,10687.0,10690.0,4.0,Rear Hook,Rear Hook,4,pending,data/raw/Skeleton_data/V4.npy,152,True,True,True,ok,
V4_00154,V4,/Users/krishna/dev/fightflow/data/downloaded-videos/V4.mp4,153,10692.0,10697.0,6.0,Lead hook,Lead Hook,2,pending,data/raw/Skeleton_data/V4.npy,153,True,True,True,ok,
V4_00155,V4,/Users/krishna/dev/fightflow/data/downloaded-videos/V4.mp4,154,12179.0,12189.0,11.0,Jab,Jab,1,pending,data/raw/Skeleton_data/V4.npy,154,True,True,True,ok,
V4_00156,V4,/Users/krishna/dev/fightflow/data/downloaded-videos/V4.mp4,155,12192.0,12199.0,8.0,Rear Uppercut,Rear Uppercut,5,pending,data/raw/Skeleton_data/V4.npy,155,True,True,True,ok,
V4_00157,V4,/Users/krishna/dev/fightflow/data/downloaded-videos/V4.mp4,156,12203.0,12210.0,8.0,Lead Uppercut,Lead Uppercut,3,pending,data/raw/Skeleton_data/V4.npy,156,True,True,True,ok,
V4_00158,V4,/Users/krishna/dev/fightflow/data/downloaded-videos/V4.mp4,157,12212.0,12220.0,9.0,Rear Uppercut,Rear Uppercut,5,pending,data/raw/Skeleton_data/V4.npy,157,True,True,True,ok,
V4_00159,V4,/Users/krishna/dev/fightflow/data/downloaded-videos/V4.mp4,158,12223.0,12233.0,11.0,Lead hook,Lead Hook,2,pending,data/raw/Skeleton_data/V4.npy,158,True,True,True,ok,
V4_00160,V4,/Users/krishna/dev/fightflow/data/downloaded-videos/V4.mp4,159,12293.0,12303.0,11.0,Jab,Jab,1,pending,data/raw/Skeleton_data/V4.npy,159,True,True,True,ok,
V4_00161,V4,/Users/krishna/dev/fightflow/data/downloaded-videos/V4.mp4,160,12305.0,12311.0,7.0,Rear Uppercut,Rear Uppercut,5,pending,data/raw/Skeleton_data/V4.npy,160,True,True,True,ok,
V4_00162,V4,/Users/krishna/dev/fightflow/data/downloaded-videos/V4.mp4,161,12316.0,12325.0,10.0,Lead Uppercut,Lead Uppercut,3,pending,data/raw/Skeleton_data/V4.npy,161,True,True,True,ok,
V4_00163,V4,/Users/krishna/dev/fightflow/data/downloaded-videos/V4.mp4,162,12325.0,12332.0,8.0,Rear Uppercut,Rear Uppercut,5,pending,data/raw/Skeleton_data/V4.npy,162,True,True,True,ok,
V4_00164,V4,/Users/krishna/dev/fightflow/data/downloaded-videos/V4.mp4,163,12337.0,12346.0,10.0,Lead hook,Lead Hook,2,pending,data/raw/Skeleton_data/V4.npy,163,True,True,True,ok,
V4_00165,V4,/Users/krishna/dev/fightflow/data/downloaded-videos/V4.mp4,164,12378.0,12388.0,11.0,Jab,Jab,1,pending,data/raw/Skeleton_data/V4.npy,164,True,True,True,ok,
V4_00166,V4,/Users/krishna/dev/fightflow/data/downloaded-videos/V4.mp4,165,12402.0,12413.0,12.0,Jab,Jab,1,pending,data/raw/Skeleton_data/V4.npy,165,True,True,True,ok,
V4_00167,V4,/Users/krishna/dev/fightflow/data/downloaded-videos/V4.mp4,166,12415.0,12421.0,7.0,Rear Uppercut,Rear Uppercut,5,pending,data/raw/Skeleton_data/V4.npy,166,True,True,True,ok,
V4_00168,V4,/Users/krishna/dev/fightflow/data/downloaded-videos/V4.mp4,167,12426.0,12434.0,9.0,Lead Uppercut,Lead Uppercut,3,pending,data/raw/Skeleton_data/V4.npy,167,True,True,True,ok,
V4_00169,V4,/Users/krishna/dev/fightflow/data/downloaded-videos/V4.mp4,168,12435.0,12441.0,7.0,Rear Uppercut,Rear Uppercut,5,pending,data/raw/Skeleton_data/V4.npy,168,True,True,True,ok,
V4_00170,V4,/Users/krishna/dev/fightflow/data/downloaded-videos/V4.mp4,169,12447.0,12454.0,8.0,Lead hook,Lead Hook,2,pending,data/raw/Skeleton_data/V4.npy,169,True,True,True,ok,
V4_00171,V4,/Users/krishna/dev/fightflow/data/downloaded-videos/V4.mp4,170,12485.0,12497.0,13.0,Jab,Jab,1,pending,data/raw/Skeleton_data/V4.npy,170,True,True,True,ok,
V4_00172,V4,/Users/krishna/dev/fightflow/data/downloaded-videos/V4.mp4,171,12520.0,12529.0,10.0,Jab,Jab,1,pending,data/raw/Skeleton_data/V4.npy,171,True,True,True,ok,
V4_00173,V4,/Users/krishna/dev/fightflow/data/downloaded-videos/V4.mp4,172,12532.0,12539.0,8.0,Rear Uppercut,Rear Uppercut,5,pending,data/raw/Skeleton_data/V4.npy,172,True,True,True,ok,
V4_00174,V4,/Users/krishna/dev/fightflow/data/downloaded-videos/V4.mp4,173,12545.0,12553.0,9.0,Lead Uppercut,Lead Uppercut,3,pending,data/raw/Skeleton_data/V4.npy,173,True,True,True,ok,
V4_00175,V4,/Users/krishna/dev/fightflow/data/downloaded-videos/V4.mp4,174,12558.0,12566.0,9.0,Rear Uppercut,Rear Uppercut,5,pending,data/raw/Skeleton_data/V4.npy,174,True,True,True,ok,
V4_00176,V4,/Users/krishna/dev/fightflow/data/downloaded-videos/V4.mp4,175,12573.0,12582.0,10.0,Lead hook,Lead Hook,2,pending,data/raw/Skeleton_data/V4.npy,175,True,True,True,ok,
V4_00177,V4,/Users/krishna/dev/fightflow/data/downloaded-videos/V4.mp4,176,12674.0,12682.0,9.0,Jab,Jab,1,pending,data/raw/Skeleton_data/V4.npy,176,True,True,True,ok,
V4_00178,V4,/Users/krishna/dev/fightflow/data/downloaded-videos/V4.mp4,177,12685.0,12691.0,7.0,Rear Uppercut,Rear Uppercut,5,pending,data/raw/Skeleton_data/V4.npy,177,True,True,True,ok,
V4_00179,V4,/Users/krishna/dev/fightflow/data/downloaded-videos/V4.mp4,178,12697.0,12705.0,9.0,Lead hook,Lead Hook,2,pending,data/raw/Skeleton_data/V4.npy,178,True,True,True,ok,
V4_00180,V4,/Users/krishna/dev/fightflow/data/downloaded-videos/V4.mp4,179,12710.0,12715.0,6.0,Rear Uppercut,Rear Uppercut,5,pending,data/raw/Skeleton_data/V4.npy,179,True,True,True,ok,
V4_00181,V4,/Users/krishna/dev/fightflow/data/downloaded-videos/V4.mp4,180,12721.0,12730.0,10.0,Lead hook,Lead Hook,2,pending,data/raw/Skeleton_data/V4.npy,180,True,True,True,ok,
V4_00182,V4,/Users/krishna/dev/fightflow/data/downloaded-videos/V4.mp4,181,12869.0,12883.0,15.0,Lead hook,Lead Hook,2,pending,data/raw/Skeleton_data/V4.npy,181,True,True,True,ok,
V4_00183,V4,/Users/krishna/dev/fightflow/data/downloaded-videos/V4.mp4,182,12884.0,12892.0,9.0,Rear Hook,Rear Hook,4,pending,data/raw/Skeleton_data/V4.npy,182,True,True,True,ok,
V4_00184,V4,/Users/krishna/dev/fightflow/data/downloaded-videos/V4.mp4,183,12899.0,12912.0,14.0,Lead hook,Lead Hook,2,pending,data/raw/Skeleton_data/V4.npy,183,True,True,True,ok,
V4_00185,V4,/Users/krishna/dev/fightflow/data/downloaded-videos/V4.mp4,184,12914.0,12923.0,10.0,Rear Hook,Rear Hook,4,pending,data/raw/Skeleton_data/V4.npy,184,True,True,True,ok,
V4_00186,V4,/Users/krishna/dev/fightflow/data/downloaded-videos/V4.mp4,185,12945.0,12954.0,10.0,Lead hook,Lead Hook,2,pending,data/raw/Skeleton_data/V4.npy,185,True,True,True,ok,
V4_00187,V4,/Users/krishna/dev/fightflow/data/downloaded-videos/V4.mp4,186,12970.0,12979.0,10.0,Rear Hook,Rear Hook,4,pending,data/raw/Skeleton_data/V4.npy,186,True,True,True,ok,
V4_00188,V4,/Users/krishna/dev/fightflow/data/downloaded-videos/V4.mp4,187,12996.0,13004.0,9.0,Lead hook,Lead Hook,2,pending,data/raw/Skeleton_data/V4.npy,187,True,True,True,ok,
V4_00189,V4,/Users/krishna/dev/fightflow/data/downloaded-videos/V4.mp4,188,13017.0,13026.0,10.0,Rear Hook,Rear Hook,4,pending,data/raw/Skeleton_data/V4.npy,188,True,True,True,ok,
V4_00190,V4,/Users/krishna/dev/fightflow/data/downloaded-videos/V4.mp4,189,13033.0,13042.0,10.0,Lead hook,Lead Hook,2,pending,data/raw/Skeleton_data/V4.npy,189,True,True,True,ok,
V4_00191,V4,/Users/krishna/dev/fightflow/data/downloaded-videos/V4.mp4,190,13046.0,13054.0,9.0,Rear Hook,Rear Hook,4,pending,data/raw/Skeleton_data/V4.npy,190,True,True,True,ok,
V4_00192,V4,/Users/krishna/dev/fightflow/data/downloaded-videos/V4.mp4,191,13061.0,13071.0,11.0,Lead hook,Lead Hook,2,pending,data/raw/Skeleton_data/V4.npy,191,True,True,True,ok,
V4_00193,V4,/Users/krishna/dev/fightflow/data/downloaded-videos/V4.mp4,192,13074.0,13082.0,9.0,Rear Hook,Rear Hook,4,pending,data/raw/Skeleton_data/V4.npy,192,True,True,True,ok,
V4_00194,V4,/Users/krishna/dev/fightflow/data/downloaded-videos/V4.mp4,193,13089.0,13100.0,12.0,Lead hook,Lead Hook,2,pending,data/raw/Skeleton_data/V4.npy,193,True,True,True,ok,
V4_00195,V4,/Users/krishna/dev/fightflow/data/downloaded-videos/V4.mp4,194,13102.0,13111.0,10.0,Rear Hook,Rear Hook,4,pending,data/raw/Skeleton_data/V4.npy,194,True,True,True,ok,
V4_00196,V4,/Users/krishna/dev/fightflow/data/downloaded-videos/V4.mp4,195,13117.0,13125.0,9.0,Lead hook,Lead Hook,2,pending,data/raw/Skeleton_data/V4.npy,195,True,True,True,ok,
V4_00197,V4,/Users/krishna/dev/fightflow/data/downloaded-videos/V4.mp4,196,13129.0,13137.0,9.0,Rear Hook,Rear Hook,4,pending,data/raw/Skeleton_data/V4.npy,196,True,True,True,ok,
V4_00198,V4,/Users/krishna/dev/fightflow/data/downloaded-videos/V4.mp4,197,13143.0,13153.0,11.0,Lead hook,Lead Hook,2,pending,data/raw/Skeleton_data/V4.npy,197,True,True,True,ok,
V4_00199,V4,/Users/krishna/dev/fightflow/data/downloaded-videos/V4.mp4,198,13156.0,13164.0,9.0,Rear Hook,Rear Hook,4,pending,data/raw/Skeleton_data/V4.npy,198,True,True,True,ok,
V4_00200,V4,/Users/krishna/dev/fightflow/data/downloaded-videos/V4.mp4,199,13169.0,13178.0,10.0,Lead hook,Lead Hook,2,pending,data/raw/Skeleton_data/V4.npy,199,True,True,True,ok,
V4_00201,V4,/Users/krishna/dev/fightflow/data/downloaded-videos/V4.mp4,200,13182.0,13192.0,11.0,Rear Hook,Rear Hook,4,pending,data/raw/Skeleton_data/V4.npy,200,True,True,True,ok,
V4_00202,V4,/Users/krishna/dev/fightflow/data/downloaded-videos/V4.mp4,201,13196.0,13206.0,11.0,Lead hook,Lead Hook,2,pending,data/raw/Skeleton_data/V4.npy,201,True,True,True,ok,
V4_00203,V4,/Users/krishna/dev/fightflow/data/downloaded-videos/V4.mp4,202,13210.0,13219.0,10.0,Rear Hook,Rear Hook,4,pending,data/raw/Skeleton_data/V4.npy,202,True,True,True,ok,
V4_00204,V4,/Users/krishna/dev/fightflow/data/downloaded-videos/V4.mp4,203,13224.0,13232.0,9.0,Lead hook,Lead Hook,2,pending,data/raw/Skeleton_data/V4.npy,203,True,True,True,ok,
V4_00205,V4,/Users/krishna/dev/fightflow/data/downloaded-videos/V4.mp4,204,13514.0,13523.0,10.0,Lead hook,Lead Hook,2,pending,data/raw/Skeleton_data/V4.npy,204,True,True,True,ok,
V4_00206,V4,/Users/krishna/dev/fightflow/data/downloaded-videos/V4.mp4,205,13526.0,13534.0,9.0,Rear Hook,Rear Hook,4,pending,data/raw/Skeleton_data/V4.npy,205,True,True,True,ok,
V4_00207,V4,/Users/krishna/dev/fightflow/data/downloaded-videos/V4.mp4,206,13541.0,13550.0,10.0,Lead hook,Lead Hook,2,pending,data/raw/Skeleton_data/V4.npy,206,True,True,True,ok,
V4_00208,V4,/Users/krishna/dev/fightflow/data/downloaded-videos/V4.mp4,207,13554.0,13562.0,9.0,Rear Hook,Rear Hook,4,pending,data/raw/Skeleton_data/V4.npy,207,True,True,True,ok,
V4_00209,V4,/Users/krishna/dev/fightflow/data/downloaded-videos/V4.mp4,208,13568.0,13576.0,9.0,Lead hook,Lead Hook,2,pending,data/raw/Skeleton_data/V4.npy,208,True,True,True,ok,
V4_00210,V4,/Users/krishna/dev/fightflow/data/downloaded-videos/V4.mp4,209,13618.0,13627.0,10.0,Jab,Jab,1,pending,data/raw/Skeleton_data/V4.npy,209,True,True,True,ok,
V4_00211,V4,/Users/krishna/dev/fightflow/data/downloaded-videos/V4.mp4,210,13629.0,13634.0,6.0,Rear Uppercut,Rear Uppercut,5,pending,data/raw/Skeleton_data/V4.npy,210,True,True,True,ok,
V4_00212,V4,/Users/krishna/dev/fightflow/data/downloaded-videos/V4.mp4,211,13641.0,13645.0,5.0,Lead Uppercut,Lead Uppercut,3,pending,data/raw/Skeleton_data/V4.npy,211,True,True,True,ok,
V4_00213,V4,/Users/krishna/dev/fightflow/data/downloaded-videos/V4.mp4,212,13646.0,13652.0,7.0,Rear Uppercut,Rear Uppercut,5,pending,data/raw/Skeleton_data/V4.npy,212,True,True,True,ok,
V4_00214,V4,/Users/krishna/dev/fightflow/data/downloaded-videos/V4.mp4,213,13658.0,13666.0,9.0,Lead hook,Lead Hook,2,pending,data/raw/Skeleton_data/V4.npy,213,True,True,True,ok,
V4_00215,V4,/Users/krishna/dev/fightflow/data/downloaded-videos/V4.mp4,214,13735.0,13742.0,8.0,Jab,Jab,1,pending,data/raw/Skeleton_data/V4.npy,214,True,True,True,ok,
V4_00216,V4,/Users/krishna/dev/fightflow/data/downloaded-videos/V4.mp4,215,13745.0,13750.0,6.0,Rear Uppercut,Rear Uppercut,5,pending,data/raw/Skeleton_data/V4.npy,215,True,True,True,ok,
V4_00217,V4,/Users/krishna/dev/fightflow/data/downloaded-videos/V4.mp4,216,13753.0,13759.0,7.0,Lead Uppercut,Lead Uppercut,3,pending,data/raw/Skeleton_data/V4.npy,216,True,True,True,ok,
V4_00218,V4,/Users/krishna/dev/fightflow/data/downloaded-videos/V4.mp4,217,13761.0,13767.0,7.0,Rear Uppercut,Rear Uppercut,5,pending,data/raw/Skeleton_data/V4.npy,217,True,True,True,ok,
V4_00219,V4,/Users/krishna/dev/fightflow/data/downloaded-videos/V4.mp4,218,13770.0,13780.0,11.0,Lead hook,Lead Hook,2,pending,data/raw/Skeleton_data/V4.npy,218,True,True,True,ok,
V4_00220,V4,/Users/krishna/dev/fightflow/data/downloaded-videos/V4.mp4,219,13812.0,13824.0,13.0,Jab,Jab,1,pending,data/raw/Skeleton_data/V4.npy,219,True,True,True,ok,
V4_00221,V4,/Users/krishna/dev/fightflow/data/downloaded-videos/V4.mp4,220,13845.0,13855.0,11.0,Jab,Jab,1,pending,data/raw/Skeleton_data/V4.npy,220,True,True,True,ok,
V4_00222,V4,/Users/krishna/dev/fightflow/data/downloaded-videos/V4.mp4,221,13858.0,13867.0,10.0,Rear Uppercut,Rear Uppercut,5,pending,data/raw/Skeleton_data/V4.npy,221,True,True,True,ok,
V4_00223,V4,/Users/krishna/dev/fightflow/data/downloaded-videos/V4.mp4,222,13874.0,13885.0,12.0,Lead Uppercut,Lead Uppercut,3,pending,data/raw/Skeleton_data/V4.npy,222,True,True,True,ok,
V4_00224,V4,/Users/krishna/dev/fightflow/data/downloaded-videos/V4.mp4,223,13890.0,13900.0,11.0,Rear Uppercut,Rear Uppercut,5,pending,data/raw/Skeleton_data/V4.npy,223,True,True,True,ok,
V4_00225,V4,/Users/krishna/dev/fightflow/data/downloaded-videos/V4.mp4,224,13907.0,13916.0,10.0,Lead hook,Lead Hook,2,pending,data/raw/Skeleton_data/V4.npy,224,True,True,True,ok,
V4_00226,V4,/Users/krishna/dev/fightflow/data/downloaded-videos/V4.mp4,225,13945.0,13952.0,8.0,Jab,Jab,1,pending,data/raw/Skeleton_data/V4.npy,225,True,True,True,ok,
V4_00227,V4,/Users/krishna/dev/fightflow/data/downloaded-videos/V4.mp4,226,13995.0,14002.0,8.0,Jab,Jab,1,pending,data/raw/Skeleton_data/V4.npy,226,True,True,True,ok,
V4_00228,V4,/Users/krishna/dev/fightflow/data/downloaded-videos/V4.mp4,227,14004.0,14008.0,5.0,Rear Uppercut,Rear Uppercut,5,pending,data/raw/Skeleton_data/V4.npy,227,True,True,True,ok,
V4_00229,V4,/Users/krishna/dev/fightflow/data/downloaded-videos/V4.mp4,228,14011.0,14015.0,5.0,Lead Uppercut,Lead Uppercut,3,pending,data/raw/Skeleton_data/V4.npy,228,True,True,True,ok,
V4_00230,V4,/Users/krishna/dev/fightflow/data/downloaded-videos/V4.mp4,229,14017.0,14022.0,6.0,Rear Uppercut,Rear Uppercut,5,pending,data/raw/Skeleton_data/V4.npy,229,True,True,True,ok,
V4_00231,V4,/Users/krishna/dev/fightflow/data/downloaded-videos/V4.mp4,230,14024.0,14031.0,8.0,Lead hook,Lead Hook,2,pending,data/raw/Skeleton_data/V4.npy,230,True,True,True,ok,
V4_00232,V4,/Users/krishna/dev/fightflow/data/downloaded-videos/V4.mp4,231,14086.0,14093.0,8.0,Jab,Jab,1,pending,data/raw/Skeleton_data/V4.npy,231,True,True,True,ok,
V4_00233,V4,/Users/krishna/dev/fightflow/data/downloaded-videos/V4.mp4,232,14094.0,14100.0,7.0,Rear Uppercut,Rear Uppercut,5,pending,data/raw/Skeleton_data/V4.npy,232,True,True,True,ok,
V4_00234,V4,/Users/krishna/dev/fightflow/data/downloaded-videos/V4.mp4,233,14101.0,14107.0,7.0,Lead Uppercut,Lead Uppercut,3,pending,data/raw/Skeleton_data/V4.npy,233,True,True,True,ok,
V4_00235,V4,/Users/krishna/dev/fightflow/data/downloaded-videos/V4.mp4,234,14108.0,14113.0,6.0,Rear Uppercut,Rear Uppercut,5,pending,data/raw/Skeleton_data/V4.npy,234,True,True,True,ok,
V4_00236,V4,/Users/krishna/dev/fightflow/data/downloaded-videos/V4.mp4,235,14117.0,14124.0,8.0,Lead hook,Lead Hook,2,pending,data/raw/Skeleton_data/V4.npy,235,True,True,True,ok,
V4_00237,V4,/Users/krishna/dev/fightflow/data/downloaded-videos/V4.mp4,236,14188.0,14195.0,8.0,Jab,Jab,1,pending,data/raw/Skeleton_data/V4.npy,236,True,True,True,ok,
V4_00238,V4,/Users/krishna/dev/fightflow/data/downloaded-videos/V4.mp4,237,14197.0,14202.0,6.0,Rear Uppercut,Rear Uppercut,5,pending,data/raw/Skeleton_data/V4.npy,237,True,True,True,ok,
V4_00239,V4,/Users/krishna/dev/fightflow/data/downloaded-videos/V4.mp4,238,14204.0,14210.0,7.0,Lead Uppercut,Lead Uppercut,3,pending,data/raw/Skeleton_data/V4.npy,238,True,True,True,ok,
V4_00240,V4,/Users/krishna/dev/fightflow/data/downloaded-videos/V4.mp4,239,14211.0,14216.0,6.0,Rear Uppercut,Rear Uppercut,5,pending,data/raw/Skeleton_data/V4.npy,239,True,True,True,ok,
V4_00241,V4,/Users/krishna/dev/fightflow/data/downloaded-videos/V4.mp4,240,14220.0,14228.0,9.0,Lead hook,Lead Hook,2,pending,data/raw/Skeleton_data/V4.npy,240,True,True,True,ok,
V4_00242,V4,/Users/krishna/dev/fightflow/data/downloaded-videos/V4.mp4,241,14331.0,14340.0,10.0,Lead hook,Lead Hook,2,pending,data/raw/Skeleton_data/V4.npy,241,True,True,True,ok,
V4_00243,V4,/Users/krishna/dev/fightflow/data/downloaded-videos/V4.mp4,242,14343.0,14352.0,10.0,Rear Hook,Rear Hook,4,pending,data/raw/Skeleton_data/V4.npy,242,True,True,True,ok,
V4_00244,V4,/Users/krishna/dev/fightflow/data/downloaded-videos/V4.mp4,243,14359.0,14367.0,9.0,Lead hook,Lead Hook,2,pending,data/raw/Skeleton_data/V4.npy,243,True,True,True,ok,
V4_00245,V4,/Users/krishna/dev/fightflow/data/downloaded-videos/V4.mp4,244,14370.0,14379.0,10.0,Rear Hook,Rear Hook,4,pending,data/raw/Skeleton_data/V4.npy,244,True,True,True,ok,
V4_00246,V4,/Users/krishna/dev/fightflow/data/downloaded-videos/V4.mp4,245,14383.0,14392.0,10.0,Lead hook,Lead Hook,2,pending,data/raw/Skeleton_data/V4.npy,245,True,True,True,ok,
V4_00247,V4,/Users/krishna/dev/fightflow/data/downloaded-videos/V4.mp4,246,14396.0,14404.0,9.0,Rear Hook,Rear Hook,4,pending,data/raw/Skeleton_data/V4.npy,246,True,True,True,ok,
V4_00248,V4,/Users/krishna/dev/fightflow/data/downloaded-videos/V4.mp4,247,14410.0,14419.0,10.0,Lead hook,Lead Hook,2,pending,data/raw/Skeleton_data/V4.npy,247,True,True,True,ok,
V4_00249,V4,/Users/krishna/dev/fightflow/data/downloaded-videos/V4.mp4,248,14421.0,14429.0,9.0,Rear Hook,Rear Hook,4,pending,data/raw/Skeleton_data/V4.npy,248,True,True,True,ok,
V4_00250,V4,/Users/krishna/dev/fightflow/data/downloaded-videos/V4.mp4,249,14434.0,14444.0,11.0,Lead hook,Lead Hook,2,pending,data/raw/Skeleton_data/V4.npy,249,True,True,True,ok,
V4_00251,V4,/Users/krishna/dev/fightflow/data/downloaded-videos/V4.mp4,250,14447.0,14455.0,9.0,Rear Hook,Rear Hook,4,pending,data/raw/Skeleton_data/V4.npy,250,True,True,True,ok,
V4_00252,V4,/Users/krishna/dev/fightflow/data/downloaded-videos/V4.mp4,251,14460.0,14470.0,11.0,Lead hook,Lead Hook,2,pending,data/raw/Skeleton_data/V4.npy,251,True,True,True,ok,
V4_00253,V4,/Users/krishna/dev/fightflow/data/downloaded-videos/V4.mp4,252,14472.0,14480.0,9.0,Rear Hook,Rear Hook,4,pending,data/raw/Skeleton_data/V4.npy,252,True,True,True,ok,
V4_00254,V4,/Users/krishna/dev/fightflow/data/downloaded-videos/V4.mp4,253,14486.0,14495.0,10.0,Lead hook,Lead Hook,2,pending,data/raw/Skeleton_data/V4.npy,253,True,True,True,ok,
V4_00255,V4,/Users/krishna/dev/fightflow/data/downloaded-videos/V4.mp4,254,14498.0,14506.0,9.0,Rear Hook,Rear Hook,4,pending,data/raw/Skeleton_data/V4.npy,254,True,True,True,ok,
V4_00256,V4,/Users/krishna/dev/fightflow/data/downloaded-videos/V4.mp4,255,14511.0,14519.0,9.0,Lead hook,Lead Hook,2,pending,data/raw/Skeleton_data/V4.npy,255,True,True,True,ok,
V4_00257,V4,/Users/krishna/dev/fightflow/data/downloaded-videos/V4.mp4,256,14677.0,14683.0,7.0,Jab,Jab,1,pending,data/raw/Skeleton_data/V4.npy,256,True,True,True,ok,
V4_00258,V4,/Users/krishna/dev/fightflow/data/downloaded-videos/V4.mp4,257,14684.0,14688.0,5.0,Rear Uppercut,Rear Uppercut,5,pending,data/raw/Skeleton_data/V4.npy,257,True,True,True,ok,
V4_00259,V4,/Users/krishna/dev/fightflow/data/downloaded-videos/V4.mp4,258,14689.0,14692.0,4.0,Lead Uppercut,Lead Uppercut,3,pending,data/raw/Skeleton_data/V4.npy,258,True,True,True,ok,
V4_00260,V4,/Users/krishna/dev/fightflow/data/downloaded-videos/V4.mp4,259,14693.0,14697.0,5.0,Rear Uppercut,Rear Uppercut,5,pending,data/raw/Skeleton_data/V4.npy,259,True,True,True,ok,
V4_00261,V4,/Users/krishna/dev/fightflow/data/downloaded-videos/V4.mp4,260,14700.0,14706.0,7.0,Lead hook,Lead Hook,2,pending,data/raw/Skeleton_data/V4.npy,260,True,True,True,ok,
V4_00262,V4,/Users/krishna/dev/fightflow/data/downloaded-videos/V4.mp4,261,14763.0,14769.0,7.0,Jab,Jab,1,pending,data/raw/Skeleton_data/V4.npy,261,True,True,True,ok,
V4_00263,V4,/Users/krishna/dev/fightflow/data/downloaded-videos/V4.mp4,262,14770.0,14773.0,4.0,Rear Uppercut,Rear Uppercut,5,pending,data/raw/Skeleton_data/V4.npy,262,True,True,True,ok,
V4_00264,V4,/Users/krishna/dev/fightflow/data/downloaded-videos/V4.mp4,263,14775.0,14778.0,4.0,Lead Uppercut,Lead Uppercut,3,pending,data/raw/Skeleton_data/V4.npy,263,True,True,True,ok,
V4_00265,V4,/Users/krishna/dev/fightflow/data/downloaded-videos/V4.mp4,264,14779.0,14782.0,4.0,Rear Uppercut,Rear Uppercut,5,pending,data/raw/Skeleton_data/V4.npy,264,True,True,True,ok,
V4_00266,V4,/Users/krishna/dev/fightflow/data/downloaded-videos/V4.mp4,265,14784.0,14790.0,7.0,Lead hook,Lead Hook,2,pending,data/raw/Skeleton_data/V4.npy,265,True,True,True,ok,
V4_00267,V4,/Users/krishna/dev/fightflow/data/downloaded-videos/V4.mp4,266,14876.0,14882.0,7.0,Rear Hook,Rear Hook,4,pending,data/raw/Skeleton_data/V4.npy,266,True,True,True,ok,
V4_00268,V4,/Users/krishna/dev/fightflow/data/downloaded-videos/V4.mp4,267,14889.0,14900.0,12.0,Lead hook,Lead Hook,2,pending,data/raw/Skeleton_data/V4.npy,267,True,True,True,ok,
V4_00269,V4,/Users/krishna/dev/fightflow/data/downloaded-videos/V4.mp4,268,14903.0,14910.0,8.0,Rear Hook,Rear Hook,4,pending,data/raw/Skeleton_data/V4.npy,268,True,True,True,ok,
V4_00270,V4,/Users/krishna/dev/fightflow/data/downloaded-videos/V4.mp4,269,14916.0,14926.0,11.0,Lead hook,Lead Hook,2,pending,data/raw/Skeleton_data/V4.npy,269,True,True,True,ok,
V4_00271,V4,/Users/krishna/dev/fightflow/data/downloaded-videos/V4.mp4,270,14930.0,14937.0,8.0,Rear Hook,Rear Hook,4,pending,data/raw/Skeleton_data/V4.npy,270,True,True,True,ok,
V4_00272,V4,/Users/krishna/dev/fightflow/data/downloaded-videos/V4.mp4,271,15048.0,15056.0,9.0,Jab,Jab,1,pending,data/raw/Skeleton_data/V4.npy,271,True,True,True,ok,
V4_00273,V4,/Users/krishna/dev/fightflow/data/downloaded-videos/V4.mp4,272,15099.0,15105.0,7.0,Jab,Jab,1,pending,data/raw/Skeleton_data/V4.npy,272,True,True,True,ok,
V4_00274,V4,/Users/krishna/dev/fightflow/data/downloaded-videos/V4.mp4,273,15106.0,15109.0,4.0,Rear Uppercut,Rear Uppercut,5,pending,data/raw/Skeleton_data/V4.npy,273,True,True,True,ok,
V4_00275,V4,/Users/krishna/dev/fightflow/data/downloaded-videos/V4.mp4,274,15110.0,15113.0,4.0,Lead Uppercut,Lead Uppercut,3,pending,data/raw/Skeleton_data/V4.npy,274,True,True,True,ok,
V4_00276,V4,/Users/krishna/dev/fightflow/data/downloaded-videos/V4.mp4,275,15114.0,15118.0,5.0,Rear Uppercut,Rear Uppercut,5,pending,data/raw/Skeleton_data/V4.npy,275,True,True,True,ok,
V4_00277,V4,/Users/krishna/dev/fightflow/data/downloaded-videos/V4.mp4,276,15120.0,15127.0,8.0,Lead hook,Lead Hook,2,pending,data/raw/Skeleton_data/V4.npy,276,True,True,True,ok,
V4_00278,V4,/Users/krishna/dev/fightflow/data/downloaded-videos/V4.mp4,277,15187.0,15193.0,7.0,Jab,Jab,1,pending,data/raw/Skeleton_data/V4.npy,277,True,True,True,ok,
V4_00279,V4,/Users/krishna/dev/fightflow/data/downloaded-videos/V4.mp4,278,15194.0,15198.0,5.0,Rear Uppercut,Rear Uppercut,5,pending,data/raw/Skeleton_data/V4.npy,278,True,True,True,ok,
V4_00280,V4,/Users/krishna/dev/fightflow/data/downloaded-videos/V4.mp4,279,15199.0,15203.0,5.0,Lead Uppercut,Lead Uppercut,3,pending,data/raw/Skeleton_data/V4.npy,279,True,True,True,ok,
V4_00281,V4,/Users/krishna/dev/fightflow/data/downloaded-videos/V4.mp4,280,15204.0,15207.0,4.0,Rear Uppercut,Rear Uppercut,5,pending,data/raw/Skeleton_data/V4.npy,280,True,True,True,ok,
V4_00282,V4,/Users/krishna/dev/fightflow/data/downloaded-videos/V4.mp4,281,15210.0,15216.0,7.0,Lead hook,Lead Hook,2,pending,data/raw/Skeleton_data/V4.npy,281,True,True,True,ok,
V4_00283,V4,/Users/krishna/dev/fightflow/data/downloaded-videos/V4.mp4,282,15338.0,15344.0,7.0,Jab,Jab,1,pending,data/raw/Skeleton_data/V4.npy,282,True,True,True,ok,
V4_00284,V4,/Users/krishna/dev/fightflow/data/downloaded-videos/V4.mp4,283,15345.0,15349.0,5.0,Rear Uppercut,Rear Uppercut,5,pending,data/raw/Skeleton_data/V4.npy,283,True,True,True,ok,
V4_00285,V4,/Users/krishna/dev/fightflow/data/downloaded-videos/V4.mp4,284,15350.0,15353.0,4.0,Lead Uppercut,Lead Uppercut,3,pending,data/raw/Skeleton_data/V4.npy,284,True,True,True,ok,
V4_00286,V4,/Users/krishna/dev/fightflow/data/downloaded-videos/V4.mp4,285,15354.0,15358.0,5.0,Rear Uppercut,Rear Uppercut,5,pending,data/raw/Skeleton_data/V4.npy,285,True,True,True,ok,
V4_00287,V4,/Users/krishna/dev/fightflow/data/downloaded-videos/V4.mp4,286,15361.0,15366.0,6.0,Lead hook,Lead Hook,2,pending,data/raw/Skeleton_data/V4.npy,286,True,True,True,ok,
V4_00288,V4,/Users/krishna/dev/fightflow/data/downloaded-videos/V4.mp4,287,15486.0,15492.0,7.0,Jab,Jab,1,pending,data/raw/Skeleton_data/V4.npy,287,True,True,True,ok,
V4_00289,V4,/Users/krishna/dev/fightflow/data/downloaded-videos/V4.mp4,288,15493.0,15497.0,5.0,Rear Uppercut,Rear Uppercut,5,pending,data/raw/Skeleton_data/V4.npy,288,True,True,True,ok,
V4_00290,V4,/Users/krishna/dev/fightflow/data/downloaded-videos/V4.mp4,289,15498.0,15501.0,4.0,Lead Uppercut,Lead Uppercut,3,pending,data/raw/Skeleton_data/V4.npy,289,True,True,True,ok,
V4_00291,V4,/Users/krishna/dev/fightflow/data/downloaded-videos/V4.mp4,290,15502.0,15505.0,4.0,Rear Uppercut,Rear Uppercut,5,pending,data/raw/Skeleton_data/V4.npy,290,True,True,True,ok,
V4_00292,V4,/Users/krishna/dev/fightflow/data/downloaded-videos/V4.mp4,291,15510.0,15515.0,6.0,Lead hook,Lead Hook,2,pending,data/raw/Skeleton_data/V4.npy,291,True,True,True,ok,
V4_00293,V4,/Users/krishna/dev/fightflow/data/downloaded-videos/V4.mp4,292,15609.0,15614.0,6.0,Jab,Jab,1,pending,data/raw/Skeleton_data/V4.npy,292,True,True,True,ok,
V4_00294,V4,/Users/krishna/dev/fightflow/data/downloaded-videos/V4.mp4,293,15616.0,15620.0,5.0,Rear Uppercut,Rear Uppercut,5,pending,data/raw/Skeleton_data/V4.npy,293,True,True,True,ok,
V4_00295,V4,/Users/krishna/dev/fightflow/data/downloaded-videos/V4.mp4,294,15621.0,15624.0,4.0,Lead Uppercut,Lead Uppercut,3,pending,data/raw/Skeleton_data/V4.npy,294,True,True,True,ok,
V4_00296,V4,/Users/krishna/dev/fightflow/data/downloaded-videos/V4.mp4,295,15625.0,15628.0,4.0,Rear Uppercut,Rear Uppercut,5,pending,data/raw/Skeleton_data/V4.npy,295,True,True,True,ok,
V4_00297,V4,/Users/krishna/dev/fightflow/data/downloaded-videos/V4.mp4,296,15630.0,15637.0,8.0,Lead hook,Lead Hook,2,pending,data/raw/Skeleton_data/V4.npy,296,True,True,True,ok,
V4_00298,V4,/Users/krishna/dev/fightflow/data/downloaded-videos/V4.mp4,297,15650.0,15657.0,8.0,Jab,Jab,1,pending,data/raw/Skeleton_data/V4.npy,297,True,True,True,ok,
V4_00299,V4,/Users/krishna/dev/fightflow/data/downloaded-videos/V4.mp4,298,15710.0,15716.0,7.0,Jab,Jab,1,pending,data/raw/Skeleton_data/V4.npy,298,True,True,True,ok,
V4_00300,V4,/Users/krishna/dev/fightflow/data/downloaded-videos/V4.mp4,299,15717.0,15721.0,5.0,Rear Uppercut,Rear Uppercut,5,pending,data/raw/Skeleton_data/V4.npy,299,True,True,True,ok,
V4_00301,V4,/Users/krishna/dev/fightflow/data/downloaded-videos/V4.mp4,300,15722.0,15725.0,4.0,Lead Uppercut,Lead Uppercut,3,pending,data/raw/Skeleton_data/V4.npy,300,True,True,True,ok,
V4_00302,V4,/Users/krishna/dev/fightflow/data/downloaded-videos/V4.mp4,301,15726.0,15729.0,4.0,Rear Uppercut,Rear Uppercut,5,pending,data/raw/Skeleton_data/V4.npy,301,True,True,True,ok,
V4_00303,V4,/Users/krishna/dev/fightflow/data/downloaded-videos/V4.mp4,302,15732.0,15738.0,7.0,Lead hook,Lead Hook,2,pending,data/raw/Skeleton_data/V4.npy,302,True,True,True,ok,
V4_00304,V4,/Users/krishna/dev/fightflow/data/downloaded-videos/V4.mp4,303,15841.0,15847.0,7.0,Jab,Jab,1,pending,data/raw/Skeleton_data/V4.npy,303,True,True,True,ok,
V4_00305,V4,/Users/krishna/dev/fightflow/data/downloaded-videos/V4.mp4,304,15848.0,15852.0,5.0,Rear Uppercut,Rear Uppercut,5,pending,data/raw/Skeleton_data/V4.npy,304,True,True,True,ok,
V4_00306,V4,/Users/krishna/dev/fightflow/data/downloaded-videos/V4.mp4,305,15853.0,15856.0,4.0,Lead Uppercut,Lead Uppercut,3,pending,data/raw/Skeleton_data/V4.npy,305,True,True,True,ok,
V4_00307,V4,/Users/krishna/dev/fightflow/data/downloaded-videos/V4.mp4,306,15857.0,15861.0,5.0,Rear Uppercut,Rear Uppercut,5,pending,data/raw/Skeleton_data/V4.npy,306,True,True,True,ok,
V4_00308,V4,/Users/krishna/dev/fightflow/data/downloaded-videos/V4.mp4,307,15863.0,15868.0,6.0,Lead hook,Lead Hook,2,pending,data/raw/Skeleton_data/V4.npy,307,True,True,True,ok,
V4_00309,V4,/Users/krishna/dev/fightflow/data/downloaded-videos/V4.mp4,308,15895.0,15902.0,8.0,Jab,Jab,1,pending,data/raw/Skeleton_data/V4.npy,308,True,True,True,ok,
V4_00310,V4,/Users/krishna/dev/fightflow/data/downloaded-videos/V4.mp4,309,15955.0,15961.0,7.0,Jab,Jab,1,pending,data/raw/Skeleton_data/V4.npy,309,True,True,True,ok,
V4_00311,V4,/Users/krishna/dev/fightflow/data/downloaded-videos/V4.mp4,310,15962.0,15965.0,4.0,Rear Uppercut,Rear Uppercut,5,pending,data/raw/Skeleton_data/V4.npy,310,True,True,True,ok,
V4_00312,V4,/Users/krishna/dev/fightflow/data/downloaded-videos/V4.mp4,311,15966.0,15969.0,4.0,Lead Uppercut,Lead Uppercut,3,pending,data/raw/Skeleton_data/V4.npy,311,True,True,True,ok,
V4_00313,V4,/Users/krishna/dev/fightflow/data/downloaded-videos/V4.mp4,312,15970.0,15973.0,4.0,Rear Uppercut,Rear Uppercut,5,pending,data/raw/Skeleton_data/V4.npy,312,True,True,True,ok,
V4_00314,V4,/Users/krishna/dev/fightflow/data/downloaded-videos/V4.mp4,313,15976.0,15982.0,7.0,Lead hook,Lead Hook,2,pending,data/raw/Skeleton_data/V4.npy,313,True,True,True,ok,
V4_00315,V4,/Users/krishna/dev/fightflow/data/downloaded-videos/V4.mp4,314,16086.0,16092.0,7.0,Jab,Jab,1,pending,data/raw/Skeleton_data/V4.npy,314,True,True,True,ok,
V4_00316,V4,/Users/krishna/dev/fightflow/data/downloaded-videos/V4.mp4,315,16093.0,16097.0,5.0,Rear Uppercut,Rear Uppercut,5,pending,data/raw/Skeleton_data/V4.npy,315,True,True,True,ok,
V4_00317,V4,/Users/krishna/dev/fightflow/data/downloaded-videos/V4.mp4,316,16099.0,16103.0,5.0,Lead Uppercut,Lead Uppercut,3,pending,data/raw/Skeleton_data/V4.npy,316,True,True,True,ok,
V4_00318,V4,/Users/krishna/dev/fightflow/data/downloaded-videos/V4.mp4,317,16104.0,16108.0,5.0,Rear Uppercut,Rear Uppercut,5,pending,data/raw/Skeleton_data/V4.npy,317,True,True,True,ok,
V4_00319,V4,/Users/krishna/dev/fightflow/data/downloaded-videos/V4.mp4,318,16111.0,16118.0,8.0,Lead hook,Lead Hook,2,pending,data/raw/Skeleton_data/V4.npy,318,True,True,True,ok,
V4_00320,V4,/Users/krishna/dev/fightflow/data/downloaded-videos/V4.mp4,319,16264.0,16271.0,8.0,Jab,Jab,1,pending,data/raw/Skeleton_data/V4.npy,319,True,True,True,ok,
V4_00321,V4,/Users/krishna/dev/fightflow/data/downloaded-videos/V4.mp4,320,16272.0,16276.0,5.0,Rear Uppercut,Rear Uppercut,5,pending,data/raw/Skeleton_data/V4.npy,320,True,True,True,ok,
V4_00322,V4,/Users/krishna/dev/fightflow/data/downloaded-videos/V4.mp4,321,16277.0,16281.0,5.0,Lead Uppercut,Lead Uppercut,3,pending,data/raw/Skeleton_data/V4.npy,321,True,True,True,ok,
V4_00323,V4,/Users/krishna/dev/fightflow/data/downloaded-videos/V4.mp4,322,16282.0,16285.0,4.0,Rear Uppercut,Rear Uppercut,5,pending,data/raw/Skeleton_data/V4.npy,322,True,True,True,ok,
V4_00324,V4,/Users/krishna/dev/fightflow/data/downloaded-videos/V4.mp4,323,16288.0,16295.0,8.0,Lead hook,Lead Hook,2,pending,data/raw/Skeleton_data/V4.npy,323,True,True,True,ok,
V4_00325,V4,/Users/krishna/dev/fightflow/data/downloaded-videos/V4.mp4,324,16318.0,16328.0,11.0,Jab,Jab,1,pending,data/raw/Skeleton_data/V4.npy,324,True,True,True,ok,
V4_00326,V4,/Users/krishna/dev/fightflow/data/downloaded-videos/V4.mp4,325,16367.0,16374.0,8.0,Jab,Jab,1,pending,data/raw/Skeleton_data/V4.npy,325,True,True,True,ok,
V4_00327,V4,/Users/krishna/dev/fightflow/data/downloaded-videos/V4.mp4,326,16375.0,16379.0,5.0,Rear Uppercut,Rear Uppercut,5,pending,data/raw/Skeleton_data/V4.npy,326,True,True,True,ok,
V4_00328,V4,/Users/krishna/dev/fightflow/data/downloaded-videos/V4.mp4,327,16380.0,16383.0,4.0,Lead Uppercut,Lead Uppercut,3,pending,data/raw/Skeleton_data/V4.npy,327,True,True,True,ok,
V4_00329,V4,/Users/krishna/dev/fightflow/data/downloaded-videos/V4.mp4,328,16384.0,16388.0,5.0,Rear Uppercut,Rear Uppercut,5,pending,data/raw/Skeleton_data/V4.npy,328,True,True,True,ok,
V4_00330,V4,/Users/krishna/dev/fightflow/data/downloaded-videos/V4.mp4,329,16391.0,16397.0,7.0,Lead hook,Lead Hook,2,pending,data/raw/Skeleton_data/V4.npy,329,True,True,True,ok,
V4_00331,V4,/Users/krishna/dev/fightflow/data/downloaded-videos/V4.mp4,330,17939.0,17947.0,9.0,Jab,Jab,1,pending,data/raw/Skeleton_data/V4.npy,330,True,True,True,ok,
V4_00332,V4,/Users/krishna/dev/fightflow/data/downloaded-videos/V4.mp4,331,17950.0,17958.0,9.0,Rear Uppercut,Rear Uppercut,5,pending,data/raw/Skeleton_data/V4.npy,331,True,True,True,ok,
V4_00333,V4,/Users/krishna/dev/fightflow/data/downloaded-videos/V4.mp4,332,17963.0,17972.0,10.0,Lead Uppercut,Lead Uppercut,3,pending,data/raw/Skeleton_data/V4.npy,332,True,True,True,ok,
V4_00334,V4,/Users/krishna/dev/fightflow/data/downloaded-videos/V4.mp4,333,17975.0,17983.0,9.0,Rear Uppercut,Rear Uppercut,5,pending,data/raw/Skeleton_data/V4.npy,333,True,True,True,ok,
V4_00335,V4,/Users/krishna/dev/fightflow/data/downloaded-videos/V4.mp4,334,17992.0,18003.0,12.0,Lead hook,Lead Hook,2,pending,data/raw/Skeleton_data/V4.npy,334,True,True,True,ok,
V4_00336,V4,/Users/krishna/dev/fightflow/data/downloaded-videos/V4.mp4,335,18031.0,18037.0,7.0,Lead Uppercut,Lead Uppercut,3,pending,data/raw/Skeleton_data/V4.npy,335,True,True,True,ok,
V4_00337,V4,/Users/krishna/dev/fightflow/data/downloaded-videos/V4.mp4,336,18049.0,18059.0,11.0,Lead hook,Lead Hook,2,pending,data/raw/Skeleton_data/V4.npy,336,True,True,True,ok,
V4_00338,V4,/Users/krishna/dev/fightflow/data/downloaded-videos/V4.mp4,337,18136.0,18147.0,12.0,Jab,Jab,1,pending,data/raw/Skeleton_data/V4.npy,337,True,True,True,ok,
V4_00339,V4,/Users/krishna/dev/fightflow/data/downloaded-videos/V4.mp4,338,18152.0,18160.0,9.0,Rear Uppercut,Rear Uppercut,5,pending,data/raw/Skeleton_data/V4.npy,338,True,True,True,ok,
V4_00340,V4,/Users/krishna/dev/fightflow/data/downloaded-videos/V4.mp4,339,18167.0,18175.0,9.0,Lead Uppercut,Lead Uppercut,3,pending,data/raw/Skeleton_data/V4.npy,339,True,True,True,ok,
V4_00341,V4,/Users/krishna/dev/fightflow/data/downloaded-videos/V4.mp4,340,18179.0,18186.0,8.0,Rear Uppercut,Rear Uppercut,5,pending,data/raw/Skeleton_data/V4.npy,340,True,True,True,ok,
V4_00342,V4,/Users/krishna/dev/fightflow/data/downloaded-videos/V4.mp4,341,18192.0,18201.0,10.0,Lead hook,Lead Hook,2,pending,data/raw/Skeleton_data/V4.npy,341,True,True,True,ok,
V4_00343,V4,/Users/krishna/dev/fightflow/data/downloaded-videos/V4.mp4,342,18220.0,18227.0,8.0,Lead Uppercut,Lead Uppercut,3,pending,data/raw/Skeleton_data/V4.npy,342,True,True,True,ok,
V4_00344,V4,/Users/krishna/dev/fightflow/data/downloaded-videos/V4.mp4,343,18238.0,18245.0,8.0,Lead hook,Lead Hook,2,pending,data/raw/Skeleton_data/V4.npy,343,True,True,True,ok,
V4_00345,V4,/Users/krishna/dev/fightflow/data/downloaded-videos/V4.mp4,344,18379.0,18391.0,13.0,Jab,Jab,1,pending,data/raw/Skeleton_data/V4.npy,344,True,True,True,ok,
V4_00346,V4,/Users/krishna/dev/fightflow/data/downloaded-videos/V4.mp4,345,18395.0,18402.0,8.0,Rear Uppercut,Rear Uppercut,5,pending,data/raw/Skeleton_data/V4.npy,345,True,True,True,ok,
V4_00347,V4,/Users/krishna/dev/fightflow/data/downloaded-videos/V4.mp4,346,18408.0,18415.0,8.0,Lead Uppercut,Lead Uppercut,3,pending,data/raw/Skeleton_data/V4.npy,346,True,True,True,ok,
V4_00348,V4,/Users/krishna/dev/fightflow/data/downloaded-videos/V4.mp4,347,18420.0,18433.0,14.0,Rear Uppercut,Rear Uppercut,5,pending,data/raw/Skeleton_data/V4.npy,347,True,True,True,ok,
V4_00349,V4,/Users/krishna/dev/fightflow/data/downloaded-videos/V4.mp4,348,18436.0,18447.0,12.0,Lead hook,Lead Hook,2,pending,data/raw/Skeleton_data/V4.npy,348,True,True,True,ok,
V4_00350,V4,/Users/krishna/dev/fightflow/data/downloaded-videos/V4.mp4,349,18469.0,18477.0,9.0,Lead Uppercut,Lead Uppercut,3,pending,data/raw/Skeleton_data/V4.npy,349,True,True,True,ok,
V4_00351,V4,/Users/krishna/dev/fightflow/data/downloaded-videos/V4.mp4,350,18488.0,18498.0,11.0,Lead hook,Lead Hook,2,pending,data/raw/Skeleton_data/V4.npy,350,True,True,True,ok,
V4_00352,V4,/Users/krishna/dev/fightflow/data/downloaded-videos/V4.mp4,351,18605.0,18613.0,9.0,Jab,Jab,1,pending,data/raw/Skeleton_data/V4.npy,351,True,True,True,ok,
V4_00353,V4,/Users/krishna/dev/fightflow/data/downloaded-videos/V4.mp4,352,18614.0,18620.0,7.0,Rear Uppercut,Rear Uppercut,5,pending,data/raw/Skeleton_data/V4.npy,352,True,True,True,ok,
V4_00354,V4,/Users/krishna/dev/fightflow/data/downloaded-videos/V4.mp4,353,18622.0,18628.0,7.0,Lead Uppercut,Lead Uppercut,3,pending,data/raw/Skeleton_data/V4.npy,353,True,True,True,ok,
V4_00355,V4,/Users/krishna/dev/fightflow/data/downloaded-videos/V4.mp4,354,18629.0,18635.0,7.0,Rear Uppercut,Rear Uppercut,5,pending,data/raw/Skeleton_data/V4.npy,354,True,True,True,ok,
V4_00356,V4,/Users/krishna/dev/fightflow/data/downloaded-videos/V4.mp4,355,18638.0,18646.0,9.0,Lead hook,Lead Hook,2,pending,data/raw/Skeleton_data/V4.npy,355,True,True,True,ok,
V4_00357,V4,/Users/krishna/dev/fightflow/data/downloaded-videos/V4.mp4,356,18661.0,18667.0,7.0,Lead Uppercut,Lead Uppercut,3,pending,data/raw/Skeleton_data/V4.npy,356,True,True,True,ok,
V4_00358,V4,/Users/krishna/dev/fightflow/data/downloaded-videos/V4.mp4,357,18677.0,18683.0,7.0,Lead hook,Lead Hook,2,pending,data/raw/Skeleton_data/V4.npy,357,True,True,True,ok,
V4_00359,V4,/Users/krishna/dev/fightflow/data/downloaded-videos/V4.mp4,358,18776.0,18783.0,8.0,Jab,Jab,1,pending,data/raw/Skeleton_data/V4.npy,358,True,True,True,ok,
V4_00360,V4,/Users/krishna/dev/fightflow/data/downloaded-videos/V4.mp4,359,18785.0,18789.0,5.0,Rear Uppercut,Rear Uppercut,5,pending,data/raw/Skeleton_data/V4.npy,359,True,True,True,ok,
V4_00361,V4,/Users/krishna/dev/fightflow/data/downloaded-videos/V4.mp4,360,18792.0,18796.0,5.0,Lead Uppercut,Lead Uppercut,3,pending,data/raw/Skeleton_data/V4.npy,360,True,True,True,ok,
V4_00362,V4,/Users/krishna/dev/fightflow/data/downloaded-videos/V4.mp4,361,18798.0,18804.0,7.0,Rear Uppercut,Rear Uppercut,5,pending,data/raw/Skeleton_data/V4.npy,361,True,True,True,ok,
V4_00363,V4,/Users/krishna/dev/fightflow/data/downloaded-videos/V4.mp4,362,18806.0,18813.0,8.0,Lead hook,Lead Hook,2,pending,data/raw/Skeleton_data/V4.npy,362,True,True,True,ok,
V4_00364,V4,/Users/krishna/dev/fightflow/data/downloaded-videos/V4.mp4,363,18825.0,18831.0,7.0,Lead Uppercut,Lead Uppercut,3,pending,data/raw/Skeleton_data/V4.npy,363,True,True,True,ok,
V4_00365,V4,/Users/krishna/dev/fightflow/data/downloaded-videos/V4.mp4,364,18839.0,18846.0,8.0,Lead hook,Lead Hook,2,pending,data/raw/Skeleton_data/V4.npy,364,True,True,True,ok,
V4_00366,V4,/Users/krishna/dev/fightflow/data/downloaded-videos/V4.mp4,365,18917.0,18924.0,8.0,Jab,Jab,1,pending,data/raw/Skeleton_data/V4.npy,365,True,True,True,ok,
V4_00367,V4,/Users/krishna/dev/fightflow/data/downloaded-videos/V4.mp4,366,18925.0,18931.0,7.0,Rear Uppercut,Rear Uppercut,5,pending,data/raw/Skeleton_data/V4.npy,366,True,True,True,ok,
V4_00368,V4,/Users/krishna/dev/fightflow/data/downloaded-videos/V4.mp4,367,18933.0,18938.0,6.0,Lead Uppercut,Lead Uppercut,3,pending,data/raw/Skeleton_data/V4.npy,367,True,True,True,ok,
V4_00369,V4,/Users/krishna/dev/fightflow/data/downloaded-videos/V4.mp4,368,18939.0,18945.0,7.0,Rear Uppercut,Rear Uppercut,5,pending,data/raw/Skeleton_data/V4.npy,368,True,True,True,ok,
V4_00370,V4,/Users/krishna/dev/fightflow/data/downloaded-videos/V4.mp4,369,18948.0,18957.0,10.0,Lead hook,Lead Hook,2,pending,data/raw/Skeleton_data/V4.npy,369,True,True,True,ok,
V4_00371,V4,/Users/krishna/dev/fightflow/data/downloaded-videos/V4.mp4,370,18970.0,18976.0,7.0,Lead Uppercut,Lead Uppercut,3,pending,data/raw/Skeleton_data/V4.npy,370,True,True,True,ok,
V4_00372,V4,/Users/krishna/dev/fightflow/data/downloaded-videos/V4.mp4,371,18982.0,18989.0,8.0,Lead hook,Lead Hook,2,pending,data/raw/Skeleton_data/V4.npy,371,True,True,True,ok,
V4_00373,V4,/Users/krishna/dev/fightflow/data/downloaded-videos/V4.mp4,372,19087.0,19095.0,9.0,Jab,Jab,1,pending,data/raw/Skeleton_data/V4.npy,372,True,True,True,ok,
V4_00374,V4,/Users/krishna/dev/fightflow/data/downloaded-videos/V4.mp4,373,19097.0,19105.0,9.0,Rear Uppercut,Rear Uppercut,5,pending,data/raw/Skeleton_data/V4.npy,373,True,True,True,ok,
V4_00375,V4,/Users/krishna/dev/fightflow/data/downloaded-videos/V4.mp4,374,19108.0,19115.0,8.0,Lead Uppercut,Lead Uppercut,3,pending,data/raw/Skeleton_data/V4.npy,374,True,True,True,ok,
V4_00376,V4,/Users/krishna/dev/fightflow/data/downloaded-videos/V4.mp4,375,19118.0,19126.0,9.0,Rear Uppercut,Rear Uppercut,5,pending,data/raw/Skeleton_data/V4.npy,375,True,True,True,ok,
V4_00377,V4,/Users/krishna/dev/fightflow/data/downloaded-videos/V4.mp4,376,19132.0,19140.0,9.0,Lead hook,Lead Hook,2,pending,data/raw/Skeleton_data/V4.npy,376,True,True,True,ok,
V4_00378,V4,/Users/krishna/dev/fightflow/data/downloaded-videos/V4.mp4,377,19160.0,19166.0,7.0,Lead Uppercut,Lead Uppercut,3,pending,data/raw/Skeleton_data/V4.npy,377,True,True,True,ok,
V4_00379,V4,/Users/krishna/dev/fightflow/data/downloaded-videos/V4.mp4,378,19177.0,19186.0,10.0,Lead hook,Lead Hook,2,pending,data/raw/Skeleton_data/V4.npy,378,True,True,True,ok,
V4_00380,V4,/Users/krishna/dev/fightflow/data/downloaded-videos/V4.mp4,379,19258.0,19265.0,8.0,Jab,Jab,1,pending,data/raw/Skeleton_data/V4.npy,379,True,True,True,ok,
V4_00381,V4,/Users/krishna/dev/fightflow/data/downloaded-videos/V4.mp4,380,19266.0,19270.0,5.0,Rear Uppercut,Rear Uppercut,5,pending,data/raw/Skeleton_data/V4.npy,380,True,True,True,ok,
V4_00382,V4,/Users/krishna/dev/fightflow/data/downloaded-videos/V4.mp4,381,19272.0,19276.0,5.0,Lead Uppercut,Lead Uppercut,3,pending,data/raw/Skeleton_data/V4.npy,381,True,True,True,ok,
V4_00383,V4,/Users/krishna/dev/fightflow/data/downloaded-videos/V4.mp4,382,19277.0,19282.0,6.0,Rear Uppercut,Rear Uppercut,5,pending,data/raw/Skeleton_data/V4.npy,382,True,True,True,ok,
V4_00384,V4,/Users/krishna/dev/fightflow/data/downloaded-videos/V4.mp4,383,19284.0,19290.0,7.0,Lead hook,Lead Hook,2,pending,data/raw/Skeleton_data/V4.npy,383,True,True,True,ok,
V4_00385,V4,/Users/krishna/dev/fightflow/data/downloaded-videos/V4.mp4,384,19303.0,19308.0,6.0,Lead Uppercut,Lead Uppercut,3,pending,data/raw/Skeleton_data/V4.npy,384,True,True,True,ok,
V4_00386,V4,/Users/krishna/dev/fightflow/data/downloaded-videos/V4.mp4,385,19316.0,19323.0,8.0,Lead hook,Lead Hook,2,pending,data/raw/Skeleton_data/V4.npy,385,True,True,True,ok,
V4_00387,V4,/Users/krishna/dev/fightflow/data/downloaded-videos/V4.mp4,386,19354.0,19361.0,8.0,Lead Uppercut,Lead Uppercut,3,pending,data/raw/Skeleton_data/V4.npy,386,True,True,True,ok,
V4_00388,V4,/Users/krishna/dev/fightflow/data/downloaded-videos/V4.mp4,387,19364.0,19369.0,6.0,Rear Hook,Rear Hook,4,pending,data/raw/Skeleton_data/V4.npy,387,True,True,True,ok,
V4_00389,V4,/Users/krishna/dev/fightflow/data/downloaded-videos/V4.mp4,388,19371.0,19377.0,7.0,Lead hook,Lead Hook,2,pending,data/raw/Skeleton_data/V4.npy,388,True,True,True,ok,
V4_00390,V4,/Users/krishna/dev/fightflow/data/downloaded-videos/V4.mp4,389,19379.0,19384.0,6.0,Rear Hook,Rear Hook,4,pending,data/raw/Skeleton_data/V4.npy,389,True,True,True,ok,
V4_00391,V4,/Users/krishna/dev/fightflow/data/downloaded-videos/V4.mp4,390,19386.0,19392.0,7.0,Lead hook,Lead Hook,2,pending,data/raw/Skeleton_data/V4.npy,390,True,True,True,ok,
V4_00392,V4,/Users/krishna/dev/fightflow/data/downloaded-videos/V4.mp4,391,19394.0,19399.0,6.0,Rear Hook,Rear Hook,4,pending,data/raw/Skeleton_data/V4.npy,391,True,True,True,ok,
V4_00393,V4,/Users/krishna/dev/fightflow/data/downloaded-videos/V4.mp4,392,19403.0,19408.0,6.0,Lead hook,Lead Hook,2,pending,data/raw/Skeleton_data/V4.npy,392,True,True,True,ok,
V4_00394,V4,/Users/krishna/dev/fightflow/data/downloaded-videos/V4.mp4,393,19410.0,19416.0,7.0,Rear Hook,Rear Hook,4,pending,data/raw/Skeleton_data/V4.npy,393,True,True,True,ok,
V4_00395,V4,/Users/krishna/dev/fightflow/data/downloaded-videos/V4.mp4,394,19418.0,19425.0,8.0,Lead hook,Lead Hook,2,pending,data/raw/Skeleton_data/V4.npy,394,True,True,True,ok,
V4_00396,V4,/Users/krishna/dev/fightflow/data/downloaded-videos/V4.mp4,395,19428.0,19433.0,6.0,Rear Hook,Rear Hook,4,pending,data/raw/Skeleton_data/V4.npy,395,True,True,True,ok,
V4_00397,V4,/Users/krishna/dev/fightflow/data/downloaded-videos/V4.mp4,396,19436.0,19443.0,8.0,Lead hook,Lead Hook,2,pending,data/raw/Skeleton_data/V4.npy,396,True,True,True,ok,
V4_00398,V4,/Users/krishna/dev/fightflow/data/downloaded-videos/V4.mp4,397,19445.0,19450.0,6.0,Rear Hook,Rear Hook,4,pending,data/raw/Skeleton_data/V4.npy,397,True,True,True,ok,
V4_00399,V4,/Users/krishna/dev/fightflow/data/downloaded-videos/V4.mp4,398,19452.0,19458.0,7.0,Lead hook,Lead Hook,2,pending,data/raw/Skeleton_data/V4.npy,398,True,True,True,ok,
V4_00400,V4,/Users/krishna/dev/fightflow/data/downloaded-videos/V4.mp4,399,19460.0,19464.0,5.0,Rear Hook,Rear Hook,4,pending,data/raw/Skeleton_data/V4.npy,399,True,True,True,ok,
V4_00401,V4,/Users/krishna/dev/fightflow/data/downloaded-videos/V4.mp4,400,19467.0,19472.0,6.0,Lead hook,Lead Hook,2,pending,data/raw/Skeleton_data/V4.npy,400,True,True,True,ok,
V4_00402,V4,/Users/krishna/dev/fightflow/data/downloaded-videos/V4.mp4,401,19474.0,19479.0,6.0,Rear Hook,Rear Hook,4,pending,data/raw/Skeleton_data/V4.npy,401,True,True,True,ok,
V4_00403,V4,/Users/krishna/dev/fightflow/data/downloaded-videos/V4.mp4,402,19482.0,19486.0,5.0,Lead hook,Lead Hook,2,pending,data/raw/Skeleton_data/V4.npy,402,True,True,True,ok,
V4_00404,V4,/Users/krishna/dev/fightflow/data/downloaded-videos/V4.mp4,403,19942.0,19947.0,6.0,Rear Hook,Rear Hook,4,pending,data/raw/Skeleton_data/V4.npy,403,True,True,True,ok,
V4_00405,V4,/Users/krishna/dev/fightflow/data/downloaded-videos/V4.mp4,404,19949.0,19954.0,6.0,Lead hook,Lead Hook,2,pending,data/raw/Skeleton_data/V4.npy,404,True,True,True,ok,
V4_00406,V4,/Users/krishna/dev/fightflow/data/downloaded-videos/V4.mp4,405,19956.0,19962.0,7.0,Rear Hook,Rear Hook,4,pending,data/raw/Skeleton_data/V4.npy,405,True,True,True,ok,
V4_00407,V4,/Users/krishna/dev/fightflow/data/downloaded-videos/V4.mp4,406,19964.0,19969.0,6.0,Lead hook,Lead Hook,2,pending,data/raw/Skeleton_data/V4.npy,406,True,True,True,ok,
V4_00408,V4,/Users/krishna/dev/fightflow/data/downloaded-videos/V4.mp4,407,19971.0,19977.0,7.0,Rear Hook,Rear Hook,4,pending,data/raw/Skeleton_data/V4.npy,407,True,True,True,ok,
V4_00409,V4,/Users/krishna/dev/fightflow/data/downloaded-videos/V4.mp4,408,19980.0,19985.0,6.0,Lead hook,Lead Hook,2,pending,data/raw/Skeleton_data/V4.npy,408,True,True,True,ok,
V4_00410,V4,/Users/krishna/dev/fightflow/data/downloaded-videos/V4.mp4,409,19987.0,19993.0,7.0,Rear Hook,Rear Hook,4,pending,data/raw/Skeleton_data/V4.npy,409,True,True,True,ok,
V4_00411,V4,/Users/krishna/dev/fightflow/data/downloaded-videos/V4.mp4,410,19995.0,20000.0,6.0,Lead hook,Lead Hook,2,pending,data/raw/Skeleton_data/V4.npy,410,True,True,True,ok,
V4_00412,V4,/Users/krishna/dev/fightflow/data/downloaded-videos/V4.mp4,411,20002.0,20007.0,6.0,Rear Hook,Rear Hook,4,pending,data/raw/Skeleton_data/V4.npy,411,True,True,True,ok,
V4_00413,V4,/Users/krishna/dev/fightflow/data/downloaded-videos/V4.mp4,412,20010.0,20014.0,5.0,Lead hook,Lead Hook,2,pending,data/raw/Skeleton_data/V4.npy,412,True,True,True,ok,
V4_00414,V4,/Users/krishna/dev/fightflow/data/downloaded-videos/V4.mp4,413,20016.0,20022.0,7.0,Rear Hook,Rear Hook,4,pending,data/raw/Skeleton_data/V4.npy,413,True,True,True,ok,
V4_00415,V4,/Users/krishna/dev/fightflow/data/downloaded-videos/V4.mp4,414,20024.0,20029.0,6.0,Lead hook,Lead Hook,2,pending,data/raw/Skeleton_data/V4.npy,414,True,True,True,ok,
V4_00416,V4,/Users/krishna/dev/fightflow/data/downloaded-videos/V4.mp4,415,20031.0,20036.0,6.0,Rear Hook,Rear Hook,4,pending,data/raw/Skeleton_data/V4.npy,415,True,True,True,ok,
V4_00417,V4,/Users/krishna/dev/fightflow/data/downloaded-videos/V4.mp4,416,20039.0,20044.0,6.0,Lead hook,Lead Hook,2,pending,data/raw/Skeleton_data/V4.npy,416,True,True,True,ok,
V4_00418,V4,/Users/krishna/dev/fightflow/data/downloaded-videos/V4.mp4,417,20046.0,20051.0,6.0,Rear Hook,Rear Hook,4,pending,data/raw/Skeleton_data/V4.npy,417,True,True,True,ok,
V4_00419,V4,/Users/krishna/dev/fightflow/data/downloaded-videos/V4.mp4,418,20054.0,20058.0,5.0,Lead hook,Lead Hook,2,pending,data/raw/Skeleton_data/V4.npy,418,True,True,True,ok,
V4_00420,V4,/Users/krishna/dev/fightflow/data/downloaded-videos/V4.mp4,419,20060.0,20065.0,6.0,Rear Hook,Rear Hook,4,pending,data/raw/Skeleton_data/V4.npy,419,True,True,True,ok,
V4_00421,V4,/Users/krishna/dev/fightflow/data/downloaded-videos/V4.mp4,420,20067.0,20073.0,7.0,Lead hook,Lead Hook,2,pending,data/raw/Skeleton_data/V4.npy,420,True,True,True,ok,
V4_00422,V4,/Users/krishna/dev/fightflow/data/downloaded-videos/V4.mp4,421,20107.0,20116.0,10.0,Jab,Jab,1,pending,data/raw/Skeleton_data/V4.npy,421,True,True,True,ok,
V4_00423,V4,/Users/krishna/dev/fightflow/data/downloaded-videos/V4.mp4,422,20119.0,20126.0,8.0,Rear Uppercut,Rear Uppercut,5,pending,data/raw/Skeleton_data/V4.npy,422,True,True,True,ok,
V4_00424,V4,/Users/krishna/dev/fightflow/data/downloaded-videos/V4.mp4,423,20133.0,20140.0,8.0,Lead Uppercut,Lead Uppercut,3,pending,data/raw/Skeleton_data/V4.npy,423,True,True,True,ok,
V4_00425,V4,/Users/krishna/dev/fightflow/data/downloaded-videos/V4.mp4,424,20146.0,20153.0,8.0,Rear Uppercut,Rear Uppercut,5,pending,data/raw/Skeleton_data/V4.npy,424,True,True,True,ok,
V4_00426,V4,/Users/krishna/dev/fightflow/data/downloaded-videos/V4.mp4,425,20160.0,20168.0,9.0,Lead hook,Lead Hook,2,pending,data/raw/Skeleton_data/V4.npy,425,True,True,True,ok,
V4_00427,V4,/Users/krishna/dev/fightflow/data/downloaded-videos/V4.mp4,426,20189.0,20195.0,7.0,Lead Uppercut,Lead Uppercut,3,pending,data/raw/Skeleton_data/V4.npy,426,True,True,True,ok,
V4_00428,V4,/Users/krishna/dev/fightflow/data/downloaded-videos/V4.mp4,427,20206.0,20214.0,9.0,Lead hook,Lead Hook,2,pending,data/raw/Skeleton_data/V4.npy,427,True,True,True,ok,
V4_00429,V4,/Users/krishna/dev/fightflow/data/downloaded-videos/V4.mp4,428,20261.0,20271.0,11.0,Jab,Jab,1,pending,data/raw/Skeleton_data/V4.npy,428,True,True,True,ok,
V4_00430,V4,/Users/krishna/dev/fightflow/data/downloaded-videos/V4.mp4,429,20273.0,20280.0,8.0,Rear Uppercut,Rear Uppercut,5,pending,data/raw/Skeleton_data/V4.npy,429,True,True,True,ok,
V4_00431,V4,/Users/krishna/dev/fightflow/data/downloaded-videos/V4.mp4,430,20284.0,20292.0,9.0,Lead Uppercut,Lead Uppercut,3,pending,data/raw/Skeleton_data/V4.npy,430,True,True,True,ok,
V4_00432,V4,/Users/krishna/dev/fightflow/data/downloaded-videos/V4.mp4,431,20294.0,20302.0,9.0,Rear Uppercut,Rear Uppercut,5,pending,data/raw/Skeleton_data/V4.npy,431,True,True,True,ok,
V4_00433,V4,/Users/krishna/dev/fightflow/data/downloaded-videos/V4.mp4,432,20305.0,20317.0,13.0,Lead hook,Lead Hook,2,pending,data/raw/Skeleton_data/V4.npy,432,True,True,True,ok,
V4_00434,V4,/Users/krishna/dev/fightflow/data/downloaded-videos/V4.mp4,433,20338.0,20346.0,9.0,Lead Uppercut,Lead Uppercut,3,pending,data/raw/Skeleton_data/V4.npy,433,True,True,True,ok,
V4_00435,V4,/Users/krishna/dev/fightflow/data/downloaded-videos/V4.mp4,434,20358.0,20366.0,9.0,Lead hook,Lead Hook,2,pending,data/raw/Skeleton_data/V4.npy,434,True,True,True,ok,
V4_00436,V4,/Users/krishna/dev/fightflow/data/downloaded-videos/V4.mp4,435,20438.0,20444.0,7.0,Jab,Jab,1,pending,data/raw/Skeleton_data/V4.npy,435,True,True,True,ok,
V4_00437,V4,/Users/krishna/dev/fightflow/data/downloaded-videos/V4.mp4,436,20445.0,20449.0,5.0,Rear Uppercut,Rear Uppercut,5,pending,data/raw/Skeleton_data/V4.npy,436,True,True,True,ok,
V4_00438,V4,/Users/krishna/dev/fightflow/data/downloaded-videos/V4.mp4,437,20450.0,20454.0,5.0,Lead Uppercut,Lead Uppercut,3,pending,data/raw/Skeleton_data/V4.npy,437,True,True,True,ok,
V4_00439,V4,/Users/krishna/dev/fightflow/data/downloaded-videos/V4.mp4,438,20455.0,20458.0,4.0,Rear Uppercut,Rear Uppercut,5,pending,data/raw/Skeleton_data/V4.npy,438,True,True,True,ok,
V4_00440,V4,/Users/krishna/dev/fightflow/data/downloaded-videos/V4.mp4,439,20461.0,20467.0,7.0,Lead hook,Lead Hook,2,pending,data/raw/Skeleton_data/V4.npy,439,True,True,True,ok,
V4_00441,V4,/Users/krishna/dev/fightflow/data/downloaded-videos/V4.mp4,440,20477.0,20482.0,6.0,Lead Uppercut,Lead Uppercut,3,pending,data/raw/Skeleton_data/V4.npy,440,True,True,True,ok,
V4_00442,V4,/Users/krishna/dev/fightflow/data/downloaded-videos/V4.mp4,441,20483.0,20485.0,3.0,Cross,Cross,0,pending,data/raw/Skeleton_data/V4.npy,441,True,True,True,ok,
V4_00443,V4,/Users/krishna/dev/fightflow/data/downloaded-videos/V4.mp4,442,20488.0,20493.0,6.0,Lead hook,Lead Hook,2,pending,data/raw/Skeleton_data/V4.npy,442,True,True,True,ok,
V4_00444,V4,/Users/krishna/dev/fightflow/data/downloaded-videos/V4.mp4,443,20548.0,20554.0,7.0,Jab,Jab,1,pending,data/raw/Skeleton_data/V4.npy,443,True,True,True,ok,
V4_00445,V4,/Users/krishna/dev/fightflow/data/downloaded-videos/V4.mp4,444,20556.0,20560.0,5.0,Rear Uppercut,Rear Uppercut,5,pending,data/raw/Skeleton_data/V4.npy,444,True,True,True,ok,
V4_00446,V4,/Users/krishna/dev/fightflow/data/downloaded-videos/V4.mp4,445,20561.0,20564.0,4.0,Lead Uppercut,Lead Uppercut,3,pending,data/raw/Skeleton_data/V4.npy,445,True,True,True,ok,
V4_00447,V4,/Users/krishna/dev/fightflow/data/downloaded-videos/V4.mp4,446,20566.0,20569.0,4.0,Rear Uppercut,Rear Uppercut,5,pending,data/raw/Skeleton_data/V4.npy,446,True,True,True,ok,
V4_00448,V4,/Users/krishna/dev/fightflow/data/downloaded-videos/V4.mp4,447,20572.0,20579.0,8.0,Lead hook,Lead Hook,2,pending,data/raw/Skeleton_data/V4.npy,447,True,True,True,ok,
V4_00449,V4,/Users/krishna/dev/fightflow/data/downloaded-videos/V4.mp4,448,20589.0,20595.0,7.0,Rear Uppercut,Rear Uppercut,5,pending,data/raw/Skeleton_data/V4.npy,448,True,True,True,ok,
V4_00450,V4,/Users/krishna/dev/fightflow/data/downloaded-videos/V4.mp4,449,20601.0,20607.0,7.0,Lead hook,Lead Hook,2,pending,data/raw/Skeleton_data/V4.npy,449,True,True,True,ok,
V4_00451,V4,/Users/krishna/dev/fightflow/data/downloaded-videos/V4.mp4,450,20662.0,20667.0,6.0,Jab,Jab,1,pending,data/raw/Skeleton_data/V4.npy,450,True,True,True,ok,
V4_00452,V4,/Users/krishna/dev/fightflow/data/downloaded-videos/V4.mp4,451,20668.0,20673.0,6.0,Rear Uppercut,Rear Uppercut,5,pending,data/raw/Skeleton_data/V4.npy,451,True,True,True,ok,
V4_00453,V4,/Users/krishna/dev/fightflow/data/downloaded-videos/V4.mp4,452,20674.0,20677.0,4.0,Lead Uppercut,Lead Uppercut,3,pending,data/raw/Skeleton_data/V4.npy,452,True,True,True,ok,
V4_00454,V4,/Users/krishna/dev/fightflow/data/downloaded-videos/V4.mp4,453,20678.0,20681.0,4.0,Rear Uppercut,Rear Uppercut,5,pending,data/raw/Skeleton_data/V4.npy,453,True,True,True,ok,
V4_00455,V4,/Users/krishna/dev/fightflow/data/downloaded-videos/V4.mp4,454,20685.0,20690.0,6.0,Lead hook,Lead Hook,2,pending,data/raw/Skeleton_data/V4.npy,454,True,True,True,ok,
V4_00456,V4,/Users/krishna/dev/fightflow/data/downloaded-videos/V4.mp4,455,20702.0,20707.0,6.0,Lead Uppercut,Lead Uppercut,3,pending,data/raw/Skeleton_data/V4.npy,455,True,True,True,ok,
V4_00457,V4,/Users/krishna/dev/fightflow/data/downloaded-videos/V4.mp4,456,20716.0,20721.0,6.0,Lead hook,Lead Hook,2,pending,data/raw/Skeleton_data/V4.npy,456,True,True,True,ok,
V4_00458,V4,/Users/krishna/dev/fightflow/data/downloaded-videos/V4.mp4,457,20787.0,20793.0,7.0,Lead hook,Lead Hook,2,pending,data/raw/Skeleton_data/V4.npy,457,True,True,True,ok,
V4_00459,V4,/Users/krishna/dev/fightflow/data/downloaded-videos/V4.mp4,458,20794.0,20800.0,7.0,Rear Hook,Rear Hook,4,pending,data/raw/Skeleton_data/V4.npy,458,True,True,True,ok,
V4_00460,V4,/Users/krishna/dev/fightflow/data/downloaded-videos/V4.mp4,459,20803.0,20811.0,9.0,Lead hook,Lead Hook,2,pending,data/raw/Skeleton_data/V4.npy,459,True,True,True,ok,
V4_00461,V4,/Users/krishna/dev/fightflow/data/downloaded-videos/V4.mp4,460,20813.0,20818.0,6.0,Rear Hook,Rear Hook,4,pending,data/raw/Skeleton_data/V4.npy,460,True,True,True,ok,
V4_00462,V4,/Users/krishna/dev/fightflow/data/downloaded-videos/V4.mp4,461,20820.0,20826.0,7.0,Lead hook,Lead Hook,2,pending,data/raw/Skeleton_data/V4.npy,461,True,True,True,ok,
V4_00463,V4,/Users/krishna/dev/fightflow/data/downloaded-videos/V4.mp4,462,20828.0,20833.0,6.0,Rear Hook,Rear Hook,4,pending,data/raw/Skeleton_data/V4.npy,462,True,True,True,ok,
V4_00464,V4,/Users/krishna/dev/fightflow/data/downloaded-videos/V4.mp4,463,20836.0,20842.0,7.0,Lead hook,Lead Hook,2,pending,data/raw/Skeleton_data/V4.npy,463,True,True,True,ok,
V4_00465,V4,/Users/krishna/dev/fightflow/data/downloaded-videos/V4.mp4,464,21358.0,21363.0,6.0,Rear Hook,Rear Hook,4,pending,data/raw/Skeleton_data/V4.npy,464,True,True,True,ok,
V4_00466,V4,/Users/krishna/dev/fightflow/data/downloaded-videos/V4.mp4,465,21365.0,21371.0,7.0,Lead hook,Lead Hook,2,pending,data/raw/Skeleton_data/V4.npy,465,True,True,True,ok,
V4_00467,V4,/Users/krishna/dev/fightflow/data/downloaded-videos/V4.mp4,466,21373.0,21378.0,6.0,Rear Hook,Rear Hook,4,pending,data/raw/Skeleton_data/V4.npy,466,True,True,True,ok,
V4_00468,V4,/Users/krishna/dev/fightflow/data/downloaded-videos/V4.mp4,467,21380.0,21385.0,6.0,Lead hook,Lead Hook,2,pending,data/raw/Skeleton_data/V4.npy,467,True,True,True,ok,
V4_00469,V4,/Users/krishna/dev/fightflow/data/downloaded-videos/V4.mp4,468,21387.0,21392.0,6.0,Rear Hook,Rear Hook,4,pending,data/raw/Skeleton_data/V4.npy,468,True,True,True,ok,
V4_00470,V4,/Users/krishna/dev/fightflow/data/downloaded-videos/V4.mp4,469,21394.0,21399.0,6.0,Lead hook,Lead Hook,2,pending,data/raw/Skeleton_data/V4.npy,469,True,True,True,ok,
V4_00471,V4,/Users/krishna/dev/fightflow/data/downloaded-videos/V4.mp4,470,21401.0,21407.0,7.0,Rear Hook,Rear Hook,4,pending,data/raw/Skeleton_data/V4.npy,470,True,True,True,ok,
V4_00472,V4,/Users/krishna/dev/fightflow/data/downloaded-videos/V4.mp4,471,21408.0,21413.0,6.0,Lead hook,Lead Hook,2,pending,data/raw/Skeleton_data/V4.npy,471,True,True,True,ok,
V4_00473,V4,/Users/krishna/dev/fightflow/data/downloaded-videos/V4.mp4,472,21415.0,21421.0,7.0,Rear Hook,Rear Hook,4,pending,data/raw/Skeleton_data/V4.npy,472,True,True,True,ok,
V4_00474,V4,/Users/krishna/dev/fightflow/data/downloaded-videos/V4.mp4,473,21423.0,21428.0,6.0,Lead hook,Lead Hook,2,pending,data/raw/Skeleton_data/V4.npy,473,True,True,True,ok,
V4_00475,V4,/Users/krishna/dev/fightflow/data/downloaded-videos/V4.mp4,474,21430.0,21435.0,6.0,Rear Hook,Rear Hook,4,pending,data/raw/Skeleton_data/V4.npy,474,True,True,True,ok,
V4_00476,V4,/Users/krishna/dev/fightflow/data/downloaded-videos/V4.mp4,475,21437.0,21442.0,6.0,Lead hook,Lead Hook,2,pending,data/raw/Skeleton_data/V4.npy,475,True,True,True,ok,
V4_00477,V4,/Users/krishna/dev/fightflow/data/downloaded-videos/V4.mp4,476,21444.0,21450.0,7.0,Rear Hook,Rear Hook,4,pending,data/raw/Skeleton_data/V4.npy,476,True,True,True,ok,
V4_00478,V4,/Users/krishna/dev/fightflow/data/downloaded-videos/V4.mp4,477,21451.0,21457.0,7.0,Lead hook,Lead Hook,2,pending,data/raw/Skeleton_data/V4.npy,477,True,True,True,ok,
V4_00479,V4,/Users/krishna/dev/fightflow/data/downloaded-videos/V4.mp4,478,21459.0,21464.0,6.0,Rear Hook,Rear Hook,4,pending,data/raw/Skeleton_data/V4.npy,478,True,True,True,ok,
V4_00480,V4,/Users/krishna/dev/fightflow/data/downloaded-videos/V4.mp4,479,21465.0,21471.0,7.0,Lead hook,Lead Hook,2,pending,data/raw/Skeleton_data/V4.npy,479,True,True,True,ok,
V4_00481,V4,/Users/krishna/dev/fightflow/data/downloaded-videos/V4.mp4,480,21472.0,21477.0,6.0,Rear Hook,Rear Hook,4,pending,data/raw/Skeleton_data/V4.npy,480,True,True,True,ok,
V4_00482,V4,/Users/krishna/dev/fightflow/data/downloaded-videos/V4.mp4,481,21478.0,21484.0,7.0,Lead hook,Lead Hook,2,pending,data/raw/Skeleton_data/V4.npy,481,True,True,True,ok,
V4_00483,V4,/Users/krishna/dev/fightflow/data/downloaded-videos/V4.mp4,482,21486.0,21491.0,6.0,Rear Hook,Rear Hook,4,pending,data/raw/Skeleton_data/V4.npy,482,True,True,True,ok,
V4_00484,V4,/Users/krishna/dev/fightflow/data/downloaded-videos/V4.mp4,483,21531.0,21538.0,8.0,Jab,Jab,1,pending,data/raw/Skeleton_data/V4.npy,483,True,True,True,ok,
V4_00485,V4,/Users/krishna/dev/fightflow/data/downloaded-videos/V4.mp4,484,21539.0,21543.0,5.0,Rear Uppercut,Rear Uppercut,5,pending,data/raw/Skeleton_data/V4.npy,484,True,True,True,ok,
V4_00486,V4,/Users/krishna/dev/fightflow/data/downloaded-videos/V4.mp4,485,21544.0,21547.0,4.0,Lead Uppercut,Lead Uppercut,3,pending,data/raw/Skeleton_data/V4.npy,485,True,True,True,ok,
V4_00487,V4,/Users/krishna/dev/fightflow/data/downloaded-videos/V4.mp4,486,21548.0,21553.0,6.0,Rear Uppercut,Rear Uppercut,5,pending,data/raw/Skeleton_data/V4.npy,486,True,True,True,ok,
V4_00488,V4,/Users/krishna/dev/fightflow/data/downloaded-videos/V4.mp4,487,21555.0,21561.0,7.0,Lead hook,Lead Hook,2,pending,data/raw/Skeleton_data/V4.npy,487,True,True,True,ok,
V4_00489,V4,/Users/krishna/dev/fightflow/data/downloaded-videos/V4.mp4,488,21571.0,21577.0,7.0,Lead Uppercut,Lead Uppercut,3,pending,data/raw/Skeleton_data/V4.npy,488,True,True,True,ok,
V4_00490,V4,/Users/krishna/dev/fightflow/data/downloaded-videos/V4.mp4,489,21582.0,21589.0,8.0,Lead hook,Lead Hook,2,pending,data/raw/Skeleton_data/V4.npy,489,True,True,True,ok,
V4_00491,V4,/Users/krishna/dev/fightflow/data/downloaded-videos/V4.mp4,490,21655.0,21661.0,7.0,Jab,Jab,1,pending,data/raw/Skeleton_data/V4.npy,490,True,True,True,ok,
V4_00492,V4,/Users/krishna/dev/fightflow/data/downloaded-videos/V4.mp4,491,21662.0,21667.0,6.0,Rear Uppercut,Rear Uppercut,5,pending,data/raw/Skeleton_data/V4.npy,491,True,True,True,ok,
V4_00493,V4,/Users/krishna/dev/fightflow/data/downloaded-videos/V4.mp4,492,21668.0,21671.0,4.0,Lead Uppercut,Lead Uppercut,3,pending,data/raw/Skeleton_data/V4.npy,492,True,True,True,ok,
V4_00494,V4,/Users/krishna/dev/fightflow/data/downloaded-videos/V4.mp4,493,21672.0,21676.0,5.0,Rear Uppercut,Rear Uppercut,5,pending,data/raw/Skeleton_data/V4.npy,493,True,True,True,ok,
V4_00495,V4,/Users/krishna/dev/fightflow/data/downloaded-videos/V4.mp4,494,21677.0,21685.0,9.0,Lead hook,Lead Hook,2,pending,data/raw/Skeleton_data/V4.npy,494,True,True,True,ok,
V4_00496,V4,/Users/krishna/dev/fightflow/data/downloaded-videos/V4.mp4,495,21695.0,21702.0,8.0,Lead Uppercut,Lead Uppercut,3,pending,data/raw/Skeleton_data/V4.npy,495,True,True,True,ok,
V4_00497,V4,/Users/krishna/dev/fightflow/data/downloaded-videos/V4.mp4,496,21707.0,21714.0,8.0,Lead hook,Lead Hook,2,pending,data/raw/Skeleton_data/V4.npy,496,True,True,True,ok,
V4_00498,V4,/Users/krishna/dev/fightflow/data/downloaded-videos/V4.mp4,497,21800.0,21807.0,8.0,Jab,Jab,1,pending,data/raw/Skeleton_data/V4.npy,497,True,True,True,ok,
V4_00499,V4,/Users/krishna/dev/fightflow/data/downloaded-videos/V4.mp4,498,21808.0,21813.0,6.0,Rear Uppercut,Rear Uppercut,5,pending,data/raw/Skeleton_data/V4.npy,498,True,True,True,ok,
V4_00500,V4,/Users/krishna/dev/fightflow/data/downloaded-videos/V4.mp4,499,21814.0,21818.0,5.0,Lead Uppercut,Lead Uppercut,3,pending,data/raw/Skeleton_data/V4.npy,499,True,True,True,ok,
V4_00501,V4,/Users/krishna/dev/fightflow/data/downloaded-videos/V4.mp4,500,21819.0,21823.0,5.0,Rear Uppercut,Rear Uppercut,5,pending,data/raw/Skeleton_data/V4.npy,500,True,True,True,ok,
V4_00502,V4,/Users/krishna/dev/fightflow/data/downloaded-videos/V4.mp4,501,21825.0,21833.0,9.0,Lead hook,Lead Hook,2,pending,data/raw/Skeleton_data/V4.npy,501,True,True,True,ok,
V4_00503,V4,/Users/krishna/dev/fightflow/data/downloaded-videos/V4.mp4,502,21846.0,21852.0,7.0,Lead Uppercut,Lead Uppercut,3,pending,data/raw/Skeleton_data/V4.npy,502,True,True,True,ok,
V4_00504,V4,/Users/krishna/dev/fightflow/data/downloaded-videos/V4.mp4,503,21860.0,21868.0,9.0,Lead hook,Lead Hook,2,pending,data/raw/Skeleton_data/V4.npy,503,True,True,True,ok,
V4_00505,V4,/Users/krishna/dev/fightflow/data/downloaded-videos/V4.mp4,504,21965.0,21971.0,7.0,Jab,Jab,1,pending,data/raw/Skeleton_data/V4.npy,504,True,True,True,ok,
V4_00506,V4,/Users/krishna/dev/fightflow/data/downloaded-videos/V4.mp4,505,21973.0,21977.0,5.0,Rear Uppercut,Rear Uppercut,5,pending,data/raw/Skeleton_data/V4.npy,505,True,True,True,ok,
V4_00507,V4,/Users/krishna/dev/fightflow/data/downloaded-videos/V4.mp4,506,21978.0,21982.0,5.0,Lead Uppercut,Lead Uppercut,3,pending,data/raw/Skeleton_data/V4.npy,506,True,True,True,ok,
V4_00508,V4,/Users/krishna/dev/fightflow/data/downloaded-videos/V4.mp4,507,21983.0,21987.0,5.0,Rear Uppercut,Rear Uppercut,5,pending,data/raw/Skeleton_data/V4.npy,507,True,True,True,ok,
V4_00509,V4,/Users/krishna/dev/fightflow/data/downloaded-videos/V4.mp4,508,21990.0,21997.0,8.0,Lead hook,Lead Hook,2,pending,data/raw/Skeleton_data/V4.npy,508,True,True,True,ok,
V4_00510,V4,/Users/krishna/dev/fightflow/data/downloaded-videos/V4.mp4,509,22010.0,22017.0,8.0,Lead Uppercut,Lead Uppercut,3,pending,data/raw/Skeleton_data/V4.npy,509,True,True,True,ok,
V4_00511,V4,/Users/krishna/dev/fightflow/data/downloaded-videos/V4.mp4,510,22023.0,22030.0,8.0,Lead hook,Lead Hook,2,pending,data/raw/Skeleton_data/V4.npy,510,True,True,True,ok,
V4_00512,V4,/Users/krishna/dev/fightflow/data/downloaded-videos/V4.mp4,511,22112.0,22118.0,7.0,Jab,Jab,1,pending,data/raw/Skeleton_data/V4.npy,511,True,True,True,ok,
V4_00513,V4,/Users/krishna/dev/fightflow/data/downloaded-videos/V4.mp4,512,22118.0,22123.0,6.0,Rear Uppercut,Rear Uppercut,5,pending,data/raw/Skeleton_data/V4.npy,512,True,True,True,ok,
V4_00514,V4,/Users/krishna/dev/fightflow/data/downloaded-videos/V4.mp4,513,22124.0,22128.0,5.0,Lead Uppercut,Lead Uppercut,3,pending,data/raw/Skeleton_data/V4.npy,513,True,True,True,ok,
V4_00515,V4,/Users/krishna/dev/fightflow/data/downloaded-videos/V4.mp4,514,22129.0,22132.0,4.0,Rear Uppercut,Rear Uppercut,5,pending,data/raw/Skeleton_data/V4.npy,514,True,True,True,ok,
V4_00516,V4,/Users/krishna/dev/fightflow/data/downloaded-videos/V4.mp4,515,22136.0,22143.0,8.0,Lead hook,Lead Hook,2,pending,data/raw/Skeleton_data/V4.npy,515,True,True,True,ok,
V4_00517,V4,/Users/krishna/dev/fightflow/data/downloaded-videos/V4.mp4,516,22154.0,22159.0,6.0,Lead Uppercut,Lead Uppercut,3,pending,data/raw/Skeleton_data/V4.npy,516,True,True,True,ok,
V4_00518,V4,/Users/krishna/dev/fightflow/data/downloaded-videos/V4.mp4,517,22166.0,22173.0,8.0,Lead hook,Lead Hook,2,pending,data/raw/Skeleton_data/V4.npy,517,True,True,True,ok,
V4_00519,V4,/Users/krishna/dev/fightflow/data/downloaded-videos/V4.mp4,518,23686.0,23696.0,11.0,Jab,Jab,1,pending,data/raw/Skeleton_data/V4.npy,518,True,True,True,ok,
V4_00520,V4,/Users/krishna/dev/fightflow/data/downloaded-videos/V4.mp4,519,23699.0,23708.0,10.0,Rear Uppercut,Rear Uppercut,5,pending,data/raw/Skeleton_data/V4.npy,519,True,True,True,ok,
V4_00521,V4,/Users/krishna/dev/fightflow/data/downloaded-videos/V4.mp4,520,23711.0,23720.0,10.0,Lead Uppercut,Lead Uppercut,3,pending,data/raw/Skeleton_data/V4.npy,520,True,True,True,ok,
V4_00522,V4,/Users/krishna/dev/fightflow/data/downloaded-videos/V4.mp4,521,23722.0,23732.0,11.0,Rear Uppercut,Rear Uppercut,5,pending,data/raw/Skeleton_data/V4.npy,521,True,True,True,ok,
V4_00523,V4,/Users/krishna/dev/fightflow/data/downloaded-videos/V4.mp4,522,23738.0,23749.0,12.0,Lead hook,Lead Hook,2,pending,data/raw/Skeleton_data/V4.npy,522,True,True,True,ok,
V4_00524,V4,/Users/krishna/dev/fightflow/data/downloaded-videos/V4.mp4,523,23770.0,23779.0,10.0,Lead hook,Lead Hook,2,pending,data/raw/Skeleton_data/V4.npy,523,True,True,True,ok,
V4_00525,V4,/Users/krishna/dev/fightflow/data/downloaded-videos/V4.mp4,524,23791.0,23809.0,19.0,Lead hook,Lead Hook,2,pending,data/raw/Skeleton_data/V4.npy,524,True,True,True,ok,
V4_00526,V4,/Users/krishna/dev/fightflow/data/downloaded-videos/V4.mp4,525,23841.0,23849.0,9.0,Rear Hook,Rear Hook,4,pending,data/raw/Skeleton_data/V4.npy,525,True,True,True,ok,
V4_00527,V4,/Users/krishna/dev/fightflow/data/downloaded-videos/V4.mp4,526,23869.0,23877.0,9.0,Jab,Jab,1,pending,data/raw/Skeleton_data/V4.npy,526,True,True,True,ok,
V4_00528,V4,/Users/krishna/dev/fightflow/data/downloaded-videos/V4.mp4,527,23912.0,23922.0,11.0,Jab,Jab,1,pending,data/raw/Skeleton_data/V4.npy,527,True,True,True,ok,
V4_00529,V4,/Users/krishna/dev/fightflow/data/downloaded-videos/V4.mp4,528,23925.0,23934.0,10.0,Rear Uppercut,Rear Uppercut,5,pending,data/raw/Skeleton_data/V4.npy,528,True,True,True,ok,
V4_00530,V4,/Users/krishna/dev/fightflow/data/downloaded-videos/V4.mp4,529,23939.0,23948.0,10.0,Lead Uppercut,Lead Uppercut,3,pending,data/raw/Skeleton_data/V4.npy,529,True,True,True,ok,
V4_00531,V4,/Users/krishna/dev/fightflow/data/downloaded-videos/V4.mp4,530,23950.0,23960.0,11.0,Rear Uppercut,Rear Uppercut,5,pending,data/raw/Skeleton_data/V4.npy,530,True,True,True,ok,
V4_00532,V4,/Users/krishna/dev/fightflow/data/downloaded-videos/V4.mp4,531,23965.0,23977.0,13.0,Lead hook,Lead Hook,2,pending,data/raw/Skeleton_data/V4.npy,531,True,True,True,ok,
V4_00533,V4,/Users/krishna/dev/fightflow/data/downloaded-videos/V4.mp4,532,23998.0,24007.0,10.0,Lead Uppercut,Lead Uppercut,3,pending,data/raw/Skeleton_data/V4.npy,532,True,True,True,ok,
V4_00534,V4,/Users/krishna/dev/fightflow/data/downloaded-videos/V4.mp4,533,24017.0,24030.0,14.0,Lead hook,Lead Hook,2,pending,data/raw/Skeleton_data/V4.npy,533,True,True,True,ok,
V4_00535,V4,/Users/krishna/dev/fightflow/data/downloaded-videos/V4.mp4,534,24068.0,24074.0,7.0,Rear Uppercut,Rear Uppercut,5,pending,data/raw/Skeleton_data/V4.npy,534,True,True,True,ok,
V4_00536,V4,/Users/krishna/dev/fightflow/data/downloaded-videos/V4.mp4,535,24092.0,24102.0,11.0,Jab,Jab,1,pending,data/raw/Skeleton_data/V4.npy,535,True,True,True,ok,
V4_00537,V4,/Users/krishna/dev/fightflow/data/downloaded-videos/V4.mp4,536,24142.0,24151.0,10.0,Jab,Jab,1,pending,data/raw/Skeleton_data/V4.npy,536,True,True,True,ok,
V4_00538,V4,/Users/krishna/dev/fightflow/data/downloaded-videos/V4.mp4,537,24153.0,24162.0,10.0,Rear Uppercut,Rear Uppercut,5,pending,data/raw/Skeleton_data/V4.npy,537,True,True,True,ok,
V4_00539,V4,/Users/krishna/dev/fightflow/data/downloaded-videos/V4.mp4,538,24165.0,24175.0,11.0,Lead Uppercut,Lead Uppercut,3,pending,data/raw/Skeleton_data/V4.npy,538,True,True,True,ok,
V4_00540,V4,/Users/krishna/dev/fightflow/data/downloaded-videos/V4.mp4,539,24177.0,24183.0,7.0,Rear Uppercut,Rear Uppercut,5,pending,data/raw/Skeleton_data/V4.npy,539,True,True,True,ok,
V4_00541,V4,/Users/krishna/dev/fightflow/data/downloaded-videos/V4.mp4,540,24188.0,24197.0,10.0,Lead hook,Lead Hook,2,pending,data/raw/Skeleton_data/V4.npy,540,True,True,True,ok,
V4_00542,V4,/Users/krishna/dev/fightflow/data/downloaded-videos/V4.mp4,541,24215.0,24222.0,8.0,Lead Uppercut,Lead Uppercut,3,pending,data/raw/Skeleton_data/V4.npy,541,True,True,True,ok,
V4_00543,V4,/Users/krishna/dev/fightflow/data/downloaded-videos/V4.mp4,542,24234.0,24242.0,9.0,Lead hook,Lead Hook,2,pending,data/raw/Skeleton_data/V4.npy,542,True,True,True,ok,
V4_00544,V4,/Users/krishna/dev/fightflow/data/downloaded-videos/V4.mp4,543,24279.0,24285.0,7.0,Rear Uppercut,Rear Uppercut,5,pending,data/raw/Skeleton_data/V4.npy,543,True,True,True,ok,
V4_00545,V4,/Users/krishna/dev/fightflow/data/downloaded-videos/V4.mp4,544,24393.0,24402.0,10.0,Jab,Jab,1,pending,data/raw/Skeleton_data/V4.npy,544,True,True,True,ok,
V4_00546,V4,/Users/krishna/dev/fightflow/data/downloaded-videos/V4.mp4,545,24404.0,24412.0,9.0,Rear Uppercut,Rear Uppercut,5,pending,data/raw/Skeleton_data/V4.npy,545,True,True,True,ok,
V4_00547,V4,/Users/krishna/dev/fightflow/data/downloaded-videos/V4.mp4,546,24415.0,24423.0,9.0,Lead Uppercut,Lead Uppercut,3,pending,data/raw/Skeleton_data/V4.npy,546,True,True,True,ok,
V4_00548,V4,/Users/krishna/dev/fightflow/data/downloaded-videos/V4.mp4,547,24424.0,24432.0,9.0,Rear Uppercut,Rear Uppercut,5,pending,data/raw/Skeleton_data/V4.npy,547,True,True,True,ok,
V4_00549,V4,/Users/krishna/dev/fightflow/data/downloaded-videos/V4.mp4,548,24436.0,24443.0,8.0,Lead hook,Lead Hook,2,pending,data/raw/Skeleton_data/V4.npy,548,True,True,True,ok,
V4_00550,V4,/Users/krishna/dev/fightflow/data/downloaded-videos/V4.mp4,549,24463.0,24470.0,8.0,Lead Uppercut,Lead Uppercut,3,pending,data/raw/Skeleton_data/V4.npy,549,True,True,True,ok,
V4_00551,V4,/Users/krishna/dev/fightflow/data/downloaded-videos/V4.mp4,550,24481.0,24489.0,9.0,Lead hook,Lead Hook,2,pending,data/raw/Skeleton_data/V4.npy,550,True,True,True,ok,
V4_00552,V4,/Users/krishna/dev/fightflow/data/downloaded-videos/V4.mp4,551,24517.0,24523.0,7.0,Rear Uppercut,Rear Uppercut,5,pending,data/raw/Skeleton_data/V4.npy,551,True,True,True,ok,
V4_00553,V4,/Users/krishna/dev/fightflow/data/downloaded-videos/V4.mp4,552,24601.0,24609.0,9.0,Jab,Jab,1,pending,data/raw/Skeleton_data/V4.npy,552,True,True,True,ok,
V4_00554,V4,/Users/krishna/dev/fightflow/data/downloaded-videos/V4.mp4,553,24610.0,24617.0,8.0,Rear Uppercut,Rear Uppercut,5,pending,data/raw/Skeleton_data/V4.npy,553,True,True,True,ok,
V4_00555,V4,/Users/krishna/dev/fightflow/data/downloaded-videos/V4.mp4,554,24621.0,24627.0,7.0,Lead Uppercut,Lead Uppercut,3,pending,data/raw/Skeleton_data/V4.npy,554,True,True,True,ok,
V4_00556,V4,/Users/krishna/dev/fightflow/data/downloaded-videos/V4.mp4,555,24629.0,24635.0,7.0,Rear Uppercut,Rear Uppercut,5,pending,data/raw/Skeleton_data/V4.npy,555,True,True,True,ok,
V4_00557,V4,/Users/krishna/dev/fightflow/data/downloaded-videos/V4.mp4,556,24641.0,24649.0,9.0,Lead hook,Lead Hook,2,pending,data/raw/Skeleton_data/V4.npy,556,True,True,True,ok,
V4_00558,V4,/Users/krishna/dev/fightflow/data/downloaded-videos/V4.mp4,557,24667.0,24676.0,10.0,Lead Uppercut,Lead Uppercut,3,pending,data/raw/Skeleton_data/V4.npy,557,True,True,True,ok,
V4_00559,V4,/Users/krishna/dev/fightflow/data/downloaded-videos/V4.mp4,558,24686.0,24696.0,11.0,Lead hook,Lead Hook,2,pending,data/raw/Skeleton_data/V4.npy,558,True,True,True,ok,
V4_00560,V4,/Users/krishna/dev/fightflow/data/downloaded-videos/V4.mp4,559,24725.0,24731.0,7.0,Rear Uppercut,Rear Uppercut,5,pending,data/raw/Skeleton_data/V4.npy,559,True,True,True,ok,
V5_00001,V5,/Users/krishna/dev/fightflow/data/downloaded-videos/V5.mp4,0,24.0,30.0,7.0,Jab,Jab,1,pending,data/raw/Skeleton_data/V5.npy,0,True,True,True,ok,
V5_00002,V5,/Users/krishna/dev/fightflow/data/downloaded-videos/V5.mp4,1,33.0,40.0,8.0,Jab,Jab,1,pending,data/raw/Skeleton_data/V5.npy,1,True,True,True,ok,
V5_00003,V5,/Users/krishna/dev/fightflow/data/downloaded-videos/V5.mp4,2,71.0,76.0,6.0,Jab,Jab,1,pending,data/raw/Skeleton_data/V5.npy,2,True,True,True,ok,
V5_00004,V5,/Users/krishna/dev/fightflow/data/downloaded-videos/V5.mp4,3,79.0,87.0,9.0,Jab,Jab,1,pending,data/raw/Skeleton_data/V5.npy,3,True,True,True,ok,
V5_00005,V5,/Users/krishna/dev/fightflow/data/downloaded-videos/V5.mp4,4,117.0,122.0,6.0,Jab,Jab,1,pending,data/raw/Skeleton_data/V5.npy,4,True,True,True,ok,
V5_00006,V5,/Users/krishna/dev/fightflow/data/downloaded-videos/V5.mp4,5,125.0,133.0,9.0,Jab,Jab,1,pending,data/raw/Skeleton_data/V5.npy,5,True,True,True,ok,
V5_00007,V5,/Users/krishna/dev/fightflow/data/downloaded-videos/V5.mp4,6,165.0,171.0,7.0,Jab,Jab,1,pending,data/raw/Skeleton_data/V5.npy,6,True,True,True,ok,
V5_00008,V5,/Users/krishna/dev/fightflow/data/downloaded-videos/V5.mp4,7,174.0,181.0,8.0,Jab,Jab,1,pending,data/raw/Skeleton_data/V5.npy,7,True,True,True,ok,
V5_00009,V5,/Users/krishna/dev/fightflow/data/downloaded-videos/V5.mp4,8,230.0,237.0,8.0,Jab,Jab,1,pending,data/raw/Skeleton_data/V5.npy,8,True,True,True,ok,
V5_00010,V5,/Users/krishna/dev/fightflow/data/downloaded-videos/V5.mp4,9,239.0,247.0,9.0,Cross,Cross,0,pending,data/raw/Skeleton_data/V5.npy,9,True,True,True,ok,
V5_00011,V5,/Users/krishna/dev/fightflow/data/downloaded-videos/V5.mp4,10,254.0,266.0,13.0,Rear Uppercut,Rear Uppercut,5,pending,data/raw/Skeleton_data/V5.npy,10,True,True,True,ok,
V5_00012,V5,/Users/krishna/dev/fightflow/data/downloaded-videos/V5.mp4,11,295.0,302.0,8.0,Jab,Jab,1,pending,data/raw/Skeleton_data/V5.npy,11,True,True,True,ok,
V5_00013,V5,/Users/krishna/dev/fightflow/data/downloaded-videos/V5.mp4,12,304.0,311.0,8.0,Cross,Cross,0,pending,data/raw/Skeleton_data/V5.npy,12,True,True,True,ok,
V5_00014,V5,/Users/krishna/dev/fightflow/data/downloaded-videos/V5.mp4,13,321.0,330.0,10.0,Rear Uppercut,Rear Uppercut,5,pending,data/raw/Skeleton_data/V5.npy,13,True,True,True,ok,
V5_00015,V5,/Users/krishna/dev/fightflow/data/downloaded-videos/V5.mp4,14,360.0,365.0,6.0,Jab,Jab,1,pending,data/raw/Skeleton_data/V5.npy,14,True,True,True,ok,
V5_00016,V5,/Users/krishna/dev/fightflow/data/downloaded-videos/V5.mp4,15,366.0,372.0,7.0,Cross,Cross,0,pending,data/raw/Skeleton_data/V5.npy,15,True,True,True,ok,
V5_00017,V5,/Users/krishna/dev/fightflow/data/downloaded-videos/V5.mp4,16,381.0,389.0,9.0,Rear Uppercut,Rear Uppercut,5,pending,data/raw/Skeleton_data/V5.npy,16,True,True,True,ok,
V5_00018,V5,/Users/krishna/dev/fightflow/data/downloaded-videos/V5.mp4,17,419.0,424.0,6.0,Jab,Jab,1,pending,data/raw/Skeleton_data/V5.npy,17,True,True,True,ok,
V5_00019,V5,/Users/krishna/dev/fightflow/data/downloaded-videos/V5.mp4,18,425.0,432.0,8.0,Cross,Cross,0,pending,data/raw/Skeleton_data/V5.npy,18,True,True,True,ok,
V5_00020,V5,/Users/krishna/dev/fightflow/data/downloaded-videos/V5.mp4,19,443.0,450.0,8.0,Rear Uppercut,Rear Uppercut,5,pending,data/raw/Skeleton_data/V5.npy,19,True,True,True,ok,
V5_00021,V5,/Users/krishna/dev/fightflow/data/downloaded-videos/V5.mp4,20,466.0,471.0,6.0,Jab,Jab,1,pending,data/raw/Skeleton_data/V5.npy,20,True,True,True,ok,
V5_00022,V5,/Users/krishna/dev/fightflow/data/downloaded-videos/V5.mp4,21,481.0,490.0,10.0,Lead Uppercut,Lead Uppercut,3,pending,data/raw/Skeleton_data/V5.npy,21,True,True,True,ok,
V5_00023,V5,/Users/krishna/dev/fightflow/data/downloaded-videos/V5.mp4,22,494.0,500.0,7.0,Jab,Jab,1,pending,data/raw/Skeleton_data/V5.npy,22,True,True,True,ok,
V5_00024,V5,/Users/krishna/dev/fightflow/data/downloaded-videos/V5.mp4,23,504.0,513.0,10.0,Jab,Jab,1,pending,data/raw/Skeleton_data/V5.npy,23,True,True,True,ok,
V5_00025,V5,/Users/krishna/dev/fightflow/data/downloaded-videos/V5.mp4,24,546.0,552.0,7.0,Jab,Jab,1,pending,data/raw/Skeleton_data/V5.npy,24,True,True,True,ok,
V5_00026,V5,/Users/krishna/dev/fightflow/data/downloaded-videos/V5.mp4,25,562.0,571.0,10.0,Lead Uppercut,Lead Uppercut,3,pending,data/raw/Skeleton_data/V5.npy,25,True,True,True,ok,
V5_00027,V5,/Users/krishna/dev/fightflow/data/downloaded-videos/V5.mp4,26,575.0,581.0,7.0,Jab,Jab,1,pending,data/raw/Skeleton_data/V5.npy,26,True,True,True,ok,
V5_00028,V5,/Users/krishna/dev/fightflow/data/downloaded-videos/V5.mp4,27,588.0,597.0,10.0,Jab,Jab,1,pending,data/raw/Skeleton_data/V5.npy,27,True,True,True,ok,
V5_00029,V5,/Users/krishna/dev/fightflow/data/downloaded-videos/V5.mp4,28,628.0,635.0,8.0,Jab,Jab,1,pending,data/raw/Skeleton_data/V5.npy,28,True,True,True,ok,
V5_00030,V5,/Users/krishna/dev/fightflow/data/downloaded-videos/V5.mp4,29,643.0,652.0,10.0,Lead Uppercut,Lead Uppercut,3,pending,data/raw/Skeleton_data/V5.npy,29,True,True,True,ok,
V5_00031,V5,/Users/krishna/dev/fightflow/data/downloaded-videos/V5.mp4,30,656.0,662.0,7.0,Jab,Jab,1,pending,data/raw/Skeleton_data/V5.npy,30,True,True,True,ok,
V5_00032,V5,/Users/krishna/dev/fightflow/data/downloaded-videos/V5.mp4,31,669.0,676.0,8.0,Jab,Jab,1,pending,data/raw/Skeleton_data/V5.npy,31,True,True,True,ok,
V5_00033,V5,/Users/krishna/dev/fightflow/data/downloaded-videos/V5.mp4,32,703.0,707.0,5.0,Jab,Jab,1,pending,data/raw/Skeleton_data/V5.npy,32,True,True,True,ok,
V5_00034,V5,/Users/krishna/dev/fightflow/data/downloaded-videos/V5.mp4,33,715.0,721.0,7.0,Lead Uppercut,Lead Uppercut,3,pending,data/raw/Skeleton_data/V5.npy,33,True,True,True,ok,
V5_00035,V5,/Users/krishna/dev/fightflow/data/downloaded-videos/V5.mp4,34,725.0,730.0,6.0,Jab,Jab,1,pending,data/raw/Skeleton_data/V5.npy,34,True,True,True,ok,
V5_00036,V5,/Users/krishna/dev/fightflow/data/downloaded-videos/V5.mp4,35,733.0,740.0,8.0,Jab,Jab,1,pending,data/raw/Skeleton_data/V5.npy,35,True,True,True,ok,
V5_00037,V5,/Users/krishna/dev/fightflow/data/downloaded-videos/V5.mp4,36,770.0,776.0,7.0,Jab,Jab,1,pending,data/raw/Skeleton_data/V5.npy,36,True,True,True,ok,
V5_00038,V5,/Users/krishna/dev/fightflow/data/downloaded-videos/V5.mp4,37,779.0,785.0,7.0,Cross,Cross,0,pending,data/raw/Skeleton_data/V5.npy,37,True,True,True,ok,
V5_00039,V5,/Users/krishna/dev/fightflow/data/downloaded-videos/V5.mp4,38,795.0,802.0,8.0,Cross,Cross,0,pending,data/raw/Skeleton_data/V5.npy,38,True,True,True,ok,
V5_00040,V5,/Users/krishna/dev/fightflow/data/downloaded-videos/V5.mp4,39,847.0,853.0,7.0,Jab,Jab,1,pending,data/raw/Skeleton_data/V5.npy,39,True,True,True,ok,
V5_00041,V5,/Users/krishna/dev/fightflow/data/downloaded-videos/V5.mp4,40,854.0,860.0,7.0,Cross,Cross,0,pending,data/raw/Skeleton_data/V5.npy,40,True,True,True,ok,
V5_00042,V5,/Users/krishna/dev/fightflow/data/downloaded-videos/V5.mp4,41,870.0,878.0,9.0,Cross,Cross,0,pending,data/raw/Skeleton_data/V5.npy,41,True,True,True,ok,
V5_00043,V5,/Users/krishna/dev/fightflow/data/downloaded-videos/V5.mp4,42,921.0,927.0,7.0,Jab,Jab,1,pending,data/raw/Skeleton_data/V5.npy,42,True,True,True,ok,
V5_00044,V5,/Users/krishna/dev/fightflow/data/downloaded-videos/V5.mp4,43,929.0,935.0,7.0,Cross,Cross,0,pending,data/raw/Skeleton_data/V5.npy,43,True,True,True,ok,
V5_00045,V5,/Users/krishna/dev/fightflow/data/downloaded-videos/V5.mp4,44,947.0,954.0,8.0,Cross,Cross,0,pending,data/raw/Skeleton_data/V5.npy,44,True,True,True,ok,
V5_00046,V5,/Users/krishna/dev/fightflow/data/downloaded-videos/V5.mp4,45,989.0,995.0,7.0,Jab,Jab,1,pending,data/raw/Skeleton_data/V5.npy,45,True,True,True,ok,
V5_00047,V5,/Users/krishna/dev/fightflow/data/downloaded-videos/V5.mp4,46,997.0,1003.0,7.0,Cross,Cross,0,pending,data/raw/Skeleton_data/V5.npy,46,True,True,True,ok,
V5_00048,V5,/Users/krishna/dev/fightflow/data/downloaded-videos/V5.mp4,47,1014.0,1021.0,8.0,Cross,Cross,0,pending,data/raw/Skeleton_data/V5.npy,47,True,True,True,ok,
V5_00049,V5,/Users/krishna/dev/fightflow/data/downloaded-videos/V5.mp4,48,1055.0,1059.0,5.0,Jab,Jab,1,pending,data/raw/Skeleton_data/V5.npy,48,True,True,True,ok,
V5_00050,V5,/Users/krishna/dev/fightflow/data/downloaded-videos/V5.mp4,49,1062.0,1067.0,6.0,Cross,Cross,0,pending,data/raw/Skeleton_data/V5.npy,49,True,True,True,ok,
V5_00051,V5,/Users/krishna/dev/fightflow/data/downloaded-videos/V5.mp4,50,1071.0,1079.0,9.0,Lead Uppercut,Lead Uppercut,3,pending,data/raw/Skeleton_data/V5.npy,50,True,True,True,ok,
V5_00052,V5,/Users/krishna/dev/fightflow/data/downloaded-videos/V5.mp4,51,1112.0,1116.0,5.0,Jab,Jab,1,pending,data/raw/Skeleton_data/V5.npy,51,True,True,True,ok,
V5_00053,V5,/Users/krishna/dev/fightflow/data/downloaded-videos/V5.mp4,52,1118.0,1124.0,7.0,Cross,Cross,0,pending,data/raw/Skeleton_data/V5.npy,52,True,True,True,ok,
V5_00054,V5,/Users/krishna/dev/fightflow/data/downloaded-videos/V5.mp4,53,1127.0,1135.0,9.0,Lead Uppercut,Lead Uppercut,3,pending,data/raw/Skeleton_data/V5.npy,53,True,True,True,ok,
V5_00055,V5,/Users/krishna/dev/fightflow/data/downloaded-videos/V5.mp4,54,1168.0,1173.0,6.0,Jab,Jab,1,pending,data/raw/Skeleton_data/V5.npy,54,True,True,True,ok,
V5_00056,V5,/Users/krishna/dev/fightflow/data/downloaded-videos/V5.mp4,55,1175.0,1180.0,6.0,Cross,Cross,0,pending,data/raw/Skeleton_data/V5.npy,55,True,True,True,ok,
V5_00057,V5,/Users/krishna/dev/fightflow/data/downloaded-videos/V5.mp4,56,1183.0,1191.0,9.0,Lead Uppercut,Lead Uppercut,3,pending,data/raw/Skeleton_data/V5.npy,56,True,True,True,ok,
V5_00058,V5,/Users/krishna/dev/fightflow/data/downloaded-videos/V5.mp4,57,1224.0,1229.0,6.0,Jab,Jab,1,pending,data/raw/Skeleton_data/V5.npy,57,True,True,True,ok,
V5_00059,V5,/Users/krishna/dev/fightflow/data/downloaded-videos/V5.mp4,58,1231.0,1236.0,6.0,Cross,Cross,0,pending,data/raw/Skeleton_data/V5.npy,58,True,True,True,ok,
V5_00060,V5,/Users/krishna/dev/fightflow/data/downloaded-videos/V5.mp4,59,1239.0,1243.0,5.0,Lead Uppercut,Lead Uppercut,3,pending,data/raw/Skeleton_data/V5.npy,59,True,True,True,ok,
V5_00061,V5,/Users/krishna/dev/fightflow/data/downloaded-videos/V5.mp4,60,1277.0,1282.0,6.0,Jab,Jab,1,pending,data/raw/Skeleton_data/V5.npy,60,True,True,True,ok,
V5_00062,V5,/Users/krishna/dev/fightflow/data/downloaded-videos/V5.mp4,61,1285.0,1290.0,6.0,Cross,Cross,0,pending,data/raw/Skeleton_data/V5.npy,61,True,True,True,ok,
V5_00063,V5,/Users/krishna/dev/fightflow/data/downloaded-videos/V5.mp4,62,1292.0,1298.0,7.0,Lead Uppercut,Lead Uppercut,3,pending,data/raw/Skeleton_data/V5.npy,62,True,True,True,ok,
V5_00064,V5,/Users/krishna/dev/fightflow/data/downloaded-videos/V5.mp4,63,1330.0,1336.0,7.0,Jab,Jab,1,pending,data/raw/Skeleton_data/V5.npy,63,True,True,True,ok,
V5_00065,V5,/Users/krishna/dev/fightflow/data/downloaded-videos/V5.mp4,64,1338.0,1343.0,6.0,Cross,Cross,0,pending,data/raw/Skeleton_data/V5.npy,64,True,True,True,ok,
V5_00066,V5,/Users/krishna/dev/fightflow/data/downloaded-videos/V5.mp4,65,1346.0,1352.0,7.0,Jab,Jab,1,pending,data/raw/Skeleton_data/V5.npy,65,True,True,True,ok,
V5_00067,V5,/Users/krishna/dev/fightflow/data/downloaded-videos/V5.mp4,66,1357.0,1364.0,8.0,Rear Hook,Rear Hook,4,pending,data/raw/Skeleton_data/V5.npy,66,True,True,True,ok,
V5_00068,V5,/Users/krishna/dev/fightflow/data/downloaded-videos/V5.mp4,67,1391.0,1395.0,5.0,Jab,Jab,1,pending,data/raw/Skeleton_data/V5.npy,67,True,True,True,ok,
V5_00069,V5,/Users/krishna/dev/fightflow/data/downloaded-videos/V5.mp4,68,1396.0,1401.0,6.0,Cross,Cross,0,pending,data/raw/Skeleton_data/V5.npy,68,True,True,True,ok,
V5_00070,V5,/Users/krishna/dev/fightflow/data/downloaded-videos/V5.mp4,69,1402.0,1406.0,5.0,Jab,Jab,1,pending,data/raw/Skeleton_data/V5.npy,69,True,True,True,ok,
V5_00071,V5,/Users/krishna/dev/fightflow/data/downloaded-videos/V5.mp4,70,1409.0,1416.0,8.0,Rear Hook,Rear Hook,4,pending,data/raw/Skeleton_data/V5.npy,70,True,True,True,ok,
V5_00072,V5,/Users/krishna/dev/fightflow/data/downloaded-videos/V5.mp4,71,1441.0,1446.0,6.0,Jab,Jab,1,pending,data/raw/Skeleton_data/V5.npy,71,True,True,True,ok,
V5_00073,V5,/Users/krishna/dev/fightflow/data/downloaded-videos/V5.mp4,72,1447.0,1451.0,5.0,Cross,Cross,0,pending,data/raw/Skeleton_data/V5.npy,72,True,True,True,ok,
V5_00074,V5,/Users/krishna/dev/fightflow/data/downloaded-videos/V5.mp4,73,1453.0,1458.0,6.0,Jab,Jab,1,pending,data/raw/Skeleton_data/V5.npy,73,True,True,True,ok,
V5_00075,V5,/Users/krishna/dev/fightflow/data/downloaded-videos/V5.mp4,74,1461.0,1468.0,8.0,Rear Hook,Rear Hook,4,pending,data/raw/Skeleton_data/V5.npy,74,True,True,True,ok,
V5_00076,V5,/Users/krishna/dev/fightflow/data/downloaded-videos/V5.mp4,75,1499.0,1505.0,7.0,Jab,Jab,1,pending,data/raw/Skeleton_data/V5.npy,75,True,True,True,ok,
V5_00077,V5,/Users/krishna/dev/fightflow/data/downloaded-videos/V5.mp4,76,1506.0,1510.0,5.0,Cross,Cross,0,pending,data/raw/Skeleton_data/V5.npy,76,True,True,True,ok,
V5_00078,V5,/Users/krishna/dev/fightflow/data/downloaded-videos/V5.mp4,77,1512.0,1516.0,5.0,Jab,Jab,1,pending,data/raw/Skeleton_data/V5.npy,77,True,True,True,ok,
V5_00079,V5,/Users/krishna/dev/fightflow/data/downloaded-videos/V5.mp4,78,1519.0,1527.0,9.0,Rear Hook,Rear Hook,4,pending,data/raw/Skeleton_data/V5.npy,78,True,True,True,ok,
V5_00080,V5,/Users/krishna/dev/fightflow/data/downloaded-videos/V5.mp4,79,1546.0,1551.0,6.0,Jab,Jab,1,pending,data/raw/Skeleton_data/V5.npy,79,True,True,True,ok,
V5_00081,V5,/Users/krishna/dev/fightflow/data/downloaded-videos/V5.mp4,80,1552.0,1557.0,6.0,Cross,Cross,0,pending,data/raw/Skeleton_data/V5.npy,80,True,True,True,ok,
V5_00082,V5,/Users/krishna/dev/fightflow/data/downloaded-videos/V5.mp4,81,1559.0,1563.0,5.0,Jab,Jab,1,pending,data/raw/Skeleton_data/V5.npy,81,True,True,True,ok,
V5_00083,V5,/Users/krishna/dev/fightflow/data/downloaded-videos/V5.mp4,82,1566.0,1572.0,7.0,Rear Hook,Rear Hook,4,pending,data/raw/Skeleton_data/V5.npy,82,True,True,True,ok,
V5_00084,V5,/Users/krishna/dev/fightflow/data/downloaded-videos/V5.mp4,83,1593.0,1598.0,6.0,Jab,Jab,1,pending,data/raw/Skeleton_data/V5.npy,83,True,True,True,ok,
V5_00085,V5,/Users/krishna/dev/fightflow/data/downloaded-videos/V5.mp4,84,1599.0,1604.0,6.0,Cross,Cross,0,pending,data/raw/Skeleton_data/V5.npy,84,True,True,True,ok,
V5_00086,V5,/Users/krishna/dev/fightflow/data/downloaded-videos/V5.mp4,85,1605.0,1610.0,6.0,Jab,Jab,1,pending,data/raw/Skeleton_data/V5.npy,85,True,True,True,ok,
V5_00087,V5,/Users/krishna/dev/fightflow/data/downloaded-videos/V5.mp4,86,1613.0,1620.0,8.0,Rear Hook,Rear Hook,4,pending,data/raw/Skeleton_data/V5.npy,86,True,True,True,ok,
V5_00088,V5,/Users/krishna/dev/fightflow/data/downloaded-videos/V5.mp4,87,1637.0,1642.0,6.0,Jab,Jab,1,pending,data/raw/Skeleton_data/V5.npy,87,True,True,True,ok,
V5_00089,V5,/Users/krishna/dev/fightflow/data/downloaded-videos/V5.mp4,88,1643.0,1648.0,6.0,Cross,Cross,0,pending,data/raw/Skeleton_data/V5.npy,88,True,True,True,ok,
V5_00090,V5,/Users/krishna/dev/fightflow/data/downloaded-videos/V5.mp4,89,1649.0,1653.0,5.0,Jab,Jab,1,pending,data/raw/Skeleton_data/V5.npy,89,True,True,True,ok,
V5_00091,V5,/Users/krishna/dev/fightflow/data/downloaded-videos/V5.mp4,90,1657.0,1664.0,8.0,Rear Hook,Rear Hook,4,pending,data/raw/Skeleton_data/V5.npy,90,True,True,True,ok,
V5_00092,V5,/Users/krishna/dev/fightflow/data/downloaded-videos/V5.mp4,91,1700.0,1705.0,6.0,Jab,Jab,1,pending,data/raw/Skeleton_data/V5.npy,91,True,True,True,ok,
V5_00093,V5,/Users/krishna/dev/fightflow/data/downloaded-videos/V5.mp4,92,1707.0,1713.0,7.0,Cross,Cross,0,pending,data/raw/Skeleton_data/V5.npy,92,True,True,True,ok,
V5_00094,V5,/Users/krishna/dev/fightflow/data/downloaded-videos/V5.mp4,93,1888.0,1894.0,7.0,Jab,Jab,1,pending,data/raw/Skeleton_data/V5.npy,93,True,True,True,ok,
V5_00095,V5,/Users/krishna/dev/fightflow/data/downloaded-videos/V5.mp4,94,1895.0,1900.0,6.0,Cross,Cross,0,pending,data/raw/Skeleton_data/V5.npy,94,True,True,True,ok,
V5_00096,V5,/Users/krishna/dev/fightflow/data/downloaded-videos/V5.mp4,95,1921.0,1934.0,14.0,Lead Hook,Lead Hook,2,pending,data/raw/Skeleton_data/V5.npy,95,True,True,True,ok,
V5_00097,V5,/Users/krishna/dev/fightflow/data/downloaded-videos/V5.mp4,96,1974.0,1979.0,6.0,Jab,Jab,1,pending,data/raw/Skeleton_data/V5.npy,96,True,True,True,ok,
V5_00098,V5,/Users/krishna/dev/fightflow/data/downloaded-videos/V5.mp4,97,1980.0,1985.0,6.0,Cross,Cross,0,pending,data/raw/Skeleton_data/V5.npy,97,True,True,True,ok,
V5_00099,V5,/Users/krishna/dev/fightflow/data/downloaded-videos/V5.mp4,98,2005.0,2014.0,10.0,Lead Hook,Lead Hook,2,pending,data/raw/Skeleton_data/V5.npy,98,True,True,True,ok,
V5_00100,V5,/Users/krishna/dev/fightflow/data/downloaded-videos/V5.mp4,99,2077.0,2081.0,5.0,Jab,Jab,1,pending,data/raw/Skeleton_data/V5.npy,99,True,True,True,ok,
V5_00101,V5,/Users/krishna/dev/fightflow/data/downloaded-videos/V5.mp4,100,2083.0,2091.0,9.0,Rear Uppercut,Rear Uppercut,5,pending,data/raw/Skeleton_data/V5.npy,100,True,True,True,ok,
V5_00102,V5,/Users/krishna/dev/fightflow/data/downloaded-videos/V5.mp4,101,2092.0,2099.0,8.0,Lead Uppercut,Lead Uppercut,3,pending,data/raw/Skeleton_data/V5.npy,101,True,True,True,ok,
V5_00103,V5,/Users/krishna/dev/fightflow/data/downloaded-videos/V5.mp4,102,2100.0,2109.0,10.0,Cross,Cross,0,pending,data/raw/Skeleton_data/V5.npy,102,True,True,True,ok,
V5_00104,V5,/Users/krishna/dev/fightflow/data/downloaded-videos/V5.mp4,103,2147.0,2155.0,9.0,Rear Uppercut,Rear Uppercut,5,pending,data/raw/Skeleton_data/V5.npy,103,True,True,True,ok,
V5_00105,V5,/Users/krishna/dev/fightflow/data/downloaded-videos/V5.mp4,104,2156.0,2162.0,7.0,Lead Uppercut,Lead Uppercut,3,pending,data/raw/Skeleton_data/V5.npy,104,True,True,True,ok,
V5_00106,V5,/Users/krishna/dev/fightflow/data/downloaded-videos/V5.mp4,105,2163.0,2170.0,8.0,Cross,Cross,0,pending,data/raw/Skeleton_data/V5.npy,105,True,True,True,ok,
V5_00107,V5,/Users/krishna/dev/fightflow/data/downloaded-videos/V5.mp4,106,2224.0,2228.0,5.0,Jab,Jab,1,pending,data/raw/Skeleton_data/V5.npy,106,True,True,True,ok,
V5_00108,V5,/Users/krishna/dev/fightflow/data/downloaded-videos/V5.mp4,107,2230.0,2236.0,7.0,Rear Uppercut,Rear Uppercut,5,pending,data/raw/Skeleton_data/V5.npy,107,True,True,True,ok,
V5_00109,V5,/Users/krishna/dev/fightflow/data/downloaded-videos/V5.mp4,108,2237.0,2243.0,7.0,Lead Uppercut,Lead Uppercut,3,pending,data/raw/Skeleton_data/V5.npy,108,True,True,True,ok,
V5_00110,V5,/Users/krishna/dev/fightflow/data/downloaded-videos/V5.mp4,109,2245.0,2252.0,8.0,Cross,Cross,0,pending,data/raw/Skeleton_data/V5.npy,109,True,True,True,ok,
V5_00111,V5,/Users/krishna/dev/fightflow/data/downloaded-videos/V5.mp4,110,2272.0,2277.0,6.0,Jab,Jab,1,pending,data/raw/Skeleton_data/V5.npy,110,True,True,True,ok,
V5_00112,V5,/Users/krishna/dev/fightflow/data/downloaded-videos/V5.mp4,111,2279.0,2284.0,6.0,Rear Uppercut,Rear Uppercut,5,pending,data/raw/Skeleton_data/V5.npy,111,True,True,True,ok,
V5_00113,V5,/Users/krishna/dev/fightflow/data/downloaded-videos/V5.mp4,112,2285.0,2291.0,7.0,Lead Uppercut,Lead Uppercut,3,pending,data/raw/Skeleton_data/V5.npy,112,True,True,True,ok,
V5_00114,V5,/Users/krishna/dev/fightflow/data/downloaded-videos/V5.mp4,113,2292.0,2300.0,9.0,Cross,Cross,0,pending,data/raw/Skeleton_data/V5.npy,113,True,True,True,ok,
V5_00115,V5,/Users/krishna/dev/fightflow/data/downloaded-videos/V5.mp4,114,2334.0,2338.0,5.0,Jab,Jab,1,pending,data/raw/Skeleton_data/V5.npy,114,True,True,True,ok,
V5_00116,V5,/Users/krishna/dev/fightflow/data/downloaded-videos/V5.mp4,115,2340.0,2346.0,7.0,Rear Uppercut,Rear Uppercut,5,pending,data/raw/Skeleton_data/V5.npy,115,True,True,True,ok,
V5_00117,V5,/Users/krishna/dev/fightflow/data/downloaded-videos/V5.mp4,116,2347.0,2351.0,5.0,Lead Uppercut,Lead Uppercut,3,pending,data/raw/Skeleton_data/V5.npy,116,True,True,True,ok,
V5_00118,V5,/Users/krishna/dev/fightflow/data/downloaded-videos/V5.mp4,117,2355.0,2362.0,8.0,Cross,Cross,0,pending,data/raw/Skeleton_data/V5.npy,117,True,True,True,ok,
V5_00119,V5,/Users/krishna/dev/fightflow/data/downloaded-videos/V5.mp4,118,2412.0,2415.0,4.0,Jab,Jab,1,pending,data/raw/Skeleton_data/V5.npy,118,True,True,True,ok,
V5_00120,V5,/Users/krishna/dev/fightflow/data/downloaded-videos/V5.mp4,119,2418.0,2422.0,5.0,Rear Uppercut,Rear Uppercut,5,pending,data/raw/Skeleton_data/V5.npy,119,True,True,True,ok,
V5_00121,V5,/Users/krishna/dev/fightflow/data/downloaded-videos/V5.mp4,120,2423.0,2428.0,6.0,Lead Uppercut,Lead Uppercut,3,pending,data/raw/Skeleton_data/V5.npy,120,True,True,True,ok,
V5_00122,V5,/Users/krishna/dev/fightflow/data/downloaded-videos/V5.mp4,121,2429.0,2436.0,8.0,Cross,Cross,0,pending,data/raw/Skeleton_data/V5.npy,121,True,True,True,ok,
V5_00123,V5,/Users/krishna/dev/fightflow/data/downloaded-videos/V5.mp4,122,2446.0,2450.0,5.0,Jab,Jab,1,pending,data/raw/Skeleton_data/V5.npy,122,True,True,True,ok,
V5_00124,V5,/Users/krishna/dev/fightflow/data/downloaded-videos/V5.mp4,123,2452.0,2458.0,7.0,Rear Uppercut,Rear Uppercut,5,pending,data/raw/Skeleton_data/V5.npy,123,True,True,True,ok,
V5_00125,V5,/Users/krishna/dev/fightflow/data/downloaded-videos/V5.mp4,124,2459.0,2463.0,5.0,Lead Uppercut,Lead Uppercut,3,pending,data/raw/Skeleton_data/V5.npy,124,True,True,True,ok,
V5_00126,V5,/Users/krishna/dev/fightflow/data/downloaded-videos/V5.mp4,125,2464.0,2472.0,9.0,Cross,Cross,0,pending,data/raw/Skeleton_data/V5.npy,125,True,True,True,ok,
V5_00127,V5,/Users/krishna/dev/fightflow/data/downloaded-videos/V5.mp4,126,2504.0,2510.0,7.0,Jab,Jab,1,pending,data/raw/Skeleton_data/V5.npy,126,True,True,True,ok,
V5_00128,V5,/Users/krishna/dev/fightflow/data/downloaded-videos/V5.mp4,127,2514.0,2521.0,8.0,Rear Uppercut,Rear Uppercut,5,pending,data/raw/Skeleton_data/V5.npy,127,True,True,True,ok,
V5_00129,V5,/Users/krishna/dev/fightflow/data/downloaded-videos/V5.mp4,128,2553.0,2558.0,6.0,Jab,Jab,1,pending,data/raw/Skeleton_data/V5.npy,128,True,True,True,ok,
V5_00130,V5,/Users/krishna/dev/fightflow/data/downloaded-videos/V5.mp4,129,2560.0,2567.0,8.0,Rear Uppercut,Rear Uppercut,5,pending,data/raw/Skeleton_data/V5.npy,129,True,True,True,ok,
V5_00131,V5,/Users/krishna/dev/fightflow/data/downloaded-videos/V5.mp4,130,2594.0,2599.0,6.0,Jab,Jab,1,pending,data/raw/Skeleton_data/V5.npy,130,True,True,True,ok,
V5_00132,V5,/Users/krishna/dev/fightflow/data/downloaded-videos/V5.mp4,131,2602.0,2610.0,9.0,Rear Uppercut,Rear Uppercut,5,pending,data/raw/Skeleton_data/V5.npy,131,True,True,True,ok,
V5_00133,V5,/Users/krishna/dev/fightflow/data/downloaded-videos/V5.mp4,132,2641.0,2645.0,5.0,Jab,Jab,1,pending,data/raw/Skeleton_data/V5.npy,132,True,True,True,ok,
V5_00134,V5,/Users/krishna/dev/fightflow/data/downloaded-videos/V5.mp4,133,2648.0,2655.0,8.0,Rear Uppercut,Rear Uppercut,5,pending,data/raw/Skeleton_data/V5.npy,133,True,True,True,ok,
V5_00135,V5,/Users/krishna/dev/fightflow/data/downloaded-videos/V5.mp4,134,2675.0,2680.0,6.0,Jab,Jab,1,pending,data/raw/Skeleton_data/V5.npy,134,True,True,True,ok,
V5_00136,V5,/Users/krishna/dev/fightflow/data/downloaded-videos/V5.mp4,135,2683.0,2690.0,8.0,Rear Uppercut,Rear Uppercut,5,pending,data/raw/Skeleton_data/V5.npy,135,True,True,True,ok,
V5_00137,V5,/Users/krishna/dev/fightflow/data/downloaded-videos/V5.mp4,136,2728.0,2734.0,7.0,Jab,Jab,1,pending,data/raw/Skeleton_data/V5.npy,136,True,True,True,ok,
V5_00138,V5,/Users/krishna/dev/fightflow/data/downloaded-videos/V5.mp4,137,2737.0,2743.0,7.0,Rear Uppercut,Rear Uppercut,5,pending,data/raw/Skeleton_data/V5.npy,137,True,True,True,ok,
V5_00139,V5,/Users/krishna/dev/fightflow/data/downloaded-videos/V5.mp4,138,2773.0,2779.0,7.0,Jab,Jab,1,pending,data/raw/Skeleton_data/V5.npy,138,True,True,True,ok,
V5_00140,V5,/Users/krishna/dev/fightflow/data/downloaded-videos/V5.mp4,139,2781.0,2789.0,9.0,Rear Uppercut,Rear Uppercut,5,pending,data/raw/Skeleton_data/V5.npy,139,True,True,True,ok,
V5_00141,V5,/Users/krishna/dev/fightflow/data/downloaded-videos/V5.mp4,140,2826.0,2831.0,6.0,Jab,Jab,1,pending,data/raw/Skeleton_data/V5.npy,140,True,True,True,ok,
V5_00142,V5,/Users/krishna/dev/fightflow/data/downloaded-videos/V5.mp4,141,2834.0,2842.0,9.0,Rear Uppercut,Rear Uppercut,5,pending,data/raw/Skeleton_data/V5.npy,141,True,True,True,ok,
V5_00143,V5,/Users/krishna/dev/fightflow/data/downloaded-videos/V5.mp4,142,2857.0,2863.0,7.0,Jab,Jab,1,pending,data/raw/Skeleton_data/V5.npy,142,True,True,True,ok,
V5_00144,V5,/Users/krishna/dev/fightflow/data/downloaded-videos/V5.mp4,143,2864.0,2873.0,10.0,Rear Uppercut,Rear Uppercut,5,pending,data/raw/Skeleton_data/V5.npy,143,True,True,True,ok,
V5_00145,V5,/Users/krishna/dev/fightflow/data/downloaded-videos/V5.mp4,144,2905.0,2909.0,5.0,Jab,Jab,1,pending,data/raw/Skeleton_data/V5.npy,144,True,True,True,ok,
V5_00146,V5,/Users/krishna/dev/fightflow/data/downloaded-videos/V5.mp4,145,2912.0,2918.0,7.0,Cross,Cross,0,pending,data/raw/Skeleton_data/V5.npy,145,True,True,True,ok,
V5_00147,V5,/Users/krishna/dev/fightflow/data/downloaded-videos/V5.mp4,146,2920.0,2926.0,7.0,Jab,Jab,1,pending,data/raw/Skeleton_data/V5.npy,146,True,True,True,ok,
V5_00148,V5,/Users/krishna/dev/fightflow/data/downloaded-videos/V5.mp4,147,2981.0,2986.0,6.0,Jab,Jab,1,pending,data/raw/Skeleton_data/V5.npy,147,True,True,True,ok,
V5_00149,V5,/Users/krishna/dev/fightflow/data/downloaded-videos/V5.mp4,148,2988.0,2993.0,6.0,Cross,Cross,0,pending,data/raw/Skeleton_data/V5.npy,148,True,True,True,ok,
V5_00150,V5,/Users/krishna/dev/fightflow/data/downloaded-videos/V5.mp4,149,2995.0,3002.0,8.0,Jab,Jab,1,pending,data/raw/Skeleton_data/V5.npy,149,True,True,True,ok,
V5_00151,V5,/Users/krishna/dev/fightflow/data/downloaded-videos/V5.mp4,150,3045.0,3049.0,5.0,Jab,Jab,1,pending,data/raw/Skeleton_data/V5.npy,150,True,True,True,ok,
V5_00152,V5,/Users/krishna/dev/fightflow/data/downloaded-videos/V5.mp4,151,3051.0,3056.0,6.0,Cross,Cross,0,pending,data/raw/Skeleton_data/V5.npy,151,True,True,True,ok,
V5_00153,V5,/Users/krishna/dev/fightflow/data/downloaded-videos/V5.mp4,152,3057.0,3063.0,7.0,Jab,Jab,1,pending,data/raw/Skeleton_data/V5.npy,152,True,True,True,ok,
V5_00154,V5,/Users/krishna/dev/fightflow/data/downloaded-videos/V5.mp4,153,3089.0,3095.0,7.0,Jab,Jab,1,pending,data/raw/Skeleton_data/V5.npy,153,True,True,True,ok,
V5_00155,V5,/Users/krishna/dev/fightflow/data/downloaded-videos/V5.mp4,154,3096.0,3102.0,7.0,Cross,Cross,0,pending,data/raw/Skeleton_data/V5.npy,154,True,True,True,ok,
V5_00156,V5,/Users/krishna/dev/fightflow/data/downloaded-videos/V5.mp4,155,3104.0,3110.0,7.0,Jab,Jab,1,pending,data/raw/Skeleton_data/V5.npy,155,True,True,True,ok,
V5_00157,V5,/Users/krishna/dev/fightflow/data/downloaded-videos/V5.mp4,156,3154.0,3159.0,6.0,Jab,Jab,1,pending,data/raw/Skeleton_data/V5.npy,156,True,True,True,ok,
V5_00158,V5,/Users/krishna/dev/fightflow/data/downloaded-videos/V5.mp4,157,3161.0,3166.0,6.0,Cross,Cross,0,pending,data/raw/Skeleton_data/V5.npy,157,True,True,True,ok,
V5_00159,V5,/Users/krishna/dev/fightflow/data/downloaded-videos/V5.mp4,158,3169.0,3175.0,7.0,Jab,Jab,1,pending,data/raw/Skeleton_data/V5.npy,158,True,True,True,ok,
V5_00160,V5,/Users/krishna/dev/fightflow/data/downloaded-videos/V5.mp4,159,3218.0,3223.0,6.0,Jab,Jab,1,pending,data/raw/Skeleton_data/V5.npy,159,True,True,True,ok,
V5_00161,V5,/Users/krishna/dev/fightflow/data/downloaded-videos/V5.mp4,160,3226.0,3231.0,6.0,Cross,Cross,0,pending,data/raw/Skeleton_data/V5.npy,160,True,True,True,ok,
V5_00162,V5,/Users/krishna/dev/fightflow/data/downloaded-videos/V5.mp4,161,3234.0,3240.0,7.0,Jab,Jab,1,pending,data/raw/Skeleton_data/V5.npy,161,True,True,True,ok,
V5_00163,V5,/Users/krishna/dev/fightflow/data/downloaded-videos/V5.mp4,162,3297.0,3303.0,7.0,Jab,Jab,1,pending,data/raw/Skeleton_data/V5.npy,162,True,True,True,ok,
V5_00164,V5,/Users/krishna/dev/fightflow/data/downloaded-videos/V5.mp4,163,3310.0,3315.0,6.0,Lead Hook,Lead Hook,2,pending,data/raw/Skeleton_data/V5.npy,163,True,True,True,ok,
V5_00165,V5,/Users/krishna/dev/fightflow/data/downloaded-videos/V5.mp4,164,3322.0,3333.0,12.0,Cross,Cross,0,pending,data/raw/Skeleton_data/V5.npy,164,True,True,True,ok,
V5_00166,V5,/Users/krishna/dev/fightflow/data/downloaded-videos/V5.mp4,165,3453.0,3457.0,5.0,Jab,Jab,1,pending,data/raw/Skeleton_data/V5.npy,165,True,True,True,ok,
V5_00167,V5,/Users/krishna/dev/fightflow/data/downloaded-videos/V5.mp4,166,3460.0,3466.0,7.0,Lead Hook,Lead Hook,2,pending,data/raw/Skeleton_data/V5.npy,166,True,True,True,ok,
V5_00168,V5,/Users/krishna/dev/fightflow/data/downloaded-videos/V5.mp4,167,3472.0,3480.0,9.0,Cross,Cross,0,pending,data/raw/Skeleton_data/V5.npy,167,True,True,True,ok,
V5_00169,V5,/Users/krishna/dev/fightflow/data/downloaded-videos/V5.mp4,168,3541.0,3545.0,5.0,Jab,Jab,1,pending,data/raw/Skeleton_data/V5.npy,168,True,True,True,ok,
V5_00170,V5,/Users/krishna/dev/fightflow/data/downloaded-videos/V5.mp4,169,3549.0,3553.0,5.0,Lead Hook,Lead Hook,2,pending,data/raw/Skeleton_data/V5.npy,169,True,True,True,ok,
V5_00171,V5,/Users/krishna/dev/fightflow/data/downloaded-videos/V5.mp4,170,3558.0,3568.0,11.0,Cross,Cross,0,pending,data/raw/Skeleton_data/V5.npy,170,True,True,True,ok,
V5_00172,V5,/Users/krishna/dev/fightflow/data/downloaded-videos/V5.mp4,171,3635.0,3640.0,6.0,Jab,Jab,1,pending,data/raw/Skeleton_data/V5.npy,171,True,True,True,ok,
V5_00173,V5,/Users/krishna/dev/fightflow/data/downloaded-videos/V5.mp4,172,3643.0,3647.0,5.0,Lead Hook,Lead Hook,2,pending,data/raw/Skeleton_data/V5.npy,172,True,True,True,ok,
V5_00174,V5,/Users/krishna/dev/fightflow/data/downloaded-videos/V5.mp4,173,3652.0,3661.0,10.0,Cross,Cross,0,pending,data/raw/Skeleton_data/V5.npy,173,True,True,True,ok,
V5_00175,V5,/Users/krishna/dev/fightflow/data/downloaded-videos/V5.mp4,174,3727.0,3731.0,5.0,Jab,Jab,1,pending,data/raw/Skeleton_data/V5.npy,174,True,True,True,ok,
V5_00176,V5,/Users/krishna/dev/fightflow/data/downloaded-videos/V5.mp4,175,3735.0,3738.0,4.0,Lead Hook,Lead Hook,2,pending,data/raw/Skeleton_data/V5.npy,175,True,True,True,ok,
V5_00177,V5,/Users/krishna/dev/fightflow/data/downloaded-videos/V5.mp4,176,3742.0,3750.0,9.0,Cross,Cross,0,pending,data/raw/Skeleton_data/V5.npy,176,True,True,True,ok,
V5_00178,V5,/Users/krishna/dev/fightflow/data/downloaded-videos/V5.mp4,177,3803.0,3808.0,6.0,Jab,Jab,1,pending,data/raw/Skeleton_data/V5.npy,177,True,True,True,ok,
V5_00179,V5,/Users/krishna/dev/fightflow/data/downloaded-videos/V5.mp4,178,3811.0,3814.0,4.0,Lead Hook,Lead Hook,2,pending,data/raw/Skeleton_data/V5.npy,178,True,True,True,ok,
V5_00180,V5,/Users/krishna/dev/fightflow/data/downloaded-videos/V5.mp4,179,3821.0,3830.0,10.0,Cross,Cross,0,pending,data/raw/Skeleton_data/V5.npy,179,True,True,True,ok,
V5_00181,V5,/Users/krishna/dev/fightflow/data/downloaded-videos/V5.mp4,180,3870.0,3875.0,6.0,Jab,Jab,1,pending,data/raw/Skeleton_data/V5.npy,180,True,True,True,ok,
V5_00182,V5,/Users/krishna/dev/fightflow/data/downloaded-videos/V5.mp4,181,3897.0,3905.0,9.0,Jab,Jab,1,pending,data/raw/Skeleton_data/V5.npy,181,True,True,True,ok,
V5_00183,V5,/Users/krishna/dev/fightflow/data/downloaded-videos/V5.mp4,182,3927.0,3935.0,9.0,Jab,Jab,1,pending,data/raw/Skeleton_data/V5.npy,182,True,True,True,ok,
V5_00184,V5,/Users/krishna/dev/fightflow/data/downloaded-videos/V5.mp4,183,3960.0,3969.0,10.0,Jab,Jab,1,pending,data/raw/Skeleton_data/V5.npy,183,True,True,True,ok,
V5_00185,V5,/Users/krishna/dev/fightflow/data/downloaded-videos/V5.mp4,184,4000.0,4005.0,6.0,Jab,Jab,1,pending,data/raw/Skeleton_data/V5.npy,184,True,True,True,ok,
V5_00186,V5,/Users/krishna/dev/fightflow/data/downloaded-videos/V5.mp4,185,4012.0,4018.0,7.0,Lead Uppercut,Lead Uppercut,3,pending,data/raw/Skeleton_data/V5.npy,185,True,True,True,ok,
V5_00187,V5,/Users/krishna/dev/fightflow/data/downloaded-videos/V5.mp4,186,4022.0,4032.0,11.0,Lead Hook,Lead Hook,2,pending,data/raw/Skeleton_data/V5.npy,186,True,True,True,ok,
V5_00188,V5,/Users/krishna/dev/fightflow/data/downloaded-videos/V5.mp4,187,4076.0,4081.0,6.0,Jab,Jab,1,pending,data/raw/Skeleton_data/V5.npy,187,True,True,True,ok,
V5_00189,V5,/Users/krishna/dev/fightflow/data/downloaded-videos/V5.mp4,188,4087.0,4093.0,7.0,Lead Uppercut,Lead Uppercut,3,pending,data/raw/Skeleton_data/V5.npy,188,True,True,True,ok,
V5_00190,V5,/Users/krishna/dev/fightflow/data/downloaded-videos/V5.mp4,189,4096.0,4105.0,10.0,Lead Hook,Lead Hook,2,pending,data/raw/Skeleton_data/V5.npy,189,True,True,True,ok,
V5_00191,V5,/Users/krishna/dev/fightflow/data/downloaded-videos/V5.mp4,190,4152.0,4156.0,5.0,Jab,Jab,1,pending,data/raw/Skeleton_data/V5.npy,190,True,True,True,ok,
V5_00192,V5,/Users/krishna/dev/fightflow/data/downloaded-videos/V5.mp4,191,4163.0,4170.0,8.0,Lead Uppercut,Lead Uppercut,3,pending,data/raw/Skeleton_data/V5.npy,191,True,True,True,ok,
V5_00193,V5,/Users/krishna/dev/fightflow/data/downloaded-videos/V5.mp4,192,4172.0,4180.0,9.0,Lead Hook,Lead Hook,2,pending,data/raw/Skeleton_data/V5.npy,192,True,True,True,ok,
V5_00194,V5,/Users/krishna/dev/fightflow/data/downloaded-videos/V5.mp4,193,4205.0,4210.0,6.0,Jab,Jab,1,pending,data/raw/Skeleton_data/V5.npy,193,True,True,True,ok,
V5_00195,V5,/Users/krishna/dev/fightflow/data/downloaded-videos/V5.mp4,194,4214.0,4224.0,11.0,Lead Uppercut,Lead Uppercut,3,pending,data/raw/Skeleton_data/V5.npy,194,True,True,True,ok,
V5_00196,V5,/Users/krishna/dev/fightflow/data/downloaded-videos/V5.mp4,195,4226.0,4237.0,12.0,Lead Hook,Lead Hook,2,pending,data/raw/Skeleton_data/V5.npy,195,True,True,True,ok,
V5_00197,V5,/Users/krishna/dev/fightflow/data/downloaded-videos/V5.mp4,196,4255.0,4261.0,7.0,Jab,Jab,1,pending,data/raw/Skeleton_data/V5.npy,196,True,True,True,ok,
V5_00198,V5,/Users/krishna/dev/fightflow/data/downloaded-videos/V5.mp4,197,4268.0,4274.0,7.0,Lead Uppercut,Lead Uppercut,3,pending,data/raw/Skeleton_data/V5.npy,197,True,True,True,ok,
V5_00199,V5,/Users/krishna/dev/fightflow/data/downloaded-videos/V5.mp4,198,4277.0,4287.0,11.0,Lead Hook,Lead Hook,2,pending,data/raw/Skeleton_data/V5.npy,198,True,True,True,ok,
V5_00200,V5,/Users/krishna/dev/fightflow/data/downloaded-videos/V5.mp4,199,4336.0,4342.0,7.0,Jab,Jab,1,pending,data/raw/Skeleton_data/V5.npy,199,True,True,True,ok,
V5_00201,V5,/Users/krishna/dev/fightflow/data/downloaded-videos/V5.mp4,200,4344.0,4351.0,8.0,Cross,Cross,0,pending,data/raw/Skeleton_data/V5.npy,200,True,True,True,ok,
V5_00202,V5,/Users/krishna/dev/fightflow/data/downloaded-videos/V5.mp4,201,4354.0,4359.0,6.0,Lead Uppercut,Lead Uppercut,3,pending,data/raw/Skeleton_data/V5.npy,201,True,True,True,ok,
V5_00203,V5,/Users/krishna/dev/fightflow/data/downloaded-videos/V5.mp4,202,4362.0,4373.0,12.0,Lead Hook,Lead Hook,2,pending,data/raw/Skeleton_data/V5.npy,202,True,True,True,ok,
V5_00204,V5,/Users/krishna/dev/fightflow/data/downloaded-videos/V5.mp4,203,4394.0,4400.0,7.0,Jab,Jab,1,pending,data/raw/Skeleton_data/V5.npy,203,True,True,True,ok,
V5_00205,V5,/Users/krishna/dev/fightflow/data/downloaded-videos/V5.mp4,204,4401.0,4407.0,7.0,Cross,Cross,0,pending,data/raw/Skeleton_data/V5.npy,204,True,True,True,ok,
V5_00206,V5,/Users/krishna/dev/fightflow/data/downloaded-videos/V5.mp4,205,4408.0,4414.0,7.0,Lead Uppercut,Lead Uppercut,3,pending,data/raw/Skeleton_data/V5.npy,205,True,True,True,ok,
V5_00207,V5,/Users/krishna/dev/fightflow/data/downloaded-videos/V5.mp4,206,4416.0,4427.0,12.0,Lead Hook,Lead Hook,2,pending,data/raw/Skeleton_data/V5.npy,206,True,True,True,ok,
V5_00208,V5,/Users/krishna/dev/fightflow/data/downloaded-videos/V5.mp4,207,4447.0,4453.0,7.0,Jab,Jab,1,pending,data/raw/Skeleton_data/V5.npy,207,True,True,True,ok,
V5_00209,V5,/Users/krishna/dev/fightflow/data/downloaded-videos/V5.mp4,208,4454.0,4460.0,7.0,Cross,Cross,0,pending,data/raw/Skeleton_data/V5.npy,208,True,True,True,ok,
V5_00210,V5,/Users/krishna/dev/fightflow/data/downloaded-videos/V5.mp4,209,4461.0,4466.0,6.0,Lead Uppercut,Lead Uppercut,3,pending,data/raw/Skeleton_data/V5.npy,209,True,True,True,ok,
V5_00211,V5,/Users/krishna/dev/fightflow/data/downloaded-videos/V5.mp4,210,4467.0,4479.0,13.0,Lead Hook,Lead Hook,2,pending,data/raw/Skeleton_data/V5.npy,210,True,True,True,ok,
V5_00212,V5,/Users/krishna/dev/fightflow/data/downloaded-videos/V5.mp4,211,4498.0,4502.0,5.0,Jab,Jab,1,pending,data/raw/Skeleton_data/V5.npy,211,True,True,True,ok,
V5_00213,V5,/Users/krishna/dev/fightflow/data/downloaded-videos/V5.mp4,212,4504.0,4509.0,6.0,Cross,Cross,0,pending,data/raw/Skeleton_data/V5.npy,212,True,True,True,ok,
V5_00214,V5,/Users/krishna/dev/fightflow/data/downloaded-videos/V5.mp4,213,4510.0,4516.0,7.0,Lead Uppercut,Lead Uppercut,3,pending,data/raw/Skeleton_data/V5.npy,213,True,True,True,ok,
V5_00215,V5,/Users/krishna/dev/fightflow/data/downloaded-videos/V5.mp4,214,4518.0,4528.0,11.0,Lead Hook,Lead Hook,2,pending,data/raw/Skeleton_data/V5.npy,214,True,True,True,ok,
V5_00216,V5,/Users/krishna/dev/fightflow/data/downloaded-videos/V5.mp4,215,4546.0,4551.0,6.0,Jab,Jab,1,pending,data/raw/Skeleton_data/V5.npy,215,True,True,True,ok,
V5_00217,V5,/Users/krishna/dev/fightflow/data/downloaded-videos/V5.mp4,216,4552.0,4557.0,6.0,Cross,Cross,0,pending,data/raw/Skeleton_data/V5.npy,216,True,True,True,ok,
V5_00218,V5,/Users/krishna/dev/fightflow/data/downloaded-videos/V5.mp4,217,4558.0,4564.0,7.0,Lead Uppercut,Lead Uppercut,3,pending,data/raw/Skeleton_data/V5.npy,217,True,True,True,ok,
V5_00219,V5,/Users/krishna/dev/fightflow/data/downloaded-videos/V5.mp4,218,4566.0,4578.0,13.0,Lead Hook,Lead Hook,2,pending,data/raw/Skeleton_data/V5.npy,218,True,True,True,ok,
V5_00220,V5,/Users/krishna/dev/fightflow/data/downloaded-videos/V5.mp4,219,4593.0,4599.0,7.0,Jab,Jab,1,pending,data/raw/Skeleton_data/V5.npy,219,True,True,True,ok,
V5_00221,V5,/Users/krishna/dev/fightflow/data/downloaded-videos/V5.mp4,220,4600.0,4605.0,6.0,Cross,Cross,0,pending,data/raw/Skeleton_data/V5.npy,220,True,True,True,ok,
V5_00222,V5,/Users/krishna/dev/fightflow/data/downloaded-videos/V5.mp4,221,4606.0,4613.0,8.0,Lead Uppercut,Lead Uppercut,3,pending,data/raw/Skeleton_data/V5.npy,221,True,True,True,ok,
V5_00223,V5,/Users/krishna/dev/fightflow/data/downloaded-videos/V5.mp4,222,4615.0,4625.0,11.0,Lead Hook,Lead Hook,2,pending,data/raw/Skeleton_data/V5.npy,222,True,True,True,ok,
V5_00224,V5,/Users/krishna/dev/fightflow/data/downloaded-videos/V5.mp4,223,4643.0,4648.0,6.0,Jab,Jab,1,pending,data/raw/Skeleton_data/V5.npy,223,True,True,True,ok,
V5_00225,V5,/Users/krishna/dev/fightflow/data/downloaded-videos/V5.mp4,224,4649.0,4654.0,6.0,Cross,Cross,0,pending,data/raw/Skeleton_data/V5.npy,224,True,True,True,ok,
V5_00226,V5,/Users/krishna/dev/fightflow/data/downloaded-videos/V5.mp4,225,4655.0,4662.0,8.0,Lead Uppercut,Lead Uppercut,3,pending,data/raw/Skeleton_data/V5.npy,225,True,True,True,ok,
V5_00227,V5,/Users/krishna/dev/fightflow/data/downloaded-videos/V5.mp4,226,4664.0,4675.0,12.0,Lead Hook,Lead Hook,2,pending,data/raw/Skeleton_data/V5.npy,226,True,True,True,ok,
V5_00228,V5,/Users/krishna/dev/fightflow/data/downloaded-videos/V5.mp4,227,4724.0,4728.0,5.0,Jab,Jab,1,pending,data/raw/Skeleton_data/V5.npy,227,True,True,True,ok,
V5_00229,V5,/Users/krishna/dev/fightflow/data/downloaded-videos/V5.mp4,228,4737.0,4744.0,8.0,Cross,Cross,0,pending,data/raw/Skeleton_data/V5.npy,228,True,True,True,ok,
V5_00230,V5,/Users/krishna/dev/fightflow/data/downloaded-videos/V5.mp4,229,4773.0,4778.0,6.0,Jab,Jab,1,pending,data/raw/Skeleton_data/V5.npy,229,True,True,True,ok,
V5_00231,V5,/Users/krishna/dev/fightflow/data/downloaded-videos/V5.mp4,230,4786.0,4793.0,8.0,Cross,Cross,0,pending,data/raw/Skeleton_data/V5.npy,230,True,True,True,ok,
V5_00232,V5,/Users/krishna/dev/fightflow/data/downloaded-videos/V5.mp4,231,4823.0,4829.0,7.0,Jab,Jab,1,pending,data/raw/Skeleton_data/V5.npy,231,True,True,True,ok,
V5_00233,V5,/Users/krishna/dev/fightflow/data/downloaded-videos/V5.mp4,232,4835.0,4843.0,9.0,Cross,Cross,0,pending,data/raw/Skeleton_data/V5.npy,232,True,True,True,ok,
V5_00234,V5,/Users/krishna/dev/fightflow/data/downloaded-videos/V5.mp4,233,4872.0,4877.0,6.0,Jab,Jab,1,pending,data/raw/Skeleton_data/V5.npy,233,True,True,True,ok,
V5_00235,V5,/Users/krishna/dev/fightflow/data/downloaded-videos/V5.mp4,234,4886.0,4894.0,9.0,Cross,Cross,0,pending,data/raw/Skeleton_data/V5.npy,234,True,True,True,ok,
V5_00236,V5,/Users/krishna/dev/fightflow/data/downloaded-videos/V5.mp4,235,4921.0,4926.0,6.0,Jab,Jab,1,pending,data/raw/Skeleton_data/V5.npy,235,True,True,True,ok,
V5_00237,V5,/Users/krishna/dev/fightflow/data/downloaded-videos/V5.mp4,236,4933.0,4942.0,10.0,Cross,Cross,0,pending,data/raw/Skeleton_data/V5.npy,236,True,True,True,ok,
V5_00238,V5,/Users/krishna/dev/fightflow/data/downloaded-videos/V5.mp4,237,4971.0,4976.0,6.0,Jab,Jab,1,pending,data/raw/Skeleton_data/V5.npy,237,True,True,True,ok,
V5_00239,V5,/Users/krishna/dev/fightflow/data/downloaded-videos/V5.mp4,238,4978.0,4985.0,8.0,Cross,Cross,0,pending,data/raw/Skeleton_data/V5.npy,238,True,True,True,ok,
V5_00240,V5,/Users/krishna/dev/fightflow/data/downloaded-videos/V5.mp4,239,4997.0,5007.0,11.0,Rear Uppercut,Rear Uppercut,5,pending,data/raw/Skeleton_data/V5.npy,239,True,True,True,ok,
V5_00241,V5,/Users/krishna/dev/fightflow/data/downloaded-videos/V5.mp4,240,5038.0,5044.0,7.0,Jab,Jab,1,pending,data/raw/Skeleton_data/V5.npy,240,True,True,True,ok,
V5_00242,V5,/Users/krishna/dev/fightflow/data/downloaded-videos/V5.mp4,241,5045.0,5053.0,9.0,Cross,Cross,0,pending,data/raw/Skeleton_data/V5.npy,241,True,True,True,ok,
V5_00243,V5,/Users/krishna/dev/fightflow/data/downloaded-videos/V5.mp4,242,5065.0,5075.0,11.0,Rear Uppercut,Rear Uppercut,5,pending,data/raw/Skeleton_data/V5.npy,242,True,True,True,ok,
V5_00244,V5,/Users/krishna/dev/fightflow/data/downloaded-videos/V5.mp4,243,5109.0,5115.0,7.0,Jab,Jab,1,pending,data/raw/Skeleton_data/V5.npy,243,True,True,True,ok,
V5_00245,V5,/Users/krishna/dev/fightflow/data/downloaded-videos/V5.mp4,244,5116.0,5123.0,8.0,Cross,Cross,0,pending,data/raw/Skeleton_data/V5.npy,244,True,True,True,ok,
V5_00246,V5,/Users/krishna/dev/fightflow/data/downloaded-videos/V5.mp4,245,5135.0,5145.0,11.0,Rear Uppercut,Rear Uppercut,5,pending,data/raw/Skeleton_data/V5.npy,245,True,True,True,ok,
V5_00247,V5,/Users/krishna/dev/fightflow/data/downloaded-videos/V5.mp4,246,5154.0,5161.0,8.0,Jab,Jab,1,pending,data/raw/Skeleton_data/V5.npy,246,True,True,True,ok,
V5_00248,V5,/Users/krishna/dev/fightflow/data/downloaded-videos/V5.mp4,247,5162.0,5168.0,7.0,Cross,Cross,0,pending,data/raw/Skeleton_data/V5.npy,247,True,True,True,ok,
V5_00249,V5,/Users/krishna/dev/fightflow/data/downloaded-videos/V5.mp4,248,5178.0,5188.0,11.0,Rear Uppercut,Rear Uppercut,5,pending,data/raw/Skeleton_data/V5.npy,248,True,True,True,ok,
V5_00250,V5,/Users/krishna/dev/fightflow/data/downloaded-videos/V5.mp4,249,5199.0,5207.0,9.0,Jab,Jab,1,pending,data/raw/Skeleton_data/V5.npy,249,True,True,True,ok,
V5_00251,V5,/Users/krishna/dev/fightflow/data/downloaded-videos/V5.mp4,250,5208.0,5214.0,7.0,Cross,Cross,0,pending,data/raw/Skeleton_data/V5.npy,250,True,True,True,ok,
V5_00252,V5,/Users/krishna/dev/fightflow/data/downloaded-videos/V5.mp4,251,5223.0,5236.0,14.0,Rear Uppercut,Rear Uppercut,5,pending,data/raw/Skeleton_data/V5.npy,251,True,True,True,ok,
V5_00253,V5,/Users/krishna/dev/fightflow/data/downloaded-videos/V5.mp4,252,5242.0,5249.0,8.0,Jab,Jab,1,pending,data/raw/Skeleton_data/V5.npy,252,True,True,True,ok,
V5_00254,V5,/Users/krishna/dev/fightflow/data/downloaded-videos/V5.mp4,253,5250.0,5257.0,8.0,Cross,Cross,0,pending,data/raw/Skeleton_data/V5.npy,253,True,True,True,ok,
V5_00255,V5,/Users/krishna/dev/fightflow/data/downloaded-videos/V5.mp4,254,5264.0,5278.0,15.0,Rear Uppercut,Rear Uppercut,5,pending,data/raw/Skeleton_data/V5.npy,254,True,True,True,ok,
V5_00256,V5,/Users/krishna/dev/fightflow/data/downloaded-videos/V5.mp4,255,5283.0,5290.0,8.0,Jab,Jab,1,pending,data/raw/Skeleton_data/V5.npy,255,True,True,True,ok,
V5_00257,V5,/Users/krishna/dev/fightflow/data/downloaded-videos/V5.mp4,256,5291.0,5299.0,9.0,Cross,Cross,0,pending,data/raw/Skeleton_data/V5.npy,256,True,True,True,ok,
V5_00258,V5,/Users/krishna/dev/fightflow/data/downloaded-videos/V5.mp4,257,5308.0,5323.0,16.0,Rear Uppercut,Rear Uppercut,5,pending,data/raw/Skeleton_data/V5.npy,257,True,True,True,ok,
V5_00259,V5,/Users/krishna/dev/fightflow/data/downloaded-videos/V5.mp4,258,5359.0,5367.0,9.0,Jab,Jab,1,pending,data/raw/Skeleton_data/V5.npy,258,True,True,True,ok,
V5_00260,V5,/Users/krishna/dev/fightflow/data/downloaded-videos/V5.mp4,259,5369.0,5376.0,8.0,Cross,Cross,0,pending,data/raw/Skeleton_data/V5.npy,259,True,True,True,ok,
V5_00261,V5,/Users/krishna/dev/fightflow/data/downloaded-videos/V5.mp4,260,5377.0,5383.0,7.0,Jab,Jab,1,pending,data/raw/Skeleton_data/V5.npy,260,True,True,True,ok,
V5_00262,V5,/Users/krishna/dev/fightflow/data/downloaded-videos/V5.mp4,261,5384.0,5392.0,9.0,Cross,Cross,0,pending,data/raw/Skeleton_data/V5.npy,261,True,True,True,ok,
V5_00263,V5,/Users/krishna/dev/fightflow/data/downloaded-videos/V5.mp4,262,5393.0,5399.0,7.0,Jab,Jab,1,pending,data/raw/Skeleton_data/V5.npy,262,True,True,True,ok,
V5_00264,V5,/Users/krishna/dev/fightflow/data/downloaded-videos/V5.mp4,263,5400.0,5410.0,11.0,Cross,Cross,0,pending,data/raw/Skeleton_data/V5.npy,263,True,True,True,ok,
V5_00265,V5,/Users/krishna/dev/fightflow/data/downloaded-videos/V5.mp4,264,5411.0,5417.0,7.0,Jab,Jab,1,pending,data/raw/Skeleton_data/V5.npy,264,True,True,True,ok,
V5_00266,V5,/Users/krishna/dev/fightflow/data/downloaded-videos/V5.mp4,265,5418.0,5425.0,8.0,Cross,Cross,0,pending,data/raw/Skeleton_data/V5.npy,265,True,True,True,ok,
V5_00267,V5,/Users/krishna/dev/fightflow/data/downloaded-videos/V5.mp4,266,5426.0,5434.0,9.0,Jab,Jab,1,pending,data/raw/Skeleton_data/V5.npy,266,True,True,True,ok,
V5_00268,V5,/Users/krishna/dev/fightflow/data/downloaded-videos/V5.mp4,267,5435.0,5444.0,10.0,Cross,Cross,0,pending,data/raw/Skeleton_data/V5.npy,267,True,True,True,ok,
V5_00269,V5,/Users/krishna/dev/fightflow/data/downloaded-videos/V5.mp4,268,5445.0,5454.0,10.0,Jab,Jab,1,pending,data/raw/Skeleton_data/V5.npy,268,True,True,True,ok,
V5_00270,V5,/Users/krishna/dev/fightflow/data/downloaded-videos/V5.mp4,269,5455.0,5461.0,7.0,Cross,Cross,0,pending,data/raw/Skeleton_data/V5.npy,269,True,True,True,ok,
V5_00271,V5,/Users/krishna/dev/fightflow/data/downloaded-videos/V5.mp4,270,5432.0,5468.0,37.0,Jab,Jab,1,pending,data/raw/Skeleton_data/V5.npy,270,True,True,True,ok,
V5_00272,V5,/Users/krishna/dev/fightflow/data/downloaded-videos/V5.mp4,271,5469.0,5476.0,8.0,Cross,Cross,0,pending,data/raw/Skeleton_data/V5.npy,271,True,True,True,ok,
V5_00273,V5,/Users/krishna/dev/fightflow/data/downloaded-videos/V5.mp4,272,5477.0,5483.0,7.0,Jab,Jab,1,pending,data/raw/Skeleton_data/V5.npy,272,True,True,True,ok,
V5_00274,V5,/Users/krishna/dev/fightflow/data/downloaded-videos/V5.mp4,273,5484.0,5491.0,8.0,Cross,Cross,0,pending,data/raw/Skeleton_data/V5.npy,273,True,True,True,ok,
V5_00275,V5,/Users/krishna/dev/fightflow/data/downloaded-videos/V5.mp4,274,5492.0,5498.0,7.0,Jab,Jab,1,pending,data/raw/Skeleton_data/V5.npy,274,True,True,True,ok,
V5_00276,V5,/Users/krishna/dev/fightflow/data/downloaded-videos/V5.mp4,275,5499.0,5506.0,8.0,Cross,Cross,0,pending,data/raw/Skeleton_data/V5.npy,275,True,True,True,ok,
V5_00277,V5,/Users/krishna/dev/fightflow/data/downloaded-videos/V5.mp4,276,5507.0,5515.0,9.0,Jab,Jab,1,pending,data/raw/Skeleton_data/V5.npy,276,True,True,True,ok,
V5_00278,V5,/Users/krishna/dev/fightflow/data/downloaded-videos/V5.mp4,277,5516.0,5522.0,7.0,Cross,Cross,0,pending,data/raw/Skeleton_data/V5.npy,277,True,True,True,ok,
V5_00279,V5,/Users/krishna/dev/fightflow/data/downloaded-videos/V5.mp4,278,5523.0,5537.0,15.0,Jab,Jab,1,pending,data/raw/Skeleton_data/V5.npy,278,True,True,True,ok,
V5_00280,V5,/Users/krishna/dev/fightflow/data/downloaded-videos/V5.mp4,279,5581.0,5587.0,7.0,Jab,Jab,1,pending,data/raw/Skeleton_data/V5.npy,279,True,True,True,ok,
V5_00281,V5,/Users/krishna/dev/fightflow/data/downloaded-videos/V5.mp4,280,5588.0,5595.0,8.0,Cross,Cross,0,pending,data/raw/Skeleton_data/V5.npy,280,True,True,True,ok,
V5_00282,V5,/Users/krishna/dev/fightflow/data/downloaded-videos/V5.mp4,281,5607.0,5617.0,11.0,Rear Hook,Rear Hook,4,pending,data/raw/Skeleton_data/V5.npy,281,True,True,True,ok,
V5_00283,V5,/Users/krishna/dev/fightflow/data/downloaded-videos/V5.mp4,282,5665.0,5671.0,7.0,Jab,Jab,1,pending,data/raw/Skeleton_data/V5.npy,282,True,True,True,ok,
V5_00284,V5,/Users/krishna/dev/fightflow/data/downloaded-videos/V5.mp4,283,5672.0,5679.0,8.0,Cross,Cross,0,pending,data/raw/Skeleton_data/V5.npy,283,True,True,True,ok,
V5_00285,V5,/Users/krishna/dev/fightflow/data/downloaded-videos/V5.mp4,284,5690.0,5702.0,13.0,Rear Hook,Rear Hook,4,pending,data/raw/Skeleton_data/V5.npy,284,True,True,True,ok,
V5_00286,V5,/Users/krishna/dev/fightflow/data/downloaded-videos/V5.mp4,285,5732.0,5738.0,7.0,Jab,Jab,1,pending,data/raw/Skeleton_data/V5.npy,285,True,True,True,ok,
V5_00287,V5,/Users/krishna/dev/fightflow/data/downloaded-videos/V5.mp4,286,5739.0,5744.0,6.0,Cross,Cross,0,pending,data/raw/Skeleton_data/V5.npy,286,True,True,True,ok,
V5_00288,V5,/Users/krishna/dev/fightflow/data/downloaded-videos/V5.mp4,287,5758.0,5769.0,12.0,Rear Hook,Rear Hook,4,pending,data/raw/Skeleton_data/V5.npy,287,True,True,True,ok,
V5_00289,V5,/Users/krishna/dev/fightflow/data/downloaded-videos/V5.mp4,288,5826.0,5832.0,7.0,Jab,Jab,1,pending,data/raw/Skeleton_data/V5.npy,288,True,True,True,ok,
V5_00290,V5,/Users/krishna/dev/fightflow/data/downloaded-videos/V5.mp4,289,5833.0,5839.0,7.0,Cross,Cross,0,pending,data/raw/Skeleton_data/V5.npy,289,True,True,True,ok,
V5_00291,V5,/Users/krishna/dev/fightflow/data/downloaded-videos/V5.mp4,290,5850.0,5862.0,13.0,Rear Hook,Rear Hook,4,pending,data/raw/Skeleton_data/V5.npy,290,True,True,True,ok,
V5_00292,V5,/Users/krishna/dev/fightflow/data/downloaded-videos/V5.mp4,291,5889.0,5895.0,7.0,Jab,Jab,1,pending,data/raw/Skeleton_data/V5.npy,291,True,True,True,ok,
V5_00293,V5,/Users/krishna/dev/fightflow/data/downloaded-videos/V5.mp4,292,5896.0,5902.0,7.0,Cross,Cross,0,pending,data/raw/Skeleton_data/V5.npy,292,True,True,True,ok,
V5_00294,V5,/Users/krishna/dev/fightflow/data/downloaded-videos/V5.mp4,293,5914.0,5927.0,14.0,Rear Hook,Rear Hook,4,pending,data/raw/Skeleton_data/V5.npy,293,True,True,True,ok,
V5_00295,V5,/Users/krishna/dev/fightflow/data/downloaded-videos/V5.mp4,294,5938.0,5943.0,6.0,Jab,Jab,1,pending,data/raw/Skeleton_data/V5.npy,294,True,True,True,ok,
V5_00296,V5,/Users/krishna/dev/fightflow/data/downloaded-videos/V5.mp4,295,5944.0,5950.0,7.0,Cross,Cross,0,pending,data/raw/Skeleton_data/V5.npy,295,True,True,True,ok,
V5_00297,V5,/Users/krishna/dev/fightflow/data/downloaded-videos/V5.mp4,296,5963.0,5975.0,13.0,Rear Hook,Rear Hook,4,pending,data/raw/Skeleton_data/V5.npy,296,True,True,True,ok,
V5_00298,V5,/Users/krishna/dev/fightflow/data/downloaded-videos/V5.mp4,297,6015.0,6020.0,6.0,Jab,Jab,1,pending,data/raw/Skeleton_data/V5.npy,297,True,True,True,ok,
V5_00299,V5,/Users/krishna/dev/fightflow/data/downloaded-videos/V5.mp4,298,6021.0,6026.0,6.0,Cross,Cross,0,pending,data/raw/Skeleton_data/V5.npy,298,True,True,True,ok,
V5_00300,V5,/Users/krishna/dev/fightflow/data/downloaded-videos/V5.mp4,299,6036.0,6047.0,12.0,Rear Uppercut,Rear Uppercut,5,pending,data/raw/Skeleton_data/V5.npy,299,True,True,True,ok,
V5_00301,V5,/Users/krishna/dev/fightflow/data/downloaded-videos/V5.mp4,300,6078.0,6083.0,6.0,Jab,Jab,1,pending,data/raw/Skeleton_data/V5.npy,300,True,True,True,ok,
V5_00302,V5,/Users/krishna/dev/fightflow/data/downloaded-videos/V5.mp4,301,6084.0,6090.0,7.0,Cross,Cross,0,pending,data/raw/Skeleton_data/V5.npy,301,True,True,True,ok,
V5_00303,V5,/Users/krishna/dev/fightflow/data/downloaded-videos/V5.mp4,302,6101.0,6114.0,14.0,Rear Uppercut,Rear Uppercut,5,pending,data/raw/Skeleton_data/V5.npy,302,True,True,True,ok,
V5_00304,V5,/Users/krishna/dev/fightflow/data/downloaded-videos/V5.mp4,303,6141.0,6145.0,5.0,Jab,Jab,1,pending,data/raw/Skeleton_data/V5.npy,303,True,True,True,ok,
V5_00305,V5,/Users/krishna/dev/fightflow/data/downloaded-videos/V5.mp4,304,6146.0,6151.0,6.0,Cross,Cross,0,pending,data/raw/Skeleton_data/V5.npy,304,True,True,True,ok,
V5_00306,V5,/Users/krishna/dev/fightflow/data/downloaded-videos/V5.mp4,305,6166.0,6178.0,13.0,Rear Uppercut,Rear Uppercut,5,pending,data/raw/Skeleton_data/V5.npy,305,True,True,True,ok,
V5_00307,V5,/Users/krishna/dev/fightflow/data/downloaded-videos/V5.mp4,306,6203.0,6206.0,4.0,Jab,Jab,1,pending,data/raw/Skeleton_data/V5.npy,306,True,True,True,ok,
V5_00308,V5,/Users/krishna/dev/fightflow/data/downloaded-videos/V5.mp4,307,6207.0,6212.0,6.0,Cross,Cross,0,pending,data/raw/Skeleton_data/V5.npy,307,True,True,True,ok,
V5_00309,V5,/Users/krishna/dev/fightflow/data/downloaded-videos/V5.mp4,308,6225.0,6237.0,13.0,Rear Uppercut,Rear Uppercut,5,pending,data/raw/Skeleton_data/V5.npy,308,True,True,True,ok,
V5_00310,V5,/Users/krishna/dev/fightflow/data/downloaded-videos/V5.mp4,309,6258.0,6263.0,6.0,Jab,Jab,1,pending,data/raw/Skeleton_data/V5.npy,309,True,True,True,ok,
V5_00311,V5,/Users/krishna/dev/fightflow/data/downloaded-videos/V5.mp4,310,6264.0,6270.0,7.0,Cross,Cross,0,pending,data/raw/Skeleton_data/V5.npy,310,True,True,True,ok,
V5_00312,V5,/Users/krishna/dev/fightflow/data/downloaded-videos/V5.mp4,311,6282.0,6295.0,14.0,Rear Uppercut,Rear Uppercut,5,pending,data/raw/Skeleton_data/V5.npy,311,True,True,True,ok,
V5_00313,V5,/Users/krishna/dev/fightflow/data/downloaded-videos/V5.mp4,312,6306.0,6310.0,5.0,Jab,Jab,1,pending,data/raw/Skeleton_data/V5.npy,312,True,True,True,ok,
V5_00314,V5,/Users/krishna/dev/fightflow/data/downloaded-videos/V5.mp4,313,6312.0,6317.0,6.0,Cross,Cross,0,pending,data/raw/Skeleton_data/V5.npy,313,True,True,True,ok,
V5_00315,V5,/Users/krishna/dev/fightflow/data/downloaded-videos/V5.mp4,314,6329.0,6341.0,13.0,Rear Uppercut,Rear Uppercut,5,pending,data/raw/Skeleton_data/V5.npy,314,True,True,True,ok,
V5_00316,V5,/Users/krishna/dev/fightflow/data/downloaded-videos/V5.mp4,315,6363.0,6368.0,6.0,Jab,Jab,1,pending,data/raw/Skeleton_data/V5.npy,315,True,True,True,ok,
V5_00317,V5,/Users/krishna/dev/fightflow/data/downloaded-videos/V5.mp4,316,6370.0,6376.0,7.0,Jab,Jab,1,pending,data/raw/Skeleton_data/V5.npy,316,True,True,True,ok,
V5_00318,V5,/Users/krishna/dev/fightflow/data/downloaded-videos/V5.mp4,317,6378.0,6386.0,9.0,Jab,Jab,1,pending,data/raw/Skeleton_data/V5.npy,317,True,True,True,ok,
V5_00319,V5,/Users/krishna/dev/fightflow/data/downloaded-videos/V5.mp4,318,6439.0,6444.0,6.0,Jab,Jab,1,pending,data/raw/Skeleton_data/V5.npy,318,True,True,True,ok,
V5_00320,V5,/Users/krishna/dev/fightflow/data/downloaded-videos/V5.mp4,319,6446.0,6452.0,7.0,Jab,Jab,1,pending,data/raw/Skeleton_data/V5.npy,319,True,True,True,ok,
V5_00321,V5,/Users/krishna/dev/fightflow/data/downloaded-videos/V5.mp4,320,6454.0,6462.0,9.0,Jab,Jab,1,pending,data/raw/Skeleton_data/V5.npy,320,True,True,True,ok,
V5_00322,V5,/Users/krishna/dev/fightflow/data/downloaded-videos/V5.mp4,322,6583.0,6588.0,6.0,Jab,Jab,1,pending,data/raw/Skeleton_data/V5.npy,322,True,True,True,ok,
V5_00323,V5,/Users/krishna/dev/fightflow/data/downloaded-videos/V5.mp4,323,6591.0,6599.0,9.0,Jab,Jab,1,pending,data/raw/Skeleton_data/V5.npy,323,True,True,True,ok,
V5_00324,V5,/Users/krishna/dev/fightflow/data/downloaded-videos/V5.mp4,324,6638.0,6643.0,6.0,Jab,Jab,1,pending,data/raw/Skeleton_data/V5.npy,324,True,True,True,ok,
V5_00325,V5,/Users/krishna/dev/fightflow/data/downloaded-videos/V5.mp4,325,6646.0,6651.0,6.0,Jab,Jab,1,pending,data/raw/Skeleton_data/V5.npy,325,True,True,True,ok,
V5_00326,V5,/Users/krishna/dev/fightflow/data/downloaded-videos/V5.mp4,326,6654.0,6662.0,9.0,Jab,Jab,1,pending,data/raw/Skeleton_data/V5.npy,326,True,True,True,ok,
V5_00327,V5,/Users/krishna/dev/fightflow/data/downloaded-videos/V5.mp4,327,6717.0,6723.0,7.0,Rear Uppercut,Rear Uppercut,5,pending,data/raw/Skeleton_data/V5.npy,327,True,True,True,ok,
V5_00328,V5,/Users/krishna/dev/fightflow/data/downloaded-videos/V5.mp4,328,6724.0,6732.0,9.0,Lead Hook,Lead Hook,2,pending,data/raw/Skeleton_data/V5.npy,328,True,True,True,ok,
V5_00329,V5,/Users/krishna/dev/fightflow/data/downloaded-videos/V5.mp4,329,6734.0,6743.0,10.0,Cross,Cross,0,pending,data/raw/Skeleton_data/V5.npy,329,True,True,True,ok,
V5_00330,V5,/Users/krishna/dev/fightflow/data/downloaded-videos/V5.mp4,330,6757.0,6765.0,9.0,Rear Uppercut,Rear Uppercut,5,pending,data/raw/Skeleton_data/V5.npy,330,True,True,True,ok,
V5_00331,V5,/Users/krishna/dev/fightflow/data/downloaded-videos/V5.mp4,331,6766.0,6778.0,13.0,Lead Hook,Lead Hook,2,pending,data/raw/Skeleton_data/V5.npy,331,True,True,True,ok,
V5_00332,V5,/Users/krishna/dev/fightflow/data/downloaded-videos/V5.mp4,332,6818.0,6822.0,5.0,Jab,Jab,1,pending,data/raw/Skeleton_data/V5.npy,332,True,True,True,ok,
V5_00333,V5,/Users/krishna/dev/fightflow/data/downloaded-videos/V5.mp4,333,6823.0,6829.0,7.0,Rear Uppercut,Rear Uppercut,5,pending,data/raw/Skeleton_data/V5.npy,333,True,True,True,ok,
V5_00334,V5,/Users/krishna/dev/fightflow/data/downloaded-videos/V5.mp4,334,6830.0,6839.0,10.0,Lead Hook,Lead Hook,2,pending,data/raw/Skeleton_data/V5.npy,334,True,True,True,ok,
V5_00335,V5,/Users/krishna/dev/fightflow/data/downloaded-videos/V5.mp4,335,6840.0,6848.0,9.0,Cross,Cross,0,pending,data/raw/Skeleton_data/V5.npy,335,True,True,True,ok,
V5_00336,V5,/Users/krishna/dev/fightflow/data/downloaded-videos/V5.mp4,336,6860.0,6868.0,9.0,Rear Uppercut,Rear Uppercut,5,pending,data/raw/Skeleton_data/V5.npy,336,True,True,True,ok,
V5_00337,V5,/Users/krishna/dev/fightflow/data/downloaded-videos/V5.mp4,337,6869.0,6882.0,14.0,Lead Hook,Lead Hook,2,pending,data/raw/Skeleton_data/V5.npy,337,True,True,True,ok,
V5_00338,V5,/Users/krishna/dev/fightflow/data/downloaded-videos/V5.mp4,338,6924.0,6928.0,5.0,Jab,Jab,1,pending,data/raw/Skeleton_data/V5.npy,338,True,True,True,ok,
V5_00339,V5,/Users/krishna/dev/fightflow/data/downloaded-videos/V5.mp4,339,6929.0,6934.0,6.0,Rear Uppercut,Rear Uppercut,5,pending,data/raw/Skeleton_data/V5.npy,339,True,True,True,ok,
V5_00340,V5,/Users/krishna/dev/fightflow/data/downloaded-videos/V5.mp4,340,6936.0,6944.0,9.0,Lead Hook,Lead Hook,2,pending,data/raw/Skeleton_data/V5.npy,340,True,True,True,ok,
V5_00341,V5,/Users/krishna/dev/fightflow/data/downloaded-videos/V5.mp4,341,6945.0,6952.0,8.0,Cross,Cross,0,pending,data/raw/Skeleton_data/V5.npy,341,True,True,True,ok,
V5_00342,V5,/Users/krishna/dev/fightflow/data/downloaded-videos/V5.mp4,342,6965.0,6973.0,9.0,Rear Uppercut,Rear Uppercut,5,pending,data/raw/Skeleton_data/V5.npy,342,True,True,True,ok,
V5_00343,V5,/Users/krishna/dev/fightflow/data/downloaded-videos/V5.mp4,343,6974.0,6987.0,14.0,Lead Hook,Lead Hook,2,pending,data/raw/Skeleton_data/V5.npy,343,True,True,True,ok,
V5_00344,V5,/Users/krishna/dev/fightflow/data/downloaded-videos/V5.mp4,344,7031.0,7036.0,6.0,Jab,Jab,1,pending,data/raw/Skeleton_data/V5.npy,344,True,True,True,ok,
V5_00345,V5,/Users/krishna/dev/fightflow/data/downloaded-videos/V5.mp4,345,7038.0,7043.0,6.0,Rear Uppercut,Rear Uppercut,5,pending,data/raw/Skeleton_data/V5.npy,345,True,True,True,ok,
V5_00346,V5,/Users/krishna/dev/fightflow/data/downloaded-videos/V5.mp4,346,7045.0,7054.0,10.0,Lead Hook,Lead Hook,2,pending,data/raw/Skeleton_data/V5.npy,346,True,True,True,ok,
V5_00347,V5,/Users/krishna/dev/fightflow/data/downloaded-videos/V5.mp4,347,7055.0,7062.0,8.0,Cross,Cross,0,pending,data/raw/Skeleton_data/V5.npy,347,True,True,True,ok,
V5_00348,V5,/Users/krishna/dev/fightflow/data/downloaded-videos/V5.mp4,348,7074.0,7081.0,8.0,Rear Uppercut,Rear Uppercut,5,pending,data/raw/Skeleton_data/V5.npy,348,True,True,True,ok,
V5_00349,V5,/Users/krishna/dev/fightflow/data/downloaded-videos/V5.mp4,349,7083.0,7096.0,14.0,Lead Hook,Lead Hook,2,pending,data/raw/Skeleton_data/V5.npy,349,True,True,True,ok,
V5_00350,V5,/Users/krishna/dev/fightflow/data/downloaded-videos/V5.mp4,350,7137.0,7141.0,5.0,Jab,Jab,1,pending,data/raw/Skeleton_data/V5.npy,350,True,True,True,ok,
V5_00351,V5,/Users/krishna/dev/fightflow/data/downloaded-videos/V5.mp4,351,7142.0,7149.0,8.0,Rear Uppercut,Rear Uppercut,5,pending,data/raw/Skeleton_data/V5.npy,351,True,True,True,ok,
V5_00352,V5,/Users/krishna/dev/fightflow/data/downloaded-videos/V5.mp4,352,7150.0,7158.0,9.0,Lead Hook,Lead Hook,2,pending,data/raw/Skeleton_data/V5.npy,352,True,True,True,ok,
V5_00353,V5,/Users/krishna/dev/fightflow/data/downloaded-videos/V5.mp4,353,7160.0,7168.0,9.0,Cross,Cross,0,pending,data/raw/Skeleton_data/V5.npy,353,True,True,True,ok,
V5_00354,V5,/Users/krishna/dev/fightflow/data/downloaded-videos/V5.mp4,354,7181.0,7188.0,8.0,Rear Uppercut,Rear Uppercut,5,pending,data/raw/Skeleton_data/V5.npy,354,True,True,True,ok,
V5_00355,V5,/Users/krishna/dev/fightflow/data/downloaded-videos/V5.mp4,355,7189.0,7202.0,14.0,Lead Hook,Lead Hook,2,pending,data/raw/Skeleton_data/V5.npy,355,True,True,True,ok,
V5_00356,V5,/Users/krishna/dev/fightflow/data/downloaded-videos/V5.mp4,356,7254.0,7260.0,7.0,Jab,Jab,1,pending,data/raw/Skeleton_data/V5.npy,356,True,True,True,ok,
V5_00357,V5,/Users/krishna/dev/fightflow/data/downloaded-videos/V5.mp4,357,7262.0,7272.0,11.0,Rear Hook,Rear Hook,4,pending,data/raw/Skeleton_data/V5.npy,357,True,True,True,ok,
V5_00358,V5,/Users/krishna/dev/fightflow/data/downloaded-videos/V5.mp4,358,7319.0,7326.0,8.0,Jab,Jab,1,pending,data/raw/Skeleton_data/V5.npy,358,True,True,True,ok,
V5_00359,V5,/Users/krishna/dev/fightflow/data/downloaded-videos/V5.mp4,359,7327.0,7336.0,10.0,Rear Hook,Rear Hook,4,pending,data/raw/Skeleton_data/V5.npy,359,True,True,True,ok,
V5_00360,V5,/Users/krishna/dev/fightflow/data/downloaded-videos/V5.mp4,360,7437.0,7443.0,7.0,Jab,Jab,1,pending,data/raw/Skeleton_data/V5.npy,360,True,True,True,ok,
V5_00361,V5,/Users/krishna/dev/fightflow/data/downloaded-videos/V5.mp4,361,7445.0,7454.0,10.0,Rear Hook,Rear Hook,4,pending,data/raw/Skeleton_data/V5.npy,361,True,True,True,ok,
V5_00362,V5,/Users/krishna/dev/fightflow/data/downloaded-videos/V5.mp4,362,7501.0,7508.0,8.0,Jab,Jab,1,pending,data/raw/Skeleton_data/V5.npy,362,True,True,True,ok,
V5_00363,V5,/Users/krishna/dev/fightflow/data/downloaded-videos/V5.mp4,363,7509.0,7521.0,13.0,Rear Hook,Rear Hook,4,pending,data/raw/Skeleton_data/V5.npy,363,True,True,True,ok,
V5_00364,V5,/Users/krishna/dev/fightflow/data/downloaded-videos/V5.mp4,364,7536.0,7542.0,7.0,Jab,Jab,1,pending,data/raw/Skeleton_data/V5.npy,364,True,True,True,ok,
V5_00365,V5,/Users/krishna/dev/fightflow/data/downloaded-videos/V5.mp4,365,7543.0,7556.0,14.0,Rear Hook,Rear Hook,4,pending,data/raw/Skeleton_data/V5.npy,365,True,True,True,ok,
V5_00366,V5,/Users/krishna/dev/fightflow/data/downloaded-videos/V5.mp4,366,7604.0,7610.0,7.0,Rear Hook,Rear Hook,4,pending,data/raw/Skeleton_data/V5.npy,366,True,True,True,ok,
V5_00367,V5,/Users/krishna/dev/fightflow/data/downloaded-videos/V5.mp4,367,7612.0,7626.0,15.0,Lead Uppercut,Lead Uppercut,3,pending,data/raw/Skeleton_data/V5.npy,367,True,True,True,ok,
V5_00368,V5,/Users/krishna/dev/fightflow/data/downloaded-videos/V5.mp4,368,7645.0,7652.0,8.0,Rear Hook,Rear Hook,4,pending,data/raw/Skeleton_data/V5.npy,368,True,True,True,ok,
V5_00369,V5,/Users/krishna/dev/fightflow/data/downloaded-videos/V5.mp4,369,7653.0,7666.0,14.0,Lead Uppercut,Lead Uppercut,3,pending,data/raw/Skeleton_data/V5.npy,369,True,True,True,ok,
V5_00370,V5,/Users/krishna/dev/fightflow/data/downloaded-videos/V5.mp4,370,7701.0,7707.0,7.0,Rear Hook,Rear Hook,4,pending,data/raw/Skeleton_data/V5.npy,370,True,True,True,ok,
V5_00371,V5,/Users/krishna/dev/fightflow/data/downloaded-videos/V5.mp4,371,7709.0,7722.0,14.0,Lead Uppercut,Lead Uppercut,3,pending,data/raw/Skeleton_data/V5.npy,371,True,True,True,ok,
V5_00372,V5,/Users/krishna/dev/fightflow/data/downloaded-videos/V5.mp4,372,7754.0,7760.0,7.0,Rear Hook,Rear Hook,4,pending,data/raw/Skeleton_data/V5.npy,372,True,True,True,ok,
V5_00373,V5,/Users/krishna/dev/fightflow/data/downloaded-videos/V5.mp4,373,7761.0,7773.0,13.0,Lead Uppercut,Lead Uppercut,3,pending,data/raw/Skeleton_data/V5.npy,373,True,True,True,ok,
V5_00374,V5,/Users/krishna/dev/fightflow/data/downloaded-videos/V5.mp4,374,7799.0,7804.0,6.0,Rear Hook,Rear Hook,4,pending,data/raw/Skeleton_data/V5.npy,374,True,True,True,ok,
V5_00375,V5,/Users/krishna/dev/fightflow/data/downloaded-videos/V5.mp4,375,7807.0,7820.0,14.0,Lead Uppercut,Lead Uppercut,3,pending,data/raw/Skeleton_data/V5.npy,375,True,True,True,ok,
V5_00376,V5,/Users/krishna/dev/fightflow/data/downloaded-videos/V5.mp4,376,7835.0,7841.0,7.0,Rear Hook,Rear Hook,4,pending,data/raw/Skeleton_data/V5.npy,376,True,True,True,ok,
V5_00377,V5,/Users/krishna/dev/fightflow/data/downloaded-videos/V5.mp4,377,7843.0,7854.0,12.0,Lead Uppercut,Lead Uppercut,3,pending,data/raw/Skeleton_data/V5.npy,377,True,True,True,ok,
V5_00378,V5,/Users/krishna/dev/fightflow/data/downloaded-videos/V5.mp4,378,7864.0,7870.0,7.0,Rear Hook,Rear Hook,4,pending,data/raw/Skeleton_data/V5.npy,378,True,True,True,ok,
V5_00379,V5,/Users/krishna/dev/fightflow/data/downloaded-videos/V5.mp4,379,7872.0,7885.0,14.0,Lead Uppercut,Lead Uppercut,3,pending,data/raw/Skeleton_data/V5.npy,379,True,True,True,ok,
V5_00380,V5,/Users/krishna/dev/fightflow/data/downloaded-videos/V5.mp4,380,7891.0,7897.0,7.0,Rear Hook,Rear Hook,4,pending,data/raw/Skeleton_data/V5.npy,380,True,True,True,ok,
V5_00381,V5,/Users/krishna/dev/fightflow/data/downloaded-videos/V5.mp4,381,7899.0,7909.0,11.0,Lead Uppercut,Lead Uppercut,3,pending,data/raw/Skeleton_data/V5.npy,381,True,True,True,ok,
V5_00382,V5,/Users/krishna/dev/fightflow/data/downloaded-videos/V5.mp4,382,8007.0,8014.0,8.0,Jab,Jab,1,pending,data/raw/Skeleton_data/V5.npy,382,True,True,True,ok,
V5_00383,V5,/Users/krishna/dev/fightflow/data/downloaded-videos/V5.mp4,383,8016.0,8033.0,18.0,Rear Hook,Rear Hook,4,pending,data/raw/Skeleton_data/V5.npy,383,True,True,True,ok,
V5_00384,V5,/Users/krishna/dev/fightflow/data/downloaded-videos/V5.mp4,384,8140.0,8145.0,6.0,Jab,Jab,1,pending,data/raw/Skeleton_data/V5.npy,384,True,True,True,ok,
V5_00385,V5,/Users/krishna/dev/fightflow/data/downloaded-videos/V5.mp4,385,8146.0,8159.0,14.0,Cross,Cross,0,pending,data/raw/Skeleton_data/V5.npy,385,True,True,True,ok,
V5_00386,V5,/Users/krishna/dev/fightflow/data/downloaded-videos/V5.mp4,386,8221.0,8228.0,8.0,Jab,Jab,1,pending,data/raw/Skeleton_data/V5.npy,386,True,True,True,ok,
V5_00387,V5,/Users/krishna/dev/fightflow/data/downloaded-videos/V5.mp4,387,8230.0,8246.0,17.0,Rear Hook,Rear Hook,4,pending,data/raw/Skeleton_data/V5.npy,387,True,True,True,ok,
V5_00388,V5,/Users/krishna/dev/fightflow/data/downloaded-videos/V5.mp4,388,8307.0,8314.0,8.0,Jab,Jab,1,pending,data/raw/Skeleton_data/V5.npy,388,True,True,True,ok,
V5_00389,V5,/Users/krishna/dev/fightflow/data/downloaded-videos/V5.mp4,389,8316.0,8329.0,14.0,Cross,Cross,0,pending,data/raw/Skeleton_data/V5.npy,389,True,True,True,ok,
V5_00390,V5,/Users/krishna/dev/fightflow/data/downloaded-videos/V5.mp4,390,8392.0,8399.0,8.0,Jab,Jab,1,pending,data/raw/Skeleton_data/V5.npy,390,True,True,True,ok,
V5_00391,V5,/Users/krishna/dev/fightflow/data/downloaded-videos/V5.mp4,391,8400.0,8412.0,13.0,Cross,Cross,0,pending,data/raw/Skeleton_data/V5.npy,391,True,True,True,ok,
V5_00392,V5,/Users/krishna/dev/fightflow/data/downloaded-videos/V5.mp4,392,8530.0,8542.0,13.0,Jab,Jab,1,pending,data/raw/Skeleton_data/V5.npy,392,True,True,True,ok,
V5_00393,V5,/Users/krishna/dev/fightflow/data/downloaded-videos/V5.mp4,393,8543.0,8557.0,15.0,Cross,Cross,0,pending,data/raw/Skeleton_data/V5.npy,393,True,True,True,ok,
V5_00394,V5,/Users/krishna/dev/fightflow/data/downloaded-videos/V5.mp4,394,8625.0,8631.0,7.0,Jab,Jab,1,pending,data/raw/Skeleton_data/V5.npy,394,True,True,True,ok,
V5_00395,V5,/Users/krishna/dev/fightflow/data/downloaded-videos/V5.mp4,395,8633.0,8641.0,9.0,Cross,Cross,0,pending,data/raw/Skeleton_data/V5.npy,395,True,True,True,ok,
V5_00396,V5,/Users/krishna/dev/fightflow/data/downloaded-videos/V5.mp4,396,8708.0,8714.0,7.0,Jab,Jab,1,pending,data/raw/Skeleton_data/V5.npy,396,True,True,True,ok,
V5_00397,V5,/Users/krishna/dev/fightflow/data/downloaded-videos/V5.mp4,397,8715.0,8723.0,9.0,Cross,Cross,0,pending,data/raw/Skeleton_data/V5.npy,397,True,True,True,ok,
V5_00398,V5,/Users/krishna/dev/fightflow/data/downloaded-videos/V5.mp4,398,8813.0,8819.0,7.0,Jab,Jab,1,pending,data/raw/Skeleton_data/V5.npy,398,True,True,True,ok,
V5_00399,V5,/Users/krishna/dev/fightflow/data/downloaded-videos/V5.mp4,399,8820.0,8832.0,13.0,Cross,Cross,0,pending,data/raw/Skeleton_data/V5.npy,399,True,True,True,ok,
V5_00400,V5,/Users/krishna/dev/fightflow/data/downloaded-videos/V5.mp4,400,8958.0,8962.0,5.0,Jab,Jab,1,pending,data/raw/Skeleton_data/V5.npy,400,True,True,True,ok,
V5_00401,V5,/Users/krishna/dev/fightflow/data/downloaded-videos/V5.mp4,401,8963.0,8973.0,11.0,Cross,Cross,0,pending,data/raw/Skeleton_data/V5.npy,401,True,True,True,ok,
V5_00402,V5,/Users/krishna/dev/fightflow/data/downloaded-videos/V5.mp4,402,9006.0,9010.0,5.0,Jab,Jab,1,pending,data/raw/Skeleton_data/V5.npy,402,True,True,True,ok,
V5_00403,V5,/Users/krishna/dev/fightflow/data/downloaded-videos/V5.mp4,403,9013.0,9022.0,10.0,Cross,Cross,0,pending,data/raw/Skeleton_data/V5.npy,403,True,True,True,ok,
V5_00404,V5,/Users/krishna/dev/fightflow/data/downloaded-videos/V5.mp4,404,9076.0,9086.0,11.0,Jab,Jab,1,pending,data/raw/Skeleton_data/V5.npy,404,True,True,True,ok,
V5_00405,V5,/Users/krishna/dev/fightflow/data/downloaded-videos/V5.mp4,405,9083.0,9091.0,9.0,Rear Uppercut,Rear Uppercut,5,pending,data/raw/Skeleton_data/V5.npy,405,True,True,True,ok,
V5_00406,V5,/Users/krishna/dev/fightflow/data/downloaded-videos/V5.mp4,406,9092.0,9099.0,8.0,Jab,Jab,1,pending,data/raw/Skeleton_data/V5.npy,406,True,True,True,ok,
V5_00407,V5,/Users/krishna/dev/fightflow/data/downloaded-videos/V5.mp4,407,9101.0,9112.0,12.0,Cross,Cross,0,pending,data/raw/Skeleton_data/V5.npy,407,True,True,True,ok,
V5_00408,V5,/Users/krishna/dev/fightflow/data/downloaded-videos/V5.mp4,408,9204.0,9210.0,7.0,Jab,Jab,1,pending,data/raw/Skeleton_data/V5.npy,408,True,True,True,ok,
V5_00409,V5,/Users/krishna/dev/fightflow/data/downloaded-videos/V5.mp4,409,9211.0,9220.0,10.0,Rear Uppercut,Rear Uppercut,5,pending,data/raw/Skeleton_data/V5.npy,409,True,True,True,ok,
V5_00410,V5,/Users/krishna/dev/fightflow/data/downloaded-videos/V5.mp4,410,9222.0,9228.0,7.0,Jab,Jab,1,pending,data/raw/Skeleton_data/V5.npy,410,True,True,True,ok,
V5_00411,V5,/Users/krishna/dev/fightflow/data/downloaded-videos/V5.mp4,411,9229.0,9241.0,13.0,Cross,Cross,0,pending,data/raw/Skeleton_data/V5.npy,411,True,True,True,ok,
V5_00412,V5,/Users/krishna/dev/fightflow/data/downloaded-videos/V5.mp4,412,9343.0,9347.0,5.0,Jab,Jab,1,pending,data/raw/Skeleton_data/V5.npy,412,True,True,True,ok,
V5_00413,V5,/Users/krishna/dev/fightflow/data/downloaded-videos/V5.mp4,413,9348.0,9356.0,9.0,Rear Uppercut,Rear Uppercut,5,pending,data/raw/Skeleton_data/V5.npy,413,True,True,True,ok,
V5_00414,V5,/Users/krishna/dev/fightflow/data/downloaded-videos/V5.mp4,414,9357.0,9362.0,6.0,Jab,Jab,1,pending,data/raw/Skeleton_data/V5.npy,414,True,True,True,ok,
V5_00415,V5,/Users/krishna/dev/fightflow/data/downloaded-videos/V5.mp4,415,9364.0,9373.0,10.0,Cross,Cross,0,pending,data/raw/Skeleton_data/V5.npy,415,True,True,True,ok,
V5_00416,V5,/Users/krishna/dev/fightflow/data/downloaded-videos/V5.mp4,416,9509.0,9514.0,6.0,Jab,Jab,1,pending,data/raw/Skeleton_data/V5.npy,416,True,True,True,ok,
V5_00417,V5,/Users/krishna/dev/fightflow/data/downloaded-videos/V5.mp4,417,9515.0,9522.0,8.0,Rear Uppercut,Rear Uppercut,5,pending,data/raw/Skeleton_data/V5.npy,417,True,True,True,ok,
V5_00418,V5,/Users/krishna/dev/fightflow/data/downloaded-videos/V5.mp4,418,9524.0,9529.0,6.0,Jab,Jab,1,pending,data/raw/Skeleton_data/V5.npy,418,True,True,True,ok,
V5_00419,V5,/Users/krishna/dev/fightflow/data/downloaded-videos/V5.mp4,419,9532.0,9540.0,9.0,Cross,Cross,0,pending,data/raw/Skeleton_data/V5.npy,419,True,True,True,ok,
V5_00420,V5,/Users/krishna/dev/fightflow/data/downloaded-videos/V5.mp4,420,9712.0,9717.0,6.0,Jab,Jab,1,pending,data/raw/Skeleton_data/V5.npy,420,True,True,True,ok,
V5_00421,V5,/Users/krishna/dev/fightflow/data/downloaded-videos/V5.mp4,421,9718.0,9726.0,9.0,Rear Uppercut,Rear Uppercut,5,pending,data/raw/Skeleton_data/V5.npy,421,True,True,True,ok,
V5_00422,V5,/Users/krishna/dev/fightflow/data/downloaded-videos/V5.mp4,422,9729.0,9735.0,7.0,Jab,Jab,1,pending,data/raw/Skeleton_data/V5.npy,422,True,True,True,ok,
V5_00423,V5,/Users/krishna/dev/fightflow/data/downloaded-videos/V5.mp4,423,9737.0,9745.0,9.0,Cross,Cross,0,pending,data/raw/Skeleton_data/V5.npy,423,True,True,True,ok,
V5_00424,V5,/Users/krishna/dev/fightflow/data/downloaded-videos/V5.mp4,424,9786.0,9805.0,20.0,Lead Hook,Lead Hook,2,pending,data/raw/Skeleton_data/V5.npy,424,True,True,True,ok,
V5_00425,V5,/Users/krishna/dev/fightflow/data/downloaded-videos/V5.mp4,425,9972.0,9979.0,8.0,Jab,Jab,1,pending,data/raw/Skeleton_data/V5.npy,425,True,True,True,ok,
V5_00426,V5,/Users/krishna/dev/fightflow/data/downloaded-videos/V5.mp4,426,9982.0,9999.0,18.0,Lead Hook,Lead Hook,2,pending,data/raw/Skeleton_data/V5.npy,426,True,True,True,ok,
V5_00427,V5,/Users/krishna/dev/fightflow/data/downloaded-videos/V5.mp4,427,10038.0,10041.0,4.0,Jab,Jab,1,pending,data/raw/Skeleton_data/V5.npy,427,True,True,True,ok,
V5_00428,V5,/Users/krishna/dev/fightflow/data/downloaded-videos/V5.mp4,428,10045.0,10060.0,16.0,Lead Hook,Lead Hook,2,pending,data/raw/Skeleton_data/V5.npy,428,True,True,True,ok,
V5_00429,V5,/Users/krishna/dev/fightflow/data/downloaded-videos/V5.mp4,429,10098.0,10103.0,6.0,Jab,Jab,1,pending,data/raw/Skeleton_data/V5.npy,429,True,True,True,ok,
V5_00430,V5,/Users/krishna/dev/fightflow/data/downloaded-videos/V5.mp4,430,10167.0,10186.0,20.0,Lead Hook,Lead Hook,2,pending,data/raw/Skeleton_data/V5.npy,430,True,True,True,ok,
V5_00431,V5,/Users/krishna/dev/fightflow/data/downloaded-videos/V5.mp4,431,10221.0,10226.0,6.0,Jab,Jab,1,pending,data/raw/Skeleton_data/V5.npy,431,True,True,True,ok,
V5_00432,V5,/Users/krishna/dev/fightflow/data/downloaded-videos/V5.mp4,432,10231.0,10245.0,15.0,Lead Hook,Lead Hook,2,pending,data/raw/Skeleton_data/V5.npy,432,True,True,True,ok,
V5_00433,V5,/Users/krishna/dev/fightflow/data/downloaded-videos/V5.mp4,433,10274.0,10280.0,7.0,Jab,Jab,1,pending,data/raw/Skeleton_data/V5.npy,433,True,True,True,ok,
V5_00434,V5,/Users/krishna/dev/fightflow/data/downloaded-videos/V5.mp4,434,10363.0,10369.0,7.0,Cross,Cross,0,pending,data/raw/Skeleton_data/V5.npy,434,True,True,True,ok,
V5_00435,V5,/Users/krishna/dev/fightflow/data/downloaded-videos/V5.mp4,435,10378.0,10387.0,10.0,Rear Uppercut,Rear Uppercut,5,pending,data/raw/Skeleton_data/V5.npy,435,True,True,True,ok,
V5_00436,V5,/Users/krishna/dev/fightflow/data/downloaded-videos/V5.mp4,436,10396.0,10405.0,10.0,Cross,Cross,0,pending,data/raw/Skeleton_data/V5.npy,436,True,True,True,ok,
V5_00437,V5,/Users/krishna/dev/fightflow/data/downloaded-videos/V5.mp4,437,10615.0,10623.0,9.0,Cross,Cross,0,pending,data/raw/Skeleton_data/V5.npy,437,True,True,True,ok,
V5_00438,V5,/Users/krishna/dev/fightflow/data/downloaded-videos/V5.mp4,438,10630.0,10640.0,11.0,Rear Uppercut,Rear Uppercut,5,pending,data/raw/Skeleton_data/V5.npy,438,True,True,True,ok,
V5_00439,V5,/Users/krishna/dev/fightflow/data/downloaded-videos/V5.mp4,439,10645.0,10655.0,11.0,Cross,Cross,0,pending,data/raw/Skeleton_data/V5.npy,439,True,True,True,ok,
V5_00440,V5,/Users/krishna/dev/fightflow/data/downloaded-videos/V5.mp4,440,10723.0,10723.0,1.0,Jab,Jab,1,pending,data/raw/Skeleton_data/V5.npy,440,True,True,True,ok,
V5_00441,V5,/Users/krishna/dev/fightflow/data/downloaded-videos/V5.mp4,441,10724.0,10731.0,8.0,Rear Uppercut,Rear Uppercut,5,pending,data/raw/Skeleton_data/V5.npy,441,True,True,True,ok,
V5_00442,V5,/Users/krishna/dev/fightflow/data/downloaded-videos/V5.mp4,442,10732.0,10742.0,11.0,Lead Hook,Lead Hook,2,pending,data/raw/Skeleton_data/V5.npy,442,True,True,True,ok,
V5_00443,V5,/Users/krishna/dev/fightflow/data/downloaded-videos/V5.mp4,443,10743.0,10755.0,13.0,Cross,Cross,0,pending,data/raw/Skeleton_data/V5.npy,443,True,True,True,ok,
V5_00444,V5,/Users/krishna/dev/fightflow/data/downloaded-videos/V5.mp4,444,10788.0,10794.0,7.0,Jab,Jab,1,pending,data/raw/Skeleton_data/V5.npy,444,True,True,True,ok,
V5_00445,V5,/Users/krishna/dev/fightflow/data/downloaded-videos/V5.mp4,445,10795.0,10802.0,8.0,Rear Uppercut,Rear Uppercut,5,pending,data/raw/Skeleton_data/V5.npy,445,True,True,True,ok,
V5_00446,V5,/Users/krishna/dev/fightflow/data/downloaded-videos/V5.mp4,446,10803.0,10815.0,13.0,Lead Hook,Lead Hook,2,pending,data/raw/Skeleton_data/V5.npy,446,True,True,True,ok,
V5_00447,V5,/Users/krishna/dev/fightflow/data/downloaded-videos/V5.mp4,447,10817.0,10825.0,9.0,Cross,Cross,0,pending,data/raw/Skeleton_data/V5.npy,447,True,True,True,ok,
V5_00448,V5,/Users/krishna/dev/fightflow/data/downloaded-videos/V5.mp4,448,10826.0,10843.0,18.0,Lead Hook,Lead Hook,2,pending,data/raw/Skeleton_data/V5.npy,448,True,True,True,ok,
V5_00449,V5,/Users/krishna/dev/fightflow/data/downloaded-videos/V5.mp4,449,10884.0,10890.0,7.0,Jab,Jab,1,pending,data/raw/Skeleton_data/V5.npy,449,True,True,True,ok,
V5_00450,V5,/Users/krishna/dev/fightflow/data/downloaded-videos/V5.mp4,450,10891.0,10897.0,7.0,Rear Uppercut,Rear Uppercut,5,pending,data/raw/Skeleton_data/V5.npy,450,True,True,True,ok,
V5_00451,V5,/Users/krishna/dev/fightflow/data/downloaded-videos/V5.mp4,451,10898.0,10907.0,10.0,Lead Hook,Lead Hook,2,pending,data/raw/Skeleton_data/V5.npy,451,True,True,True,ok,
V5_00452,V5,/Users/krishna/dev/fightflow/data/downloaded-videos/V5.mp4,452,10908.0,10914.0,7.0,Cross,Cross,0,pending,data/raw/Skeleton_data/V5.npy,452,True,True,True,ok,
V5_00453,V5,/Users/krishna/dev/fightflow/data/downloaded-videos/V5.mp4,453,10915.0,10928.0,14.0,Lead Hook,Lead Hook,2,pending,data/raw/Skeleton_data/V5.npy,453,True,True,True,ok,
V5_00454,V5,/Users/krishna/dev/fightflow/data/downloaded-videos/V5.mp4,454,10972.0,10976.0,5.0,Jab,Jab,1,pending,data/raw/Skeleton_data/V5.npy,454,True,True,True,ok,
V5_00455,V5,/Users/krishna/dev/fightflow/data/downloaded-videos/V5.mp4,455,10977.0,10983.0,7.0,Rear Uppercut,Rear Uppercut,5,pending,data/raw/Skeleton_data/V5.npy,455,True,True,True,ok,
V5_00456,V5,/Users/krishna/dev/fightflow/data/downloaded-videos/V5.mp4,456,10984.0,10993.0,10.0,Lead Hook,Lead Hook,2,pending,data/raw/Skeleton_data/V5.npy,456,True,True,True,ok,
V5_00457,V5,/Users/krishna/dev/fightflow/data/downloaded-videos/V5.mp4,457,10994.0,11000.0,7.0,Cross,Cross,0,pending,data/raw/Skeleton_data/V5.npy,457,True,True,True,ok,
V5_00458,V5,/Users/krishna/dev/fightflow/data/downloaded-videos/V5.mp4,458,11001.0,11013.0,13.0,Lead Hook,Lead Hook,2,pending,data/raw/Skeleton_data/V5.npy,458,True,True,True,ok,
V5_00459,V5,/Users/krishna/dev/fightflow/data/downloaded-videos/V5.mp4,459,11061.0,11066.0,6.0,Jab,Jab,1,pending,data/raw/Skeleton_data/V5.npy,459,True,True,True,ok,
V5_00460,V5,/Users/krishna/dev/fightflow/data/downloaded-videos/V5.mp4,460,11067.0,11073.0,7.0,Rear Uppercut,Rear Uppercut,5,pending,data/raw/Skeleton_data/V5.npy,460,True,True,True,ok,
V5_00461,V5,/Users/krishna/dev/fightflow/data/downloaded-videos/V5.mp4,461,11074.0,11082.0,9.0,Lead Hook,Lead Hook,2,pending,data/raw/Skeleton_data/V5.npy,461,True,True,True,ok,
V5_00462,V5,/Users/krishna/dev/fightflow/data/downloaded-videos/V5.mp4,462,11083.0,11089.0,7.0,Cross,Cross,0,pending,data/raw/Skeleton_data/V5.npy,462,True,True,True,ok,
V5_00463,V5,/Users/krishna/dev/fightflow/data/downloaded-videos/V5.mp4,463,11090.0,11106.0,17.0,Lead Hook,Lead Hook,2,pending,data/raw/Skeleton_data/V5.npy,463,True,True,True,ok,
V5_00464,V5,/Users/krishna/dev/fightflow/data/downloaded-videos/V5.mp4,464,11146.0,11152.0,7.0,Jab,Jab,1,pending,data/raw/Skeleton_data/V5.npy,464,True,True,True,ok,
V5_00465,V5,/Users/krishna/dev/fightflow/data/downloaded-videos/V5.mp4,465,11153.0,11159.0,7.0,Rear Uppercut,Rear Uppercut,5,pending,data/raw/Skeleton_data/V5.npy,465,True,True,True,ok,
V5_00466,V5,/Users/krishna/dev/fightflow/data/downloaded-videos/V5.mp4,466,11160.0,11167.0,8.0,Lead Hook,Lead Hook,2,pending,data/raw/Skeleton_data/V5.npy,466,True,True,True,ok,
V5_00467,V5,/Users/krishna/dev/fightflow/data/downloaded-videos/V5.mp4,467,11168.0,11174.0,7.0,Cross,Cross,0,pending,data/raw/Skeleton_data/V5.npy,467,True,True,True,ok,
V5_00468,V5,/Users/krishna/dev/fightflow/data/downloaded-videos/V5.mp4,468,11175.0,11189.0,15.0,Lead Hook,Lead Hook,2,pending,data/raw/Skeleton_data/V5.npy,468,True,True,True,ok,
V5_00469,V5,/Users/krishna/dev/fightflow/data/downloaded-videos/V5.mp4,469,11201.0,11207.0,7.0,Jab,Jab,1,pending,data/raw/Skeleton_data/V5.npy,469,True,True,True,ok,
V5_00470,V5,/Users/krishna/dev/fightflow/data/downloaded-videos/V5.mp4,470,11208.0,11214.0,7.0,Rear Uppercut,Rear Uppercut,5,pending,data/raw/Skeleton_data/V5.npy,470,True,True,True,ok,
V5_00471,V5,/Users/krishna/dev/fightflow/data/downloaded-videos/V5.mp4,471,11215.0,11224.0,10.0,Lead Hook,Lead Hook,2,pending,data/raw/Skeleton_data/V5.npy,471,True,True,True,ok,
V5_00472,V5,/Users/krishna/dev/fightflow/data/downloaded-videos/V5.mp4,472,11225.0,11231.0,7.0,Cross,Cross,0,pending,data/raw/Skeleton_data/V5.npy,472,True,True,True,ok,
V5_00473,V5,/Users/krishna/dev/fightflow/data/downloaded-videos/V5.mp4,473,11232.0,11245.0,14.0,Lead Hook,Lead Hook,2,pending,data/raw/Skeleton_data/V5.npy,473,True,True,True,ok,
V5_00474,V5,/Users/krishna/dev/fightflow/data/downloaded-videos/V5.mp4,474,11262.0,11267.0,6.0,Jab,Jab,1,pending,data/raw/Skeleton_data/V5.npy,474,True,True,True,ok,
V5_00475,V5,/Users/krishna/dev/fightflow/data/downloaded-videos/V5.mp4,475,11268.0,11275.0,8.0,Rear Uppercut,Rear Uppercut,5,pending,data/raw/Skeleton_data/V5.npy,475,True,True,True,ok,
V5_00476,V5,/Users/krishna/dev/fightflow/data/downloaded-videos/V5.mp4,476,11276.0,11283.0,8.0,Lead Hook,Lead Hook,2,pending,data/raw/Skeleton_data/V5.npy,476,True,True,True,ok,
V5_00477,V5,/Users/krishna/dev/fightflow/data/downloaded-videos/V5.mp4,477,11284.0,11290.0,7.0,Cross,Cross,0,pending,data/raw/Skeleton_data/V5.npy,477,True,True,True,ok,
V5_00478,V5,/Users/krishna/dev/fightflow/data/downloaded-videos/V5.mp4,478,11291.0,11304.0,14.0,Lead Hook,Lead Hook,2,pending,data/raw/Skeleton_data/V5.npy,478,True,True,True,ok,
V5_00479,V5,/Users/krishna/dev/fightflow/data/downloaded-videos/V5.mp4,479,11323.0,11327.0,5.0,Jab,Jab,1,pending,data/raw/Skeleton_data/V5.npy,479,True,True,True,ok,
V5_00480,V5,/Users/krishna/dev/fightflow/data/downloaded-videos/V5.mp4,480,11328.0,11336.0,9.0,Rear Uppercut,Rear Uppercut,5,pending,data/raw/Skeleton_data/V5.npy,480,True,True,True,ok,
V5_00481,V5,/Users/krishna/dev/fightflow/data/downloaded-videos/V5.mp4,481,11337.0,11346.0,10.0,Lead Hook,Lead Hook,2,pending,data/raw/Skeleton_data/V5.npy,481,True,True,True,ok,
V5_00482,V5,/Users/krishna/dev/fightflow/data/downloaded-videos/V5.mp4,482,11347.0,11353.0,7.0,Cross,Cross,0,pending,data/raw/Skeleton_data/V5.npy,482,True,True,True,ok,
V5_00483,V5,/Users/krishna/dev/fightflow/data/downloaded-videos/V5.mp4,483,11354.0,11367.0,14.0,Lead Hook,Lead Hook,2,pending,data/raw/Skeleton_data/V5.npy,483,True,True,True,ok,
V5_00484,V5,/Users/krishna/dev/fightflow/data/downloaded-videos/V5.mp4,484,11382.0,11387.0,6.0,Jab,Jab,1,pending,data/raw/Skeleton_data/V5.npy,484,True,True,True,ok,
V5_00485,V5,/Users/krishna/dev/fightflow/data/downloaded-videos/V5.mp4,485,11388.0,11394.0,7.0,Rear Uppercut,Rear Uppercut,5,pending,data/raw/Skeleton_data/V5.npy,485,True,True,True,ok,
V5_00486,V5,/Users/krishna/dev/fightflow/data/downloaded-videos/V5.mp4,486,11395.0,11404.0,10.0,Lead Hook,Lead Hook,2,pending,data/raw/Skeleton_data/V5.npy,486,True,True,True,ok,
V5_00487,V5,/Users/krishna/dev/fightflow/data/downloaded-videos/V5.mp4,487,11405.0,11411.0,7.0,Cross,Cross,0,pending,data/raw/Skeleton_data/V5.npy,487,True,True,True,ok,
V5_00488,V5,/Users/krishna/dev/fightflow/data/downloaded-videos/V5.mp4,488,11412.0,11425.0,14.0,Lead Hook,Lead Hook,2,pending,data/raw/Skeleton_data/V5.npy,488,True,True,True,ok,
V5_00489,V5,/Users/krishna/dev/fightflow/data/downloaded-videos/V5.mp4,489,11445.0,11452.0,8.0,Jab,Jab,1,pending,data/raw/Skeleton_data/V5.npy,489,True,True,True,ok,
V5_00490,V5,/Users/krishna/dev/fightflow/data/downloaded-videos/V5.mp4,490,11453.0,11459.0,7.0,Cross,Cross,0,pending,data/raw/Skeleton_data/V5.npy,490,True,True,True,ok,
V5_00491,V5,/Users/krishna/dev/fightflow/data/downloaded-videos/V5.mp4,491,11461.0,11469.0,9.0,Lead Hook,Lead Hook,2,pending,data/raw/Skeleton_data/V5.npy,491,True,True,True,ok,
V5_00492,V5,/Users/krishna/dev/fightflow/data/downloaded-videos/V5.mp4,492,11470.0,11476.0,7.0,Cross,Cross,0,pending,data/raw/Skeleton_data/V5.npy,492,True,True,True,ok,
V5_00493,V5,/Users/krishna/dev/fightflow/data/downloaded-videos/V5.mp4,493,11477.0,11489.0,13.0,Lead Hook,Lead Hook,2,pending,data/raw/Skeleton_data/V5.npy,493,True,True,True,ok,
V5_00494,V5,/Users/krishna/dev/fightflow/data/downloaded-videos/V5.mp4,494,11509.0,11514.0,6.0,Jab,Jab,1,pending,data/raw/Skeleton_data/V5.npy,494,True,True,True,ok,
V5_00495,V5,/Users/krishna/dev/fightflow/data/downloaded-videos/V5.mp4,495,11515.0,11523.0,9.0,Cross,Cross,0,pending,data/raw/Skeleton_data/V5.npy,495,True,True,True,ok,
V5_00496,V5,/Users/krishna/dev/fightflow/data/downloaded-videos/V5.mp4,496,11562.0,11567.0,6.0,Jab,Jab,1,pending,data/raw/Skeleton_data/V5.npy,496,True,True,True,ok,
V5_00497,V5,/Users/krishna/dev/fightflow/data/downloaded-videos/V5.mp4,497,11568.0,11576.0,9.0,Cross,Cross,0,pending,data/raw/Skeleton_data/V5.npy,497,True,True,True,ok,
V5_00498,V5,/Users/krishna/dev/fightflow/data/downloaded-videos/V5.mp4,498,11616.0,11621.0,6.0,Jab,Jab,1,pending,data/raw/Skeleton_data/V5.npy,498,True,True,True,ok,
V5_00499,V5,/Users/krishna/dev/fightflow/data/downloaded-videos/V5.mp4,499,11622.0,11628.0,7.0,Cross,Cross,0,pending,data/raw/Skeleton_data/V5.npy,499,True,True,True,ok,
V5_00500,V5,/Users/krishna/dev/fightflow/data/downloaded-videos/V5.mp4,500,11666.0,11671.0,6.0,Jab,Jab,1,pending,data/raw/Skeleton_data/V5.npy,500,True,True,True,ok,
V5_00501,V5,/Users/krishna/dev/fightflow/data/downloaded-videos/V5.mp4,501,11673.0,11680.0,8.0,Cross,Cross,0,pending,data/raw/Skeleton_data/V5.npy,501,True,True,True,ok,
V5_00502,V5,/Users/krishna/dev/fightflow/data/downloaded-videos/V5.mp4,502,11713.0,11719.0,7.0,Jab,Jab,1,pending,data/raw/Skeleton_data/V5.npy,502,True,True,True,ok,
V5_00503,V5,/Users/krishna/dev/fightflow/data/downloaded-videos/V5.mp4,503,11720.0,11727.0,8.0,Cross,Cross,0,pending,data/raw/Skeleton_data/V5.npy,503,True,True,True,ok,
V5_00504,V5,/Users/krishna/dev/fightflow/data/downloaded-videos/V5.mp4,504,11764.0,11769.0,6.0,Jab,Jab,1,pending,data/raw/Skeleton_data/V5.npy,504,True,True,True,ok,
V5_00505,V5,/Users/krishna/dev/fightflow/data/downloaded-videos/V5.mp4,505,11770.0,11778.0,9.0,Cross,Cross,0,pending,data/raw/Skeleton_data/V5.npy,505,True,True,True,ok,
V5_00506,V5,/Users/krishna/dev/fightflow/data/downloaded-videos/V5.mp4,506,11807.0,11815.0,9.0,Jab,Jab,1,pending,data/raw/Skeleton_data/V5.npy,506,True,True,True,ok,
V5_00507,V5,/Users/krishna/dev/fightflow/data/downloaded-videos/V5.mp4,507,11820.0,11828.0,9.0,Rear Uppercut,Rear Uppercut,5,pending,data/raw/Skeleton_data/V5.npy,507,True,True,True,ok,
V5_00508,V5,/Users/krishna/dev/fightflow/data/downloaded-videos/V5.mp4,508,11830.0,11845.0,16.0,Lead Hook,Lead Hook,2,pending,data/raw/Skeleton_data/V5.npy,508,True,True,True,ok,
V5_00509,V5,/Users/krishna/dev/fightflow/data/downloaded-videos/V5.mp4,509,11882.0,11888.0,7.0,Jab,Jab,1,pending,data/raw/Skeleton_data/V5.npy,509,True,True,True,ok,
V5_00510,V5,/Users/krishna/dev/fightflow/data/downloaded-videos/V5.mp4,510,11891.0,11900.0,10.0,Rear Uppercut,Rear Uppercut,5,pending,data/raw/Skeleton_data/V5.npy,510,True,True,True,ok,
V5_00511,V5,/Users/krishna/dev/fightflow/data/downloaded-videos/V5.mp4,511,11901.0,11915.0,15.0,Lead Hook,Lead Hook,2,pending,data/raw/Skeleton_data/V5.npy,511,True,True,True,ok,
V5_00512,V5,/Users/krishna/dev/fightflow/data/downloaded-videos/V5.mp4,512,12005.0,12013.0,9.0,Rear Uppercut,Rear Uppercut,5,pending,data/raw/Skeleton_data/V5.npy,512,True,True,True,ok,
V5_00513,V5,/Users/krishna/dev/fightflow/data/downloaded-videos/V5.mp4,513,12014.0,12027.0,14.0,Lead Hook,Lead Hook,2,pending,data/raw/Skeleton_data/V5.npy,513,True,True,True,ok,
V5_00514,V5,/Users/krishna/dev/fightflow/data/downloaded-videos/V5.mp4,514,12040.0,12047.0,8.0,Jab,Jab,1,pending,data/raw/Skeleton_data/V5.npy,514,True,True,True,ok,
V5_00515,V5,/Users/krishna/dev/fightflow/data/downloaded-videos/V5.mp4,515,12051.0,12058.0,8.0,Rear Uppercut,Rear Uppercut,5,pending,data/raw/Skeleton_data/V5.npy,515,True,True,True,ok,
V5_00516,V5,/Users/krishna/dev/fightflow/data/downloaded-videos/V5.mp4,516,12059.0,12075.0,17.0,Lead Hook,Lead Hook,2,pending,data/raw/Skeleton_data/V5.npy,516,True,True,True,ok,
V5_00517,V5,/Users/krishna/dev/fightflow/data/downloaded-videos/V5.mp4,517,12086.0,12093.0,8.0,Jab,Jab,1,pending,data/raw/Skeleton_data/V5.npy,517,True,True,True,ok,
V5_00518,V5,/Users/krishna/dev/fightflow/data/downloaded-videos/V5.mp4,518,12095.0,12103.0,9.0,Rear Uppercut,Rear Uppercut,5,pending,data/raw/Skeleton_data/V5.npy,518,True,True,True,ok,
V5_00519,V5,/Users/krishna/dev/fightflow/data/downloaded-videos/V5.mp4,519,12104.0,12114.0,11.0,Lead Hook,Lead Hook,2,pending,data/raw/Skeleton_data/V5.npy,519,True,True,True,ok,
V5_00520,V5,/Users/krishna/dev/fightflow/data/downloaded-videos/V5.mp4,520,12176.0,12184.0,9.0,Rear Uppercut,Rear Uppercut,5,pending,data/raw/Skeleton_data/V5.npy,520,True,True,True,ok,
V5_00521,V5,/Users/krishna/dev/fightflow/data/downloaded-videos/V5.mp4,521,12244.0,12250.0,7.0,Jab,Jab,1,pending,data/raw/Skeleton_data/V5.npy,521,True,True,True,ok,
V5_00522,V5,/Users/krishna/dev/fightflow/data/downloaded-videos/V5.mp4,522,12252.0,12259.0,8.0,Rear Hook,Rear Hook,4,pending,data/raw/Skeleton_data/V5.npy,522,True,True,True,ok,
V5_00523,V5,/Users/krishna/dev/fightflow/data/downloaded-videos/V5.mp4,523,12271.0,12284.0,14.0,Rear Hook,Rear Hook,4,pending,data/raw/Skeleton_data/V5.npy,523,True,True,True,ok,
V5_00524,V5,/Users/krishna/dev/fightflow/data/downloaded-videos/V5.mp4,524,12307.0,12321.0,15.0,Rear Hook,Rear Hook,4,pending,data/raw/Skeleton_data/V5.npy,524,True,True,True,ok,
V5_00525,V5,/Users/krishna/dev/fightflow/data/downloaded-videos/V5.mp4,525,12367.0,12371.0,5.0,Jab,Jab,1,pending,data/raw/Skeleton_data/V5.npy,525,True,True,True,ok,
V5_00526,V5,/Users/krishna/dev/fightflow/data/downloaded-videos/V5.mp4,526,12372.0,12377.0,6.0,Rear Hook,Rear Hook,4,pending,data/raw/Skeleton_data/V5.npy,526,True,True,True,ok,
V5_00527,V5,/Users/krishna/dev/fightflow/data/downloaded-videos/V5.mp4,527,12385.0,12393.0,9.0,Rear Hook,Rear Hook,4,pending,data/raw/Skeleton_data/V5.npy,527,True,True,True,ok,
V5_00528,V5,/Users/krishna/dev/fightflow/data/downloaded-videos/V5.mp4,528,12407.0,12419.0,13.0,Rear Hook,Rear Hook,4,pending,data/raw/Skeleton_data/V5.npy,528,True,True,True,ok,
V5_00529,V5,/Users/krishna/dev/fightflow/data/downloaded-videos/V5.mp4,529,12450.0,12455.0,6.0,Jab,Jab,1,pending,data/raw/Skeleton_data/V5.npy,529,True,True,True,ok,
V5_00530,V5,/Users/krishna/dev/fightflow/data/downloaded-videos/V5.mp4,530,12457.0,12463.0,7.0,Rear Hook,Rear Hook,4,pending,data/raw/Skeleton_data/V5.npy,530,True,True,True,ok,
V5_00531,V5,/Users/krishna/dev/fightflow/data/downloaded-videos/V5.mp4,531,12472.0,12481.0,10.0,Rear Hook,Rear Hook,4,pending,data/raw/Skeleton_data/V5.npy,531,True,True,True,ok,
V5_00532,V5,/Users/krishna/dev/fightflow/data/downloaded-videos/V5.mp4,532,12495.0,12505.0,11.0,Rear Hook,Rear Hook,4,pending,data/raw/Skeleton_data/V5.npy,532,True,True,True,ok,
V5_00533,V5,/Users/krishna/dev/fightflow/data/downloaded-videos/V5.mp4,533,12555.0,12560.0,6.0,Jab,Jab,1,pending,data/raw/Skeleton_data/V5.npy,533,True,True,True,ok,
V5_00534,V5,/Users/krishna/dev/fightflow/data/downloaded-videos/V5.mp4,535,12575.0,12585.0,11.0,Rear Hook,Rear Hook,4,pending,data/raw/Skeleton_data/V5.npy,535,True,True,True,ok,
V5_00535,V5,/Users/krishna/dev/fightflow/data/downloaded-videos/V5.mp4,536,12600.0,12612.0,13.0,Rear Hook,Rear Hook,4,pending,data/raw/Skeleton_data/V5.npy,536,True,True,True,ok,
V5_00536,V5,/Users/krishna/dev/fightflow/data/downloaded-videos/V5.mp4,537,12652.0,12657.0,6.0,Jab,Jab,1,pending,data/raw/Skeleton_data/V5.npy,537,True,True,True,ok,
V5_00537,V5,/Users/krishna/dev/fightflow/data/downloaded-videos/V5.mp4,538,12666.0,12672.0,7.0,Lead Hook,Lead Hook,2,pending,data/raw/Skeleton_data/V5.npy,538,True,True,True,ok,
V5_00538,V5,/Users/krishna/dev/fightflow/data/downloaded-videos/V5.mp4,539,12676.0,12686.0,11.0,Rear Uppercut,Rear Uppercut,5,pending,data/raw/Skeleton_data/V5.npy,539,True,True,True,ok,
V5_00539,V5,/Users/krishna/dev/fightflow/data/downloaded-videos/V5.mp4,540,12724.0,12729.0,6.0,Jab,Jab,1,pending,data/raw/Skeleton_data/V5.npy,540,True,True,True,ok,
V5_00540,V5,/Users/krishna/dev/fightflow/data/downloaded-videos/V5.mp4,541,12732.0,12740.0,9.0,Lead Hook,Lead Hook,2,pending,data/raw/Skeleton_data/V5.npy,541,True,True,True,ok,
V5_00541,V5,/Users/krishna/dev/fightflow/data/downloaded-videos/V5.mp4,542,12743.0,12756.0,14.0,Rear Uppercut,Rear Uppercut,5,pending,data/raw/Skeleton_data/V5.npy,542,True,True,True,ok,
V5_00542,V5,/Users/krishna/dev/fightflow/data/downloaded-videos/V5.mp4,543,12779.0,12785.0,7.0,Jab,Jab,1,pending,data/raw/Skeleton_data/V5.npy,543,True,True,True,ok,
V5_00543,V5,/Users/krishna/dev/fightflow/data/downloaded-videos/V5.mp4,544,12787.0,12795.0,9.0,Lead Hook,Lead Hook,2,pending,data/raw/Skeleton_data/V5.npy,544,True,True,True,ok,
V5_00544,V5,/Users/krishna/dev/fightflow/data/downloaded-videos/V5.mp4,545,12797.0,12810.0,14.0,Rear Uppercut,Rear Uppercut,5,pending,data/raw/Skeleton_data/V5.npy,545,True,True,True,ok,
V5_00545,V5,/Users/krishna/dev/fightflow/data/downloaded-videos/V5.mp4,546,12822.0,12828.0,7.0,Jab,Jab,1,pending,data/raw/Skeleton_data/V5.npy,546,True,True,True,ok,
V5_00546,V5,/Users/krishna/dev/fightflow/data/downloaded-videos/V5.mp4,547,12829.0,12837.0,9.0,Lead Hook,Lead Hook,2,pending,data/raw/Skeleton_data/V5.npy,547,True,True,True,ok,
V5_00547,V5,/Users/krishna/dev/fightflow/data/downloaded-videos/V5.mp4,548,12841.0,12851.0,11.0,Rear Uppercut,Rear Uppercut,5,pending,data/raw/Skeleton_data/V5.npy,548,True,True,True,ok,
V5_00548,V5,/Users/krishna/dev/fightflow/data/downloaded-videos/V5.mp4,549,12858.0,12863.0,6.0,Jab,Jab,1,pending,data/raw/Skeleton_data/V5.npy,549,True,True,True,ok,
V5_00549,V5,/Users/krishna/dev/fightflow/data/downloaded-videos/V5.mp4,550,12865.0,12873.0,9.0,Lead Hook,Lead Hook,2,pending,data/raw/Skeleton_data/V5.npy,550,True,True,True,ok,
V5_00550,V5,/Users/krishna/dev/fightflow/data/downloaded-videos/V5.mp4,551,12877.0,12886.0,10.0,Rear Uppercut,Rear Uppercut,5,pending,data/raw/Skeleton_data/V5.npy,551,True,True,True,ok,
V5_00551,V5,/Users/krishna/dev/fightflow/data/downloaded-videos/V5.mp4,552,12902.0,12910.0,9.0,Lead Hook,Lead Hook,2,pending,data/raw/Skeleton_data/V5.npy,552,True,True,True,ok,
V5_00552,V5,/Users/krishna/dev/fightflow/data/downloaded-videos/V5.mp4,553,12913.0,12922.0,10.0,Rear Uppercut,Rear Uppercut,5,pending,data/raw/Skeleton_data/V5.npy,553,True,True,True,ok,
V5_00553,V5,/Users/krishna/dev/fightflow/data/downloaded-videos/V5.mp4,554,12928.0,12933.0,6.0,Jab,Jab,1,pending,data/raw/Skeleton_data/V5.npy,554,True,True,True,ok,
V5_00554,V5,/Users/krishna/dev/fightflow/data/downloaded-videos/V5.mp4,555,12935.0,12942.0,8.0,Lead Hook,Lead Hook,2,pending,data/raw/Skeleton_data/V5.npy,555,True,True,True,ok,
V5_00555,V5,/Users/krishna/dev/fightflow/data/downloaded-videos/V5.mp4,556,12947.0,12957.0,11.0,Rear Uppercut,Rear Uppercut,5,pending,data/raw/Skeleton_data/V5.npy,556,True,True,True,ok,
V5_00556,V5,/Users/krishna/dev/fightflow/data/downloaded-videos/V5.mp4,557,13098.0,13107.0,10.0,Cross,Cross,0,pending,data/raw/Skeleton_data/V5.npy,557,True,True,True,ok,
V5_00557,V5,/Users/krishna/dev/fightflow/data/downloaded-videos/V5.mp4,558,13252.0,13262.0,11.0,Cross,Cross,0,pending,data/raw/Skeleton_data/V5.npy,558,True,True,True,ok,
V5_00558,V5,/Users/krishna/dev/fightflow/data/downloaded-videos/V5.mp4,559,13439.0,13450.0,12.0,Cross,Cross,0,pending,data/raw/Skeleton_data/V5.npy,559,True,True,True,ok,
V5_00559,V5,/Users/krishna/dev/fightflow/data/downloaded-videos/V5.mp4,560,13636.0,13647.0,12.0,Cross,Cross,0,pending,data/raw/Skeleton_data/V5.npy,560,True,True,True,ok,
V5_00560,V5,/Users/krishna/dev/fightflow/data/downloaded-videos/V5.mp4,561,13681.0,13686.0,6.0,Jab,Jab,1,pending,data/raw/Skeleton_data/V5.npy,561,True,True,True,ok,
V5_00561,V5,/Users/krishna/dev/fightflow/data/downloaded-videos/V5.mp4,562,13692.0,13702.0,11.0,Lead Hook,Lead Hook,2,pending,data/raw/Skeleton_data/V5.npy,562,True,True,True,ok,
V5_00562,V5,/Users/krishna/dev/fightflow/data/downloaded-videos/V5.mp4,563,13724.0,13729.0,6.0,Jab,Jab,1,pending,data/raw/Skeleton_data/V5.npy,563,True,True,True,ok,
V5_00563,V5,/Users/krishna/dev/fightflow/data/downloaded-videos/V5.mp4,564,13737.0,13751.0,15.0,Lead Uppercut,Lead Uppercut,3,pending,data/raw/Skeleton_data/V5.npy,564,True,True,True,ok,
V5_00564,V5,/Users/krishna/dev/fightflow/data/downloaded-videos/V5.mp4,565,13787.0,13793.0,7.0,Jab,Jab,1,pending,data/raw/Skeleton_data/V5.npy,565,True,True,True,ok,
V5_00565,V5,/Users/krishna/dev/fightflow/data/downloaded-videos/V5.mp4,566,13797.0,13809.0,13.0,Lead Uppercut,Lead Uppercut,3,pending,data/raw/Skeleton_data/V5.npy,566,True,True,True,ok,
V5_00566,V5,/Users/krishna/dev/fightflow/data/downloaded-videos/V5.mp4,567,13877.0,13883.0,7.0,Jab,Jab,1,pending,data/raw/Skeleton_data/V5.npy,567,True,True,True,ok,
V5_00567,V5,/Users/krishna/dev/fightflow/data/downloaded-videos/V5.mp4,568,13888.0,13901.0,14.0,Lead Uppercut,Lead Uppercut,3,pending,data/raw/Skeleton_data/V5.npy,568,True,True,True,ok,
V5_00568,V5,/Users/krishna/dev/fightflow/data/downloaded-videos/V5.mp4,569,13944.0,13949.0,6.0,Jab,Jab,1,pending,data/raw/Skeleton_data/V5.npy,569,True,True,True,ok,
V5_00569,V5,/Users/krishna/dev/fightflow/data/downloaded-videos/V5.mp4,570,13996.0,14000.0,5.0,Jab,Jab,1,pending,data/raw/Skeleton_data/V5.npy,570,True,True,True,ok,
V5_00570,V5,/Users/krishna/dev/fightflow/data/downloaded-videos/V5.mp4,571,14001.0,14009.0,9.0,Cross,Cross,0,pending,data/raw/Skeleton_data/V5.npy,571,True,True,True,ok,
V5_00571,V5,/Users/krishna/dev/fightflow/data/downloaded-videos/V5.mp4,572,14018.0,14024.0,7.0,Rear Uppercut,Rear Uppercut,5,pending,data/raw/Skeleton_data/V5.npy,572,True,True,True,ok,
V5_00572,V5,/Users/krishna/dev/fightflow/data/downloaded-videos/V5.mp4,573,14030.0,14038.0,9.0,Jab,Jab,1,pending,data/raw/Skeleton_data/V5.npy,573,True,True,True,ok,
V5_00573,V5,/Users/krishna/dev/fightflow/data/downloaded-videos/V5.mp4,574,14130.0,14139.0,10.0,Jab,Jab,1,pending,data/raw/Skeleton_data/V5.npy,574,True,True,True,ok,
V5_00574,V5,/Users/krishna/dev/fightflow/data/downloaded-videos/V5.mp4,575,14208.0,14218.0,11.0,Jab,Jab,1,pending,data/raw/Skeleton_data/V5.npy,575,True,True,True,ok,
V5_00575,V5,/Users/krishna/dev/fightflow/data/downloaded-videos/V5.mp4,576,14245.0,14255.0,11.0,Jab,Jab,1,pending,data/raw/Skeleton_data/V5.npy,576,True,True,True,ok,
V5_00576,V5,/Users/krishna/dev/fightflow/data/downloaded-videos/V5.mp4,577,14280.0,14289.0,10.0,Jab,Jab,1,pending,data/raw/Skeleton_data/V5.npy,577,True,True,True,ok,
V5_00577,V5,/Users/krishna/dev/fightflow/data/downloaded-videos/V5.mp4,578,14307.0,14315.0,9.0,Jab,Jab,1,pending,data/raw/Skeleton_data/V5.npy,578,True,True,True,ok,
V5_00578,V5,/Users/krishna/dev/fightflow/data/downloaded-videos/V5.mp4,579,14316.0,14327.0,12.0,Jab,Jab,1,pending,data/raw/Skeleton_data/V5.npy,579,True,True,True,ok,
V5_00579,V5,/Users/krishna/dev/fightflow/data/downloaded-videos/V5.mp4,580,14356.0,14365.0,10.0,Jab,Jab,1,pending,data/raw/Skeleton_data/V5.npy,580,True,True,True,ok,
V5_00580,V5,/Users/krishna/dev/fightflow/data/downloaded-videos/V5.mp4,581,14388.0,14397.0,10.0,Jab,Jab,1,pending,data/raw/Skeleton_data/V5.npy,581,True,True,True,ok,
V5_00581,V5,/Users/krishna/dev/fightflow/data/downloaded-videos/V5.mp4,582,14423.0,14433.0,11.0,Jab,Jab,1,pending,data/raw/Skeleton_data/V5.npy,582,True,True,True,ok,
V5_00582,V5,/Users/krishna/dev/fightflow/data/downloaded-videos/V5.mp4,583,14458.0,14469.0,12.0,Jab,Jab,1,pending,data/raw/Skeleton_data/V5.npy,583,True,True,True,ok,
V5_00583,V5,/Users/krishna/dev/fightflow/data/downloaded-videos/V5.mp4,584,14493.0,14501.0,9.0,Jab,Jab,1,pending,data/raw/Skeleton_data/V5.npy,584,True,True,True,ok,
V5_00584,V5,/Users/krishna/dev/fightflow/data/downloaded-videos/V5.mp4,585,14537.0,14547.0,11.0,Jab,Jab,1,pending,data/raw/Skeleton_data/V5.npy,585,True,True,True,ok,
V5_00585,V5,/Users/krishna/dev/fightflow/data/downloaded-videos/V5.mp4,586,14605.0,14624.0,20.0,Cross,Cross,0,pending,data/raw/Skeleton_data/V5.npy,586,True,True,True,ok,
V5_00586,V5,/Users/krishna/dev/fightflow/data/downloaded-videos/V5.mp4,587,14770.0,14777.0,8.0,Jab,Jab,1,pending,data/raw/Skeleton_data/V5.npy,587,True,True,True,ok,
V5_00587,V5,/Users/krishna/dev/fightflow/data/downloaded-videos/V5.mp4,588,14778.0,14786.0,9.0,Cross,Cross,0,pending,data/raw/Skeleton_data/V5.npy,588,True,True,True,ok,
V5_00588,V5,/Users/krishna/dev/fightflow/data/downloaded-videos/V5.mp4,589,14851.0,14860.0,10.0,Jab,Jab,1,pending,data/raw/Skeleton_data/V5.npy,589,True,True,True,ok,
V5_00589,V5,/Users/krishna/dev/fightflow/data/downloaded-videos/V5.mp4,590,14861.0,14869.0,9.0,Cross,Cross,0,pending,data/raw/Skeleton_data/V5.npy,590,True,True,True,ok,
V5_00590,V5,/Users/krishna/dev/fightflow/data/downloaded-videos/V5.mp4,591,14931.0,14948.0,18.0,Jab,Jab,1,pending,data/raw/Skeleton_data/V5.npy,591,True,True,True,ok,
V5_00591,V5,/Users/krishna/dev/fightflow/data/downloaded-videos/V5.mp4,592,14949.0,14956.0,8.0,Cross,Cross,0,pending,data/raw/Skeleton_data/V5.npy,592,True,True,True,ok,
V5_00592,V5,/Users/krishna/dev/fightflow/data/downloaded-videos/V5.mp4,593,14995.0,15008.0,14.0,Jab,Jab,1,pending,data/raw/Skeleton_data/V5.npy,593,True,True,True,ok,
V5_00593,V5,/Users/krishna/dev/fightflow/data/downloaded-videos/V5.mp4,594,15010.0,15019.0,10.0,Cross,Cross,0,pending,data/raw/Skeleton_data/V5.npy,594,True,True,True,ok,
V5_00594,V5,/Users/krishna/dev/fightflow/data/downloaded-videos/V5.mp4,595,15084.0,15095.0,12.0,Cross,Cross,0,pending,data/raw/Skeleton_data/V5.npy,595,True,True,True,ok,
V5_00595,V5,/Users/krishna/dev/fightflow/data/downloaded-videos/V5.mp4,596,15128.0,15149.0,22.0,Jab,Jab,1,pending,data/raw/Skeleton_data/V5.npy,596,True,True,True,ok,
V5_00596,V5,/Users/krishna/dev/fightflow/data/downloaded-videos/V5.mp4,597,15150.0,15164.0,15.0,Cross,Cross,0,pending,data/raw/Skeleton_data/V5.npy,597,True,True,True,ok,
V6_00001,V6,/Users/krishna/dev/fightflow/data/downloaded-videos/V6.mp4,0,157.0,171.0,15.0,Lead Uppercut,Lead Uppercut,3,pending,data/raw/Skeleton_data/V6.npy,0,False,True,True,review,V6_skeleton_not_1to1_event_clips_alignment_TBD_step7
V6_00002,V6,/Users/krishna/dev/fightflow/data/downloaded-videos/V6.mp4,1,311.0,320.0,10.0,Lead Uppercut,Lead Uppercut,3,pending,data/raw/Skeleton_data/V6.npy,1,False,True,True,review,V6_skeleton_not_1to1_event_clips_alignment_TBD_step7
V6_00003,V6,/Users/krishna/dev/fightflow/data/downloaded-videos/V6.mp4,2,348.0,356.0,9.0,Lead Uppercut,Lead Uppercut,3,pending,data/raw/Skeleton_data/V6.npy,2,False,True,True,review,V6_skeleton_not_1to1_event_clips_alignment_TBD_step7
V6_00004,V6,/Users/krishna/dev/fightflow/data/downloaded-videos/V6.mp4,3,391.0,402.0,12.0,Lead Hook,Lead Hook,2,pending,data/raw/Skeleton_data/V6.npy,3,False,True,True,review,V6_skeleton_not_1to1_event_clips_alignment_TBD_step7
V6_00005,V6,/Users/krishna/dev/fightflow/data/downloaded-videos/V6.mp4,4,402.0,415.0,14.0,Rear Hook,Rear Hook,4,pending,data/raw/Skeleton_data/V6.npy,4,False,True,True,review,V6_skeleton_not_1to1_event_clips_alignment_TBD_step7
V6_00006,V6,/Users/krishna/dev/fightflow/data/downloaded-videos/V6.mp4,5,486.0,496.0,11.0,Lead Hook,Lead Hook,2,pending,data/raw/Skeleton_data/V6.npy,5,False,True,True,review,V6_skeleton_not_1to1_event_clips_alignment_TBD_step7
V6_00007,V6,/Users/krishna/dev/fightflow/data/downloaded-videos/V6.mp4,6,541.0,549.0,9.0,Rear Uppercut,Rear Uppercut,5,pending,data/raw/Skeleton_data/V6.npy,6,False,True,True,review,V6_skeleton_not_1to1_event_clips_alignment_TBD_step7
V6_00008,V6,/Users/krishna/dev/fightflow/data/downloaded-videos/V6.mp4,7,566.0,576.0,11.0,Lead Uppercut,Lead Uppercut,3,pending,data/raw/Skeleton_data/V6.npy,7,False,True,True,review,V6_skeleton_not_1to1_event_clips_alignment_TBD_step7
V6_00009,V6,/Users/krishna/dev/fightflow/data/downloaded-videos/V6.mp4,8,5283.0,5301.0,19.0,Lead Hook,Lead Hook,2,pending,data/raw/Skeleton_data/V6.npy,8,False,True,True,review,V6_skeleton_not_1to1_event_clips_alignment_TBD_step7
V6_00010,V6,/Users/krishna/dev/fightflow/data/downloaded-videos/V6.mp4,9,5377.0,5391.0,15.0,Lead Hook,Lead Hook,2,pending,data/raw/Skeleton_data/V6.npy,9,False,True,True,review,V6_skeleton_not_1to1_event_clips_alignment_TBD_step7
V6_00011,V6,/Users/krishna/dev/fightflow/data/downloaded-videos/V6.mp4,10,5446.0,5461.0,16.0,Lead Hook,Lead Hook,2,pending,data/raw/Skeleton_data/V6.npy,10,False,True,True,review,V6_skeleton_not_1to1_event_clips_alignment_TBD_step7
V6_00012,V6,/Users/krishna/dev/fightflow/data/downloaded-videos/V6.mp4,11,5521.0,5534.0,14.0,Lead Hook,Lead Hook,2,pending,data/raw/Skeleton_data/V6.npy,11,False,True,True,review,V6_skeleton_not_1to1_event_clips_alignment_TBD_step7
V6_00013,V6,/Users/krishna/dev/fightflow/data/downloaded-videos/V6.mp4,12,5594.0,5609.0,16.0,Lead Hook,Lead Hook,2,pending,data/raw/Skeleton_data/V6.npy,12,False,True,True,review,V6_skeleton_not_1to1_event_clips_alignment_TBD_step7
V6_00014,V6,/Users/krishna/dev/fightflow/data/downloaded-videos/V6.mp4,13,5667.0,5682.0,16.0,Lead Hook,Lead Hook,2,pending,data/raw/Skeleton_data/V6.npy,13,False,True,True,review,V6_skeleton_not_1to1_event_clips_alignment_TBD_step7
V6_00015,V6,/Users/krishna/dev/fightflow/data/downloaded-videos/V6.mp4,14,5741.0,5758.0,18.0,Lead Hook,Lead Hook,2,pending,data/raw/Skeleton_data/V6.npy,14,False,True,True,review,V6_skeleton_not_1to1_event_clips_alignment_TBD_step7
V6_00016,V6,/Users/krishna/dev/fightflow/data/downloaded-videos/V6.mp4,15,5819.0,5836.0,18.0,Lead Hook,Lead Hook,2,pending,data/raw/Skeleton_data/V6.npy,15,False,True,True,review,V6_skeleton_not_1to1_event_clips_alignment_TBD_step7
V6_00017,V6,/Users/krishna/dev/fightflow/data/downloaded-videos/V6.mp4,16,5894.0,5911.0,18.0,Lead Hook,Lead Hook,2,pending,data/raw/Skeleton_data/V6.npy,16,False,True,True,review,V6_skeleton_not_1to1_event_clips_alignment_TBD_step7
V6_00018,V6,/Users/krishna/dev/fightflow/data/downloaded-videos/V6.mp4,17,5976.0,5992.0,17.0,Lead Hook,Lead Hook,2,pending,data/raw/Skeleton_data/V6.npy,17,False,True,True,review,V6_skeleton_not_1to1_event_clips_alignment_TBD_step7
V6_00019,V6,/Users/krishna/dev/fightflow/data/downloaded-videos/V6.mp4,18,6052.0,6070.0,19.0,Lead Hook,Lead Hook,2,pending,data/raw/Skeleton_data/V6.npy,18,False,True,True,review,V6_skeleton_not_1to1_event_clips_alignment_TBD_step7
V6_00020,V6,/Users/krishna/dev/fightflow/data/downloaded-videos/V6.mp4,19,6128.0,6142.0,15.0,Lead Hook,Lead Hook,2,pending,data/raw/Skeleton_data/V6.npy,19,False,True,True,review,V6_skeleton_not_1to1_event_clips_alignment_TBD_step7
V6_00021,V6,/Users/krishna/dev/fightflow/data/downloaded-videos/V6.mp4,20,6200.0,6215.0,16.0,Lead Hook,Lead Hook,2,pending,data/raw/Skeleton_data/V6.npy,20,False,True,True,review,V6_skeleton_not_1to1_event_clips_alignment_TBD_step7
V6_00022,V6,/Users/krishna/dev/fightflow/data/downloaded-videos/V6.mp4,21,6285.0,6306.0,22.0,Lead Hook,Lead Hook,2,pending,data/raw/Skeleton_data/V6.npy,21,False,True,True,review,V6_skeleton_not_1to1_event_clips_alignment_TBD_step7
V6_00023,V6,/Users/krishna/dev/fightflow/data/downloaded-videos/V6.mp4,22,6381.0,6398.0,18.0,Lead Hook,Lead Hook,2,pending,data/raw/Skeleton_data/V6.npy,22,False,True,True,review,V6_skeleton_not_1to1_event_clips_alignment_TBD_step7
V6_00024,V6,/Users/krishna/dev/fightflow/data/downloaded-videos/V6.mp4,23,6468.0,6484.0,17.0,Lead Hook,Lead Hook,2,pending,data/raw/Skeleton_data/V6.npy,23,False,True,True,review,V6_skeleton_not_1to1_event_clips_alignment_TBD_step7
V6_00025,V6,/Users/krishna/dev/fightflow/data/downloaded-videos/V6.mp4,24,6566.0,6588.0,23.0,Lead Hook,Lead Hook,2,pending,data/raw/Skeleton_data/V6.npy,24,False,True,True,review,V6_skeleton_not_1to1_event_clips_alignment_TBD_step7
V6_00026,V6,/Users/krishna/dev/fightflow/data/downloaded-videos/V6.mp4,25,6674.0,6689.0,16.0,Lead Hook,Lead Hook,2,pending,data/raw/Skeleton_data/V6.npy,25,False,True,True,review,V6_skeleton_not_1to1_event_clips_alignment_TBD_step7
V6_00027,V6,/Users/krishna/dev/fightflow/data/downloaded-videos/V6.mp4,26,6743.0,6758.0,16.0,Lead Hook,Lead Hook,2,pending,data/raw/Skeleton_data/V6.npy,26,False,True,True,review,V6_skeleton_not_1to1_event_clips_alignment_TBD_step7
V6_00028,V6,/Users/krishna/dev/fightflow/data/downloaded-videos/V6.mp4,27,6816.0,6831.0,16.0,Lead Hook,Lead Hook,2,pending,data/raw/Skeleton_data/V6.npy,27,False,True,True,review,V6_skeleton_not_1to1_event_clips_alignment_TBD_step7
V6_00029,V6,/Users/krishna/dev/fightflow/data/downloaded-videos/V6.mp4,28,6888.0,6903.0,16.0,Lead Hook,Lead Hook,2,pending,data/raw/Skeleton_data/V6.npy,28,False,True,True,review,V6_skeleton_not_1to1_event_clips_alignment_TBD_step7
V6_00030,V6,/Users/krishna/dev/fightflow/data/downloaded-videos/V6.mp4,29,6966.0,6983.0,18.0,Lead Hook,Lead Hook,2,pending,data/raw/Skeleton_data/V6.npy,29,False,True,True,review,V6_skeleton_not_1to1_event_clips_alignment_TBD_step7
V6_00031,V6,/Users/krishna/dev/fightflow/data/downloaded-videos/V6.mp4,30,7048.0,7068.0,21.0,Lead Hook,Lead Hook,2,pending,data/raw/Skeleton_data/V6.npy,30,False,True,True,review,V6_skeleton_not_1to1_event_clips_alignment_TBD_step7
V6_00032,V6,/Users/krishna/dev/fightflow/data/downloaded-videos/V6.mp4,31,7128.0,7145.0,18.0,Lead Hook,Lead Hook,2,pending,data/raw/Skeleton_data/V6.npy,31,False,True,True,review,V6_skeleton_not_1to1_event_clips_alignment_TBD_step7
V6_00033,V6,/Users/krishna/dev/fightflow/data/downloaded-videos/V6.mp4,32,7208.0,7222.0,15.0,Lead Hook,Lead Hook,2,pending,data/raw/Skeleton_data/V6.npy,32,False,True,True,review,V6_skeleton_not_1to1_event_clips_alignment_TBD_step7
V6_00034,V6,/Users/krishna/dev/fightflow/data/downloaded-videos/V6.mp4,33,7285.0,7298.0,14.0,Lead Hook,Lead Hook,2,pending,data/raw/Skeleton_data/V6.npy,33,False,True,True,review,V6_skeleton_not_1to1_event_clips_alignment_TBD_step7
V6_00035,V6,/Users/krishna/dev/fightflow/data/downloaded-videos/V6.mp4,34,7394.0,7409.0,16.0,Lead Hook,Lead Hook,2,pending,data/raw/Skeleton_data/V6.npy,34,False,True,True,review,V6_skeleton_not_1to1_event_clips_alignment_TBD_step7
V6_00036,V6,/Users/krishna/dev/fightflow/data/downloaded-videos/V6.mp4,35,7467.0,7485.0,19.0,Lead Hook,Lead Hook,2,pending,data/raw/Skeleton_data/V6.npy,35,False,True,True,review,V6_skeleton_not_1to1_event_clips_alignment_TBD_step7
V6_00037,V6,/Users/krishna/dev/fightflow/data/downloaded-videos/V6.mp4,36,7546.0,7561.0,16.0,Lead Hook,Lead Hook,2,pending,data/raw/Skeleton_data/V6.npy,36,False,True,True,review,V6_skeleton_not_1to1_event_clips_alignment_TBD_step7
V6_00038,V6,/Users/krishna/dev/fightflow/data/downloaded-videos/V6.mp4,37,7618.0,7635.0,18.0,Lead Hook,Lead Hook,2,pending,data/raw/Skeleton_data/V6.npy,37,False,True,True,review,V6_skeleton_not_1to1_event_clips_alignment_TBD_step7
V6_00039,V6,/Users/krishna/dev/fightflow/data/downloaded-videos/V6.mp4,38,7694.0,7709.0,16.0,Lead Hook,Lead Hook,2,pending,data/raw/Skeleton_data/V6.npy,38,False,True,True,review,V6_skeleton_not_1to1_event_clips_alignment_TBD_step7
V6_00040,V6,/Users/krishna/dev/fightflow/data/downloaded-videos/V6.mp4,39,7906.0,7927.0,22.0,Rear Hook,Rear Hook,4,pending,data/raw/Skeleton_data/V6.npy,39,False,True,True,review,V6_skeleton_not_1to1_event_clips_alignment_TBD_step7
V6_00041,V6,/Users/krishna/dev/fightflow/data/downloaded-videos/V6.mp4,40,8110.0,8128.0,19.0,Rear Hook,Rear Hook,4,pending,data/raw/Skeleton_data/V6.npy,40,False,True,True,review,V6_skeleton_not_1to1_event_clips_alignment_TBD_step7
V6_00042,V6,/Users/krishna/dev/fightflow/data/downloaded-videos/V6.mp4,41,8183.0,8205.0,23.0,Rear Hook,Rear Hook,4,pending,data/raw/Skeleton_data/V6.npy,41,False,True,True,review,V6_skeleton_not_1to1_event_clips_alignment_TBD_step7
V6_00043,V6,/Users/krishna/dev/fightflow/data/downloaded-videos/V6.mp4,42,8247.0,8268.0,22.0,Rear Hook,Rear Hook,4,pending,data/raw/Skeleton_data/V6.npy,42,False,True,True,review,V6_skeleton_not_1to1_event_clips_alignment_TBD_step7
V6_00044,V6,/Users/krishna/dev/fightflow/data/downloaded-videos/V6.mp4,43,8306.0,8322.0,17.0,Rear Hook,Rear Hook,4,pending,data/raw/Skeleton_data/V6.npy,43,False,True,True,review,V6_skeleton_not_1to1_event_clips_alignment_TBD_step7
V6_00045,V6,/Users/krishna/dev/fightflow/data/downloaded-videos/V6.mp4,44,8368.0,8385.0,18.0,Rear Hook,Rear Hook,4,pending,data/raw/Skeleton_data/V6.npy,44,False,True,True,review,V6_skeleton_not_1to1_event_clips_alignment_TBD_step7
V6_00046,V6,/Users/krishna/dev/fightflow/data/downloaded-videos/V6.mp4,45,8447.0,8466.0,20.0,Rear Hook,Rear Hook,4,pending,data/raw/Skeleton_data/V6.npy,45,False,True,True,review,V6_skeleton_not_1to1_event_clips_alignment_TBD_step7
V6_00047,V6,/Users/krishna/dev/fightflow/data/downloaded-videos/V6.mp4,46,8514.0,8531.0,18.0,Rear Hook,Rear Hook,4,pending,data/raw/Skeleton_data/V6.npy,46,False,True,True,review,V6_skeleton_not_1to1_event_clips_alignment_TBD_step7
V6_00048,V6,/Users/krishna/dev/fightflow/data/downloaded-videos/V6.mp4,47,8576.0,8596.0,21.0,Rear Hook,Rear Hook,4,pending,data/raw/Skeleton_data/V6.npy,47,False,True,True,review,V6_skeleton_not_1to1_event_clips_alignment_TBD_step7
V6_00049,V6,/Users/krishna/dev/fightflow/data/downloaded-videos/V6.mp4,48,8639.0,8657.0,19.0,Rear Hook,Rear Hook,4,pending,data/raw/Skeleton_data/V6.npy,48,False,True,True,review,V6_skeleton_not_1to1_event_clips_alignment_TBD_step7
V6_00050,V6,/Users/krishna/dev/fightflow/data/downloaded-videos/V6.mp4,49,8702.0,8721.0,20.0,Rear Hook,Rear Hook,4,pending,data/raw/Skeleton_data/V6.npy,49,False,True,True,review,V6_skeleton_not_1to1_event_clips_alignment_TBD_step7
V6_00051,V6,/Users/krishna/dev/fightflow/data/downloaded-videos/V6.mp4,50,8765.0,8782.0,18.0,Rear Hook,Rear Hook,4,pending,data/raw/Skeleton_data/V6.npy,50,False,True,True,review,V6_skeleton_not_1to1_event_clips_alignment_TBD_step7
V6_00052,V6,/Users/krishna/dev/fightflow/data/downloaded-videos/V6.mp4,51,8824.0,8842.0,19.0,Rear Hook,Rear Hook,4,pending,data/raw/Skeleton_data/V6.npy,51,False,True,True,review,V6_skeleton_not_1to1_event_clips_alignment_TBD_step7
V6_00053,V6,/Users/krishna/dev/fightflow/data/downloaded-videos/V6.mp4,52,8886.0,8905.0,20.0,Rear Hook,Rear Hook,4,pending,data/raw/Skeleton_data/V6.npy,52,False,True,True,review,V6_skeleton_not_1to1_event_clips_alignment_TBD_step7
V6_00054,V6,/Users/krishna/dev/fightflow/data/downloaded-videos/V6.mp4,53,8949.0,8969.0,21.0,Rear Hook,Rear Hook,4,pending,data/raw/Skeleton_data/V6.npy,53,False,True,True,review,V6_skeleton_not_1to1_event_clips_alignment_TBD_step7
V6_00055,V6,/Users/krishna/dev/fightflow/data/downloaded-videos/V6.mp4,54,9011.0,9029.0,19.0,Rear Hook,Rear Hook,4,pending,data/raw/Skeleton_data/V6.npy,54,False,True,True,review,V6_skeleton_not_1to1_event_clips_alignment_TBD_step7
V6_00056,V6,/Users/krishna/dev/fightflow/data/downloaded-videos/V6.mp4,55,9070.0,9089.0,20.0,Rear Hook,Rear Hook,4,pending,data/raw/Skeleton_data/V6.npy,55,False,True,True,review,V6_skeleton_not_1to1_event_clips_alignment_TBD_step7
V6_00057,V6,/Users/krishna/dev/fightflow/data/downloaded-videos/V6.mp4,56,9167.0,9189.0,23.0,Lead Hook,Lead Hook,2,pending,data/raw/Skeleton_data/V6.npy,56,False,True,True,review,V6_skeleton_not_1to1_event_clips_alignment_TBD_step7
V6_00058,V6,/Users/krishna/dev/fightflow/data/downloaded-videos/V6.mp4,57,9203.0,9223.0,21.0,Lead Hook,Lead Hook,2,pending,data/raw/Skeleton_data/V6.npy,57,False,True,True,review,V6_skeleton_not_1to1_event_clips_alignment_TBD_step7
V6_00059,V6,/Users/krishna/dev/fightflow/data/downloaded-videos/V6.mp4,58,9232.0,9256.0,25.0,Rear Hook,Rear Hook,4,pending,data/raw/Skeleton_data/V6.npy,58,False,True,True,review,V6_skeleton_not_1to1_event_clips_alignment_TBD_step7
V6_00060,V6,/Users/krishna/dev/fightflow/data/downloaded-videos/V6.mp4,59,9283.0,9301.0,19.0,Lead Hook,Lead Hook,2,pending,data/raw/Skeleton_data/V6.npy,59,False,True,True,review,V6_skeleton_not_1to1_event_clips_alignment_TBD_step7
V6_00061,V6,/Users/krishna/dev/fightflow/data/downloaded-videos/V6.mp4,60,9318.0,9339.0,22.0,Lead Hook,Lead Hook,2,pending,data/raw/Skeleton_data/V6.npy,60,False,True,True,review,V6_skeleton_not_1to1_event_clips_alignment_TBD_step7
V6_00062,V6,/Users/krishna/dev/fightflow/data/downloaded-videos/V6.mp4,61,9358.0,9381.0,24.0,Rear Hook,Rear Hook,4,pending,data/raw/Skeleton_data/V6.npy,61,False,True,True,review,V6_skeleton_not_1to1_event_clips_alignment_TBD_step7
V6_00063,V6,/Users/krishna/dev/fightflow/data/downloaded-videos/V6.mp4,62,9419.0,9436.0,18.0,Lead Hook,Lead Hook,2,pending,data/raw/Skeleton_data/V6.npy,62,False,True,True,review,V6_skeleton_not_1to1_event_clips_alignment_TBD_step7
V6_00064,V6,/Users/krishna/dev/fightflow/data/downloaded-videos/V6.mp4,63,9460.0,9480.0,21.0,Lead Hook,Lead Hook,2,pending,data/raw/Skeleton_data/V6.npy,63,False,True,True,review,V6_skeleton_not_1to1_event_clips_alignment_TBD_step7
V6_00065,V6,/Users/krishna/dev/fightflow/data/downloaded-videos/V6.mp4,64,9506.0,9528.0,23.0,Rear Hook,Rear Hook,4,pending,data/raw/Skeleton_data/V6.npy,64,False,True,True,review,V6_skeleton_not_1to1_event_clips_alignment_TBD_step7
V6_00066,V6,/Users/krishna/dev/fightflow/data/downloaded-videos/V6.mp4,65,9559.0,9574.0,16.0,Lead Hook,Lead Hook,2,pending,data/raw/Skeleton_data/V6.npy,65,False,True,True,review,V6_skeleton_not_1to1_event_clips_alignment_TBD_step7
V6_00067,V6,/Users/krishna/dev/fightflow/data/downloaded-videos/V6.mp4,66,9580.0,9596.0,17.0,Lead Hook,Lead Hook,2,pending,data/raw/Skeleton_data/V6.npy,66,False,True,True,review,V6_skeleton_not_1to1_event_clips_alignment_TBD_step7
V6_00068,V6,/Users/krishna/dev/fightflow/data/downloaded-videos/V6.mp4,67,9611.0,9633.0,23.0,Rear Hook,Rear Hook,4,pending,data/raw/Skeleton_data/V6.npy,67,False,True,True,review,V6_skeleton_not_1to1_event_clips_alignment_TBD_step7
V6_00069,V6,/Users/krishna/dev/fightflow/data/downloaded-videos/V6.mp4,68,9657.0,9675.0,19.0,Lead Hook,Lead Hook,2,pending,data/raw/Skeleton_data/V6.npy,68,False,True,True,review,V6_skeleton_not_1to1_event_clips_alignment_TBD_step7
V6_00070,V6,/Users/krishna/dev/fightflow/data/downloaded-videos/V6.mp4,69,9681.0,9703.0,23.0,Lead Hook,Lead Hook,2,pending,data/raw/Skeleton_data/V6.npy,69,False,True,True,review,V6_skeleton_not_1to1_event_clips_alignment_TBD_step7
V6_00071,V6,/Users/krishna/dev/fightflow/data/downloaded-videos/V6.mp4,70,9717.0,9734.0,18.0,Rear Hook,Rear Hook,4,pending,data/raw/Skeleton_data/V6.npy,70,False,True,True,review,V6_skeleton_not_1to1_event_clips_alignment_TBD_step7
V6_00072,V6,/Users/krishna/dev/fightflow/data/downloaded-videos/V6.mp4,71,9792.0,9807.0,16.0,Lead Hook,Lead Hook,2,pending,data/raw/Skeleton_data/V6.npy,71,False,True,True,review,V6_skeleton_not_1to1_event_clips_alignment_TBD_step7
V6_00073,V6,/Users/krishna/dev/fightflow/data/downloaded-videos/V6.mp4,72,9820.0,9836.0,17.0,Lead Hook,Lead Hook,2,pending,data/raw/Skeleton_data/V6.npy,72,False,True,True,review,V6_skeleton_not_1to1_event_clips_alignment_TBD_step7
V6_00074,V6,/Users/krishna/dev/fightflow/data/downloaded-videos/V6.mp4,73,9850.0,9874.0,25.0,Rear Hook,Rear Hook,4,pending,data/raw/Skeleton_data/V6.npy,73,False,True,True,review,V6_skeleton_not_1to1_event_clips_alignment_TBD_step7
V6_00075,V6,/Users/krishna/dev/fightflow/data/downloaded-videos/V6.mp4,74,9949.0,9966.0,18.0,Lead Hook,Lead Hook,2,pending,data/raw/Skeleton_data/V6.npy,74,False,True,True,review,V6_skeleton_not_1to1_event_clips_alignment_TBD_step7
V6_00076,V6,/Users/krishna/dev/fightflow/data/downloaded-videos/V6.mp4,75,9973.0,9988.0,16.0,Lead Hook,Lead Hook,2,pending,data/raw/Skeleton_data/V6.npy,75,False,True,True,review,V6_skeleton_not_1to1_event_clips_alignment_TBD_step7
V6_00077,V6,/Users/krishna/dev/fightflow/data/downloaded-videos/V6.mp4,76,9994.0,10014.0,21.0,Rear Hook,Rear Hook,4,pending,data/raw/Skeleton_data/V6.npy,76,False,True,True,review,V6_skeleton_not_1to1_event_clips_alignment_TBD_step7
V6_00078,V6,/Users/krishna/dev/fightflow/data/downloaded-videos/V6.mp4,77,10047.0,10063.0,17.0,Lead Hook,Lead Hook,2,pending,data/raw/Skeleton_data/V6.npy,77,False,True,True,review,V6_skeleton_not_1to1_event_clips_alignment_TBD_step7
V6_00079,V6,/Users/krishna/dev/fightflow/data/downloaded-videos/V6.mp4,78,10077.0,10091.0,15.0,Lead Hook,Lead Hook,2,pending,data/raw/Skeleton_data/V6.npy,78,False,True,True,review,V6_skeleton_not_1to1_event_clips_alignment_TBD_step7
V6_00080,V6,/Users/krishna/dev/fightflow/data/downloaded-videos/V6.mp4,79,10095.0,10117.0,23.0,Rear Hook,Rear Hook,4,pending,data/raw/Skeleton_data/V6.npy,79,False,True,True,review,V6_skeleton_not_1to1_event_clips_alignment_TBD_step7
V6_00081,V6,/Users/krishna/dev/fightflow/data/downloaded-videos/V6.mp4,80,10200.0,10216.0,17.0,Lead Hook,Lead Hook,2,pending,data/raw/Skeleton_data/V6.npy,80,False,True,True,review,V6_skeleton_not_1to1_event_clips_alignment_TBD_step7
V6_00082,V6,/Users/krishna/dev/fightflow/data/downloaded-videos/V6.mp4,81,10224.0,10238.0,15.0,Lead Hook,Lead Hook,2,pending,data/raw/Skeleton_data/V6.npy,81,False,True,True,review,V6_skeleton_not_1to1_event_clips_alignment_TBD_step7
V6_00083,V6,/Users/krishna/dev/fightflow/data/downloaded-videos/V6.mp4,82,10242.0,10260.0,19.0,Rear Hook,Rear Hook,4,pending,data/raw/Skeleton_data/V6.npy,82,False,True,True,review,V6_skeleton_not_1to1_event_clips_alignment_TBD_step7
V6_00084,V6,/Users/krishna/dev/fightflow/data/downloaded-videos/V6.mp4,83,10322.0,10336.0,15.0,Lead Hook,Lead Hook,2,pending,data/raw/Skeleton_data/V6.npy,83,False,True,True,review,V6_skeleton_not_1to1_event_clips_alignment_TBD_step7
V6_00085,V6,/Users/krishna/dev/fightflow/data/downloaded-videos/V6.mp4,84,10342.0,10356.0,15.0,Lead Hook,Lead Hook,2,pending,data/raw/Skeleton_data/V6.npy,84,False,True,True,review,V6_skeleton_not_1to1_event_clips_alignment_TBD_step7
V6_00086,V6,/Users/krishna/dev/fightflow/data/downloaded-videos/V6.mp4,85,10358.0,10377.0,20.0,Rear Hook,Rear Hook,4,pending,data/raw/Skeleton_data/V6.npy,85,False,True,True,review,V6_skeleton_not_1to1_event_clips_alignment_TBD_step7
V6_00087,V6,/Users/krishna/dev/fightflow/data/downloaded-videos/V6.mp4,86,10442.0,10457.0,16.0,Lead Hook,Lead Hook,2,pending,data/raw/Skeleton_data/V6.npy,86,False,True,True,review,V6_skeleton_not_1to1_event_clips_alignment_TBD_step7
V6_00088,V6,/Users/krishna/dev/fightflow/data/downloaded-videos/V6.mp4,87,10461.0,10475.0,15.0,Lead Hook,Lead Hook,2,pending,data/raw/Skeleton_data/V6.npy,87,False,True,True,review,V6_skeleton_not_1to1_event_clips_alignment_TBD_step7
V6_00089,V6,/Users/krishna/dev/fightflow/data/downloaded-videos/V6.mp4,88,10476.0,10492.0,17.0,Rear Hook,Rear Hook,4,pending,data/raw/Skeleton_data/V6.npy,88,False,True,True,review,V6_skeleton_not_1to1_event_clips_alignment_TBD_step7
V6_00090,V6,/Users/krishna/dev/fightflow/data/downloaded-videos/V6.mp4,89,10550.0,10565.0,16.0,Lead Hook,Lead Hook,2,pending,data/raw/Skeleton_data/V6.npy,89,False,True,True,review,V6_skeleton_not_1to1_event_clips_alignment_TBD_step7
V6_00091,V6,/Users/krishna/dev/fightflow/data/downloaded-videos/V6.mp4,90,10570.0,10584.0,15.0,Lead Hook,Lead Hook,2,pending,data/raw/Skeleton_data/V6.npy,90,False,True,True,review,V6_skeleton_not_1to1_event_clips_alignment_TBD_step7
V6_00092,V6,/Users/krishna/dev/fightflow/data/downloaded-videos/V6.mp4,91,10588.0,10608.0,21.0,Rear Hook,Rear Hook,4,pending,data/raw/Skeleton_data/V6.npy,91,False,True,True,review,V6_skeleton_not_1to1_event_clips_alignment_TBD_step7
V6_00093,V6,/Users/krishna/dev/fightflow/data/downloaded-videos/V6.mp4,92,10676.0,10691.0,16.0,Lead Hook,Lead Hook,2,pending,data/raw/Skeleton_data/V6.npy,92,False,True,True,review,V6_skeleton_not_1to1_event_clips_alignment_TBD_step7
V6_00094,V6,/Users/krishna/dev/fightflow/data/downloaded-videos/V6.mp4,93,10698.0,10712.0,15.0,Lead Hook,Lead Hook,2,pending,data/raw/Skeleton_data/V6.npy,93,False,True,True,review,V6_skeleton_not_1to1_event_clips_alignment_TBD_step7
V6_00095,V6,/Users/krishna/dev/fightflow/data/downloaded-videos/V6.mp4,94,10715.0,10737.0,23.0,Rear Hook,Rear Hook,4,pending,data/raw/Skeleton_data/V6.npy,94,False,True,True,review,V6_skeleton_not_1to1_event_clips_alignment_TBD_step7
V6_00096,V6,/Users/krishna/dev/fightflow/data/downloaded-videos/V6.mp4,95,10777.0,10792.0,16.0,Lead Hook,Lead Hook,2,pending,data/raw/Skeleton_data/V6.npy,95,False,True,True,review,V6_skeleton_not_1to1_event_clips_alignment_TBD_step7
V6_00097,V6,/Users/krishna/dev/fightflow/data/downloaded-videos/V6.mp4,96,10799.0,10813.0,15.0,Lead Hook,Lead Hook,2,pending,data/raw/Skeleton_data/V6.npy,96,False,True,True,review,V6_skeleton_not_1to1_event_clips_alignment_TBD_step7
V6_00098,V6,/Users/krishna/dev/fightflow/data/downloaded-videos/V6.mp4,97,10838.0,10855.0,18.0,Rear Hook,Rear Hook,4,pending,data/raw/Skeleton_data/V6.npy,97,False,True,True,review,V6_skeleton_not_1to1_event_clips_alignment_TBD_step7
V6_00099,V6,/Users/krishna/dev/fightflow/data/downloaded-videos/V6.mp4,98,12831.0,12851.0,21.0,Lead Hook,Lead Hook,2,pending,data/raw/Skeleton_data/V6.npy,98,False,True,True,review,V6_skeleton_not_1to1_event_clips_alignment_TBD_step7
V6_00100,V6,/Users/krishna/dev/fightflow/data/downloaded-videos/V6.mp4,99,12844.0,12869.0,26.0,Rear Hook,Rear Hook,4,pending,data/raw/Skeleton_data/V6.npy,99,False,True,True,review,V6_skeleton_not_1to1_event_clips_alignment_TBD_step7
V6_00101,V6,/Users/krishna/dev/fightflow/data/downloaded-videos/V6.mp4,100,12845.0,12869.0,25.0,Rear Hook,Rear Hook,4,pending,data/raw/Skeleton_data/V6.npy,100,False,True,True,review,V6_skeleton_not_1to1_event_clips_alignment_TBD_step7
V6_00102,V6,/Users/krishna/dev/fightflow/data/downloaded-videos/V6.mp4,101,13054.0,13076.0,23.0,Lead Hook,Lead Hook,2,pending,data/raw/Skeleton_data/V6.npy,101,False,True,True,review,V6_skeleton_not_1to1_event_clips_alignment_TBD_step7
V6_00103,V6,/Users/krishna/dev/fightflow/data/downloaded-videos/V6.mp4,102,13070.0,13093.0,24.0,Rear Hook,Rear Hook,4,pending,data/raw/Skeleton_data/V6.npy,102,False,True,True,review,V6_skeleton_not_1to1_event_clips_alignment_TBD_step7
V6_00104,V6,/Users/krishna/dev/fightflow/data/downloaded-videos/V6.mp4,103,13147.0,13162.0,16.0,Lead Hook,Lead Hook,2,pending,data/raw/Skeleton_data/V6.npy,103,False,True,True,review,V6_skeleton_not_1to1_event_clips_alignment_TBD_step7
V6_00105,V6,/Users/krishna/dev/fightflow/data/downloaded-videos/V6.mp4,104,13158.0,13172.0,15.0,Rear Hook,Rear Hook,4,pending,data/raw/Skeleton_data/V6.npy,104,False,True,True,review,V6_skeleton_not_1to1_event_clips_alignment_TBD_step7
V6_00106,V6,/Users/krishna/dev/fightflow/data/downloaded-videos/V6.mp4,105,13217.0,13232.0,16.0,Lead Hook,Lead Hook,2,pending,data/raw/Skeleton_data/V6.npy,105,False,True,True,review,V6_skeleton_not_1to1_event_clips_alignment_TBD_step7
V6_00107,V6,/Users/krishna/dev/fightflow/data/downloaded-videos/V6.mp4,106,13228.0,13243.0,16.0,Rear Hook,Rear Hook,4,pending,data/raw/Skeleton_data/V6.npy,106,False,True,True,review,V6_skeleton_not_1to1_event_clips_alignment_TBD_step7
V6_00108,V6,/Users/krishna/dev/fightflow/data/downloaded-videos/V6.mp4,107,13289.0,13304.0,16.0,Lead Hook,Lead Hook,2,pending,data/raw/Skeleton_data/V6.npy,107,False,True,True,review,V6_skeleton_not_1to1_event_clips_alignment_TBD_step7
V6_00109,V6,/Users/krishna/dev/fightflow/data/downloaded-videos/V6.mp4,108,13300.0,13314.0,15.0,Rear Hook,Rear Hook,4,pending,data/raw/Skeleton_data/V6.npy,108,False,True,True,review,V6_skeleton_not_1to1_event_clips_alignment_TBD_step7
V6_00110,V6,/Users/krishna/dev/fightflow/data/downloaded-videos/V6.mp4,109,13361.0,13376.0,16.0,Lead Hook,Lead Hook,2,pending,data/raw/Skeleton_data/V6.npy,109,False,True,True,review,V6_skeleton_not_1to1_event_clips_alignment_TBD_step7
V6_00111,V6,/Users/krishna/dev/fightflow/data/downloaded-videos/V6.mp4,110,13371.0,13386.0,16.0,Rear Hook,Rear Hook,4,pending,data/raw/Skeleton_data/V6.npy,110,False,True,True,review,V6_skeleton_not_1to1_event_clips_alignment_TBD_step7
V6_00112,V6,/Users/krishna/dev/fightflow/data/downloaded-videos/V6.mp4,111,13440.0,13453.0,14.0,Lead Hook,Lead Hook,2,pending,data/raw/Skeleton_data/V6.npy,111,False,True,True,review,V6_skeleton_not_1to1_event_clips_alignment_TBD_step7
V6_00113,V6,/Users/krishna/dev/fightflow/data/downloaded-videos/V6.mp4,112,13448.0,13464.0,17.0,Rear Hook,Rear Hook,4,pending,data/raw/Skeleton_data/V6.npy,112,False,True,True,review,V6_skeleton_not_1to1_event_clips_alignment_TBD_step7
V6_00114,V6,/Users/krishna/dev/fightflow/data/downloaded-videos/V6.mp4,113,13511.0,13527.0,17.0,Lead Hook,Lead Hook,2,pending,data/raw/Skeleton_data/V6.npy,113,False,True,True,review,V6_skeleton_not_1to1_event_clips_alignment_TBD_step7
V6_00115,V6,/Users/krishna/dev/fightflow/data/downloaded-videos/V6.mp4,114,13521.0,13537.0,17.0,Rear Hook,Rear Hook,4,pending,data/raw/Skeleton_data/V6.npy,114,False,True,True,review,V6_skeleton_not_1to1_event_clips_alignment_TBD_step7
V6_00116,V6,/Users/krishna/dev/fightflow/data/downloaded-videos/V6.mp4,115,13580.0,13594.0,15.0,Lead Hook,Lead Hook,2,pending,data/raw/Skeleton_data/V6.npy,115,False,True,True,review,V6_skeleton_not_1to1_event_clips_alignment_TBD_step7
V6_00117,V6,/Users/krishna/dev/fightflow/data/downloaded-videos/V6.mp4,116,13590.0,13606.0,17.0,Rear Hook,Rear Hook,4,pending,data/raw/Skeleton_data/V6.npy,116,False,True,True,review,V6_skeleton_not_1to1_event_clips_alignment_TBD_step7
V6_00118,V6,/Users/krishna/dev/fightflow/data/downloaded-videos/V6.mp4,117,13659.0,13675.0,17.0,Lead Hook,Lead Hook,2,pending,data/raw/Skeleton_data/V6.npy,117,False,True,True,review,V6_skeleton_not_1to1_event_clips_alignment_TBD_step7
V6_00119,V6,/Users/krishna/dev/fightflow/data/downloaded-videos/V6.mp4,118,13669.0,13685.0,17.0,Rear Hook,Rear Hook,4,pending,data/raw/Skeleton_data/V6.npy,118,False,True,True,review,V6_skeleton_not_1to1_event_clips_alignment_TBD_step7
V6_00120,V6,/Users/krishna/dev/fightflow/data/downloaded-videos/V6.mp4,119,13735.0,13749.0,15.0,Lead Hook,Lead Hook,2,pending,data/raw/Skeleton_data/V6.npy,119,False,True,True,review,V6_skeleton_not_1to1_event_clips_alignment_TBD_step7
V6_00121,V6,/Users/krishna/dev/fightflow/data/downloaded-videos/V6.mp4,120,13746.0,13760.0,15.0,Rear Hook,Rear Hook,4,pending,data/raw/Skeleton_data/V6.npy,120,False,True,True,review,V6_skeleton_not_1to1_event_clips_alignment_TBD_step7
V6_00122,V6,/Users/krishna/dev/fightflow/data/downloaded-videos/V6.mp4,121,13817.0,13833.0,17.0,Lead Hook,Lead Hook,2,pending,data/raw/Skeleton_data/V6.npy,121,False,True,True,review,V6_skeleton_not_1to1_event_clips_alignment_TBD_step7
V6_00123,V6,/Users/krishna/dev/fightflow/data/downloaded-videos/V6.mp4,122,13828.0,13844.0,17.0,Rear Hook,Rear Hook,4,pending,data/raw/Skeleton_data/V6.npy,122,False,True,True,review,V6_skeleton_not_1to1_event_clips_alignment_TBD_step7
V6_00124,V6,/Users/krishna/dev/fightflow/data/downloaded-videos/V6.mp4,123,13893.0,13909.0,17.0,Lead Hook,Lead Hook,2,pending,data/raw/Skeleton_data/V6.npy,123,False,True,True,review,V6_skeleton_not_1to1_event_clips_alignment_TBD_step7
V6_00125,V6,/Users/krishna/dev/fightflow/data/downloaded-videos/V6.mp4,124,13904.0,13920.0,17.0,Rear Hook,Rear Hook,4,pending,data/raw/Skeleton_data/V6.npy,124,False,True,True,review,V6_skeleton_not_1to1_event_clips_alignment_TBD_step7
V6_00126,V6,/Users/krishna/dev/fightflow/data/downloaded-videos/V6.mp4,125,13970.0,13985.0,16.0,Lead Hook,Lead Hook,2,pending,data/raw/Skeleton_data/V6.npy,125,False,True,True,review,V6_skeleton_not_1to1_event_clips_alignment_TBD_step7
V6_00127,V6,/Users/krishna/dev/fightflow/data/downloaded-videos/V6.mp4,126,13980.0,13995.0,16.0,Rear Hook,Rear Hook,4,pending,data/raw/Skeleton_data/V6.npy,126,False,True,True,review,V6_skeleton_not_1to1_event_clips_alignment_TBD_step7
V6_00128,V6,/Users/krishna/dev/fightflow/data/downloaded-videos/V6.mp4,127,14041.0,14055.0,15.0,Lead Hook,Lead Hook,2,pending,data/raw/Skeleton_data/V6.npy,127,False,True,True,review,V6_skeleton_not_1to1_event_clips_alignment_TBD_step7
V6_00129,V6,/Users/krishna/dev/fightflow/data/downloaded-videos/V6.mp4,128,14051.0,14064.0,14.0,Rear Hook,Rear Hook,4,pending,data/raw/Skeleton_data/V6.npy,128,False,True,True,review,V6_skeleton_not_1to1_event_clips_alignment_TBD_step7
V6_00130,V6,/Users/krishna/dev/fightflow/data/downloaded-videos/V6.mp4,129,14105.0,14119.0,15.0,Lead Hook,Lead Hook,2,pending,data/raw/Skeleton_data/V6.npy,129,False,True,True,review,V6_skeleton_not_1to1_event_clips_alignment_TBD_step7
V6_00131,V6,/Users/krishna/dev/fightflow/data/downloaded-videos/V6.mp4,130,14115.0,14128.0,14.0,Rear Hook,Rear Hook,4,pending,data/raw/Skeleton_data/V6.npy,130,False,True,True,review,V6_skeleton_not_1to1_event_clips_alignment_TBD_step7
V6_00132,V6,/Users/krishna/dev/fightflow/data/downloaded-videos/V6.mp4,131,14169.0,14181.0,13.0,Lead Hook,Lead Hook,2,pending,data/raw/Skeleton_data/V6.npy,131,False,True,True,review,V6_skeleton_not_1to1_event_clips_alignment_TBD_step7
V6_00133,V6,/Users/krishna/dev/fightflow/data/downloaded-videos/V6.mp4,132,14178.0,14193.0,16.0,Rear Hook,Rear Hook,4,pending,data/raw/Skeleton_data/V6.npy,132,False,True,True,review,V6_skeleton_not_1to1_event_clips_alignment_TBD_step7
V6_00134,V6,/Users/krishna/dev/fightflow/data/downloaded-videos/V6.mp4,133,14232.0,14247.0,16.0,Lead Hook,Lead Hook,2,pending,data/raw/Skeleton_data/V6.npy,133,False,True,True,review,V6_skeleton_not_1to1_event_clips_alignment_TBD_step7
V6_00135,V6,/Users/krishna/dev/fightflow/data/downloaded-videos/V6.mp4,134,14242.0,14257.0,16.0,Rear Hook,Rear Hook,4,pending,data/raw/Skeleton_data/V6.npy,134,False,True,True,review,V6_skeleton_not_1to1_event_clips_alignment_TBD_step7
V6_00136,V6,/Users/krishna/dev/fightflow/data/downloaded-videos/V6.mp4,135,14296.0,14310.0,15.0,Lead Hook,Lead Hook,2,pending,data/raw/Skeleton_data/V6.npy,135,False,True,True,review,V6_skeleton_not_1to1_event_clips_alignment_TBD_step7
V6_00137,V6,/Users/krishna/dev/fightflow/data/downloaded-videos/V6.mp4,136,14305.0,14320.0,16.0,Rear Hook,Rear Hook,4,pending,data/raw/Skeleton_data/V6.npy,136,False,True,True,review,V6_skeleton_not_1to1_event_clips_alignment_TBD_step7
V6_00138,V6,/Users/krishna/dev/fightflow/data/downloaded-videos/V6.mp4,137,14363.0,14376.0,14.0,Lead Hook,Lead Hook,2,pending,data/raw/Skeleton_data/V6.npy,137,False,True,True,review,V6_skeleton_not_1to1_event_clips_alignment_TBD_step7
V6_00139,V6,/Users/krishna/dev/fightflow/data/downloaded-videos/V6.mp4,138,14372.0,14387.0,16.0,Rear Hook,Rear Hook,4,pending,data/raw/Skeleton_data/V6.npy,138,False,True,True,review,V6_skeleton_not_1to1_event_clips_alignment_TBD_step7
V6_00140,V6,/Users/krishna/dev/fightflow/data/downloaded-videos/V6.mp4,139,14428.0,14438.0,11.0,Lead Hook,Lead Hook,2,pending,data/raw/Skeleton_data/V6.npy,139,False,True,True,review,V6_skeleton_not_1to1_event_clips_alignment_TBD_step7
V6_00141,V6,/Users/krishna/dev/fightflow/data/downloaded-videos/V6.mp4,140,14436.0,14450.0,15.0,Rear Hook,Rear Hook,4,pending,data/raw/Skeleton_data/V6.npy,140,False,True,True,review,V6_skeleton_not_1to1_event_clips_alignment_TBD_step7
V6_00142,V6,/Users/krishna/dev/fightflow/data/downloaded-videos/V6.mp4,141,14493.0,14507.0,15.0,Lead Hook,Lead Hook,2,pending,data/raw/Skeleton_data/V6.npy,141,False,True,True,review,V6_skeleton_not_1to1_event_clips_alignment_TBD_step7
V6_00143,V6,/Users/krishna/dev/fightflow/data/downloaded-videos/V6.mp4,142,14505.0,14521.0,17.0,Rear Hook,Rear Hook,4,pending,data/raw/Skeleton_data/V6.npy,142,False,True,True,review,V6_skeleton_not_1to1_event_clips_alignment_TBD_step7
V6_00144,V6,/Users/krishna/dev/fightflow/data/downloaded-videos/V6.mp4,143,14705.0,14727.0,23.0,Lead Uppercut,Lead Uppercut,3,pending,data/raw/Skeleton_data/V6.npy,143,False,True,True,review,V6_skeleton_not_1to1_event_clips_alignment_TBD_step7
V6_00145,V6,/Users/krishna/dev/fightflow/data/downloaded-videos/V6.mp4,144,14778.0,14799.0,22.0,Lead Uppercut,Lead Uppercut,3,pending,data/raw/Skeleton_data/V6.npy,144,False,True,True,review,V6_skeleton_not_1to1_event_clips_alignment_TBD_step7
V6_00146,V6,/Users/krishna/dev/fightflow/data/downloaded-videos/V6.mp4,145,14849.0,14869.0,21.0,Lead Uppercut,Lead Uppercut,3,pending,data/raw/Skeleton_data/V6.npy,145,False,True,True,review,V6_skeleton_not_1to1_event_clips_alignment_TBD_step7
V6_00147,V6,/Users/krishna/dev/fightflow/data/downloaded-videos/V6.mp4,146,15165.0,15184.0,20.0,Lead Uppercut,Lead Uppercut,3,pending,data/raw/Skeleton_data/V6.npy,146,False,True,True,review,V6_skeleton_not_1to1_event_clips_alignment_TBD_step7
V6_00148,V6,/Users/krishna/dev/fightflow/data/downloaded-videos/V6.mp4,147,15213.0,15236.0,24.0,Lead Uppercut,Lead Uppercut,3,pending,data/raw/Skeleton_data/V6.npy,147,False,True,True,review,V6_skeleton_not_1to1_event_clips_alignment_TBD_step7
V6_00149,V6,/Users/krishna/dev/fightflow/data/downloaded-videos/V6.mp4,148,15279.0,15299.0,21.0,Lead Uppercut,Lead Uppercut,3,pending,data/raw/Skeleton_data/V6.npy,148,False,True,True,review,V6_skeleton_not_1to1_event_clips_alignment_TBD_step7
V6_00150,V6,/Users/krishna/dev/fightflow/data/downloaded-videos/V6.mp4,149,15340.0,15357.0,18.0,Lead Uppercut,Lead Uppercut,3,pending,data/raw/Skeleton_data/V6.npy,149,False,True,True,review,V6_skeleton_not_1to1_event_clips_alignment_TBD_step7
V6_00151,V6,/Users/krishna/dev/fightflow/data/downloaded-videos/V6.mp4,150,15401.0,15421.0,21.0,Lead Hook,Lead Hook,2,pending,data/raw/Skeleton_data/V6.npy,150,False,True,True,review,V6_skeleton_not_1to1_event_clips_alignment_TBD_step7
V6_00152,V6,/Users/krishna/dev/fightflow/data/downloaded-videos/V6.mp4,151,15448.0,15468.0,21.0,Lead Uppercut,Lead Uppercut,3,pending,data/raw/Skeleton_data/V6.npy,151,False,True,True,review,V6_skeleton_not_1to1_event_clips_alignment_TBD_step7
V6_00153,V6,/Users/krishna/dev/fightflow/data/downloaded-videos/V6.mp4,152,15474.0,15492.0,19.0,Rear Uppercut,Rear Uppercut,5,pending,data/raw/Skeleton_data/V6.npy,152,False,True,True,review,V6_skeleton_not_1to1_event_clips_alignment_TBD_step7
V6_00154,V6,/Users/krishna/dev/fightflow/data/downloaded-videos/V6.mp4,153,15526.0,15546.0,21.0,Lead Uppercut,Lead Uppercut,3,pending,data/raw/Skeleton_data/V6.npy,153,False,True,True,review,V6_skeleton_not_1to1_event_clips_alignment_TBD_step7
V6_00155,V6,/Users/krishna/dev/fightflow/data/downloaded-videos/V6.mp4,154,15555.0,15572.0,18.0,Rear Uppercut,Rear Uppercut,5,pending,data/raw/Skeleton_data/V6.npy,154,False,True,True,review,V6_skeleton_not_1to1_event_clips_alignment_TBD_step7
V6_00156,V6,/Users/krishna/dev/fightflow/data/downloaded-videos/V6.mp4,155,15615.0,15633.0,19.0,Lead Uppercut,Lead Uppercut,3,pending,data/raw/Skeleton_data/V6.npy,155,False,True,True,review,V6_skeleton_not_1to1_event_clips_alignment_TBD_step7
V6_00157,V6,/Users/krishna/dev/fightflow/data/downloaded-videos/V6.mp4,156,15641.0,15658.0,18.0,Rear Uppercut,Rear Uppercut,5,pending,data/raw/Skeleton_data/V6.npy,156,False,True,True,review,V6_skeleton_not_1to1_event_clips_alignment_TBD_step7
V6_00158,V6,/Users/krishna/dev/fightflow/data/downloaded-videos/V6.mp4,157,15707.0,15726.0,20.0,Lead Uppercut,Lead Uppercut,3,pending,data/raw/Skeleton_data/V6.npy,157,False,True,True,review,V6_skeleton_not_1to1_event_clips_alignment_TBD_step7
V6_00159,V6,/Users/krishna/dev/fightflow/data/downloaded-videos/V6.mp4,158,15730.0,15747.0,18.0,Rear Uppercut,Rear Uppercut,5,pending,data/raw/Skeleton_data/V6.npy,158,False,True,True,review,V6_skeleton_not_1to1_event_clips_alignment_TBD_step7
V6_00160,V6,/Users/krishna/dev/fightflow/data/downloaded-videos/V6.mp4,159,15798.0,15817.0,20.0,Lead Uppercut,Lead Uppercut,3,pending,data/raw/Skeleton_data/V6.npy,159,False,True,True,review,V6_skeleton_not_1to1_event_clips_alignment_TBD_step7
V6_00161,V6,/Users/krishna/dev/fightflow/data/downloaded-videos/V6.mp4,160,15812.0,15829.0,18.0,Rear Uppercut,Rear Uppercut,5,pending,data/raw/Skeleton_data/V6.npy,160,False,True,True,review,V6_skeleton_not_1to1_event_clips_alignment_TBD_step7
V6_00162,V6,/Users/krishna/dev/fightflow/data/downloaded-videos/V6.mp4,161,15891.0,15903.0,13.0,Lead Uppercut,Lead Uppercut,3,pending,data/raw/Skeleton_data/V6.npy,161,False,True,True,review,V6_skeleton_not_1to1_event_clips_alignment_TBD_step7
V6_00163,V6,/Users/krishna/dev/fightflow/data/downloaded-videos/V6.mp4,162,15901.0,15916.0,16.0,Rear Uppercut,Rear Uppercut,5,pending,data/raw/Skeleton_data/V6.npy,162,False,True,True,review,V6_skeleton_not_1to1_event_clips_alignment_TBD_step7
V6_00164,V6,/Users/krishna/dev/fightflow/data/downloaded-videos/V6.mp4,163,15960.0,15973.0,14.0,Lead Uppercut,Lead Uppercut,3,pending,data/raw/Skeleton_data/V6.npy,163,False,True,True,review,V6_skeleton_not_1to1_event_clips_alignment_TBD_step7
V6_00165,V6,/Users/krishna/dev/fightflow/data/downloaded-videos/V6.mp4,164,15971.0,15984.0,14.0,Rear Uppercut,Rear Uppercut,5,pending,data/raw/Skeleton_data/V6.npy,164,False,True,True,review,V6_skeleton_not_1to1_event_clips_alignment_TBD_step7
V6_00166,V6,/Users/krishna/dev/fightflow/data/downloaded-videos/V6.mp4,165,16014.0,16028.0,15.0,Lead Uppercut,Lead Uppercut,3,pending,data/raw/Skeleton_data/V6.npy,165,False,True,True,review,V6_skeleton_not_1to1_event_clips_alignment_TBD_step7
V6_00167,V6,/Users/krishna/dev/fightflow/data/downloaded-videos/V6.mp4,166,16026.0,16038.0,13.0,Rear Uppercut,Rear Uppercut,5,pending,data/raw/Skeleton_data/V6.npy,166,False,True,True,review,V6_skeleton_not_1to1_event_clips_alignment_TBD_step7
V6_00168,V6,/Users/krishna/dev/fightflow/data/downloaded-videos/V6.mp4,167,16059.0,16071.0,13.0,Lead Uppercut,Lead Uppercut,3,pending,data/raw/Skeleton_data/V6.npy,167,False,True,True,review,V6_skeleton_not_1to1_event_clips_alignment_TBD_step7
V6_00169,V6,/Users/krishna/dev/fightflow/data/downloaded-videos/V6.mp4,168,16069.0,16080.0,12.0,Rear Uppercut,Rear Uppercut,5,pending,data/raw/Skeleton_data/V6.npy,168,False,True,True,review,V6_skeleton_not_1to1_event_clips_alignment_TBD_step7
V6_00170,V6,/Users/krishna/dev/fightflow/data/downloaded-videos/V6.mp4,169,16100.0,16111.0,12.0,Lead Uppercut,Lead Uppercut,3,pending,data/raw/Skeleton_data/V6.npy,169,False,True,True,review,V6_skeleton_not_1to1_event_clips_alignment_TBD_step7
V6_00171,V6,/Users/krishna/dev/fightflow/data/downloaded-videos/V6.mp4,170,16103.0,16122.0,20.0,Rear Uppercut,Rear Uppercut,5,pending,data/raw/Skeleton_data/V6.npy,170,False,True,True,review,V6_skeleton_not_1to1_event_clips_alignment_TBD_step7
V6_00172,V6,/Users/krishna/dev/fightflow/data/downloaded-videos/V6.mp4,171,16249.0,16267.0,19.0,Lead Uppercut,Lead Uppercut,3,pending,data/raw/Skeleton_data/V6.npy,171,False,True,True,review,V6_skeleton_not_1to1_event_clips_alignment_TBD_step7
V6_00173,V6,/Users/krishna/dev/fightflow/data/downloaded-videos/V6.mp4,172,16262.0,16276.0,15.0,Rear Uppercut,Rear Uppercut,5,pending,data/raw/Skeleton_data/V6.npy,172,False,True,True,review,V6_skeleton_not_1to1_event_clips_alignment_TBD_step7
V6_00174,V6,/Users/krishna/dev/fightflow/data/downloaded-videos/V6.mp4,173,16280.0,16304.0,25.0,Lead Uppercut,Lead Uppercut,3,pending,data/raw/Skeleton_data/V6.npy,173,False,True,True,review,V6_skeleton_not_1to1_event_clips_alignment_TBD_step7
V6_00175,V6,/Users/krishna/dev/fightflow/data/downloaded-videos/V6.mp4,174,16321.0,16337.0,17.0,Lead Uppercut,Lead Uppercut,3,pending,data/raw/Skeleton_data/V6.npy,174,False,True,True,review,V6_skeleton_not_1to1_event_clips_alignment_TBD_step7
V6_00176,V6,/Users/krishna/dev/fightflow/data/downloaded-videos/V6.mp4,175,16332.0,16346.0,15.0,Rear Uppercut,Rear Uppercut,5,pending,data/raw/Skeleton_data/V6.npy,175,False,True,True,review,V6_skeleton_not_1to1_event_clips_alignment_TBD_step7
V6_00177,V6,/Users/krishna/dev/fightflow/data/downloaded-videos/V6.mp4,176,16367.0,16381.0,15.0,Lead Uppercut,Lead Uppercut,3,pending,data/raw/Skeleton_data/V6.npy,176,False,True,True,review,V6_skeleton_not_1to1_event_clips_alignment_TBD_step7
V6_00178,V6,/Users/krishna/dev/fightflow/data/downloaded-videos/V6.mp4,177,16377.0,16390.0,14.0,Rear Uppercut,Rear Uppercut,5,pending,data/raw/Skeleton_data/V6.npy,177,False,True,True,review,V6_skeleton_not_1to1_event_clips_alignment_TBD_step7
V6_00179,V6,/Users/krishna/dev/fightflow/data/downloaded-videos/V6.mp4,178,16403.0,16417.0,15.0,Lead Uppercut,Lead Uppercut,3,pending,data/raw/Skeleton_data/V6.npy,178,False,True,True,review,V6_skeleton_not_1to1_event_clips_alignment_TBD_step7
V6_00180,V6,/Users/krishna/dev/fightflow/data/downloaded-videos/V6.mp4,179,16414.0,16428.0,15.0,Rear Uppercut,Rear Uppercut,5,pending,data/raw/Skeleton_data/V6.npy,179,False,True,True,review,V6_skeleton_not_1to1_event_clips_alignment_TBD_step7
V6_00181,V6,/Users/krishna/dev/fightflow/data/downloaded-videos/V6.mp4,180,16469.0,16482.0,14.0,Lead Uppercut,Lead Uppercut,3,pending,data/raw/Skeleton_data/V6.npy,180,False,True,True,review,V6_skeleton_not_1to1_event_clips_alignment_TBD_step7
V6_00182,V6,/Users/krishna/dev/fightflow/data/downloaded-videos/V6.mp4,181,16481.0,16495.0,15.0,Rear Uppercut,Rear Uppercut,5,pending,data/raw/Skeleton_data/V6.npy,181,False,True,True,review,V6_skeleton_not_1to1_event_clips_alignment_TBD_step7
V6_00183,V6,/Users/krishna/dev/fightflow/data/downloaded-videos/V6.mp4,182,16523.0,16538.0,16.0,Lead Uppercut,Lead Uppercut,3,pending,data/raw/Skeleton_data/V6.npy,182,False,True,True,review,V6_skeleton_not_1to1_event_clips_alignment_TBD_step7
V6_00184,V6,/Users/krishna/dev/fightflow/data/downloaded-videos/V6.mp4,183,16534.0,16548.0,15.0,Rear Uppercut,Rear Uppercut,5,pending,data/raw/Skeleton_data/V6.npy,183,False,True,True,review,V6_skeleton_not_1to1_event_clips_alignment_TBD_step7
V6_00185,V6,/Users/krishna/dev/fightflow/data/downloaded-videos/V6.mp4,184,16579.0,16595.0,17.0,Lead Uppercut,Lead Uppercut,3,pending,data/raw/Skeleton_data/V6.npy,184,False,True,True,review,V6_skeleton_not_1to1_event_clips_alignment_TBD_step7
V6_00186,V6,/Users/krishna/dev/fightflow/data/downloaded-videos/V6.mp4,185,16592.0,16607.0,16.0,Rear Uppercut,Rear Uppercut,5,pending,data/raw/Skeleton_data/V6.npy,185,False,True,True,review,V6_skeleton_not_1to1_event_clips_alignment_TBD_step7
V6_00187,V6,/Users/krishna/dev/fightflow/data/downloaded-videos/V6.mp4,186,16669.0,16680.0,12.0,Lead Uppercut,Lead Uppercut,3,pending,data/raw/Skeleton_data/V6.npy,186,False,True,True,review,V6_skeleton_not_1to1_event_clips_alignment_TBD_step7
V6_00188,V6,/Users/krishna/dev/fightflow/data/downloaded-videos/V6.mp4,187,16682.0,16695.0,14.0,Rear Uppercut,Rear Uppercut,5,pending,data/raw/Skeleton_data/V6.npy,187,False,True,True,review,V6_skeleton_not_1to1_event_clips_alignment_TBD_step7
V6_00189,V6,/Users/krishna/dev/fightflow/data/downloaded-videos/V6.mp4,188,16727.0,16737.0,11.0,Lead Uppercut,Lead Uppercut,3,pending,data/raw/Skeleton_data/V6.npy,188,False,True,True,review,V6_skeleton_not_1to1_event_clips_alignment_TBD_step7
V6_00190,V6,/Users/krishna/dev/fightflow/data/downloaded-videos/V6.mp4,189,16738.0,16752.0,15.0,Rear Uppercut,Rear Uppercut,5,pending,data/raw/Skeleton_data/V6.npy,189,False,True,True,review,V6_skeleton_not_1to1_event_clips_alignment_TBD_step7
V6_00191,V6,/Users/krishna/dev/fightflow/data/downloaded-videos/V6.mp4,190,16806.0,16818.0,13.0,Lead Uppercut,Lead Uppercut,3,pending,data/raw/Skeleton_data/V6.npy,190,False,True,True,review,V6_skeleton_not_1to1_event_clips_alignment_TBD_step7
V6_00192,V6,/Users/krishna/dev/fightflow/data/downloaded-videos/V6.mp4,191,16816.0,16831.0,16.0,Rear Uppercut,Rear Uppercut,5,pending,data/raw/Skeleton_data/V6.npy,191,False,True,True,review,V6_skeleton_not_1to1_event_clips_alignment_TBD_step7
V6_00193,V6,/Users/krishna/dev/fightflow/data/downloaded-videos/V6.mp4,192,16858.0,16874.0,17.0,Lead Uppercut,Lead Uppercut,3,pending,data/raw/Skeleton_data/V6.npy,192,False,True,True,review,V6_skeleton_not_1to1_event_clips_alignment_TBD_step7
V6_00194,V6,/Users/krishna/dev/fightflow/data/downloaded-videos/V6.mp4,193,16868.0,16883.0,16.0,Rear Uppercut,Rear Uppercut,5,pending,data/raw/Skeleton_data/V6.npy,193,False,True,True,review,V6_skeleton_not_1to1_event_clips_alignment_TBD_step7
V6_00195,V6,/Users/krishna/dev/fightflow/data/downloaded-videos/V6.mp4,194,16918.0,16930.0,13.0,Lead Uppercut,Lead Uppercut,3,pending,data/raw/Skeleton_data/V6.npy,194,False,True,True,review,V6_skeleton_not_1to1_event_clips_alignment_TBD_step7
V6_00196,V6,/Users/krishna/dev/fightflow/data/downloaded-videos/V6.mp4,195,16925.0,16938.0,14.0,Rear Uppercut,Rear Uppercut,5,pending,data/raw/Skeleton_data/V6.npy,195,False,True,True,review,V6_skeleton_not_1to1_event_clips_alignment_TBD_step7
V6_00197,V6,/Users/krishna/dev/fightflow/data/downloaded-videos/V6.mp4,196,16988.0,17000.0,13.0,Lead Uppercut,Lead Uppercut,3,pending,data/raw/Skeleton_data/V6.npy,196,False,True,True,review,V6_skeleton_not_1to1_event_clips_alignment_TBD_step7
V6_00198,V6,/Users/krishna/dev/fightflow/data/downloaded-videos/V6.mp4,197,16996.0,17008.0,13.0,Rear Uppercut,Rear Uppercut,5,pending,data/raw/Skeleton_data/V6.npy,197,False,True,True,review,V6_skeleton_not_1to1_event_clips_alignment_TBD_step7
V6_00199,V6,/Users/krishna/dev/fightflow/data/downloaded-videos/V6.mp4,198,17050.0,17062.0,13.0,Lead Uppercut,Lead Uppercut,3,pending,data/raw/Skeleton_data/V6.npy,198,False,True,True,review,V6_skeleton_not_1to1_event_clips_alignment_TBD_step7
V6_00200,V6,/Users/krishna/dev/fightflow/data/downloaded-videos/V6.mp4,199,17056.0,17066.0,11.0,Rear Uppercut,Rear Uppercut,5,pending,data/raw/Skeleton_data/V6.npy,199,False,True,True,review,V6_skeleton_not_1to1_event_clips_alignment_TBD_step7
V6_00201,V6,/Users/krishna/dev/fightflow/data/downloaded-videos/V6.mp4,200,17139.0,17150.0,12.0,Lead Uppercut,Lead Uppercut,3,pending,data/raw/Skeleton_data/V6.npy,200,False,True,True,review,V6_skeleton_not_1to1_event_clips_alignment_TBD_step7
V6_00202,V6,/Users/krishna/dev/fightflow/data/downloaded-videos/V6.mp4,201,17147.0,17160.0,14.0,Rear Uppercut,Rear Uppercut,5,pending,data/raw/Skeleton_data/V6.npy,201,False,True,True,review,V6_skeleton_not_1to1_event_clips_alignment_TBD_step7
V6_00203,V6,/Users/krishna/dev/fightflow/data/downloaded-videos/V6.mp4,202,17215.0,17226.0,12.0,Lead Uppercut,Lead Uppercut,3,pending,data/raw/Skeleton_data/V6.npy,202,False,True,True,review,V6_skeleton_not_1to1_event_clips_alignment_TBD_step7
V6_00204,V6,/Users/krishna/dev/fightflow/data/downloaded-videos/V6.mp4,203,17223.0,17234.0,12.0,Rear Uppercut,Rear Uppercut,5,pending,data/raw/Skeleton_data/V6.npy,203,False,True,True,review,V6_skeleton_not_1to1_event_clips_alignment_TBD_step7
V6_00205,V6,/Users/krishna/dev/fightflow/data/downloaded-videos/V6.mp4,204,17276.0,17287.0,12.0,Lead Uppercut,Lead Uppercut,3,pending,data/raw/Skeleton_data/V6.npy,204,False,True,True,review,V6_skeleton_not_1to1_event_clips_alignment_TBD_step7
V6_00206,V6,/Users/krishna/dev/fightflow/data/downloaded-videos/V6.mp4,205,17282.0,17293.0,12.0,Rear Uppercut,Rear Uppercut,5,pending,data/raw/Skeleton_data/V6.npy,205,False,True,True,review,V6_skeleton_not_1to1_event_clips_alignment_TBD_step7
V6_00207,V6,/Users/krishna/dev/fightflow/data/downloaded-videos/V6.mp4,206,17333.0,17344.0,12.0,Lead Uppercut,Lead Uppercut,3,pending,data/raw/Skeleton_data/V6.npy,206,False,True,True,review,V6_skeleton_not_1to1_event_clips_alignment_TBD_step7
V6_00208,V6,/Users/krishna/dev/fightflow/data/downloaded-videos/V6.mp4,207,17342.0,17352.0,11.0,Rear Uppercut,Rear Uppercut,5,pending,data/raw/Skeleton_data/V6.npy,207,False,True,True,review,V6_skeleton_not_1to1_event_clips_alignment_TBD_step7
V6_00209,V6,/Users/krishna/dev/fightflow/data/downloaded-videos/V6.mp4,208,17393.0,17406.0,14.0,Lead Uppercut,Lead Uppercut,3,pending,data/raw/Skeleton_data/V6.npy,208,False,True,True,review,V6_skeleton_not_1to1_event_clips_alignment_TBD_step7
V6_00210,V6,/Users/krishna/dev/fightflow/data/downloaded-videos/V6.mp4,209,17402.0,17412.0,11.0,Rear Uppercut,Rear Uppercut,5,pending,data/raw/Skeleton_data/V6.npy,209,False,True,True,review,V6_skeleton_not_1to1_event_clips_alignment_TBD_step7
V6_00211,V6,/Users/krishna/dev/fightflow/data/downloaded-videos/V6.mp4,210,17488.0,17500.0,13.0,Lead Uppercut,Lead Uppercut,3,pending,data/raw/Skeleton_data/V6.npy,210,False,True,True,review,V6_skeleton_not_1to1_event_clips_alignment_TBD_step7
V6_00212,V6,/Users/krishna/dev/fightflow/data/downloaded-videos/V6.mp4,211,17496.0,17507.0,12.0,Rear Uppercut,Rear Uppercut,5,pending,data/raw/Skeleton_data/V6.npy,211,False,True,True,review,V6_skeleton_not_1to1_event_clips_alignment_TBD_step7
V6_00213,V6,/Users/krishna/dev/fightflow/data/downloaded-videos/V6.mp4,212,17545.0,17555.0,11.0,Lead Uppercut,Lead Uppercut,3,pending,data/raw/Skeleton_data/V6.npy,212,False,True,True,review,V6_skeleton_not_1to1_event_clips_alignment_TBD_step7
V6_00214,V6,/Users/krishna/dev/fightflow/data/downloaded-videos/V6.mp4,213,17553.0,17564.0,12.0,Rear Uppercut,Rear Uppercut,5,pending,data/raw/Skeleton_data/V6.npy,213,False,True,True,review,V6_skeleton_not_1to1_event_clips_alignment_TBD_step7
V6_00215,V6,/Users/krishna/dev/fightflow/data/downloaded-videos/V6.mp4,214,17600.0,17615.0,16.0,Lead Uppercut,Lead Uppercut,3,pending,data/raw/Skeleton_data/V6.npy,214,False,True,True,review,V6_skeleton_not_1to1_event_clips_alignment_TBD_step7
V6_00216,V6,/Users/krishna/dev/fightflow/data/downloaded-videos/V6.mp4,215,17610.0,17622.0,13.0,Rear Uppercut,Rear Uppercut,5,pending,data/raw/Skeleton_data/V6.npy,215,False,True,True,review,V6_skeleton_not_1to1_event_clips_alignment_TBD_step7
V6_00217,V6,/Users/krishna/dev/fightflow/data/downloaded-videos/V6.mp4,216,17683.0,17694.0,12.0,Lead Uppercut,Lead Uppercut,3,pending,data/raw/Skeleton_data/V6.npy,216,False,True,True,review,V6_skeleton_not_1to1_event_clips_alignment_TBD_step7
V6_00218,V6,/Users/krishna/dev/fightflow/data/downloaded-videos/V6.mp4,217,17692.0,17703.0,12.0,Rear Uppercut,Rear Uppercut,5,pending,data/raw/Skeleton_data/V6.npy,217,False,True,True,review,V6_skeleton_not_1to1_event_clips_alignment_TBD_step7
V6_00219,V6,/Users/krishna/dev/fightflow/data/downloaded-videos/V6.mp4,218,17748.0,17758.0,11.0,Lead Uppercut,Lead Uppercut,3,pending,data/raw/Skeleton_data/V6.npy,218,False,True,True,review,V6_skeleton_not_1to1_event_clips_alignment_TBD_step7
V6_00220,V6,/Users/krishna/dev/fightflow/data/downloaded-videos/V6.mp4,219,17756.0,17771.0,16.0,Rear Uppercut,Rear Uppercut,5,pending,data/raw/Skeleton_data/V6.npy,219,False,True,True,review,V6_skeleton_not_1to1_event_clips_alignment_TBD_step7
V6_00221,V6,/Users/krishna/dev/fightflow/data/downloaded-videos/V6.mp4,220,17813.0,17825.0,13.0,Lead Uppercut,Lead Uppercut,3,pending,data/raw/Skeleton_data/V6.npy,220,False,True,True,review,V6_skeleton_not_1to1_event_clips_alignment_TBD_step7
V6_00222,V6,/Users/krishna/dev/fightflow/data/downloaded-videos/V6.mp4,221,17821.0,17833.0,13.0,Rear Uppercut,Rear Uppercut,5,pending,data/raw/Skeleton_data/V6.npy,221,False,True,True,review,V6_skeleton_not_1to1_event_clips_alignment_TBD_step7
V6_00223,V6,/Users/krishna/dev/fightflow/data/downloaded-videos/V6.mp4,222,17878.0,17889.0,12.0,Lead Uppercut,Lead Uppercut,3,pending,data/raw/Skeleton_data/V6.npy,222,False,True,True,review,V6_skeleton_not_1to1_event_clips_alignment_TBD_step7
V6_00224,V6,/Users/krishna/dev/fightflow/data/downloaded-videos/V6.mp4,223,17886.0,17899.0,14.0,Rear Uppercut,Rear Uppercut,5,pending,data/raw/Skeleton_data/V6.npy,223,False,True,True,review,V6_skeleton_not_1to1_event_clips_alignment_TBD_step7
V6_00225,V6,/Users/krishna/dev/fightflow/data/downloaded-videos/V6.mp4,224,17943.0,17957.0,15.0,Lead Uppercut,Lead Uppercut,3,pending,data/raw/Skeleton_data/V6.npy,224,False,True,True,review,V6_skeleton_not_1to1_event_clips_alignment_TBD_step7
V6_00226,V6,/Users/krishna/dev/fightflow/data/downloaded-videos/V6.mp4,225,17953.0,17966.0,14.0,Rear Uppercut,Rear Uppercut,5,pending,data/raw/Skeleton_data/V6.npy,225,False,True,True,review,V6_skeleton_not_1to1_event_clips_alignment_TBD_step7
V6_00227,V6,/Users/krishna/dev/fightflow/data/downloaded-videos/V6.mp4,226,18014.0,18029.0,16.0,Lead Uppercut,Lead Uppercut,3,pending,data/raw/Skeleton_data/V6.npy,226,False,True,True,review,V6_skeleton_not_1to1_event_clips_alignment_TBD_step7
V6_00228,V6,/Users/krishna/dev/fightflow/data/downloaded-videos/V6.mp4,227,18024.0,18037.0,14.0,Rear Uppercut,Rear Uppercut,5,pending,data/raw/Skeleton_data/V6.npy,227,False,True,True,review,V6_skeleton_not_1to1_event_clips_alignment_TBD_step7
V6_00229,V6,/Users/krishna/dev/fightflow/data/downloaded-videos/V6.mp4,228,18099.0,18112.0,14.0,Lead Uppercut,Lead Uppercut,3,pending,data/raw/Skeleton_data/V6.npy,228,False,True,True,review,V6_skeleton_not_1to1_event_clips_alignment_TBD_step7
V6_00230,V6,/Users/krishna/dev/fightflow/data/downloaded-videos/V6.mp4,229,18107.0,18120.0,14.0,Rear Uppercut,Rear Uppercut,5,pending,data/raw/Skeleton_data/V6.npy,229,False,True,True,review,V6_skeleton_not_1to1_event_clips_alignment_TBD_step7
V6_00231,V6,/Users/krishna/dev/fightflow/data/downloaded-videos/V6.mp4,230,18185.0,18196.0,12.0,Lead Uppercut,Lead Uppercut,3,pending,data/raw/Skeleton_data/V6.npy,230,False,True,True,review,V6_skeleton_not_1to1_event_clips_alignment_TBD_step7
V6_00232,V6,/Users/krishna/dev/fightflow/data/downloaded-videos/V6.mp4,231,18195.0,18208.0,14.0,Rear Uppercut,Rear Uppercut,5,pending,data/raw/Skeleton_data/V6.npy,231,False,True,True,review,V6_skeleton_not_1to1_event_clips_alignment_TBD_step7
V6_00233,V6,/Users/krishna/dev/fightflow/data/downloaded-videos/V6.mp4,232,18320.0,18332.0,13.0,Lead Uppercut,Lead Uppercut,3,pending,data/raw/Skeleton_data/V6.npy,232,False,True,True,review,V6_skeleton_not_1to1_event_clips_alignment_TBD_step7
V6_00234,V6,/Users/krishna/dev/fightflow/data/downloaded-videos/V6.mp4,233,18329.0,18341.0,13.0,Rear Uppercut,Rear Uppercut,5,pending,data/raw/Skeleton_data/V6.npy,233,False,True,True,review,V6_skeleton_not_1to1_event_clips_alignment_TBD_step7
V6_00235,V6,/Users/krishna/dev/fightflow/data/downloaded-videos/V6.mp4,234,18413.0,18424.0,12.0,Lead Uppercut,Lead Uppercut,3,pending,data/raw/Skeleton_data/V6.npy,234,False,True,True,review,V6_skeleton_not_1to1_event_clips_alignment_TBD_step7
V6_00236,V6,/Users/krishna/dev/fightflow/data/downloaded-videos/V6.mp4,235,18421.0,18434.0,14.0,Rear Uppercut,Rear Uppercut,5,pending,data/raw/Skeleton_data/V6.npy,235,False,True,True,review,V6_skeleton_not_1to1_event_clips_alignment_TBD_step7
V6_00237,V6,/Users/krishna/dev/fightflow/data/downloaded-videos/V6.mp4,236,18487.0,18502.0,16.0,Lead Uppercut,Lead Uppercut,3,pending,data/raw/Skeleton_data/V6.npy,236,False,True,True,review,V6_skeleton_not_1to1_event_clips_alignment_TBD_step7
V6_00238,V6,/Users/krishna/dev/fightflow/data/downloaded-videos/V6.mp4,237,18495.0,18509.0,15.0,Rear Uppercut,Rear Uppercut,5,pending,data/raw/Skeleton_data/V6.npy,237,False,True,True,review,V6_skeleton_not_1to1_event_clips_alignment_TBD_step7
V6_00239,V6,/Users/krishna/dev/fightflow/data/downloaded-videos/V6.mp4,238,18584.0,18597.0,14.0,Lead Uppercut,Lead Uppercut,3,pending,data/raw/Skeleton_data/V6.npy,238,False,True,True,review,V6_skeleton_not_1to1_event_clips_alignment_TBD_step7
V6_00240,V6,/Users/krishna/dev/fightflow/data/downloaded-videos/V6.mp4,239,18593.0,18603.0,11.0,Rear Uppercut,Rear Uppercut,5,pending,data/raw/Skeleton_data/V6.npy,239,False,True,True,review,V6_skeleton_not_1to1_event_clips_alignment_TBD_step7
V6_00241,V6,/Users/krishna/dev/fightflow/data/downloaded-videos/V6.mp4,240,18691.0,18703.0,13.0,Lead Uppercut,Lead Uppercut,3,pending,data/raw/Skeleton_data/V6.npy,240,False,True,True,review,V6_skeleton_not_1to1_event_clips_alignment_TBD_step7
V6_00242,V6,/Users/krishna/dev/fightflow/data/downloaded-videos/V6.mp4,241,18700.0,18713.0,14.0,Rear Uppercut,Rear Uppercut,5,pending,data/raw/Skeleton_data/V6.npy,241,False,True,True,review,V6_skeleton_not_1to1_event_clips_alignment_TBD_step7
V6_00243,V6,/Users/krishna/dev/fightflow/data/downloaded-videos/V6.mp4,242,18779.0,18793.0,15.0,Lead Uppercut,Lead Uppercut,3,pending,data/raw/Skeleton_data/V6.npy,242,False,True,True,review,V6_skeleton_not_1to1_event_clips_alignment_TBD_step7
V6_00244,V6,/Users/krishna/dev/fightflow/data/downloaded-videos/V6.mp4,243,18789.0,18800.0,12.0,Rear Uppercut,Rear Uppercut,5,pending,data/raw/Skeleton_data/V6.npy,243,False,True,True,review,V6_skeleton_not_1to1_event_clips_alignment_TBD_step7
V6_00245,V6,/Users/krishna/dev/fightflow/data/downloaded-videos/V6.mp4,244,18868.0,18882.0,15.0,Lead Uppercut,Lead Uppercut,3,pending,data/raw/Skeleton_data/V6.npy,244,False,True,True,review,V6_skeleton_not_1to1_event_clips_alignment_TBD_step7
V6_00246,V6,/Users/krishna/dev/fightflow/data/downloaded-videos/V6.mp4,245,18877.0,18888.0,12.0,Rear Uppercut,Rear Uppercut,5,pending,data/raw/Skeleton_data/V6.npy,245,False,True,True,review,V6_skeleton_not_1to1_event_clips_alignment_TBD_step7
V6_00247,V6,/Users/krishna/dev/fightflow/data/downloaded-videos/V6.mp4,246,18950.0,18964.0,15.0,Lead Uppercut,Lead Uppercut,3,pending,data/raw/Skeleton_data/V6.npy,246,False,True,True,review,V6_skeleton_not_1to1_event_clips_alignment_TBD_step7
V6_00248,V6,/Users/krishna/dev/fightflow/data/downloaded-videos/V6.mp4,247,18960.0,18972.0,13.0,Rear Uppercut,Rear Uppercut,5,pending,data/raw/Skeleton_data/V6.npy,247,False,True,True,review,V6_skeleton_not_1to1_event_clips_alignment_TBD_step7
V6_00249,V6,/Users/krishna/dev/fightflow/data/downloaded-videos/V6.mp4,248,19087.0,19102.0,16.0,Lead Uppercut,Lead Uppercut,3,pending,data/raw/Skeleton_data/V6.npy,248,False,True,True,review,V6_skeleton_not_1to1_event_clips_alignment_TBD_step7
V6_00250,V6,/Users/krishna/dev/fightflow/data/downloaded-videos/V6.mp4,249,19096.0,19106.0,11.0,Rear Uppercut,Rear Uppercut,5,pending,data/raw/Skeleton_data/V6.npy,249,False,True,True,review,V6_skeleton_not_1to1_event_clips_alignment_TBD_step7
V6_00251,V6,/Users/krishna/dev/fightflow/data/downloaded-videos/V6.mp4,250,19238.0,19249.0,12.0,Lead Uppercut,Lead Uppercut,3,pending,data/raw/Skeleton_data/V6.npy,250,False,True,True,review,V6_skeleton_not_1to1_event_clips_alignment_TBD_step7
V6_00252,V6,/Users/krishna/dev/fightflow/data/downloaded-videos/V6.mp4,251,19245.0,19257.0,13.0,Rear Uppercut,Rear Uppercut,5,pending,data/raw/Skeleton_data/V6.npy,251,False,True,True,review,V6_skeleton_not_1to1_event_clips_alignment_TBD_step7
V6_00253,V6,/Users/krishna/dev/fightflow/data/downloaded-videos/V6.mp4,252,19347.0,19360.0,14.0,Lead Uppercut,Lead Uppercut,3,pending,data/raw/Skeleton_data/V6.npy,252,False,True,True,review,V6_skeleton_not_1to1_event_clips_alignment_TBD_step7
V6_00254,V6,/Users/krishna/dev/fightflow/data/downloaded-videos/V6.mp4,253,19355.0,19367.0,13.0,Rear Uppercut,Rear Uppercut,5,pending,data/raw/Skeleton_data/V6.npy,253,False,True,True,review,V6_skeleton_not_1to1_event_clips_alignment_TBD_step7
V6_00255,V6,/Users/krishna/dev/fightflow/data/downloaded-videos/V6.mp4,254,19422.0,19435.0,14.0,Lead Uppercut,Lead Uppercut,3,pending,data/raw/Skeleton_data/V6.npy,254,False,True,True,review,V6_skeleton_not_1to1_event_clips_alignment_TBD_step7
V6_00256,V6,/Users/krishna/dev/fightflow/data/downloaded-videos/V6.mp4,255,19430.0,19442.0,13.0,Rear Uppercut,Rear Uppercut,5,pending,data/raw/Skeleton_data/V6.npy,255,False,True,True,review,V6_skeleton_not_1to1_event_clips_alignment_TBD_step7
V6_00257,V6,/Users/krishna/dev/fightflow/data/downloaded-videos/V6.mp4,256,19795.0,19809.0,15.0,Lead Uppercut,Lead Uppercut,3,pending,data/raw/Skeleton_data/V6.npy,256,False,True,True,review,V6_skeleton_not_1to1_event_clips_alignment_TBD_step7
V6_00258,V6,/Users/krishna/dev/fightflow/data/downloaded-videos/V6.mp4,257,19840.0,19856.0,17.0,Lead Uppercut,Lead Uppercut,3,pending,data/raw/Skeleton_data/V6.npy,257,False,True,True,review,V6_skeleton_not_1to1_event_clips_alignment_TBD_step7
V6_00259,V6,/Users/krishna/dev/fightflow/data/downloaded-videos/V6.mp4,258,19953.0,19977.0,25.0,Rear Uppercut,Rear Uppercut,5,pending,data/raw/Skeleton_data/V6.npy,258,False,True,True,review,V6_skeleton_not_1to1_event_clips_alignment_TBD_step7
V6_00260,V6,/Users/krishna/dev/fightflow/data/downloaded-videos/V6.mp4,259,19987.0,20007.0,21.0,Rear Uppercut,Rear Uppercut,5,pending,data/raw/Skeleton_data/V6.npy,259,False,True,True,review,V6_skeleton_not_1to1_event_clips_alignment_TBD_step7
V6_00261,V6,/Users/krishna/dev/fightflow/data/downloaded-videos/V6.mp4,260,20028.0,20046.0,19.0,Lead Uppercut,Lead Uppercut,3,pending,data/raw/Skeleton_data/V6.npy,260,False,True,True,review,V6_skeleton_not_1to1_event_clips_alignment_TBD_step7
V6_00262,V6,/Users/krishna/dev/fightflow/data/downloaded-videos/V6.mp4,261,20069.0,20085.0,17.0,Rear Uppercut,Rear Uppercut,5,pending,data/raw/Skeleton_data/V6.npy,261,False,True,True,review,V6_skeleton_not_1to1_event_clips_alignment_TBD_step7
V6_00263,V6,/Users/krishna/dev/fightflow/data/downloaded-videos/V6.mp4,262,20096.0,20109.0,14.0,Lead Uppercut,Lead Uppercut,3,pending,data/raw/Skeleton_data/V6.npy,262,False,True,True,review,V6_skeleton_not_1to1_event_clips_alignment_TBD_step7
V6_00264,V6,/Users/krishna/dev/fightflow/data/downloaded-videos/V6.mp4,263,20118.0,20136.0,19.0,Lead Uppercut,Lead Uppercut,3,pending,data/raw/Skeleton_data/V6.npy,263,False,True,True,review,V6_skeleton_not_1to1_event_clips_alignment_TBD_step7
V6_00265,V6,/Users/krishna/dev/fightflow/data/downloaded-videos/V6.mp4,264,20287.0,20298.0,12.0,Rear Uppercut,Rear Uppercut,5,pending,data/raw/Skeleton_data/V6.npy,264,False,True,True,review,V6_skeleton_not_1to1_event_clips_alignment_TBD_step7
V6_00266,V6,/Users/krishna/dev/fightflow/data/downloaded-videos/V6.mp4,265,20308.0,20317.0,10.0,Lead Uppercut,Lead Uppercut,3,pending,data/raw/Skeleton_data/V6.npy,265,False,True,True,review,V6_skeleton_not_1to1_event_clips_alignment_TBD_step7
V6_00267,V6,/Users/krishna/dev/fightflow/data/downloaded-videos/V6.mp4,266,20370.0,20388.0,19.0,Lead Uppercut,Lead Uppercut,3,pending,data/raw/Skeleton_data/V6.npy,266,False,True,True,review,V6_skeleton_not_1to1_event_clips_alignment_TBD_step7
V6_00268,V6,/Users/krishna/dev/fightflow/data/downloaded-videos/V6.mp4,267,20440.0,20455.0,16.0,Rear Uppercut,Rear Uppercut,5,pending,data/raw/Skeleton_data/V6.npy,267,False,True,True,review,V6_skeleton_not_1to1_event_clips_alignment_TBD_step7
V6_00269,V6,/Users/krishna/dev/fightflow/data/downloaded-videos/V6.mp4,268,20460.0,20479.0,20.0,Lead Uppercut,Lead Uppercut,3,pending,data/raw/Skeleton_data/V6.npy,268,False,True,True,review,V6_skeleton_not_1to1_event_clips_alignment_TBD_step7
V6_00270,V6,/Users/krishna/dev/fightflow/data/downloaded-videos/V6.mp4,269,20631.0,20644.0,14.0,Lead Uppercut,Lead Uppercut,3,pending,data/raw/Skeleton_data/V6.npy,269,False,True,True,review,V6_skeleton_not_1to1_event_clips_alignment_TBD_step7
V6_00271,V6,/Users/krishna/dev/fightflow/data/downloaded-videos/V6.mp4,270,20781.0,20792.0,12.0,Lead Uppercut,Lead Uppercut,3,pending,data/raw/Skeleton_data/V6.npy,270,False,True,True,review,V6_skeleton_not_1to1_event_clips_alignment_TBD_step7
V6_00272,V6,/Users/krishna/dev/fightflow/data/downloaded-videos/V6.mp4,271,21144.0,21156.0,13.0,Rear Uppercut,Rear Uppercut,5,pending,data/raw/Skeleton_data/V6.npy,271,False,True,True,review,V6_skeleton_not_1to1_event_clips_alignment_TBD_step7
V6_00273,V6,/Users/krishna/dev/fightflow/data/downloaded-videos/V6.mp4,272,21192.0,21203.0,12.0,Rear Uppercut,Rear Uppercut,5,pending,data/raw/Skeleton_data/V6.npy,272,False,True,True,review,V6_skeleton_not_1to1_event_clips_alignment_TBD_step7
V6_00274,V6,/Users/krishna/dev/fightflow/data/downloaded-videos/V6.mp4,273,21228.0,21242.0,15.0,Lead Uppercut,Lead Uppercut,3,pending,data/raw/Skeleton_data/V6.npy,273,False,True,True,review,V6_skeleton_not_1to1_event_clips_alignment_TBD_step7
V6_00275,V6,/Users/krishna/dev/fightflow/data/downloaded-videos/V6.mp4,274,21248.0,21261.0,14.0,Rear Uppercut,Rear Uppercut,5,pending,data/raw/Skeleton_data/V6.npy,274,False,True,True,review,V6_skeleton_not_1to1_event_clips_alignment_TBD_step7
V6_00276,V6,/Users/krishna/dev/fightflow/data/downloaded-videos/V6.mp4,275,21574.0,21583.0,10.0,Rear Uppercut,Rear Uppercut,5,pending,data/raw/Skeleton_data/V6.npy,275,False,True,True,review,V6_skeleton_not_1to1_event_clips_alignment_TBD_step7
V6_00277,V6,/Users/krishna/dev/fightflow/data/downloaded-videos/V6.mp4,276,21620.0,21631.0,12.0,Rear Uppercut,Rear Uppercut,5,pending,data/raw/Skeleton_data/V6.npy,276,False,True,True,review,V6_skeleton_not_1to1_event_clips_alignment_TBD_step7
V6_00278,V6,/Users/krishna/dev/fightflow/data/downloaded-videos/V6.mp4,277,21813.0,21826.0,14.0,Lead Uppercut,Lead Uppercut,3,pending,data/raw/Skeleton_data/V6.npy,277,False,True,True,review,V6_skeleton_not_1to1_event_clips_alignment_TBD_step7
V6_00279,V6,/Users/krishna/dev/fightflow/data/downloaded-videos/V6.mp4,278,21840.0,21853.0,14.0,Rear Uppercut,Rear Uppercut,5,pending,data/raw/Skeleton_data/V6.npy,278,False,True,True,review,V6_skeleton_not_1to1_event_clips_alignment_TBD_step7
V6_00280,V6,/Users/krishna/dev/fightflow/data/downloaded-videos/V6.mp4,279,22311.0,22323.0,13.0,Rear Uppercut,Rear Uppercut,5,pending,data/raw/Skeleton_data/V6.npy,279,False,True,True,review,V6_skeleton_not_1to1_event_clips_alignment_TBD_step7
V6_00281,V6,/Users/krishna/dev/fightflow/data/downloaded-videos/V6.mp4,280,22334.0,22346.0,13.0,Lead Uppercut,Lead Uppercut,3,pending,data/raw/Skeleton_data/V6.npy,280,False,True,True,review,V6_skeleton_not_1to1_event_clips_alignment_TBD_step7
V6_00282,V6,/Users/krishna/dev/fightflow/data/downloaded-videos/V6.mp4,281,22497.0,22509.0,13.0,Lead Uppercut,Lead Uppercut,3,pending,data/raw/Skeleton_data/V6.npy,281,False,True,True,review,V6_skeleton_not_1to1_event_clips_alignment_TBD_step7
V6_00283,V6,/Users/krishna/dev/fightflow/data/downloaded-videos/V6.mp4,282,22540.0,22551.0,12.0,Rear Uppercut,Rear Uppercut,5,pending,data/raw/Skeleton_data/V6.npy,282,False,True,True,review,V6_skeleton_not_1to1_event_clips_alignment_TBD_step7
V6_00284,V6,/Users/krishna/dev/fightflow/data/downloaded-videos/V6.mp4,283,23013.0,23022.0,10.0,Rear Uppercut,Rear Uppercut,5,pending,data/raw/Skeleton_data/V6.npy,283,False,True,True,review,V6_skeleton_not_1to1_event_clips_alignment_TBD_step7
V6_00285,V6,/Users/krishna/dev/fightflow/data/downloaded-videos/V6.mp4,284,23032.0,23044.0,13.0,Lead Uppercut,Lead Uppercut,3,pending,data/raw/Skeleton_data/V6.npy,284,False,True,True,review,V6_skeleton_not_1to1_event_clips_alignment_TBD_step7
V6_00286,V6,/Users/krishna/dev/fightflow/data/downloaded-videos/V6.mp4,285,23212.0,23227.0,16.0,Lead Uppercut,Lead Uppercut,3,pending,data/raw/Skeleton_data/V6.npy,285,False,True,True,review,V6_skeleton_not_1to1_event_clips_alignment_TBD_step7
V6_00287,V6,/Users/krishna/dev/fightflow/data/downloaded-videos/V6.mp4,286,23274.0,23287.0,14.0,Lead Uppercut,Lead Uppercut,3,pending,data/raw/Skeleton_data/V6.npy,286,False,True,True,review,V6_skeleton_not_1to1_event_clips_alignment_TBD_step7
V6_00288,V6,/Users/krishna/dev/fightflow/data/downloaded-videos/V6.mp4,287,23349.0,23361.0,13.0,Lead Uppercut,Lead Uppercut,3,pending,data/raw/Skeleton_data/V6.npy,287,False,True,True,review,V6_skeleton_not_1to1_event_clips_alignment_TBD_step7
V6_00289,V6,/Users/krishna/dev/fightflow/data/downloaded-videos/V6.mp4,288,23419.0,23432.0,14.0,Lead Uppercut,Lead Uppercut,3,pending,data/raw/Skeleton_data/V6.npy,288,False,True,True,review,V6_skeleton_not_1to1_event_clips_alignment_TBD_step7
V6_00290,V6,/Users/krishna/dev/fightflow/data/downloaded-videos/V6.mp4,289,23475.0,23488.0,14.0,Lead Uppercut,Lead Uppercut,3,pending,data/raw/Skeleton_data/V6.npy,289,False,True,True,review,V6_skeleton_not_1to1_event_clips_alignment_TBD_step7
V6_00291,V6,/Users/krishna/dev/fightflow/data/downloaded-videos/V6.mp4,290,23515.0,23533.0,19.0,Lead Uppercut,Lead Uppercut,3,pending,data/raw/Skeleton_data/V6.npy,290,False,True,True,review,V6_skeleton_not_1to1_event_clips_alignment_TBD_step7
V6_00292,V6,/Users/krishna/dev/fightflow/data/downloaded-videos/V6.mp4,291,23552.0,23566.0,15.0,Lead Uppercut,Lead Uppercut,3,pending,data/raw/Skeleton_data/V6.npy,291,False,True,True,review,V6_skeleton_not_1to1_event_clips_alignment_TBD_step7
V6_00293,V6,/Users/krishna/dev/fightflow/data/downloaded-videos/V6.mp4,292,23601.0,23615.0,15.0,Lead Uppercut,Lead Uppercut,3,pending,data/raw/Skeleton_data/V6.npy,292,False,True,True,review,V6_skeleton_not_1to1_event_clips_alignment_TBD_step7
V6_00294,V6,/Users/krishna/dev/fightflow/data/downloaded-videos/V6.mp4,293,23649.0,23663.0,15.0,Lead Uppercut,Lead Uppercut,3,pending,data/raw/Skeleton_data/V6.npy,293,False,True,True,review,V6_skeleton_not_1to1_event_clips_alignment_TBD_step7
V6_00295,V6,/Users/krishna/dev/fightflow/data/downloaded-videos/V6.mp4,294,23694.0,23709.0,16.0,Lead Uppercut,Lead Uppercut,3,pending,data/raw/Skeleton_data/V6.npy,294,False,True,True,review,V6_skeleton_not_1to1_event_clips_alignment_TBD_step7
V6_00296,V6,/Users/krishna/dev/fightflow/data/downloaded-videos/V6.mp4,295,23739.0,23753.0,15.0,Lead Uppercut,Lead Uppercut,3,pending,data/raw/Skeleton_data/V6.npy,295,False,True,True,review,V6_skeleton_not_1to1_event_clips_alignment_TBD_step7
V6_00297,V6,/Users/krishna/dev/fightflow/data/downloaded-videos/V6.mp4,296,23784.0,23797.0,14.0,Lead Uppercut,Lead Uppercut,3,pending,data/raw/Skeleton_data/V6.npy,296,False,True,True,review,V6_skeleton_not_1to1_event_clips_alignment_TBD_step7
V6_00298,V6,/Users/krishna/dev/fightflow/data/downloaded-videos/V6.mp4,297,23830.0,23843.0,14.0,Lead Uppercut,Lead Uppercut,3,pending,data/raw/Skeleton_data/V6.npy,297,False,True,True,review,V6_skeleton_not_1to1_event_clips_alignment_TBD_step7
V6_00299,V6,/Users/krishna/dev/fightflow/data/downloaded-videos/V6.mp4,298,23896.0,23910.0,15.0,Lead Uppercut,Lead Uppercut,3,pending,data/raw/Skeleton_data/V6.npy,298,False,True,True,review,V6_skeleton_not_1to1_event_clips_alignment_TBD_step7
V6_00300,V6,/Users/krishna/dev/fightflow/data/downloaded-videos/V6.mp4,299,23946.0,23960.0,15.0,Lead Uppercut,Lead Uppercut,3,pending,data/raw/Skeleton_data/V6.npy,299,False,True,True,review,V6_skeleton_not_1to1_event_clips_alignment_TBD_step7
V6_00301,V6,/Users/krishna/dev/fightflow/data/downloaded-videos/V6.mp4,300,23989.0,24004.0,16.0,Lead Uppercut,Lead Uppercut,3,pending,data/raw/Skeleton_data/V6.npy,300,False,True,True,review,V6_skeleton_not_1to1_event_clips_alignment_TBD_step7
V6_00302,V6,/Users/krishna/dev/fightflow/data/downloaded-videos/V6.mp4,301,24039.0,24052.0,14.0,Lead Uppercut,Lead Uppercut,3,pending,data/raw/Skeleton_data/V6.npy,301,False,True,True,review,V6_skeleton_not_1to1_event_clips_alignment_TBD_step7
V6_00303,V6,/Users/krishna/dev/fightflow/data/downloaded-videos/V6.mp4,302,24090.0,24105.0,16.0,Lead Uppercut,Lead Uppercut,3,pending,data/raw/Skeleton_data/V6.npy,302,False,True,True,review,V6_skeleton_not_1to1_event_clips_alignment_TBD_step7
V6_00304,V6,/Users/krishna/dev/fightflow/data/downloaded-videos/V6.mp4,303,24156.0,24169.0,14.0,Lead Uppercut,Lead Uppercut,3,pending,data/raw/Skeleton_data/V6.npy,303,False,True,True,review,V6_skeleton_not_1to1_event_clips_alignment_TBD_step7
V6_00305,V6,/Users/krishna/dev/fightflow/data/downloaded-videos/V6.mp4,304,24228.0,24243.0,16.0,Lead Uppercut,Lead Uppercut,3,pending,data/raw/Skeleton_data/V6.npy,304,False,True,True,review,V6_skeleton_not_1to1_event_clips_alignment_TBD_step7
V6_00306,V6,/Users/krishna/dev/fightflow/data/downloaded-videos/V6.mp4,305,24324.0,24338.0,15.0,Lead Uppercut,Lead Uppercut,3,pending,data/raw/Skeleton_data/V6.npy,305,False,True,True,review,V6_skeleton_not_1to1_event_clips_alignment_TBD_step7
V6_00307,V6,/Users/krishna/dev/fightflow/data/downloaded-videos/V6.mp4,306,24405.0,24419.0,15.0,Lead Uppercut,Lead Uppercut,3,pending,data/raw/Skeleton_data/V6.npy,306,False,True,True,review,V6_skeleton_not_1to1_event_clips_alignment_TBD_step7
V6_00308,V6,/Users/krishna/dev/fightflow/data/downloaded-videos/V6.mp4,307,24498.0,24512.0,15.0,Lead Uppercut,Lead Uppercut,3,pending,data/raw/Skeleton_data/V6.npy,307,False,True,True,review,V6_skeleton_not_1to1_event_clips_alignment_TBD_step7
V6_00309,V6,/Users/krishna/dev/fightflow/data/downloaded-videos/V6.mp4,308,24601.0,24615.0,15.0,Lead Uppercut,Lead Uppercut,3,pending,data/raw/Skeleton_data/V6.npy,308,False,True,True,review,V6_skeleton_not_1to1_event_clips_alignment_TBD_step7
V6_00310,V6,/Users/krishna/dev/fightflow/data/downloaded-videos/V6.mp4,309,24716.0,24729.0,14.0,Lead Uppercut,Lead Uppercut,3,pending,data/raw/Skeleton_data/V6.npy,309,False,True,True,review,V6_skeleton_not_1to1_event_clips_alignment_TBD_step7
V6_00311,V6,/Users/krishna/dev/fightflow/data/downloaded-videos/V6.mp4,310,24823.0,24840.0,18.0,Lead Uppercut,Lead Uppercut,3,pending,data/raw/Skeleton_data/V6.npy,310,False,True,True,review,V6_skeleton_not_1to1_event_clips_alignment_TBD_step7
V6_00312,V6,/Users/krishna/dev/fightflow/data/downloaded-videos/V6.mp4,311,24901.0,24925.0,25.0,Lead Uppercut,Lead Uppercut,3,pending,data/raw/Skeleton_data/V6.npy,311,False,True,True,review,V6_skeleton_not_1to1_event_clips_alignment_TBD_step7
V6_00313,V6,/Users/krishna/dev/fightflow/data/downloaded-videos/V6.mp4,312,25016.0,25030.0,15.0,Lead Uppercut,Lead Uppercut,3,pending,data/raw/Skeleton_data/V6.npy,312,False,True,True,review,V6_skeleton_not_1to1_event_clips_alignment_TBD_step7
V6_00314,V6,/Users/krishna/dev/fightflow/data/downloaded-videos/V6.mp4,313,25094.0,25108.0,15.0,Lead Uppercut,Lead Uppercut,3,pending,data/raw/Skeleton_data/V6.npy,313,False,True,True,review,V6_skeleton_not_1to1_event_clips_alignment_TBD_step7
V6_00315,V6,/Users/krishna/dev/fightflow/data/downloaded-videos/V6.mp4,314,25187.0,25202.0,16.0,Lead Uppercut,Lead Uppercut,3,pending,data/raw/Skeleton_data/V6.npy,314,False,True,True,review,V6_skeleton_not_1to1_event_clips_alignment_TBD_step7
V6_00316,V6,/Users/krishna/dev/fightflow/data/downloaded-videos/V6.mp4,315,25257.0,25279.0,23.0,Lead Uppercut,Lead Uppercut,3,pending,data/raw/Skeleton_data/V6.npy,315,False,True,True,review,V6_skeleton_not_1to1_event_clips_alignment_TBD_step7
V6_00317,V6,/Users/krishna/dev/fightflow/data/downloaded-videos/V6.mp4,316,25362.0,25382.0,21.0,Lead Uppercut,Lead Uppercut,3,pending,data/raw/Skeleton_data/V6.npy,316,False,True,True,review,V6_skeleton_not_1to1_event_clips_alignment_TBD_step7
V6_00318,V6,/Users/krishna/dev/fightflow/data/downloaded-videos/V6.mp4,317,25455.0,25474.0,20.0,Lead Uppercut,Lead Uppercut,3,pending,data/raw/Skeleton_data/V6.npy,317,False,True,True,review,V6_skeleton_not_1to1_event_clips_alignment_TBD_step7
V6_00319,V6,/Users/krishna/dev/fightflow/data/downloaded-videos/V6.mp4,318,25585.0,25598.0,14.0,Lead Uppercut,Lead Uppercut,3,pending,data/raw/Skeleton_data/V6.npy,318,False,True,True,review,V6_skeleton_not_1to1_event_clips_alignment_TBD_step7
V6_00320,V6,/Users/krishna/dev/fightflow/data/downloaded-videos/V6.mp4,319,25627.0,25639.0,13.0,Lead Uppercut,Lead Uppercut,3,pending,data/raw/Skeleton_data/V6.npy,319,False,True,True,review,V6_skeleton_not_1to1_event_clips_alignment_TBD_step7
V6_00321,V6,/Users/krishna/dev/fightflow/data/downloaded-videos/V6.mp4,320,25711.0,25724.0,14.0,Lead Uppercut,Lead Uppercut,3,pending,data/raw/Skeleton_data/V6.npy,320,False,True,True,review,V6_skeleton_not_1to1_event_clips_alignment_TBD_step7
V6_00322,V6,/Users/krishna/dev/fightflow/data/downloaded-videos/V6.mp4,321,25769.0,25783.0,15.0,Lead Uppercut,Lead Uppercut,3,pending,data/raw/Skeleton_data/V6.npy,321,False,True,True,review,V6_skeleton_not_1to1_event_clips_alignment_TBD_step7
V6_00323,V6,/Users/krishna/dev/fightflow/data/downloaded-videos/V6.mp4,322,25828.0,25842.0,15.0,Lead Uppercut,Lead Uppercut,3,pending,data/raw/Skeleton_data/V6.npy,322,False,True,True,review,V6_skeleton_not_1to1_event_clips_alignment_TBD_step7
V6_00324,V6,/Users/krishna/dev/fightflow/data/downloaded-videos/V6.mp4,323,25893.0,25904.0,12.0,Lead Uppercut,Lead Uppercut,3,pending,data/raw/Skeleton_data/V6.npy,323,False,True,True,review,V6_skeleton_not_1to1_event_clips_alignment_TBD_step7
V6_00325,V6,/Users/krishna/dev/fightflow/data/downloaded-videos/V6.mp4,324,25949.0,25964.0,16.0,Lead Uppercut,Lead Uppercut,3,pending,data/raw/Skeleton_data/V6.npy,324,False,True,True,review,V6_skeleton_not_1to1_event_clips_alignment_TBD_step7
V6_00326,V6,/Users/krishna/dev/fightflow/data/downloaded-videos/V6.mp4,325,29972.0,29998.0,27.0,Lead Hook,Lead Hook,2,pending,data/raw/Skeleton_data/V6.npy,325,False,True,True,review,V6_skeleton_not_1to1_event_clips_alignment_TBD_step7
V6_00327,V6,/Users/krishna/dev/fightflow/data/downloaded-videos/V6.mp4,326,29998.0,30025.0,28.0,Rear Hook,Rear Hook,4,pending,data/raw/Skeleton_data/V6.npy,326,False,True,True,review,V6_skeleton_not_1to1_event_clips_alignment_TBD_step7
V6_00328,V6,/Users/krishna/dev/fightflow/data/downloaded-videos/V6.mp4,327,30028.0,30054.0,27.0,Lead Uppercut,Lead Uppercut,3,pending,data/raw/Skeleton_data/V6.npy,327,False,True,True,review,V6_skeleton_not_1to1_event_clips_alignment_TBD_step7
V6_00329,V6,/Users/krishna/dev/fightflow/data/downloaded-videos/V6.mp4,328,30056.0,30080.0,25.0,Rear Uppercut,Rear Uppercut,5,pending,data/raw/Skeleton_data/V6.npy,328,False,True,True,review,V6_skeleton_not_1to1_event_clips_alignment_TBD_step7
V6_00330,V6,/Users/krishna/dev/fightflow/data/downloaded-videos/V6.mp4,329,30246.0,30259.0,14.0,Rear Uppercut,Rear Uppercut,5,pending,data/raw/Skeleton_data/V6.npy,329,False,True,True,review,V6_skeleton_not_1to1_event_clips_alignment_TBD_step7
V6_00331,V6,/Users/krishna/dev/fightflow/data/downloaded-videos/V6.mp4,330,30253.0,30263.0,11.0,Lead Uppercut,Lead Uppercut,3,pending,data/raw/Skeleton_data/V6.npy,330,False,True,True,review,V6_skeleton_not_1to1_event_clips_alignment_TBD_step7
V6_00332,V6,/Users/krishna/dev/fightflow/data/downloaded-videos/V6.mp4,331,30258.0,30268.0,11.0,Rear Uppercut,Rear Uppercut,5,pending,data/raw/Skeleton_data/V6.npy,331,False,True,True,review,V6_skeleton_not_1to1_event_clips_alignment_TBD_step7
V6_00333,V6,/Users/krishna/dev/fightflow/data/downloaded-videos/V6.mp4,332,30263.0,30278.0,16.0,Lead Hook,Lead Hook,2,pending,data/raw/Skeleton_data/V6.npy,332,False,True,True,review,V6_skeleton_not_1to1_event_clips_alignment_TBD_step7
V6_00334,V6,/Users/krishna/dev/fightflow/data/downloaded-videos/V6.mp4,333,30509.0,30531.0,23.0,Lead Hook,Lead Hook,2,pending,data/raw/Skeleton_data/V6.npy,333,False,True,True,review,V6_skeleton_not_1to1_event_clips_alignment_TBD_step7
V6_00335,V6,/Users/krishna/dev/fightflow/data/downloaded-videos/V6.mp4,334,30535.0,30557.0,23.0,Rear Hook,Rear Hook,4,pending,data/raw/Skeleton_data/V6.npy,334,False,True,True,review,V6_skeleton_not_1to1_event_clips_alignment_TBD_step7
V6_00336,V6,/Users/krishna/dev/fightflow/data/downloaded-videos/V6.mp4,335,30563.0,30585.0,23.0,Lead Uppercut,Lead Uppercut,3,pending,data/raw/Skeleton_data/V6.npy,335,False,True,True,review,V6_skeleton_not_1to1_event_clips_alignment_TBD_step7
V6_00337,V6,/Users/krishna/dev/fightflow/data/downloaded-videos/V6.mp4,336,30594.0,30615.0,22.0,Rear Uppercut,Rear Uppercut,5,pending,data/raw/Skeleton_data/V6.npy,336,False,True,True,review,V6_skeleton_not_1to1_event_clips_alignment_TBD_step7
V6_00338,V6,/Users/krishna/dev/fightflow/data/downloaded-videos/V6.mp4,337,30735.0,30758.0,24.0,Lead Hook,Lead Hook,2,pending,data/raw/Skeleton_data/V6.npy,337,False,True,True,review,V6_skeleton_not_1to1_event_clips_alignment_TBD_step7
V6_00339,V6,/Users/krishna/dev/fightflow/data/downloaded-videos/V6.mp4,338,30756.0,30771.0,16.0,Rear Hook,Rear Hook,4,pending,data/raw/Skeleton_data/V6.npy,338,False,True,True,review,V6_skeleton_not_1to1_event_clips_alignment_TBD_step7
V6_00340,V6,/Users/krishna/dev/fightflow/data/downloaded-videos/V6.mp4,339,30776.0,30796.0,21.0,Lead Uppercut,Lead Uppercut,3,pending,data/raw/Skeleton_data/V6.npy,339,False,True,True,review,V6_skeleton_not_1to1_event_clips_alignment_TBD_step7
V6_00341,V6,/Users/krishna/dev/fightflow/data/downloaded-videos/V6.mp4,340,30803.0,30822.0,20.0,Rear Uppercut,Rear Uppercut,5,pending,data/raw/Skeleton_data/V6.npy,340,False,True,True,review,V6_skeleton_not_1to1_event_clips_alignment_TBD_step7
V6_00342,V6,/Users/krishna/dev/fightflow/data/downloaded-videos/V6.mp4,341,30859.0,30878.0,20.0,Lead Hook,Lead Hook,2,pending,data/raw/Skeleton_data/V6.npy,341,False,True,True,review,V6_skeleton_not_1to1_event_clips_alignment_TBD_step7
V6_00343,V6,/Users/krishna/dev/fightflow/data/downloaded-videos/V6.mp4,342,30874.0,30894.0,21.0,Rear Hook,Rear Hook,4,pending,data/raw/Skeleton_data/V6.npy,342,False,True,True,review,V6_skeleton_not_1to1_event_clips_alignment_TBD_step7
V6_00344,V6,/Users/krishna/dev/fightflow/data/downloaded-videos/V6.mp4,343,30894.0,30916.0,23.0,Lead Uppercut,Lead Uppercut,3,pending,data/raw/Skeleton_data/V6.npy,343,False,True,True,review,V6_skeleton_not_1to1_event_clips_alignment_TBD_step7
V6_00345,V6,/Users/krishna/dev/fightflow/data/downloaded-videos/V6.mp4,344,30920.0,30941.0,22.0,Rear Uppercut,Rear Uppercut,5,pending,data/raw/Skeleton_data/V6.npy,344,False,True,True,review,V6_skeleton_not_1to1_event_clips_alignment_TBD_step7
V6_00346,V6,/Users/krishna/dev/fightflow/data/downloaded-videos/V6.mp4,345,31017.0,31042.0,26.0,Lead Uppercut,Lead Uppercut,3,pending,data/raw/Skeleton_data/V6.npy,345,False,True,True,review,V6_skeleton_not_1to1_event_clips_alignment_TBD_step7
V6_00347,V6,/Users/krishna/dev/fightflow/data/downloaded-videos/V6.mp4,346,31048.0,31075.0,28.0,Rear Uppercut,Rear Uppercut,5,pending,data/raw/Skeleton_data/V6.npy,346,False,True,True,review,V6_skeleton_not_1to1_event_clips_alignment_TBD_step7
V6_00348,V6,/Users/krishna/dev/fightflow/data/downloaded-videos/V6.mp4,347,31097.0,31117.0,21.0,Lead Uppercut,Lead Uppercut,3,pending,data/raw/Skeleton_data/V6.npy,347,False,True,True,review,V6_skeleton_not_1to1_event_clips_alignment_TBD_step7
V6_00349,V6,/Users/krishna/dev/fightflow/data/downloaded-videos/V6.mp4,348,31133.0,31156.0,24.0,Rear Uppercut,Rear Uppercut,5,pending,data/raw/Skeleton_data/V6.npy,348,False,True,True,review,V6_skeleton_not_1to1_event_clips_alignment_TBD_step7
V6_00350,V6,/Users/krishna/dev/fightflow/data/downloaded-videos/V6.mp4,349,31243.0,31262.0,20.0,Lead Hook,Lead Hook,2,pending,data/raw/Skeleton_data/V6.npy,349,False,True,True,review,V6_skeleton_not_1to1_event_clips_alignment_TBD_step7
V6_00351,V6,/Users/krishna/dev/fightflow/data/downloaded-videos/V6.mp4,350,31264.0,31291.0,28.0,Rear Hook,Rear Hook,4,pending,data/raw/Skeleton_data/V6.npy,350,False,True,True,review,V6_skeleton_not_1to1_event_clips_alignment_TBD_step7
V6_00352,V6,/Users/krishna/dev/fightflow/data/downloaded-videos/V6.mp4,351,31291.0,31310.0,20.0,Lead Uppercut,Lead Uppercut,3,pending,data/raw/Skeleton_data/V6.npy,351,False,True,True,review,V6_skeleton_not_1to1_event_clips_alignment_TBD_step7
V6_00353,V6,/Users/krishna/dev/fightflow/data/downloaded-videos/V6.mp4,352,31316.0,31335.0,20.0,Rear Uppercut,Rear Uppercut,5,pending,data/raw/Skeleton_data/V6.npy,352,False,True,True,review,V6_skeleton_not_1to1_event_clips_alignment_TBD_step7
V6_00354,V6,/Users/krishna/dev/fightflow/data/downloaded-videos/V6.mp4,353,31373.0,31396.0,24.0,Lead Hook,Lead Hook,2,pending,data/raw/Skeleton_data/V6.npy,353,False,True,True,review,V6_skeleton_not_1to1_event_clips_alignment_TBD_step7
V6_00355,V6,/Users/krishna/dev/fightflow/data/downloaded-videos/V6.mp4,354,31390.0,31410.0,21.0,Rear Hook,Rear Hook,4,pending,data/raw/Skeleton_data/V6.npy,354,False,True,True,review,V6_skeleton_not_1to1_event_clips_alignment_TBD_step7
V6_00356,V6,/Users/krishna/dev/fightflow/data/downloaded-videos/V6.mp4,355,31409.0,31429.0,21.0,Lead Uppercut,Lead Uppercut,3,pending,data/raw/Skeleton_data/V6.npy,355,False,True,True,review,V6_skeleton_not_1to1_event_clips_alignment_TBD_step7
V6_00357,V6,/Users/krishna/dev/fightflow/data/downloaded-videos/V6.mp4,356,31436.0,31457.0,22.0,Rear Uppercut,Rear Uppercut,5,pending,data/raw/Skeleton_data/V6.npy,356,False,True,True,review,V6_skeleton_not_1to1_event_clips_alignment_TBD_step7
V6_00358,V6,/Users/krishna/dev/fightflow/data/downloaded-videos/V6.mp4,357,31489.0,31507.0,19.0,Lead Hook,Lead Hook,2,pending,data/raw/Skeleton_data/V6.npy,357,False,True,True,review,V6_skeleton_not_1to1_event_clips_alignment_TBD_step7
V6_00359,V6,/Users/krishna/dev/fightflow/data/downloaded-videos/V6.mp4,358,31502.0,31522.0,21.0,Rear Hook,Rear Hook,4,pending,data/raw/Skeleton_data/V6.npy,358,False,True,True,review,V6_skeleton_not_1to1_event_clips_alignment_TBD_step7
V6_00360,V6,/Users/krishna/dev/fightflow/data/downloaded-videos/V6.mp4,359,31527.0,31542.0,16.0,Lead Uppercut,Lead Uppercut,3,pending,data/raw/Skeleton_data/V6.npy,359,False,True,True,review,V6_skeleton_not_1to1_event_clips_alignment_TBD_step7
V6_00361,V6,/Users/krishna/dev/fightflow/data/downloaded-videos/V6.mp4,360,31538.0,31554.0,17.0,Rear Uppercut,Rear Uppercut,5,pending,data/raw/Skeleton_data/V6.npy,360,False,True,True,review,V6_skeleton_not_1to1_event_clips_alignment_TBD_step7
V6_00362,V6,/Users/krishna/dev/fightflow/data/downloaded-videos/V6.mp4,361,31597.0,31615.0,19.0,Lead Hook,Lead Hook,2,pending,data/raw/Skeleton_data/V6.npy,361,False,True,True,review,V6_skeleton_not_1to1_event_clips_alignment_TBD_step7
V6_00363,V6,/Users/krishna/dev/fightflow/data/downloaded-videos/V6.mp4,362,31611.0,31629.0,19.0,Rear Hook,Rear Hook,4,pending,data/raw/Skeleton_data/V6.npy,362,False,True,True,review,V6_skeleton_not_1to1_event_clips_alignment_TBD_step7
V6_00364,V6,/Users/krishna/dev/fightflow/data/downloaded-videos/V6.mp4,363,31630.0,31645.0,16.0,Lead Uppercut,Lead Uppercut,3,pending,data/raw/Skeleton_data/V6.npy,363,False,True,True,review,V6_skeleton_not_1to1_event_clips_alignment_TBD_step7
V6_00365,V6,/Users/krishna/dev/fightflow/data/downloaded-videos/V6.mp4,364,31641.0,31659.0,19.0,Rear Uppercut,Rear Uppercut,5,pending,data/raw/Skeleton_data/V6.npy,364,False,True,True,review,V6_skeleton_not_1to1_event_clips_alignment_TBD_step7
V6_00366,V6,/Users/krishna/dev/fightflow/data/downloaded-videos/V6.mp4,365,31683.0,31700.0,18.0,Lead Hook,Lead Hook,2,pending,data/raw/Skeleton_data/V6.npy,365,False,True,True,review,V6_skeleton_not_1to1_event_clips_alignment_TBD_step7
V6_00367,V6,/Users/krishna/dev/fightflow/data/downloaded-videos/V6.mp4,366,31695.0,31717.0,23.0,Rear Hook,Rear Hook,4,pending,data/raw/Skeleton_data/V6.npy,366,False,True,True,review,V6_skeleton_not_1to1_event_clips_alignment_TBD_step7
V6_00368,V6,/Users/krishna/dev/fightflow/data/downloaded-videos/V6.mp4,367,31720.0,31738.0,19.0,Lead Uppercut,Lead Uppercut,3,pending,data/raw/Skeleton_data/V6.npy,367,False,True,True,review,V6_skeleton_not_1to1_event_clips_alignment_TBD_step7
V6_00369,V6,/Users/krishna/dev/fightflow/data/downloaded-videos/V6.mp4,368,31746.0,31763.0,18.0,Rear Uppercut,Rear Uppercut,5,pending,data/raw/Skeleton_data/V6.npy,368,False,True,True,review,V6_skeleton_not_1to1_event_clips_alignment_TBD_step7
V6_00370,V6,/Users/krishna/dev/fightflow/data/downloaded-videos/V6.mp4,369,31806.0,31822.0,17.0,Lead Hook,Lead Hook,2,pending,data/raw/Skeleton_data/V6.npy,369,False,True,True,review,V6_skeleton_not_1to1_event_clips_alignment_TBD_step7
V6_00371,V6,/Users/krishna/dev/fightflow/data/downloaded-videos/V6.mp4,370,31819.0,31836.0,18.0,Rear Hook,Rear Hook,4,pending,data/raw/Skeleton_data/V6.npy,370,False,True,True,review,V6_skeleton_not_1to1_event_clips_alignment_TBD_step7
V6_00372,V6,/Users/krishna/dev/fightflow/data/downloaded-videos/V6.mp4,371,31835.0,31847.0,13.0,Lead Uppercut,Lead Uppercut,3,pending,data/raw/Skeleton_data/V6.npy,371,False,True,True,review,V6_skeleton_not_1to1_event_clips_alignment_TBD_step7
V6_00373,V6,/Users/krishna/dev/fightflow/data/downloaded-videos/V6.mp4,372,31845.0,31863.0,19.0,Rear Uppercut,Rear Uppercut,5,pending,data/raw/Skeleton_data/V6.npy,372,False,True,True,review,V6_skeleton_not_1to1_event_clips_alignment_TBD_step7
V6_00374,V6,/Users/krishna/dev/fightflow/data/downloaded-videos/V6.mp4,373,31897.0,31916.0,20.0,Lead Hook,Lead Hook,2,pending,data/raw/Skeleton_data/V6.npy,373,False,True,True,review,V6_skeleton_not_1to1_event_clips_alignment_TBD_step7
V6_00375,V6,/Users/krishna/dev/fightflow/data/downloaded-videos/V6.mp4,374,31910.0,31926.0,17.0,Rear Hook,Rear Hook,4,pending,data/raw/Skeleton_data/V6.npy,374,False,True,True,review,V6_skeleton_not_1to1_event_clips_alignment_TBD_step7
V6_00376,V6,/Users/krishna/dev/fightflow/data/downloaded-videos/V6.mp4,375,31926.0,31943.0,18.0,Lead Uppercut,Lead Uppercut,3,pending,data/raw/Skeleton_data/V6.npy,375,False,True,True,review,V6_skeleton_not_1to1_event_clips_alignment_TBD_step7
V6_00377,V6,/Users/krishna/dev/fightflow/data/downloaded-videos/V6.mp4,376,31938.0,31956.0,19.0,Rear Uppercut,Rear Uppercut,5,pending,data/raw/Skeleton_data/V6.npy,376,False,True,True,review,V6_skeleton_not_1to1_event_clips_alignment_TBD_step7
V6_00378,V6,/Users/krishna/dev/fightflow/data/downloaded-videos/V6.mp4,377,31001.0,31020.0,20.0,Lead Hook,Lead Hook,2,pending,data/raw/Skeleton_data/V6.npy,377,False,True,True,review,V6_skeleton_not_1to1_event_clips_alignment_TBD_step7
V6_00379,V6,/Users/krishna/dev/fightflow/data/downloaded-videos/V6.mp4,378,32012.0,32033.0,22.0,Rear Hook,Rear Hook,4,pending,data/raw/Skeleton_data/V6.npy,378,False,True,True,review,V6_skeleton_not_1to1_event_clips_alignment_TBD_step7
V6_00380,V6,/Users/krishna/dev/fightflow/data/downloaded-videos/V6.mp4,379,32027.0,32043.0,17.0,Lead Uppercut,Lead Uppercut,3,pending,data/raw/Skeleton_data/V6.npy,379,False,True,True,review,V6_skeleton_not_1to1_event_clips_alignment_TBD_step7
V6_00381,V6,/Users/krishna/dev/fightflow/data/downloaded-videos/V6.mp4,380,32040.0,32055.0,16.0,Rear Uppercut,Rear Uppercut,5,pending,data/raw/Skeleton_data/V6.npy,380,False,True,True,review,V6_skeleton_not_1to1_event_clips_alignment_TBD_step7
V6_00382,V6,/Users/krishna/dev/fightflow/data/downloaded-videos/V6.mp4,381,32295.0,32310.0,16.0,Lead Hook,Lead Hook,2,pending,data/raw/Skeleton_data/V6.npy,381,False,True,True,review,V6_skeleton_not_1to1_event_clips_alignment_TBD_step7
V6_00383,V6,/Users/krishna/dev/fightflow/data/downloaded-videos/V6.mp4,382,32305.0,32321.0,17.0,Rear Hook,Rear Hook,4,pending,data/raw/Skeleton_data/V6.npy,382,False,True,True,review,V6_skeleton_not_1to1_event_clips_alignment_TBD_step7
V6_00384,V6,/Users/krishna/dev/fightflow/data/downloaded-videos/V6.mp4,383,32707.0,32724.0,18.0,Lead Hook,Lead Hook,2,pending,data/raw/Skeleton_data/V6.npy,383,False,True,True,review,V6_skeleton_not_1to1_event_clips_alignment_TBD_step7
V6_00385,V6,/Users/krishna/dev/fightflow/data/downloaded-videos/V6.mp4,384,32720.0,32734.0,15.0,Rear Hook,Rear Hook,4,pending,data/raw/Skeleton_data/V6.npy,384,False,True,True,review,V6_skeleton_not_1to1_event_clips_alignment_TBD_step7
V6_00386,V6,/Users/krishna/dev/fightflow/data/downloaded-videos/V6.mp4,385,32824.0,32837.0,14.0,Lead Hook,Lead Hook,2,pending,data/raw/Skeleton_data/V6.npy,385,False,True,True,review,V6_skeleton_not_1to1_event_clips_alignment_TBD_step7
V6_00387,V6,/Users/krishna/dev/fightflow/data/downloaded-videos/V6.mp4,386,32834.0,32848.0,15.0,Rear Hook,Rear Hook,4,pending,data/raw/Skeleton_data/V6.npy,386,False,True,True,review,V6_skeleton_not_1to1_event_clips_alignment_TBD_step7
V6_00388,V6,/Users/krishna/dev/fightflow/data/downloaded-videos/V6.mp4,387,32905.0,32919.0,15.0,Lead Hook,Lead Hook,2,pending,data/raw/Skeleton_data/V6.npy,387,False,True,True,review,V6_skeleton_not_1to1_event_clips_alignment_TBD_step7
V6_00389,V6,/Users/krishna/dev/fightflow/data/downloaded-videos/V6.mp4,388,32916.0,32929.0,14.0,Rear Hook,Rear Hook,4,pending,data/raw/Skeleton_data/V6.npy,388,False,True,True,review,V6_skeleton_not_1to1_event_clips_alignment_TBD_step7
V6_00390,V6,/Users/krishna/dev/fightflow/data/downloaded-videos/V6.mp4,389,32995.0,33010.0,16.0,Lead Hook,Lead Hook,2,pending,data/raw/Skeleton_data/V6.npy,389,False,True,True,review,V6_skeleton_not_1to1_event_clips_alignment_TBD_step7
V6_00391,V6,/Users/krishna/dev/fightflow/data/downloaded-videos/V6.mp4,390,33006.0,33021.0,16.0,Rear Hook,Rear Hook,4,pending,data/raw/Skeleton_data/V6.npy,390,False,True,True,review,V6_skeleton_not_1to1_event_clips_alignment_TBD_step7
V6_00392,V6,/Users/krishna/dev/fightflow/data/downloaded-videos/V6.mp4,391,33085.0,33100.0,16.0,Lead Hook,Lead Hook,2,pending,data/raw/Skeleton_data/V6.npy,391,False,True,True,review,V6_skeleton_not_1to1_event_clips_alignment_TBD_step7
V6_00393,V6,/Users/krishna/dev/fightflow/data/downloaded-videos/V6.mp4,392,33097.0,33111.0,15.0,Rear Hook,Rear Hook,4,pending,data/raw/Skeleton_data/V6.npy,392,False,True,True,review,V6_skeleton_not_1to1_event_clips_alignment_TBD_step7
V6_00394,V6,/Users/krishna/dev/fightflow/data/downloaded-videos/V6.mp4,393,33174.0,33189.0,16.0,Lead Hook,Lead Hook,2,pending,data/raw/Skeleton_data/V6.npy,393,False,True,True,review,V6_skeleton_not_1to1_event_clips_alignment_TBD_step7
V6_00395,V6,/Users/krishna/dev/fightflow/data/downloaded-videos/V6.mp4,394,33184.0,33198.0,15.0,Rear Hook,Rear Hook,4,pending,data/raw/Skeleton_data/V6.npy,394,False,True,True,review,V6_skeleton_not_1to1_event_clips_alignment_TBD_step7
V6_00396,V6,/Users/krishna/dev/fightflow/data/downloaded-videos/V6.mp4,395,33263.0,33278.0,16.0,Lead Hook,Lead Hook,2,pending,data/raw/Skeleton_data/V6.npy,395,False,True,True,review,V6_skeleton_not_1to1_event_clips_alignment_TBD_step7
V6_00397,V6,/Users/krishna/dev/fightflow/data/downloaded-videos/V6.mp4,396,33273.0,33289.0,17.0,Rear Hook,Rear Hook,4,pending,data/raw/Skeleton_data/V6.npy,396,False,True,True,review,V6_skeleton_not_1to1_event_clips_alignment_TBD_step7
V6_00398,V6,/Users/krishna/dev/fightflow/data/downloaded-videos/V6.mp4,397,33354.0,33368.0,15.0,Lead Hook,Lead Hook,2,pending,data/raw/Skeleton_data/V6.npy,397,False,True,True,review,V6_skeleton_not_1to1_event_clips_alignment_TBD_step7
V6_00399,V6,/Users/krishna/dev/fightflow/data/downloaded-videos/V6.mp4,398,33363.0,33380.0,18.0,Rear Hook,Rear Hook,4,pending,data/raw/Skeleton_data/V6.npy,398,False,True,True,review,V6_skeleton_not_1to1_event_clips_alignment_TBD_step7
V6_00400,V6,/Users/krishna/dev/fightflow/data/downloaded-videos/V6.mp4,399,33441.0,33457.0,17.0,Lead Hook,Lead Hook,2,pending,data/raw/Skeleton_data/V6.npy,399,False,True,True,review,V6_skeleton_not_1to1_event_clips_alignment_TBD_step7
V6_00401,V6,/Users/krishna/dev/fightflow/data/downloaded-videos/V6.mp4,400,33454.0,33471.0,18.0,Rear Hook,Rear Hook,4,pending,data/raw/Skeleton_data/V6.npy,400,False,True,True,review,V6_skeleton_not_1to1_event_clips_alignment_TBD_step7
V6_00402,V6,/Users/krishna/dev/fightflow/data/downloaded-videos/V6.mp4,401,33538.0,33555.0,18.0,Lead Hook,Lead Hook,2,pending,data/raw/Skeleton_data/V6.npy,401,False,True,True,review,V6_skeleton_not_1to1_event_clips_alignment_TBD_step7
V6_00403,V6,/Users/krishna/dev/fightflow/data/downloaded-videos/V6.mp4,402,33550.0,33568.0,19.0,Rear Hook,Rear Hook,4,pending,data/raw/Skeleton_data/V6.npy,402,False,True,True,review,V6_skeleton_not_1to1_event_clips_alignment_TBD_step7
V6_00404,V6,/Users/krishna/dev/fightflow/data/downloaded-videos/V6.mp4,403,33639.0,33656.0,18.0,Lead Hook,Lead Hook,2,pending,data/raw/Skeleton_data/V6.npy,403,False,True,True,review,V6_skeleton_not_1to1_event_clips_alignment_TBD_step7
V6_00405,V6,/Users/krishna/dev/fightflow/data/downloaded-videos/V6.mp4,404,33650.0,33667.0,18.0,Rear Hook,Rear Hook,4,pending,data/raw/Skeleton_data/V6.npy,404,False,True,True,review,V6_skeleton_not_1to1_event_clips_alignment_TBD_step7
V6_00406,V6,/Users/krishna/dev/fightflow/data/downloaded-videos/V6.mp4,405,33735.0,33753.0,19.0,Lead Hook,Lead Hook,2,pending,data/raw/Skeleton_data/V6.npy,405,False,True,True,review,V6_skeleton_not_1to1_event_clips_alignment_TBD_step7
V6_00407,V6,/Users/krishna/dev/fightflow/data/downloaded-videos/V6.mp4,406,33748.0,33763.0,16.0,Rear Hook,Rear Hook,4,pending,data/raw/Skeleton_data/V6.npy,406,False,True,True,review,V6_skeleton_not_1to1_event_clips_alignment_TBD_step7
V6_00408,V6,/Users/krishna/dev/fightflow/data/downloaded-videos/V6.mp4,407,33824.0,33839.0,16.0,Lead Hook,Lead Hook,2,pending,data/raw/Skeleton_data/V6.npy,407,False,True,True,review,V6_skeleton_not_1to1_event_clips_alignment_TBD_step7
V6_00409,V6,/Users/krishna/dev/fightflow/data/downloaded-videos/V6.mp4,408,33833.0,33850.0,18.0,Rear Hook,Rear Hook,4,pending,data/raw/Skeleton_data/V6.npy,408,False,True,True,review,V6_skeleton_not_1to1_event_clips_alignment_TBD_step7
V6_00410,V6,/Users/krishna/dev/fightflow/data/downloaded-videos/V6.mp4,409,33911.0,33929.0,19.0,Lead Hook,Lead Hook,2,pending,data/raw/Skeleton_data/V6.npy,409,False,True,True,review,V6_skeleton_not_1to1_event_clips_alignment_TBD_step7
V6_00411,V6,/Users/krishna/dev/fightflow/data/downloaded-videos/V6.mp4,410,34063.0,34079.0,17.0,Lead Hook,Lead Hook,2,pending,data/raw/Skeleton_data/V6.npy,410,False,True,True,review,V6_skeleton_not_1to1_event_clips_alignment_TBD_step7
V6_00412,V6,/Users/krishna/dev/fightflow/data/downloaded-videos/V6.mp4,411,34074.0,34091.0,18.0,Rear Hook,Rear Hook,4,pending,data/raw/Skeleton_data/V6.npy,411,False,True,True,review,V6_skeleton_not_1to1_event_clips_alignment_TBD_step7
V6_00413,V6,/Users/krishna/dev/fightflow/data/downloaded-videos/V6.mp4,412,34158.0,34173.0,16.0,Lead Hook,Lead Hook,2,pending,data/raw/Skeleton_data/V6.npy,412,False,True,True,review,V6_skeleton_not_1to1_event_clips_alignment_TBD_step7
V6_00414,V6,/Users/krishna/dev/fightflow/data/downloaded-videos/V6.mp4,413,34169.0,34185.0,17.0,Rear Hook,Rear Hook,4,pending,data/raw/Skeleton_data/V6.npy,413,False,True,True,review,V6_skeleton_not_1to1_event_clips_alignment_TBD_step7
V6_00415,V6,/Users/krishna/dev/fightflow/data/downloaded-videos/V6.mp4,414,34245.0,34261.0,17.0,Lead Hook,Lead Hook,2,pending,data/raw/Skeleton_data/V6.npy,414,False,True,True,review,V6_skeleton_not_1to1_event_clips_alignment_TBD_step7
V6_00416,V6,/Users/krishna/dev/fightflow/data/downloaded-videos/V6.mp4,415,34256.0,34271.0,16.0,Rear Hook,Rear Hook,4,pending,data/raw/Skeleton_data/V6.npy,415,False,True,True,review,V6_skeleton_not_1to1_event_clips_alignment_TBD_step7
V6_00417,V6,/Users/krishna/dev/fightflow/data/downloaded-videos/V6.mp4,416,34333.0,34350.0,18.0,Lead Hook,Lead Hook,2,pending,data/raw/Skeleton_data/V6.npy,416,False,True,True,review,V6_skeleton_not_1to1_event_clips_alignment_TBD_step7
V6_00418,V6,/Users/krishna/dev/fightflow/data/downloaded-videos/V6.mp4,417,34345.0,34361.0,17.0,Rear Hook,Rear Hook,4,pending,data/raw/Skeleton_data/V6.npy,417,False,True,True,review,V6_skeleton_not_1to1_event_clips_alignment_TBD_step7
V6_00419,V6,/Users/krishna/dev/fightflow/data/downloaded-videos/V6.mp4,418,34420.0,34437.0,18.0,Lead Hook,Lead Hook,2,pending,data/raw/Skeleton_data/V6.npy,418,False,True,True,review,V6_skeleton_not_1to1_event_clips_alignment_TBD_step7
V6_00420,V6,/Users/krishna/dev/fightflow/data/downloaded-videos/V6.mp4,419,34432.0,34447.0,16.0,Rear Hook,Rear Hook,4,pending,data/raw/Skeleton_data/V6.npy,419,False,True,True,review,V6_skeleton_not_1to1_event_clips_alignment_TBD_step7
V6_00421,V6,/Users/krishna/dev/fightflow/data/downloaded-videos/V6.mp4,420,34510.0,34527.0,18.0,Lead Hook,Lead Hook,2,pending,data/raw/Skeleton_data/V6.npy,420,False,True,True,review,V6_skeleton_not_1to1_event_clips_alignment_TBD_step7
V6_00422,V6,/Users/krishna/dev/fightflow/data/downloaded-videos/V6.mp4,421,34522.0,34538.0,17.0,Rear Hook,Rear Hook,4,pending,data/raw/Skeleton_data/V6.npy,421,False,True,True,review,V6_skeleton_not_1to1_event_clips_alignment_TBD_step7
V6_00423,V6,/Users/krishna/dev/fightflow/data/downloaded-videos/V6.mp4,422,34600.0,34616.0,17.0,Lead Hook,Lead Hook,2,pending,data/raw/Skeleton_data/V6.npy,422,False,True,True,review,V6_skeleton_not_1to1_event_clips_alignment_TBD_step7
V6_00424,V6,/Users/krishna/dev/fightflow/data/downloaded-videos/V6.mp4,423,34611.0,34627.0,17.0,Rear Hook,Rear Hook,4,pending,data/raw/Skeleton_data/V6.npy,423,False,True,True,review,V6_skeleton_not_1to1_event_clips_alignment_TBD_step7
V6_00425,V6,/Users/krishna/dev/fightflow/data/downloaded-videos/V6.mp4,424,34688.0,34707.0,20.0,Lead Hook,Lead Hook,2,pending,data/raw/Skeleton_data/V6.npy,424,False,True,True,review,V6_skeleton_not_1to1_event_clips_alignment_TBD_step7
V6_00426,V6,/Users/krishna/dev/fightflow/data/downloaded-videos/V6.mp4,425,34702.0,34718.0,17.0,Rear Hook,Rear Hook,4,pending,data/raw/Skeleton_data/V6.npy,425,False,True,True,review,V6_skeleton_not_1to1_event_clips_alignment_TBD_step7
V6_00427,V6,/Users/krishna/dev/fightflow/data/downloaded-videos/V6.mp4,426,34793.0,34810.0,18.0,Lead Hook,Lead Hook,2,pending,data/raw/Skeleton_data/V6.npy,426,False,True,True,review,V6_skeleton_not_1to1_event_clips_alignment_TBD_step7
V6_00428,V6,/Users/krishna/dev/fightflow/data/downloaded-videos/V6.mp4,427,34805.0,34821.0,17.0,Rear Hook,Rear Hook,4,pending,data/raw/Skeleton_data/V6.npy,427,False,True,True,review,V6_skeleton_not_1to1_event_clips_alignment_TBD_step7
V6_00429,V6,/Users/krishna/dev/fightflow/data/downloaded-videos/V6.mp4,428,34886.0,34904.0,19.0,Lead Hook,Lead Hook,2,pending,data/raw/Skeleton_data/V6.npy,428,False,True,True,review,V6_skeleton_not_1to1_event_clips_alignment_TBD_step7
V6_00430,V6,/Users/krishna/dev/fightflow/data/downloaded-videos/V6.mp4,429,34898.0,34915.0,18.0,Rear Hook,Rear Hook,4,pending,data/raw/Skeleton_data/V6.npy,429,False,True,True,review,V6_skeleton_not_1to1_event_clips_alignment_TBD_step7
V6_00431,V6,/Users/krishna/dev/fightflow/data/downloaded-videos/V6.mp4,430,34979.0,34996.0,18.0,Lead Hook,Lead Hook,2,pending,data/raw/Skeleton_data/V6.npy,430,False,True,True,review,V6_skeleton_not_1to1_event_clips_alignment_TBD_step7
V6_00432,V6,/Users/krishna/dev/fightflow/data/downloaded-videos/V6.mp4,431,34992.0,35007.0,16.0,Rear Hook,Rear Hook,4,pending,data/raw/Skeleton_data/V6.npy,431,False,True,True,review,V6_skeleton_not_1to1_event_clips_alignment_TBD_step7
V6_00433,V6,/Users/krishna/dev/fightflow/data/downloaded-videos/V6.mp4,432,35073.0,35089.0,17.0,Lead Hook,Lead Hook,2,pending,data/raw/Skeleton_data/V6.npy,432,False,True,True,review,V6_skeleton_not_1to1_event_clips_alignment_TBD_step7
V6_00434,V6,/Users/krishna/dev/fightflow/data/downloaded-videos/V6.mp4,433,35086.0,35100.0,15.0,Rear Hook,Rear Hook,4,pending,data/raw/Skeleton_data/V6.npy,433,False,True,True,review,V6_skeleton_not_1to1_event_clips_alignment_TBD_step7
V6_00435,V6,/Users/krishna/dev/fightflow/data/downloaded-videos/V6.mp4,434,35166.0,35182.0,17.0,Lead Hook,Lead Hook,2,pending,data/raw/Skeleton_data/V6.npy,434,False,True,True,review,V6_skeleton_not_1to1_event_clips_alignment_TBD_step7
V6_00436,V6,/Users/krishna/dev/fightflow/data/downloaded-videos/V6.mp4,435,35178.0,35193.0,16.0,Rear Hook,Rear Hook,4,pending,data/raw/Skeleton_data/V6.npy,435,False,True,True,review,V6_skeleton_not_1to1_event_clips_alignment_TBD_step7
V6_00437,V6,/Users/krishna/dev/fightflow/data/downloaded-videos/V6.mp4,436,36814.0,36829.0,16.0,Lead Uppercut,Lead Uppercut,3,pending,data/raw/Skeleton_data/V6.npy,436,False,True,True,review,V6_skeleton_not_1to1_event_clips_alignment_TBD_step7
V6_00438,V6,/Users/krishna/dev/fightflow/data/downloaded-videos/V6.mp4,437,36825.0,36845.0,21.0,Rear Uppercut,Rear Uppercut,5,pending,data/raw/Skeleton_data/V6.npy,437,False,True,True,review,V6_skeleton_not_1to1_event_clips_alignment_TBD_step7
V6_00439,V6,/Users/krishna/dev/fightflow/data/downloaded-videos/V6.mp4,438,36843.0,36859.0,17.0,Lead Uppercut,Lead Uppercut,3,pending,data/raw/Skeleton_data/V6.npy,438,False,True,True,review,V6_skeleton_not_1to1_event_clips_alignment_TBD_step7
V6_00440,V6,/Users/krishna/dev/fightflow/data/downloaded-videos/V6.mp4,439,36856.0,36875.0,20.0,Rear Uppercut,Rear Uppercut,5,pending,data/raw/Skeleton_data/V6.npy,439,False,True,True,review,V6_skeleton_not_1to1_event_clips_alignment_TBD_step7
V6_00441,V6,/Users/krishna/dev/fightflow/data/downloaded-videos/V6.mp4,440,36876.0,36892.0,17.0,Lead Uppercut,Lead Uppercut,3,pending,data/raw/Skeleton_data/V6.npy,440,False,True,True,review,V6_skeleton_not_1to1_event_clips_alignment_TBD_step7
V6_00442,V6,/Users/krishna/dev/fightflow/data/downloaded-videos/V6.mp4,441,36888.0,36906.0,19.0,Rear Uppercut,Rear Uppercut,5,pending,data/raw/Skeleton_data/V6.npy,441,False,True,True,review,V6_skeleton_not_1to1_event_clips_alignment_TBD_step7
V6_00443,V6,/Users/krishna/dev/fightflow/data/downloaded-videos/V6.mp4,442,36905.0,36920.0,16.0,Lead Uppercut,Lead Uppercut,3,pending,data/raw/Skeleton_data/V6.npy,442,False,True,True,review,V6_skeleton_not_1to1_event_clips_alignment_TBD_step7
V6_00444,V6,/Users/krishna/dev/fightflow/data/downloaded-videos/V6.mp4,443,36917.0,36936.0,20.0,Rear Uppercut,Rear Uppercut,5,pending,data/raw/Skeleton_data/V6.npy,443,False,True,True,review,V6_skeleton_not_1to1_event_clips_alignment_TBD_step7
V6_00445,V6,/Users/krishna/dev/fightflow/data/downloaded-videos/V6.mp4,444,36933.0,36949.0,17.0,Lead Uppercut,Lead Uppercut,3,pending,data/raw/Skeleton_data/V6.npy,444,False,True,True,review,V6_skeleton_not_1to1_event_clips_alignment_TBD_step7
V6_00446,V6,/Users/krishna/dev/fightflow/data/downloaded-videos/V6.mp4,445,36946.0,36961.0,16.0,Rear Uppercut,Rear Uppercut,5,pending,data/raw/Skeleton_data/V6.npy,445,False,True,True,review,V6_skeleton_not_1to1_event_clips_alignment_TBD_step7
V6_00447,V6,/Users/krishna/dev/fightflow/data/downloaded-videos/V6.mp4,446,36961.0,36977.0,17.0,Lead Uppercut,Lead Uppercut,3,pending,data/raw/Skeleton_data/V6.npy,446,False,True,True,review,V6_skeleton_not_1to1_event_clips_alignment_TBD_step7
V6_00448,V6,/Users/krishna/dev/fightflow/data/downloaded-videos/V6.mp4,447,36972.0,36987.0,16.0,Rear Uppercut,Rear Uppercut,5,pending,data/raw/Skeleton_data/V6.npy,447,False,True,True,review,V6_skeleton_not_1to1_event_clips_alignment_TBD_step7
V6_00449,V6,/Users/krishna/dev/fightflow/data/downloaded-videos/V6.mp4,448,36985.0,37002.0,18.0,Lead Uppercut,Lead Uppercut,3,pending,data/raw/Skeleton_data/V6.npy,448,False,True,True,review,V6_skeleton_not_1to1_event_clips_alignment_TBD_step7
V6_00450,V6,/Users/krishna/dev/fightflow/data/downloaded-videos/V6.mp4,449,36995.0,37010.0,16.0,Rear Uppercut,Rear Uppercut,5,pending,data/raw/Skeleton_data/V6.npy,449,False,True,True,review,V6_skeleton_not_1to1_event_clips_alignment_TBD_step7
V6_00451,V6,/Users/krishna/dev/fightflow/data/downloaded-videos/V6.mp4,450,37009.0,37026.0,18.0,Lead Uppercut,Lead Uppercut,3,pending,data/raw/Skeleton_data/V6.npy,450,False,True,True,review,V6_skeleton_not_1to1_event_clips_alignment_TBD_step7
V6_00452,V6,/Users/krishna/dev/fightflow/data/downloaded-videos/V6.mp4,451,37022.0,37032.0,11.0,Rear Uppercut,Rear Uppercut,5,pending,data/raw/Skeleton_data/V6.npy,451,False,True,True,review,V6_skeleton_not_1to1_event_clips_alignment_TBD_step7
V6_00453,V6,/Users/krishna/dev/fightflow/data/downloaded-videos/V6.mp4,452,37035.0,37051.0,17.0,Lead Uppercut,Lead Uppercut,3,pending,data/raw/Skeleton_data/V6.npy,452,False,True,True,review,V6_skeleton_not_1to1_event_clips_alignment_TBD_step7
V6_00454,V6,/Users/krishna/dev/fightflow/data/downloaded-videos/V6.mp4,453,37047.0,37061.0,15.0,Rear Uppercut,Rear Uppercut,5,pending,data/raw/Skeleton_data/V6.npy,453,False,True,True,review,V6_skeleton_not_1to1_event_clips_alignment_TBD_step7
V6_00455,V6,/Users/krishna/dev/fightflow/data/downloaded-videos/V6.mp4,454,37061.0,37076.0,16.0,Lead Uppercut,Lead Uppercut,3,pending,data/raw/Skeleton_data/V6.npy,454,False,True,True,review,V6_skeleton_not_1to1_event_clips_alignment_TBD_step7
V6_00456,V6,/Users/krishna/dev/fightflow/data/downloaded-videos/V6.mp4,455,37072.0,37088.0,17.0,Rear Uppercut,Rear Uppercut,5,pending,data/raw/Skeleton_data/V6.npy,455,False,True,True,review,V6_skeleton_not_1to1_event_clips_alignment_TBD_step7
V6_00457,V6,/Users/krishna/dev/fightflow/data/downloaded-videos/V6.mp4,456,37086.0,37104.0,19.0,Lead Uppercut,Lead Uppercut,3,pending,data/raw/Skeleton_data/V6.npy,456,False,True,True,review,V6_skeleton_not_1to1_event_clips_alignment_TBD_step7
V6_00458,V6,/Users/krishna/dev/fightflow/data/downloaded-videos/V6.mp4,457,37099.0,37112.0,14.0,Rear Uppercut,Rear Uppercut,5,pending,data/raw/Skeleton_data/V6.npy,457,False,True,True,review,V6_skeleton_not_1to1_event_clips_alignment_TBD_step7
V6_00459,V6,/Users/krishna/dev/fightflow/data/downloaded-videos/V6.mp4,458,37113.0,37128.0,16.0,Lead Uppercut,Lead Uppercut,3,pending,data/raw/Skeleton_data/V6.npy,458,False,True,True,review,V6_skeleton_not_1to1_event_clips_alignment_TBD_step7
V6_00460,V6,/Users/krishna/dev/fightflow/data/downloaded-videos/V6.mp4,459,37125.0,37138.0,14.0,Rear Uppercut,Rear Uppercut,5,pending,data/raw/Skeleton_data/V6.npy,459,False,True,True,review,V6_skeleton_not_1to1_event_clips_alignment_TBD_step7
V6_00461,V6,/Users/krishna/dev/fightflow/data/downloaded-videos/V6.mp4,460,37135.0,37154.0,20.0,Lead Uppercut,Lead Uppercut,3,pending,data/raw/Skeleton_data/V6.npy,460,False,True,True,review,V6_skeleton_not_1to1_event_clips_alignment_TBD_step7
V6_00462,V6,/Users/krishna/dev/fightflow/data/downloaded-videos/V6.mp4,461,37150.0,37162.0,13.0,Rear Uppercut,Rear Uppercut,5,pending,data/raw/Skeleton_data/V6.npy,461,False,True,True,review,V6_skeleton_not_1to1_event_clips_alignment_TBD_step7
V6_00463,V6,/Users/krishna/dev/fightflow/data/downloaded-videos/V6.mp4,462,37163.0,37178.0,16.0,Lead Uppercut,Lead Uppercut,3,pending,data/raw/Skeleton_data/V6.npy,462,False,True,True,review,V6_skeleton_not_1to1_event_clips_alignment_TBD_step7
V6_00464,V6,/Users/krishna/dev/fightflow/data/downloaded-videos/V6.mp4,463,37175.0,37190.0,16.0,Rear Uppercut,Rear Uppercut,5,pending,data/raw/Skeleton_data/V6.npy,463,False,True,True,review,V6_skeleton_not_1to1_event_clips_alignment_TBD_step7
V6_00465,V6,/Users/krishna/dev/fightflow/data/downloaded-videos/V6.mp4,464,37190.0,37206.0,17.0,Lead Uppercut,Lead Uppercut,3,pending,data/raw/Skeleton_data/V6.npy,464,False,True,True,review,V6_skeleton_not_1to1_event_clips_alignment_TBD_step7
V6_00466,V6,/Users/krishna/dev/fightflow/data/downloaded-videos/V6.mp4,465,37203.0,37218.0,16.0,Rear Uppercut,Rear Uppercut,5,pending,data/raw/Skeleton_data/V6.npy,465,False,True,True,review,V6_skeleton_not_1to1_event_clips_alignment_TBD_step7
V6_00467,V6,/Users/krishna/dev/fightflow/data/downloaded-videos/V6.mp4,466,37216.0,37230.0,15.0,Lead Uppercut,Lead Uppercut,3,pending,data/raw/Skeleton_data/V6.npy,466,False,True,True,review,V6_skeleton_not_1to1_event_clips_alignment_TBD_step7
V6_00468,V6,/Users/krishna/dev/fightflow/data/downloaded-videos/V6.mp4,467,37227.0,37241.0,15.0,Rear Uppercut,Rear Uppercut,5,pending,data/raw/Skeleton_data/V6.npy,467,False,True,True,review,V6_skeleton_not_1to1_event_clips_alignment_TBD_step7
V6_00469,V6,/Users/krishna/dev/fightflow/data/downloaded-videos/V6.mp4,468,37241.0,37257.0,17.0,Lead Uppercut,Lead Uppercut,3,pending,data/raw/Skeleton_data/V6.npy,468,False,True,True,review,V6_skeleton_not_1to1_event_clips_alignment_TBD_step7
V6_00470,V6,/Users/krishna/dev/fightflow/data/downloaded-videos/V6.mp4,469,37253.0,37267.0,15.0,Rear Uppercut,Rear Uppercut,5,pending,data/raw/Skeleton_data/V6.npy,469,False,True,True,review,V6_skeleton_not_1to1_event_clips_alignment_TBD_step7
V6_00471,V6,/Users/krishna/dev/fightflow/data/downloaded-videos/V6.mp4,470,37267.0,37279.0,13.0,Lead Uppercut,Lead Uppercut,3,pending,data/raw/Skeleton_data/V6.npy,470,False,True,True,review,V6_skeleton_not_1to1_event_clips_alignment_TBD_step7
V6_00472,V6,/Users/krishna/dev/fightflow/data/downloaded-videos/V6.mp4,471,37278.0,37292.0,15.0,Rear Uppercut,Rear Uppercut,5,pending,data/raw/Skeleton_data/V6.npy,471,False,True,True,review,V6_skeleton_not_1to1_event_clips_alignment_TBD_step7
V6_00473,V6,/Users/krishna/dev/fightflow/data/downloaded-videos/V6.mp4,472,37290.0,37307.0,18.0,Lead Uppercut,Lead Uppercut,3,pending,data/raw/Skeleton_data/V6.npy,472,False,True,True,review,V6_skeleton_not_1to1_event_clips_alignment_TBD_step7
V6_00474,V6,/Users/krishna/dev/fightflow/data/downloaded-videos/V6.mp4,473,37303.0,37312.0,10.0,Rear Uppercut,Rear Uppercut,5,pending,data/raw/Skeleton_data/V6.npy,473,False,True,True,review,V6_skeleton_not_1to1_event_clips_alignment_TBD_step7
V6_00475,V6,/Users/krishna/dev/fightflow/data/downloaded-videos/V6.mp4,474,37317.0,37333.0,17.0,Lead Uppercut,Lead Uppercut,3,pending,data/raw/Skeleton_data/V6.npy,474,False,True,True,review,V6_skeleton_not_1to1_event_clips_alignment_TBD_step7
V6_00476,V6,/Users/krishna/dev/fightflow/data/downloaded-videos/V6.mp4,475,37329.0,37341.0,13.0,Rear Uppercut,Rear Uppercut,5,pending,data/raw/Skeleton_data/V6.npy,475,False,True,True,review,V6_skeleton_not_1to1_event_clips_alignment_TBD_step7
V6_00477,V6,/Users/krishna/dev/fightflow/data/downloaded-videos/V6.mp4,476,37341.0,37367.0,27.0,Lead Uppercut,Lead Uppercut,3,pending,data/raw/Skeleton_data/V6.npy,476,False,True,True,review,V6_skeleton_not_1to1_event_clips_alignment_TBD_step7
V6_00478,V6,/Users/krishna/dev/fightflow/data/downloaded-videos/V6.mp4,477,37372.0,37396.0,25.0,Rear Uppercut,Rear Uppercut,5,pending,data/raw/Skeleton_data/V6.npy,477,False,True,True,review,V6_skeleton_not_1to1_event_clips_alignment_TBD_step7
V6_00479,V6,/Users/krishna/dev/fightflow/data/downloaded-videos/V6.mp4,478,37399.0,37422.0,24.0,Lead Uppercut,Lead Uppercut,3,pending,data/raw/Skeleton_data/V6.npy,478,False,True,True,review,V6_skeleton_not_1to1_event_clips_alignment_TBD_step7
V6_00480,V6,/Users/krishna/dev/fightflow/data/downloaded-videos/V6.mp4,479,37441.0,37453.0,13.0,Rear Uppercut,Rear Uppercut,5,pending,data/raw/Skeleton_data/V6.npy,479,False,True,True,review,V6_skeleton_not_1to1_event_clips_alignment_TBD_step7
V6_00481,V6,/Users/krishna/dev/fightflow/data/downloaded-videos/V6.mp4,480,37450.0,37467.0,18.0,Lead Uppercut,Lead Uppercut,3,pending,data/raw/Skeleton_data/V6.npy,480,False,True,True,review,V6_skeleton_not_1to1_event_clips_alignment_TBD_step7
V6_00482,V6,/Users/krishna/dev/fightflow/data/downloaded-videos/V6.mp4,481,37470.0,37484.0,15.0,Rear Uppercut,Rear Uppercut,5,pending,data/raw/Skeleton_data/V6.npy,481,False,True,True,review,V6_skeleton_not_1to1_event_clips_alignment_TBD_step7
V6_00483,V6,/Users/krishna/dev/fightflow/data/downloaded-videos/V6.mp4,482,37480.0,37495.0,16.0,Lead Uppercut,Lead Uppercut,3,pending,data/raw/Skeleton_data/V6.npy,482,False,True,True,review,V6_skeleton_not_1to1_event_clips_alignment_TBD_step7
V6_00484,V6,/Users/krishna/dev/fightflow/data/downloaded-videos/V6.mp4,483,37497.0,37511.0,15.0,Lead Uppercut,Lead Uppercut,3,pending,data/raw/Skeleton_data/V6.npy,483,False,True,True,review,V6_skeleton_not_1to1_event_clips_alignment_TBD_step7
V6_00485,V6,/Users/krishna/dev/fightflow/data/downloaded-videos/V6.mp4,484,37508.0,37522.0,15.0,Rear Uppercut,Rear Uppercut,5,pending,data/raw/Skeleton_data/V6.npy,484,False,True,True,review,V6_skeleton_not_1to1_event_clips_alignment_TBD_step7
V6_00486,V6,/Users/krishna/dev/fightflow/data/downloaded-videos/V6.mp4,485,37521.0,37537.0,17.0,Lead Uppercut,Lead Uppercut,3,pending,data/raw/Skeleton_data/V6.npy,485,False,True,True,review,V6_skeleton_not_1to1_event_clips_alignment_TBD_step7
V6_00487,V6,/Users/krishna/dev/fightflow/data/downloaded-videos/V6.mp4,486,37535.0,37549.0,15.0,Rear Uppercut,Rear Uppercut,5,pending,data/raw/Skeleton_data/V6.npy,486,False,True,True,review,V6_skeleton_not_1to1_event_clips_alignment_TBD_step7
V6_00488,V6,/Users/krishna/dev/fightflow/data/downloaded-videos/V6.mp4,487,37548.0,37564.0,17.0,Lead Uppercut,Lead Uppercut,3,pending,data/raw/Skeleton_data/V6.npy,487,False,True,True,review,V6_skeleton_not_1to1_event_clips_alignment_TBD_step7
V6_00489,V6,/Users/krishna/dev/fightflow/data/downloaded-videos/V6.mp4,488,37560.0,37575.0,16.0,Rear Uppercut,Rear Uppercut,5,pending,data/raw/Skeleton_data/V6.npy,488,False,True,True,review,V6_skeleton_not_1to1_event_clips_alignment_TBD_step7
V6_00490,V6,/Users/krishna/dev/fightflow/data/downloaded-videos/V6.mp4,489,37576.0,37590.0,15.0,Lead Uppercut,Lead Uppercut,3,pending,data/raw/Skeleton_data/V6.npy,489,False,True,True,review,V6_skeleton_not_1to1_event_clips_alignment_TBD_step7
V6_00491,V6,/Users/krishna/dev/fightflow/data/downloaded-videos/V6.mp4,490,37587.0,37601.0,15.0,Rear Uppercut,Rear Uppercut,5,pending,data/raw/Skeleton_data/V6.npy,490,False,True,True,review,V6_skeleton_not_1to1_event_clips_alignment_TBD_step7
V6_00492,V6,/Users/krishna/dev/fightflow/data/downloaded-videos/V6.mp4,491,37603.0,37621.0,19.0,Lead Uppercut,Lead Uppercut,3,pending,data/raw/Skeleton_data/V6.npy,491,False,True,True,review,V6_skeleton_not_1to1_event_clips_alignment_TBD_step7
V6_00493,V6,/Users/krishna/dev/fightflow/data/downloaded-videos/V6.mp4,492,37615.0,37629.0,15.0,Rear Uppercut,Rear Uppercut,5,pending,data/raw/Skeleton_data/V6.npy,492,False,True,True,review,V6_skeleton_not_1to1_event_clips_alignment_TBD_step7
V6_00494,V6,/Users/krishna/dev/fightflow/data/downloaded-videos/V6.mp4,493,37632.0,37648.0,17.0,Lead Uppercut,Lead Uppercut,3,pending,data/raw/Skeleton_data/V6.npy,493,False,True,True,review,V6_skeleton_not_1to1_event_clips_alignment_TBD_step7
V6_00495,V6,/Users/krishna/dev/fightflow/data/downloaded-videos/V6.mp4,494,37644.0,37656.0,13.0,Rear Uppercut,Rear Uppercut,5,pending,data/raw/Skeleton_data/V6.npy,494,False,True,True,review,V6_skeleton_not_1to1_event_clips_alignment_TBD_step7
V6_00496,V6,/Users/krishna/dev/fightflow/data/downloaded-videos/V6.mp4,495,37659.0,37675.0,17.0,Lead Uppercut,Lead Uppercut,3,pending,data/raw/Skeleton_data/V6.npy,495,False,True,True,review,V6_skeleton_not_1to1_event_clips_alignment_TBD_step7
V6_00497,V6,/Users/krishna/dev/fightflow/data/downloaded-videos/V6.mp4,496,37670.0,37685.0,16.0,Rear Uppercut,Rear Uppercut,5,pending,data/raw/Skeleton_data/V6.npy,496,False,True,True,review,V6_skeleton_not_1to1_event_clips_alignment_TBD_step7
V6_00498,V6,/Users/krishna/dev/fightflow/data/downloaded-videos/V6.mp4,497,37685.0,37702.0,18.0,Lead Uppercut,Lead Uppercut,3,pending,data/raw/Skeleton_data/V6.npy,497,False,True,True,review,V6_skeleton_not_1to1_event_clips_alignment_TBD_step7
V6_00499,V6,/Users/krishna/dev/fightflow/data/downloaded-videos/V6.mp4,498,37697.0,37712.0,16.0,Rear Uppercut,Rear Uppercut,5,pending,data/raw/Skeleton_data/V6.npy,498,False,True,True,review,V6_skeleton_not_1to1_event_clips_alignment_TBD_step7
V6_00500,V6,/Users/krishna/dev/fightflow/data/downloaded-videos/V6.mp4,499,37713.0,37730.0,18.0,Lead Uppercut,Lead Uppercut,3,pending,data/raw/Skeleton_data/V6.npy,499,False,True,True,review,V6_skeleton_not_1to1_event_clips_alignment_TBD_step7
V6_00501,V6,/Users/krishna/dev/fightflow/data/downloaded-videos/V6.mp4,500,37724.0,37739.0,16.0,Rear Uppercut,Rear Uppercut,5,pending,data/raw/Skeleton_data/V6.npy,500,False,True,True,review,V6_skeleton_not_1to1_event_clips_alignment_TBD_step7
V6_00502,V6,/Users/krishna/dev/fightflow/data/downloaded-videos/V6.mp4,501,37738.0,37755.0,18.0,Lead Uppercut,Lead Uppercut,3,pending,data/raw/Skeleton_data/V6.npy,501,False,True,True,review,V6_skeleton_not_1to1_event_clips_alignment_TBD_step7
V6_00503,V6,/Users/krishna/dev/fightflow/data/downloaded-videos/V6.mp4,502,37750.0,37765.0,16.0,Rear Uppercut,Rear Uppercut,5,pending,data/raw/Skeleton_data/V6.npy,502,False,True,True,review,V6_skeleton_not_1to1_event_clips_alignment_TBD_step7
V6_00504,V6,/Users/krishna/dev/fightflow/data/downloaded-videos/V6.mp4,503,37765.0,37779.0,15.0,Lead Uppercut,Lead Uppercut,3,pending,data/raw/Skeleton_data/V6.npy,503,False,True,True,review,V6_skeleton_not_1to1_event_clips_alignment_TBD_step7
V6_00505,V6,/Users/krishna/dev/fightflow/data/downloaded-videos/V6.mp4,504,37775.0,37791.0,17.0,Rear Uppercut,Rear Uppercut,5,pending,data/raw/Skeleton_data/V6.npy,504,False,True,True,review,V6_skeleton_not_1to1_event_clips_alignment_TBD_step7
V6_00506,V6,/Users/krishna/dev/fightflow/data/downloaded-videos/V6.mp4,505,37797.0,37804.0,8.0,Lead Uppercut,Lead Uppercut,3,pending,data/raw/Skeleton_data/V6.npy,505,False,True,True,review,V6_skeleton_not_1to1_event_clips_alignment_TBD_step7
V6_00507,V6,/Users/krishna/dev/fightflow/data/downloaded-videos/V6.mp4,506,37801.0,37817.0,17.0,Lead Uppercut,Lead Uppercut,3,pending,data/raw/Skeleton_data/V6.npy,506,False,True,True,review,V6_skeleton_not_1to1_event_clips_alignment_TBD_step7
V6_00508,V6,/Users/krishna/dev/fightflow/data/downloaded-videos/V6.mp4,507,37816.0,37829.0,14.0,Rear Uppercut,Rear Uppercut,5,pending,data/raw/Skeleton_data/V6.npy,507,False,True,True,review,V6_skeleton_not_1to1_event_clips_alignment_TBD_step7
V6_00509,V6,/Users/krishna/dev/fightflow/data/downloaded-videos/V6.mp4,508,37826.0,37844.0,19.0,Lead Uppercut,Lead Uppercut,3,pending,data/raw/Skeleton_data/V6.npy,508,False,True,True,review,V6_skeleton_not_1to1_event_clips_alignment_TBD_step7
V6_00510,V6,/Users/krishna/dev/fightflow/data/downloaded-videos/V6.mp4,509,37851.0,37869.0,19.0,Rear Uppercut,Rear Uppercut,5,pending,data/raw/Skeleton_data/V6.npy,509,False,True,True,review,V6_skeleton_not_1to1_event_clips_alignment_TBD_step7
V6_00511,V6,/Users/krishna/dev/fightflow/data/downloaded-videos/V6.mp4,510,37865.0,37878.0,14.0,Lead Uppercut,Lead Uppercut,3,pending,data/raw/Skeleton_data/V6.npy,510,False,True,True,review,V6_skeleton_not_1to1_event_clips_alignment_TBD_step7
V6_00512,V6,/Users/krishna/dev/fightflow/data/downloaded-videos/V6.mp4,511,37875.0,37891.0,17.0,Rear Uppercut,Rear Uppercut,5,pending,data/raw/Skeleton_data/V6.npy,511,False,True,True,review,V6_skeleton_not_1to1_event_clips_alignment_TBD_step7
V6_00513,V6,/Users/krishna/dev/fightflow/data/downloaded-videos/V6.mp4,512,37890.0,37904.0,15.0,Lead Uppercut,Lead Uppercut,3,pending,data/raw/Skeleton_data/V6.npy,512,False,True,True,review,V6_skeleton_not_1to1_event_clips_alignment_TBD_step7
V6_00514,V6,/Users/krishna/dev/fightflow/data/downloaded-videos/V6.mp4,513,37902.0,37917.0,16.0,Rear Uppercut,Rear Uppercut,5,pending,data/raw/Skeleton_data/V6.npy,513,False,True,True,review,V6_skeleton_not_1to1_event_clips_alignment_TBD_step7
V6_00515,V6,/Users/krishna/dev/fightflow/data/downloaded-videos/V6.mp4,514,37915.0,37930.0,16.0,Lead Uppercut,Lead Uppercut,3,pending,data/raw/Skeleton_data/V6.npy,514,False,True,True,review,V6_skeleton_not_1to1_event_clips_alignment_TBD_step7
V6_00516,V6,/Users/krishna/dev/fightflow/data/downloaded-videos/V6.mp4,515,37927.0,37940.0,14.0,Rear Uppercut,Rear Uppercut,5,pending,data/raw/Skeleton_data/V6.npy,515,False,True,True,review,V6_skeleton_not_1to1_event_clips_alignment_TBD_step7
V6_00517,V6,/Users/krishna/dev/fightflow/data/downloaded-videos/V6.mp4,516,37941.0,37954.0,14.0,Lead Uppercut,Lead Uppercut,3,pending,data/raw/Skeleton_data/V6.npy,516,False,True,True,review,V6_skeleton_not_1to1_event_clips_alignment_TBD_step7
V6_00518,V6,/Users/krishna/dev/fightflow/data/downloaded-videos/V6.mp4,517,37951.0,37966.0,16.0,Rear Hook,Rear Hook,4,pending,data/raw/Skeleton_data/V6.npy,517,False,True,True,review,V6_skeleton_not_1to1_event_clips_alignment_TBD_step7
V6_00519,V6,/Users/krishna/dev/fightflow/data/downloaded-videos/V6.mp4,518,37967.0,37979.0,13.0,Lead Uppercut,Lead Uppercut,3,pending,data/raw/Skeleton_data/V6.npy,518,False,True,True,review,V6_skeleton_not_1to1_event_clips_alignment_TBD_step7
V6_00520,V6,/Users/krishna/dev/fightflow/data/downloaded-videos/V6.mp4,519,37977.0,37993.0,17.0,Rear Uppercut,Rear Uppercut,5,pending,data/raw/Skeleton_data/V6.npy,519,False,True,True,review,V6_skeleton_not_1to1_event_clips_alignment_TBD_step7
V6_00521,V6,/Users/krishna/dev/fightflow/data/downloaded-videos/V6.mp4,520,37991.0,38004.0,14.0,Lead Uppercut,Lead Uppercut,3,pending,data/raw/Skeleton_data/V6.npy,520,False,True,True,review,V6_skeleton_not_1to1_event_clips_alignment_TBD_step7
V6_00522,V6,/Users/krishna/dev/fightflow/data/downloaded-videos/V6.mp4,521,38001.0,38016.0,16.0,Rear Uppercut,Rear Uppercut,5,pending,data/raw/Skeleton_data/V6.npy,521,False,True,True,review,V6_skeleton_not_1to1_event_clips_alignment_TBD_step7
V6_00523,V6,/Users/krishna/dev/fightflow/data/downloaded-videos/V6.mp4,522,38016.0,38030.0,15.0,Lead Uppercut,Lead Uppercut,3,pending,data/raw/Skeleton_data/V6.npy,522,False,True,True,review,V6_skeleton_not_1to1_event_clips_alignment_TBD_step7
V6_00524,V6,/Users/krishna/dev/fightflow/data/downloaded-videos/V6.mp4,523,38027.0,38042.0,16.0,Rear Uppercut,Rear Uppercut,5,pending,data/raw/Skeleton_data/V6.npy,523,False,True,True,review,V6_skeleton_not_1to1_event_clips_alignment_TBD_step7
V6_00525,V6,/Users/krishna/dev/fightflow/data/downloaded-videos/V6.mp4,524,38042.0,38055.0,14.0,Lead Uppercut,Lead Uppercut,3,pending,data/raw/Skeleton_data/V6.npy,524,False,True,True,review,V6_skeleton_not_1to1_event_clips_alignment_TBD_step7
V6_00526,V6,/Users/krishna/dev/fightflow/data/downloaded-videos/V6.mp4,525,38054.0,38066.0,13.0,Rear Uppercut,Rear Uppercut,5,pending,data/raw/Skeleton_data/V6.npy,525,False,True,True,review,V6_skeleton_not_1to1_event_clips_alignment_TBD_step7
V6_00527,V6,/Users/krishna/dev/fightflow/data/downloaded-videos/V6.mp4,526,38067.0,38079.0,13.0,Lead Uppercut,Lead Uppercut,3,pending,data/raw/Skeleton_data/V6.npy,526,False,True,True,review,V6_skeleton_not_1to1_event_clips_alignment_TBD_step7
V6_00528,V6,/Users/krishna/dev/fightflow/data/downloaded-videos/V6.mp4,527,38077.0,38091.0,15.0,Rear Uppercut,Rear Uppercut,5,pending,data/raw/Skeleton_data/V6.npy,527,False,True,True,review,V6_skeleton_not_1to1_event_clips_alignment_TBD_step7
V6_00529,V6,/Users/krishna/dev/fightflow/data/downloaded-videos/V6.mp4,528,38092.0,38105.0,14.0,Lead Uppercut,Lead Uppercut,3,pending,data/raw/Skeleton_data/V6.npy,528,False,True,True,review,V6_skeleton_not_1to1_event_clips_alignment_TBD_step7
V6_00530,V6,/Users/krishna/dev/fightflow/data/downloaded-videos/V6.mp4,529,38102.0,38118.0,17.0,Rear Uppercut,Rear Uppercut,5,pending,data/raw/Skeleton_data/V6.npy,529,False,True,True,review,V6_skeleton_not_1to1_event_clips_alignment_TBD_step7
V6_00531,V6,/Users/krishna/dev/fightflow/data/downloaded-videos/V6.mp4,530,38118.0,38129.0,12.0,Lead Uppercut,Lead Uppercut,3,pending,data/raw/Skeleton_data/V6.npy,530,False,True,True,review,V6_skeleton_not_1to1_event_clips_alignment_TBD_step7
V6_00532,V6,/Users/krishna/dev/fightflow/data/downloaded-videos/V6.mp4,531,38127.0,38143.0,17.0,Rear Uppercut,Rear Uppercut,5,pending,data/raw/Skeleton_data/V6.npy,531,False,True,True,review,V6_skeleton_not_1to1_event_clips_alignment_TBD_step7
V6_00533,V6,/Users/krishna/dev/fightflow/data/downloaded-videos/V6.mp4,532,38141.0,38154.0,14.0,Lead Uppercut,Lead Uppercut,3,pending,data/raw/Skeleton_data/V6.npy,532,False,True,True,review,V6_skeleton_not_1to1_event_clips_alignment_TBD_step7
V6_00534,V6,/Users/krishna/dev/fightflow/data/downloaded-videos/V6.mp4,533,38151.0,38168.0,18.0,Rear Uppercut,Rear Uppercut,5,pending,data/raw/Skeleton_data/V6.npy,533,False,True,True,review,V6_skeleton_not_1to1_event_clips_alignment_TBD_step7
V6_00535,V6,/Users/krishna/dev/fightflow/data/downloaded-videos/V6.mp4,534,38166.0,38180.0,15.0,Lead Uppercut,Lead Uppercut,3,pending,data/raw/Skeleton_data/V6.npy,534,False,True,True,review,V6_skeleton_not_1to1_event_clips_alignment_TBD_step7
V6_00536,V6,/Users/krishna/dev/fightflow/data/downloaded-videos/V6.mp4,535,38175.0,38191.0,17.0,Rear Uppercut,Rear Uppercut,5,pending,data/raw/Skeleton_data/V6.npy,535,False,True,True,review,V6_skeleton_not_1to1_event_clips_alignment_TBD_step7
V6_00537,V6,/Users/krishna/dev/fightflow/data/downloaded-videos/V6.mp4,536,38189.0,38202.0,14.0,Lead Uppercut,Lead Uppercut,3,pending,data/raw/Skeleton_data/V6.npy,536,False,True,True,review,V6_skeleton_not_1to1_event_clips_alignment_TBD_step7
V6_00538,V6,/Users/krishna/dev/fightflow/data/downloaded-videos/V6.mp4,537,38198.0,38215.0,18.0,Rear Uppercut,Rear Uppercut,5,pending,data/raw/Skeleton_data/V6.npy,537,False,True,True,review,V6_skeleton_not_1to1_event_clips_alignment_TBD_step7
V6_00539,V6,/Users/krishna/dev/fightflow/data/downloaded-videos/V6.mp4,538,38215.0,38226.0,12.0,Lead Uppercut,Lead Uppercut,3,pending,data/raw/Skeleton_data/V6.npy,538,False,True,True,review,V6_skeleton_not_1to1_event_clips_alignment_TBD_step7
V6_00540,V6,/Users/krishna/dev/fightflow/data/downloaded-videos/V6.mp4,539,38224.0,38239.0,16.0,Rear Uppercut,Rear Uppercut,5,pending,data/raw/Skeleton_data/V6.npy,539,False,True,True,review,V6_skeleton_not_1to1_event_clips_alignment_TBD_step7
V6_00541,V6,/Users/krishna/dev/fightflow/data/downloaded-videos/V6.mp4,540,38238.0,38251.0,14.0,Lead Uppercut,Lead Uppercut,3,pending,data/raw/Skeleton_data/V6.npy,540,False,True,True,review,V6_skeleton_not_1to1_event_clips_alignment_TBD_step7
V6_00542,V6,/Users/krishna/dev/fightflow/data/downloaded-videos/V6.mp4,541,38249.0,38263.0,15.0,Rear Uppercut,Rear Uppercut,5,pending,data/raw/Skeleton_data/V6.npy,541,False,True,True,review,V6_skeleton_not_1to1_event_clips_alignment_TBD_step7
V6_00543,V6,/Users/krishna/dev/fightflow/data/downloaded-videos/V6.mp4,542,38263.0,38275.0,13.0,Lead Uppercut,Lead Uppercut,3,pending,data/raw/Skeleton_data/V6.npy,542,False,True,True,review,V6_skeleton_not_1to1_event_clips_alignment_TBD_step7
V6_00544,V6,/Users/krishna/dev/fightflow/data/downloaded-videos/V6.mp4,543,38273.0,38287.0,15.0,Rear Uppercut,Rear Uppercut,5,pending,data/raw/Skeleton_data/V6.npy,543,False,True,True,review,V6_skeleton_not_1to1_event_clips_alignment_TBD_step7
V6_00545,V6,/Users/krishna/dev/fightflow/data/downloaded-videos/V6.mp4,544,38286.0,38301.0,16.0,Lead Uppercut,Lead Uppercut,3,pending,data/raw/Skeleton_data/V6.npy,544,False,True,True,review,V6_skeleton_not_1to1_event_clips_alignment_TBD_step7
V6_00546,V6,/Users/krishna/dev/fightflow/data/downloaded-videos/V6.mp4,545,38297.0,38313.0,17.0,Rear Uppercut,Rear Uppercut,5,pending,data/raw/Skeleton_data/V6.npy,545,False,True,True,review,V6_skeleton_not_1to1_event_clips_alignment_TBD_step7
V6_00547,V6,/Users/krishna/dev/fightflow/data/downloaded-videos/V6.mp4,546,38312.0,38325.0,14.0,Lead Uppercut,Lead Uppercut,3,pending,data/raw/Skeleton_data/V6.npy,546,False,True,True,review,V6_skeleton_not_1to1_event_clips_alignment_TBD_step7
V6_00548,V6,/Users/krishna/dev/fightflow/data/downloaded-videos/V6.mp4,547,38323.0,38334.0,12.0,Rear Uppercut,Rear Uppercut,5,pending,data/raw/Skeleton_data/V6.npy,547,False,True,True,review,V6_skeleton_not_1to1_event_clips_alignment_TBD_step7
V6_00549,V6,/Users/krishna/dev/fightflow/data/downloaded-videos/V6.mp4,548,38336.0,38349.0,14.0,Lead Uppercut,Lead Uppercut,3,pending,data/raw/Skeleton_data/V6.npy,548,False,True,True,review,V6_skeleton_not_1to1_event_clips_alignment_TBD_step7
V6_00550,V6,/Users/krishna/dev/fightflow/data/downloaded-videos/V6.mp4,549,38346.0,38364.0,19.0,Rear Uppercut,Rear Uppercut,5,pending,data/raw/Skeleton_data/V6.npy,549,False,True,True,review,V6_skeleton_not_1to1_event_clips_alignment_TBD_step7
V6_00551,V6,/Users/krishna/dev/fightflow/data/downloaded-videos/V6.mp4,550,38360.0,38373.0,14.0,Lead Uppercut,Lead Uppercut,3,pending,data/raw/Skeleton_data/V6.npy,550,False,True,True,review,V6_skeleton_not_1to1_event_clips_alignment_TBD_step7
V6_00552,V6,/Users/krishna/dev/fightflow/data/downloaded-videos/V6.mp4,551,38370.0,38385.0,16.0,Rear Uppercut,Rear Uppercut,5,pending,data/raw/Skeleton_data/V6.npy,551,False,True,True,review,V6_skeleton_not_1to1_event_clips_alignment_TBD_step7
V6_00553,V6,/Users/krishna/dev/fightflow/data/downloaded-videos/V6.mp4,552,38385.0,38397.0,13.0,Lead Uppercut,Lead Uppercut,3,pending,data/raw/Skeleton_data/V6.npy,552,False,True,True,review,V6_skeleton_not_1to1_event_clips_alignment_TBD_step7
V6_00554,V6,/Users/krishna/dev/fightflow/data/downloaded-videos/V6.mp4,553,38394.0,38409.0,16.0,Rear Uppercut,Rear Uppercut,5,pending,data/raw/Skeleton_data/V6.npy,553,False,True,True,review,V6_skeleton_not_1to1_event_clips_alignment_TBD_step7
V6_00555,V6,/Users/krishna/dev/fightflow/data/downloaded-videos/V6.mp4,554,38407.0,38422.0,16.0,Lead Uppercut,Lead Uppercut,3,pending,data/raw/Skeleton_data/V6.npy,554,False,True,True,review,V6_skeleton_not_1to1_event_clips_alignment_TBD_step7
V6_00556,V6,/Users/krishna/dev/fightflow/data/downloaded-videos/V6.mp4,555,38418.0,38433.0,16.0,Rear Uppercut,Rear Uppercut,5,pending,data/raw/Skeleton_data/V6.npy,555,False,True,True,review,V6_skeleton_not_1to1_event_clips_alignment_TBD_step7
V6_00557,V6,/Users/krishna/dev/fightflow/data/downloaded-videos/V6.mp4,556,38431.0,38445.0,15.0,Lead Uppercut,Lead Uppercut,3,pending,data/raw/Skeleton_data/V6.npy,556,False,True,True,review,V6_skeleton_not_1to1_event_clips_alignment_TBD_step7
V6_00558,V6,/Users/krishna/dev/fightflow/data/downloaded-videos/V6.mp4,557,38442.0,38459.0,18.0,Rear Uppercut,Rear Uppercut,5,pending,data/raw/Skeleton_data/V6.npy,557,False,True,True,review,V6_skeleton_not_1to1_event_clips_alignment_TBD_step7
V6_00559,V6,/Users/krishna/dev/fightflow/data/downloaded-videos/V6.mp4,558,38456.0,38468.0,13.0,Lead Uppercut,Lead Uppercut,3,pending,data/raw/Skeleton_data/V6.npy,558,False,True,True,review,V6_skeleton_not_1to1_event_clips_alignment_TBD_step7
V6_00560,V6,/Users/krishna/dev/fightflow/data/downloaded-videos/V6.mp4,559,38465.0,38480.0,16.0,Rear Uppercut,Rear Uppercut,5,pending,data/raw/Skeleton_data/V6.npy,559,False,True,True,review,V6_skeleton_not_1to1_event_clips_alignment_TBD_step7
V6_00561,V6,/Users/krishna/dev/fightflow/data/downloaded-videos/V6.mp4,560,38480.0,38492.0,13.0,Lead Uppercut,Lead Uppercut,3,pending,data/raw/Skeleton_data/V6.npy,560,False,True,True,review,V6_skeleton_not_1to1_event_clips_alignment_TBD_step7
V6_00562,V6,/Users/krishna/dev/fightflow/data/downloaded-videos/V6.mp4,561,38490.0,38501.0,12.0,Rear Uppercut,Rear Uppercut,5,pending,data/raw/Skeleton_data/V6.npy,561,False,True,True,review,V6_skeleton_not_1to1_event_clips_alignment_TBD_step7
V6_00563,V6,/Users/krishna/dev/fightflow/data/downloaded-videos/V6.mp4,562,38503.0,38516.0,14.0,Lead Uppercut,Lead Uppercut,3,pending,data/raw/Skeleton_data/V6.npy,562,False,True,True,review,V6_skeleton_not_1to1_event_clips_alignment_TBD_step7
V6_00564,V6,/Users/krishna/dev/fightflow/data/downloaded-videos/V6.mp4,563,38514.0,38525.0,12.0,Rear Uppercut,Rear Uppercut,5,pending,data/raw/Skeleton_data/V6.npy,563,False,True,True,review,V6_skeleton_not_1to1_event_clips_alignment_TBD_step7
V6_00565,V6,/Users/krishna/dev/fightflow/data/downloaded-videos/V6.mp4,564,38526.0,38540.0,15.0,Lead Uppercut,Lead Uppercut,3,pending,data/raw/Skeleton_data/V6.npy,564,False,True,True,review,V6_skeleton_not_1to1_event_clips_alignment_TBD_step7
V6_00566,V6,/Users/krishna/dev/fightflow/data/downloaded-videos/V6.mp4,565,38537.0,38552.0,16.0,Rear Uppercut,Rear Uppercut,5,pending,data/raw/Skeleton_data/V6.npy,565,False,True,True,review,V6_skeleton_not_1to1_event_clips_alignment_TBD_step7
V6_00567,V6,/Users/krishna/dev/fightflow/data/downloaded-videos/V6.mp4,566,38550.0,38563.0,14.0,Lead Uppercut,Lead Uppercut,3,pending,data/raw/Skeleton_data/V6.npy,566,False,True,True,review,V6_skeleton_not_1to1_event_clips_alignment_TBD_step7
V6_00568,V6,/Users/krishna/dev/fightflow/data/downloaded-videos/V6.mp4,567,38560.0,38574.0,15.0,Rear Uppercut,Rear Uppercut,5,pending,data/raw/Skeleton_data/V6.npy,567,False,True,True,review,V6_skeleton_not_1to1_event_clips_alignment_TBD_step7
V6_00569,V6,/Users/krishna/dev/fightflow/data/downloaded-videos/V6.mp4,568,38574.0,38586.0,13.0,Lead Uppercut,Lead Uppercut,3,pending,data/raw/Skeleton_data/V6.npy,568,False,True,True,review,V6_skeleton_not_1to1_event_clips_alignment_TBD_step7
V6_00570,V6,/Users/krishna/dev/fightflow/data/downloaded-videos/V6.mp4,569,38585.0,38601.0,17.0,Rear Uppercut,Rear Uppercut,5,pending,data/raw/Skeleton_data/V6.npy,569,False,True,True,review,V6_skeleton_not_1to1_event_clips_alignment_TBD_step7
V6_00571,V6,/Users/krishna/dev/fightflow/data/downloaded-videos/V6.mp4,570,38599.0,38611.0,13.0,Lead Uppercut,Lead Uppercut,3,pending,data/raw/Skeleton_data/V6.npy,570,False,True,True,review,V6_skeleton_not_1to1_event_clips_alignment_TBD_step7
V6_00572,V6,/Users/krishna/dev/fightflow/data/downloaded-videos/V6.mp4,571,38609.0,38624.0,16.0,Rear Uppercut,Rear Uppercut,5,pending,data/raw/Skeleton_data/V6.npy,571,False,True,True,review,V6_skeleton_not_1to1_event_clips_alignment_TBD_step7
V6_00573,V6,/Users/krishna/dev/fightflow/data/downloaded-videos/V6.mp4,572,38622.0,38635.0,14.0,Lead Uppercut,Lead Uppercut,3,pending,data/raw/Skeleton_data/V6.npy,572,False,True,True,review,V6_skeleton_not_1to1_event_clips_alignment_TBD_step7
V6_00574,V6,/Users/krishna/dev/fightflow/data/downloaded-videos/V6.mp4,573,38921.0,38945.0,25.0,Rear Uppercut,Rear Uppercut,5,pending,data/raw/Skeleton_data/V6.npy,573,False,True,True,review,V6_skeleton_not_1to1_event_clips_alignment_TBD_step7
V6_00575,V6,/Users/krishna/dev/fightflow/data/downloaded-videos/V6.mp4,574,39001.0,39023.0,23.0,Lead Uppercut,Lead Uppercut,3,pending,data/raw/Skeleton_data/V6.npy,574,False,True,True,review,V6_skeleton_not_1to1_event_clips_alignment_TBD_step7
V6_00576,V6,/Users/krishna/dev/fightflow/data/downloaded-videos/V6.mp4,575,39273.0,39292.0,20.0,Rear Uppercut,Rear Uppercut,5,pending,data/raw/Skeleton_data/V6.npy,575,False,True,True,review,V6_skeleton_not_1to1_event_clips_alignment_TBD_step7
V6_00577,V6,/Users/krishna/dev/fightflow/data/downloaded-videos/V6.mp4,576,39323.0,39341.0,19.0,Lead Uppercut,Lead Uppercut,3,pending,data/raw/Skeleton_data/V6.npy,576,False,True,True,review,V6_skeleton_not_1to1_event_clips_alignment_TBD_step7
V6_00578,V6,/Users/krishna/dev/fightflow/data/downloaded-videos/V6.mp4,577,39373.0,39389.0,17.0,Rear Uppercut,Rear Uppercut,5,pending,data/raw/Skeleton_data/V6.npy,577,False,True,True,review,V6_skeleton_not_1to1_event_clips_alignment_TBD_step7
V6_00579,V6,/Users/krishna/dev/fightflow/data/downloaded-videos/V6.mp4,578,39421.0,39438.0,18.0,Rear Uppercut,Rear Uppercut,5,pending,data/raw/Skeleton_data/V6.npy,578,False,True,True,review,V6_skeleton_not_1to1_event_clips_alignment_TBD_step7
V6_00580,V6,/Users/krishna/dev/fightflow/data/downloaded-videos/V6.mp4,579,39471.0,39489.0,19.0,Rear Uppercut,Rear Uppercut,5,pending,data/raw/Skeleton_data/V6.npy,579,False,True,True,review,V6_skeleton_not_1to1_event_clips_alignment_TBD_step7
V6_00581,V6,/Users/krishna/dev/fightflow/data/downloaded-videos/V6.mp4,580,39685.0,39698.0,14.0,Rear Uppercut,Rear Uppercut,5,pending,data/raw/Skeleton_data/V6.npy,580,False,True,True,review,V6_skeleton_not_1to1_event_clips_alignment_TBD_step7
V6_00582,V6,/Users/krishna/dev/fightflow/data/downloaded-videos/V6.mp4,581,39725.0,39739.0,15.0,Lead Uppercut,Lead Uppercut,3,pending,data/raw/Skeleton_data/V6.npy,581,False,True,True,review,V6_skeleton_not_1to1_event_clips_alignment_TBD_step7
V6_00583,V6,/Users/krishna/dev/fightflow/data/downloaded-videos/V6.mp4,582,39763.0,39774.0,12.0,Lead Uppercut,Lead Uppercut,3,pending,data/raw/Skeleton_data/V6.npy,582,False,True,True,review,V6_skeleton_not_1to1_event_clips_alignment_TBD_step7
V6_00584,V6,/Users/krishna/dev/fightflow/data/downloaded-videos/V6.mp4,583,39799.0,39811.0,13.0,Rear Uppercut,Rear Uppercut,5,pending,data/raw/Skeleton_data/V6.npy,583,False,True,True,review,V6_skeleton_not_1to1_event_clips_alignment_TBD_step7
V6_00585,V6,/Users/krishna/dev/fightflow/data/downloaded-videos/V6.mp4,584,39866.0,39879.0,14.0,Rear Uppercut,Rear Uppercut,5,pending,data/raw/Skeleton_data/V6.npy,584,False,True,True,review,V6_skeleton_not_1to1_event_clips_alignment_TBD_step7
V6_00586,V6,/Users/krishna/dev/fightflow/data/downloaded-videos/V6.mp4,585,39901.0,39916.0,16.0,Lead Uppercut,Lead Uppercut,3,pending,data/raw/Skeleton_data/V6.npy,585,False,True,True,review,V6_skeleton_not_1to1_event_clips_alignment_TBD_step7
V6_00587,V6,/Users/krishna/dev/fightflow/data/downloaded-videos/V6.mp4,586,39942.0,39959.0,18.0,Lead Uppercut,Lead Uppercut,3,pending,data/raw/Skeleton_data/V6.npy,586,False,True,True,review,V6_skeleton_not_1to1_event_clips_alignment_TBD_step7
V6_00588,V6,/Users/krishna/dev/fightflow/data/downloaded-videos/V6.mp4,587,39985.0,40000.0,16.0,Rear Uppercut,Rear Uppercut,5,pending,data/raw/Skeleton_data/V6.npy,587,False,True,True,review,V6_skeleton_not_1to1_event_clips_alignment_TBD_step7
V6_00589,V6,/Users/krishna/dev/fightflow/data/downloaded-videos/V6.mp4,588,40029.0,40042.0,14.0,Rear Uppercut,Rear Uppercut,5,pending,data/raw/Skeleton_data/V6.npy,588,False,True,True,review,V6_skeleton_not_1to1_event_clips_alignment_TBD_step7
V6_00590,V6,/Users/krishna/dev/fightflow/data/downloaded-videos/V6.mp4,589,40070.0,40084.0,15.0,Lead Uppercut,Lead Uppercut,3,pending,data/raw/Skeleton_data/V6.npy,589,False,True,True,review,V6_skeleton_not_1to1_event_clips_alignment_TBD_step7
V6_00591,V6,/Users/krishna/dev/fightflow/data/downloaded-videos/V6.mp4,590,40111.0,40126.0,16.0,Lead Uppercut,Lead Uppercut,3,pending,data/raw/Skeleton_data/V6.npy,590,False,True,True,review,V6_skeleton_not_1to1_event_clips_alignment_TBD_step7
V6_00592,V6,/Users/krishna/dev/fightflow/data/downloaded-videos/V6.mp4,591,40156.0,40170.0,15.0,Rear Uppercut,Rear Uppercut,5,pending,data/raw/Skeleton_data/V6.npy,591,False,True,True,review,V6_skeleton_not_1to1_event_clips_alignment_TBD_step7
V6_00593,V6,/Users/krishna/dev/fightflow/data/downloaded-videos/V6.mp4,592,40197.0,40211.0,15.0,Rear Uppercut,Rear Uppercut,5,pending,data/raw/Skeleton_data/V6.npy,592,False,True,True,review,V6_skeleton_not_1to1_event_clips_alignment_TBD_step7
V6_00594,V6,/Users/krishna/dev/fightflow/data/downloaded-videos/V6.mp4,593,40252.0,40266.0,15.0,Lead Uppercut,Lead Uppercut,3,pending,data/raw/Skeleton_data/V6.npy,593,False,True,True,review,V6_skeleton_not_1to1_event_clips_alignment_TBD_step7
V6_00595,V6,/Users/krishna/dev/fightflow/data/downloaded-videos/V6.mp4,594,40294.0,40309.0,16.0,Lead Uppercut,Lead Uppercut,3,pending,data/raw/Skeleton_data/V6.npy,594,False,True,True,review,V6_skeleton_not_1to1_event_clips_alignment_TBD_step7
V6_00596,V6,/Users/krishna/dev/fightflow/data/downloaded-videos/V6.mp4,595,40336.0,40349.0,14.0,Rear Uppercut,Rear Uppercut,5,pending,data/raw/Skeleton_data/V6.npy,595,False,True,True,review,V6_skeleton_not_1to1_event_clips_alignment_TBD_step7
V6_00597,V6,/Users/krishna/dev/fightflow/data/downloaded-videos/V6.mp4,596,40382.0,40395.0,14.0,Rear Uppercut,Rear Uppercut,5,pending,data/raw/Skeleton_data/V6.npy,596,False,True,True,review,V6_skeleton_not_1to1_event_clips_alignment_TBD_step7
V6_00598,V6,/Users/krishna/dev/fightflow/data/downloaded-videos/V6.mp4,597,40427.0,40441.0,15.0,Lead Uppercut,Lead Uppercut,3,pending,data/raw/Skeleton_data/V6.npy,597,False,True,True,review,V6_skeleton_not_1to1_event_clips_alignment_TBD_step7
V6_00599,V6,/Users/krishna/dev/fightflow/data/downloaded-videos/V6.mp4,598,40471.0,40486.0,16.0,Lead Uppercut,Lead Uppercut,3,pending,data/raw/Skeleton_data/V6.npy,598,False,True,True,review,V6_skeleton_not_1to1_event_clips_alignment_TBD_step7
V6_00600,V6,/Users/krishna/dev/fightflow/data/downloaded-videos/V6.mp4,599,40517.0,40533.0,17.0,Rear Uppercut,Rear Uppercut,5,pending,data/raw/Skeleton_data/V6.npy,599,False,True,True,review,V6_skeleton_not_1to1_event_clips_alignment_TBD_step7
V6_00601,V6,/Users/krishna/dev/fightflow/data/downloaded-videos/V6.mp4,600,40562.0,40577.0,16.0,Rear Uppercut,Rear Uppercut,5,pending,data/raw/Skeleton_data/V6.npy,600,False,True,True,review,V6_skeleton_not_1to1_event_clips_alignment_TBD_step7
V6_00602,V6,/Users/krishna/dev/fightflow/data/downloaded-videos/V6.mp4,601,40624.0,40639.0,16.0,Lead Uppercut,Lead Uppercut,3,pending,data/raw/Skeleton_data/V6.npy,601,False,True,True,review,V6_skeleton_not_1to1_event_clips_alignment_TBD_step7
V6_00603,V6,/Users/krishna/dev/fightflow/data/downloaded-videos/V6.mp4,602,40668.0,40684.0,17.0,Lead Uppercut,Lead Uppercut,3,pending,data/raw/Skeleton_data/V6.npy,602,False,True,True,review,V6_skeleton_not_1to1_event_clips_alignment_TBD_step7
V6_00604,V6,/Users/krishna/dev/fightflow/data/downloaded-videos/V6.mp4,603,40711.0,40725.0,15.0,Rear Uppercut,Rear Uppercut,5,pending,data/raw/Skeleton_data/V6.npy,603,False,True,True,review,V6_skeleton_not_1to1_event_clips_alignment_TBD_step7
V6_00605,V6,/Users/krishna/dev/fightflow/data/downloaded-videos/V6.mp4,604,40755.0,40769.0,15.0,Rear Uppercut,Rear Uppercut,5,pending,data/raw/Skeleton_data/V6.npy,604,False,True,True,review,V6_skeleton_not_1to1_event_clips_alignment_TBD_step7
V6_00606,V6,/Users/krishna/dev/fightflow/data/downloaded-videos/V6.mp4,605,40802.0,40818.0,17.0,Lead Uppercut,Lead Uppercut,3,pending,data/raw/Skeleton_data/V6.npy,605,False,True,True,review,V6_skeleton_not_1to1_event_clips_alignment_TBD_step7
V6_00607,V6,/Users/krishna/dev/fightflow/data/downloaded-videos/V6.mp4,606,40851.0,40870.0,20.0,Lead Uppercut,Lead Uppercut,3,pending,data/raw/Skeleton_data/V6.npy,606,False,True,True,review,V6_skeleton_not_1to1_event_clips_alignment_TBD_step7
V6_00608,V6,/Users/krishna/dev/fightflow/data/downloaded-videos/V6.mp4,607,40896.0,40911.0,16.0,Rear Uppercut,Rear Uppercut,5,pending,data/raw/Skeleton_data/V6.npy,607,False,True,True,review,V6_skeleton_not_1to1_event_clips_alignment_TBD_step7
V6_00609,V6,/Users/krishna/dev/fightflow/data/downloaded-videos/V6.mp4,608,40945.0,40960.0,16.0,Rear Uppercut,Rear Uppercut,5,pending,data/raw/Skeleton_data/V6.npy,608,False,True,True,review,V6_skeleton_not_1to1_event_clips_alignment_TBD_step7
V6_00610,V6,/Users/krishna/dev/fightflow/data/downloaded-videos/V6.mp4,609,40994.0,41012.0,19.0,Lead Uppercut,Lead Uppercut,3,pending,data/raw/Skeleton_data/V6.npy,609,False,True,True,review,V6_skeleton_not_1to1_event_clips_alignment_TBD_step7
V6_00611,V6,/Users/krishna/dev/fightflow/data/downloaded-videos/V6.mp4,610,41045.0,41061.0,17.0,Lead Uppercut,Lead Uppercut,3,pending,data/raw/Skeleton_data/V6.npy,610,False,True,True,review,V6_skeleton_not_1to1_event_clips_alignment_TBD_step7
V6_00612,V6,/Users/krishna/dev/fightflow/data/downloaded-videos/V6.mp4,611,41090.0,41104.0,15.0,Rear Uppercut,Rear Uppercut,5,pending,data/raw/Skeleton_data/V6.npy,611,False,True,True,review,V6_skeleton_not_1to1_event_clips_alignment_TBD_step7
V6_00613,V6,/Users/krishna/dev/fightflow/data/downloaded-videos/V6.mp4,612,41137.0,41151.0,15.0,Rear Uppercut,Rear Uppercut,5,pending,data/raw/Skeleton_data/V6.npy,612,False,True,True,review,V6_skeleton_not_1to1_event_clips_alignment_TBD_step7
V6_00614,V6,/Users/krishna/dev/fightflow/data/downloaded-videos/V6.mp4,613,41191.0,41206.0,16.0,Lead Uppercut,Lead Uppercut,3,pending,data/raw/Skeleton_data/V6.npy,613,False,True,True,review,V6_skeleton_not_1to1_event_clips_alignment_TBD_step7
V6_00615,V6,/Users/krishna/dev/fightflow/data/downloaded-videos/V6.mp4,614,41238.0,41254.0,17.0,Lead Uppercut,Lead Uppercut,3,pending,data/raw/Skeleton_data/V6.npy,614,False,True,True,review,V6_skeleton_not_1to1_event_clips_alignment_TBD_step7
V6_00616,V6,/Users/krishna/dev/fightflow/data/downloaded-videos/V6.mp4,615,41287.0,41300.0,14.0,Rear Uppercut,Rear Uppercut,5,pending,data/raw/Skeleton_data/V6.npy,615,False,True,True,review,V6_skeleton_not_1to1_event_clips_alignment_TBD_step7
V6_00617,V6,/Users/krishna/dev/fightflow/data/downloaded-videos/V6.mp4,616,41336.0,41352.0,17.0,Lead Uppercut,Lead Uppercut,3,pending,data/raw/Skeleton_data/V6.npy,616,False,True,True,review,V6_skeleton_not_1to1_event_clips_alignment_TBD_step7
V6_00618,V6,/Users/krishna/dev/fightflow/data/downloaded-videos/V6.mp4,617,41365.0,41379.0,15.0,Rear Uppercut,Rear Uppercut,5,pending,data/raw/Skeleton_data/V6.npy,617,False,True,True,review,V6_skeleton_not_1to1_event_clips_alignment_TBD_step7
V6_00619,V6,/Users/krishna/dev/fightflow/data/downloaded-videos/V6.mp4,618,41410.0,41426.0,17.0,Lead Uppercut,Lead Uppercut,3,pending,data/raw/Skeleton_data/V6.npy,618,False,True,True,review,V6_skeleton_not_1to1_event_clips_alignment_TBD_step7
V6_00620,V6,/Users/krishna/dev/fightflow/data/downloaded-videos/V6.mp4,619,41456.0,41471.0,16.0,Lead Uppercut,Lead Uppercut,3,pending,data/raw/Skeleton_data/V6.npy,619,False,True,True,review,V6_skeleton_not_1to1_event_clips_alignment_TBD_step7
V6_00621,V6,/Users/krishna/dev/fightflow/data/downloaded-videos/V6.mp4,620,41499.0,41513.0,15.0,Rear Uppercut,Rear Uppercut,5,pending,data/raw/Skeleton_data/V6.npy,620,False,True,True,review,V6_skeleton_not_1to1_event_clips_alignment_TBD_step7
V6_00622,V6,/Users/krishna/dev/fightflow/data/downloaded-videos/V6.mp4,621,41545.0,41558.0,14.0,Rear Uppercut,Rear Uppercut,5,pending,data/raw/Skeleton_data/V6.npy,621,False,True,True,review,V6_skeleton_not_1to1_event_clips_alignment_TBD_step7
V6_00623,V6,/Users/krishna/dev/fightflow/data/downloaded-videos/V6.mp4,622,41591.0,41609.0,19.0,Lead Uppercut,Lead Uppercut,3,pending,data/raw/Skeleton_data/V6.npy,622,False,True,True,review,V6_skeleton_not_1to1_event_clips_alignment_TBD_step7
V6_00624,V6,/Users/krishna/dev/fightflow/data/downloaded-videos/V6.mp4,623,41637.0,41652.0,16.0,Lead Uppercut,Lead Uppercut,3,pending,data/raw/Skeleton_data/V6.npy,623,False,True,True,review,V6_skeleton_not_1to1_event_clips_alignment_TBD_step7
V6_00625,V6,/Users/krishna/dev/fightflow/data/downloaded-videos/V6.mp4,624,41685.0,41700.0,16.0,Rear Uppercut,Rear Uppercut,5,pending,data/raw/Skeleton_data/V6.npy,624,False,True,True,review,V6_skeleton_not_1to1_event_clips_alignment_TBD_step7
V6_00626,V6,/Users/krishna/dev/fightflow/data/downloaded-videos/V6.mp4,625,41735.0,41749.0,15.0,Rear Uppercut,Rear Uppercut,5,pending,data/raw/Skeleton_data/V6.npy,625,False,True,True,review,V6_skeleton_not_1to1_event_clips_alignment_TBD_step7
V6_00627,V6,/Users/krishna/dev/fightflow/data/downloaded-videos/V6.mp4,626,41783.0,41799.0,17.0,Lead Uppercut,Lead Uppercut,3,pending,data/raw/Skeleton_data/V6.npy,626,False,True,True,review,V6_skeleton_not_1to1_event_clips_alignment_TBD_step7
V6_00628,V6,/Users/krishna/dev/fightflow/data/downloaded-videos/V6.mp4,627,41832.0,41849.0,18.0,Lead Uppercut,Lead Uppercut,3,pending,data/raw/Skeleton_data/V6.npy,627,False,True,True,review,V6_skeleton_not_1to1_event_clips_alignment_TBD_step7
V6_00629,V6,/Users/krishna/dev/fightflow/data/downloaded-videos/V6.mp4,628,41878.0,41892.0,15.0,Rear Uppercut,Rear Uppercut,5,pending,data/raw/Skeleton_data/V6.npy,628,False,True,True,review,V6_skeleton_not_1to1_event_clips_alignment_TBD_step7
V6_00630,V6,/Users/krishna/dev/fightflow/data/downloaded-videos/V6.mp4,629,41923.0,41934.0,12.0,Rear Uppercut,Rear Uppercut,5,pending,data/raw/Skeleton_data/V6.npy,629,False,True,True,review,V6_skeleton_not_1to1_event_clips_alignment_TBD_step7
V6_00631,V6,/Users/krishna/dev/fightflow/data/downloaded-videos/V6.mp4,630,41964.0,41979.0,16.0,Lead Uppercut,Lead Uppercut,3,pending,data/raw/Skeleton_data/V6.npy,630,False,True,True,review,V6_skeleton_not_1to1_event_clips_alignment_TBD_step7
V6_00632,V6,/Users/krishna/dev/fightflow/data/downloaded-videos/V6.mp4,631,42007.0,42021.0,15.0,Lead Uppercut,Lead Uppercut,3,pending,data/raw/Skeleton_data/V6.npy,631,False,True,True,review,V6_skeleton_not_1to1_event_clips_alignment_TBD_step7
V6_00633,V6,/Users/krishna/dev/fightflow/data/downloaded-videos/V6.mp4,632,42051.0,42065.0,15.0,Rear Uppercut,Rear Uppercut,5,pending,data/raw/Skeleton_data/V6.npy,632,False,True,True,review,V6_skeleton_not_1to1_event_clips_alignment_TBD_step7
V6_00634,V6,/Users/krishna/dev/fightflow/data/downloaded-videos/V6.mp4,633,42096.0,42109.0,14.0,Rear Uppercut,Rear Uppercut,5,pending,data/raw/Skeleton_data/V6.npy,633,False,True,True,review,V6_skeleton_not_1to1_event_clips_alignment_TBD_step7
V6_00635,V6,/Users/krishna/dev/fightflow/data/downloaded-videos/V6.mp4,634,42144.0,42158.0,15.0,Lead Uppercut,Lead Uppercut,3,pending,data/raw/Skeleton_data/V6.npy,634,False,True,True,review,V6_skeleton_not_1to1_event_clips_alignment_TBD_step7
V6_00636,V6,/Users/krishna/dev/fightflow/data/downloaded-videos/V6.mp4,635,42192.0,42211.0,20.0,Lead Uppercut,Lead Uppercut,3,pending,data/raw/Skeleton_data/V6.npy,635,False,True,True,review,V6_skeleton_not_1to1_event_clips_alignment_TBD_step7
V6_00637,V6,/Users/krishna/dev/fightflow/data/downloaded-videos/V6.mp4,636,42287.0,42301.0,15.0,Rear Uppercut,Rear Uppercut,5,pending,data/raw/Skeleton_data/V6.npy,636,False,True,True,review,V6_skeleton_not_1to1_event_clips_alignment_TBD_step7
V6_00638,V6,/Users/krishna/dev/fightflow/data/downloaded-videos/V6.mp4,637,42330.0,42347.0,18.0,Lead Uppercut,Lead Uppercut,3,pending,data/raw/Skeleton_data/V6.npy,637,False,True,True,review,V6_skeleton_not_1to1_event_clips_alignment_TBD_step7
V6_00639,V6,/Users/krishna/dev/fightflow/data/downloaded-videos/V6.mp4,638,42383.0,42399.0,17.0,Lead Uppercut,Lead Uppercut,3,pending,data/raw/Skeleton_data/V6.npy,638,False,True,True,review,V6_skeleton_not_1to1_event_clips_alignment_TBD_step7
V6_00640,V6,/Users/krishna/dev/fightflow/data/downloaded-videos/V6.mp4,639,42427.0,42441.0,15.0,Rear Uppercut,Rear Uppercut,5,pending,data/raw/Skeleton_data/V6.npy,639,False,True,True,review,V6_skeleton_not_1to1_event_clips_alignment_TBD_step7
V6_00641,V6,/Users/krishna/dev/fightflow/data/downloaded-videos/V6.mp4,640,42486.0,42500.0,15.0,Rear Uppercut,Rear Uppercut,5,pending,data/raw/Skeleton_data/V6.npy,640,False,True,True,review,V6_skeleton_not_1to1_event_clips_alignment_TBD_step7
V6_00642,V6,/Users/krishna/dev/fightflow/data/downloaded-videos/V6.mp4,641,42552.0,42568.0,17.0,Lead Uppercut,Lead Uppercut,3,pending,data/raw/Skeleton_data/V6.npy,641,False,True,True,review,V6_skeleton_not_1to1_event_clips_alignment_TBD_step7
V6_00643,V6,/Users/krishna/dev/fightflow/data/downloaded-videos/V6.mp4,642,42599.0,42616.0,18.0,Lead Uppercut,Lead Uppercut,3,pending,data/raw/Skeleton_data/V6.npy,642,False,True,True,review,V6_skeleton_not_1to1_event_clips_alignment_TBD_step7
V6_00644,V6,/Users/krishna/dev/fightflow/data/downloaded-videos/V6.mp4,643,42643.0,42657.0,15.0,Rear Uppercut,Rear Uppercut,5,pending,data/raw/Skeleton_data/V6.npy,643,False,True,True,review,V6_skeleton_not_1to1_event_clips_alignment_TBD_step7
V6_00645,V6,/Users/krishna/dev/fightflow/data/downloaded-videos/V6.mp4,644,42692.0,42707.0,16.0,Rear Uppercut,Rear Uppercut,5,pending,data/raw/Skeleton_data/V6.npy,644,False,True,True,review,V6_skeleton_not_1to1_event_clips_alignment_TBD_step7
V6_00646,V6,/Users/krishna/dev/fightflow/data/downloaded-videos/V6.mp4,645,42743.0,42757.0,15.0,Lead Uppercut,Lead Uppercut,3,pending,data/raw/Skeleton_data/V6.npy,645,False,True,True,review,V6_skeleton_not_1to1_event_clips_alignment_TBD_step7
V6_00647,V6,/Users/krishna/dev/fightflow/data/downloaded-videos/V6.mp4,646,42792.0,42807.0,16.0,Lead Uppercut,Lead Uppercut,3,pending,data/raw/Skeleton_data/V6.npy,646,False,True,True,review,V6_skeleton_not_1to1_event_clips_alignment_TBD_step7
V6_00648,V6,/Users/krishna/dev/fightflow/data/downloaded-videos/V6.mp4,647,42836.0,42851.0,16.0,Rear Uppercut,Rear Uppercut,5,pending,data/raw/Skeleton_data/V6.npy,647,False,True,True,review,V6_skeleton_not_1to1_event_clips_alignment_TBD_step7
V6_00649,V6,/Users/krishna/dev/fightflow/data/downloaded-videos/V6.mp4,648,42898.0,42914.0,17.0,Rear Uppercut,Rear Uppercut,5,pending,data/raw/Skeleton_data/V6.npy,648,False,True,True,review,V6_skeleton_not_1to1_event_clips_alignment_TBD_step7
V6_00650,V6,/Users/krishna/dev/fightflow/data/downloaded-videos/V6.mp4,649,42952.0,42971.0,20.0,Lead Uppercut,Lead Uppercut,3,pending,data/raw/Skeleton_data/V6.npy,649,False,True,True,review,V6_skeleton_not_1to1_event_clips_alignment_TBD_step7
V6_00651,V6,/Users/krishna/dev/fightflow/data/downloaded-videos/V6.mp4,650,43003.0,43017.0,15.0,Rear Uppercut,Rear Uppercut,5,pending,data/raw/Skeleton_data/V6.npy,650,False,True,True,review,V6_skeleton_not_1to1_event_clips_alignment_TBD_step7
V6_00652,V6,/Users/krishna/dev/fightflow/data/downloaded-videos/V6.mp4,651,43027.0,43041.0,15.0,Lead Uppercut,Lead Uppercut,3,pending,data/raw/Skeleton_data/V6.npy,651,False,True,True,review,V6_skeleton_not_1to1_event_clips_alignment_TBD_step7
V6_00653,V6,/Users/krishna/dev/fightflow/data/downloaded-videos/V6.mp4,652,43112.0,43126.0,15.0,Rear Uppercut,Rear Uppercut,5,pending,data/raw/Skeleton_data/V6.npy,652,False,True,True,review,V6_skeleton_not_1to1_event_clips_alignment_TBD_step7
V6_00654,V6,/Users/krishna/dev/fightflow/data/downloaded-videos/V6.mp4,653,43139.0,43155.0,17.0,Lead Uppercut,Lead Uppercut,3,pending,data/raw/Skeleton_data/V6.npy,653,False,True,True,review,V6_skeleton_not_1to1_event_clips_alignment_TBD_step7
V6_00655,V6,/Users/krishna/dev/fightflow/data/downloaded-videos/V6.mp4,654,43200.0,43215.0,16.0,Rear Uppercut,Rear Uppercut,5,pending,data/raw/Skeleton_data/V6.npy,654,False,True,True,review,V6_skeleton_not_1to1_event_clips_alignment_TBD_step7
V6_00656,V6,/Users/krishna/dev/fightflow/data/downloaded-videos/V6.mp4,655,43228.0,43247.0,20.0,Lead Uppercut,Lead Uppercut,3,pending,data/raw/Skeleton_data/V6.npy,655,False,True,True,review,V6_skeleton_not_1to1_event_clips_alignment_TBD_step7
V6_00657,V6,/Users/krishna/dev/fightflow/data/downloaded-videos/V6.mp4,656,43272.0,43286.0,15.0,Rear Uppercut,Rear Uppercut,5,pending,data/raw/Skeleton_data/V6.npy,656,False,True,True,review,V6_skeleton_not_1to1_event_clips_alignment_TBD_step7
V6_00658,V6,/Users/krishna/dev/fightflow/data/downloaded-videos/V6.mp4,657,43299.0,43314.0,16.0,Lead Uppercut,Lead Uppercut,3,pending,data/raw/Skeleton_data/V6.npy,657,False,True,True,review,V6_skeleton_not_1to1_event_clips_alignment_TBD_step7
V6_00659,V6,/Users/krishna/dev/fightflow/data/downloaded-videos/V6.mp4,658,43343.0,43357.0,15.0,Rear Uppercut,Rear Uppercut,5,pending,data/raw/Skeleton_data/V6.npy,658,False,True,True,review,V6_skeleton_not_1to1_event_clips_alignment_TBD_step7
V6_00660,V6,/Users/krishna/dev/fightflow/data/downloaded-videos/V6.mp4,659,43370.0,43388.0,19.0,Lead Uppercut,Lead Uppercut,3,pending,data/raw/Skeleton_data/V6.npy,659,False,True,True,review,V6_skeleton_not_1to1_event_clips_alignment_TBD_step7
V6_00661,V6,/Users/krishna/dev/fightflow/data/downloaded-videos/V6.mp4,660,43413.0,43426.0,14.0,Rear Uppercut,Rear Uppercut,5,pending,data/raw/Skeleton_data/V6.npy,660,False,True,True,review,V6_skeleton_not_1to1_event_clips_alignment_TBD_step7
V6_00662,V6,/Users/krishna/dev/fightflow/data/downloaded-videos/V6.mp4,661,43439.0,43459.0,21.0,Lead Uppercut,Lead Uppercut,3,pending,data/raw/Skeleton_data/V6.npy,661,False,True,True,review,V6_skeleton_not_1to1_event_clips_alignment_TBD_step7
V6_00663,V6,/Users/krishna/dev/fightflow/data/downloaded-videos/V6.mp4,662,43486.0,43500.0,15.0,Rear Uppercut,Rear Uppercut,5,pending,data/raw/Skeleton_data/V6.npy,662,False,True,True,review,V6_skeleton_not_1to1_event_clips_alignment_TBD_step7
V6_00664,V6,/Users/krishna/dev/fightflow/data/downloaded-videos/V6.mp4,663,43504.0,43513.0,10.0,Lead Uppercut,Lead Uppercut,3,pending,data/raw/Skeleton_data/V6.npy,663,False,True,True,review,V6_skeleton_not_1to1_event_clips_alignment_TBD_step7
V6_00665,V6,/Users/krishna/dev/fightflow/data/downloaded-videos/V6.mp4,664,43556.0,43569.0,14.0,Rear Uppercut,Rear Uppercut,5,pending,data/raw/Skeleton_data/V6.npy,664,False,True,True,review,V6_skeleton_not_1to1_event_clips_alignment_TBD_step7
V6_00666,V6,/Users/krishna/dev/fightflow/data/downloaded-videos/V6.mp4,665,43582.0,43600.0,19.0,Lead Uppercut,Lead Uppercut,3,pending,data/raw/Skeleton_data/V6.npy,665,False,True,True,review,V6_skeleton_not_1to1_event_clips_alignment_TBD_step7
V6_00667,V6,/Users/krishna/dev/fightflow/data/downloaded-videos/V6.mp4,666,43632.0,43645.0,14.0,Rear Uppercut,Rear Uppercut,5,pending,data/raw/Skeleton_data/V6.npy,666,False,True,True,review,V6_skeleton_not_1to1_event_clips_alignment_TBD_step7
V6_00668,V6,/Users/krishna/dev/fightflow/data/downloaded-videos/V6.mp4,667,43657.0,43673.0,17.0,Lead Uppercut,Lead Uppercut,3,pending,data/raw/Skeleton_data/V6.npy,667,False,True,True,review,V6_skeleton_not_1to1_event_clips_alignment_TBD_step7
V6_00669,V6,/Users/krishna/dev/fightflow/data/downloaded-videos/V6.mp4,668,43704.0,43716.0,13.0,Rear Uppercut,Rear Uppercut,5,pending,data/raw/Skeleton_data/V6.npy,668,False,True,True,review,V6_skeleton_not_1to1_event_clips_alignment_TBD_step7
V6_00670,V6,/Users/krishna/dev/fightflow/data/downloaded-videos/V6.mp4,669,43732.0,43747.0,16.0,Lead Uppercut,Lead Uppercut,3,pending,data/raw/Skeleton_data/V6.npy,669,False,True,True,review,V6_skeleton_not_1to1_event_clips_alignment_TBD_step7
V6_00671,V6,/Users/krishna/dev/fightflow/data/downloaded-videos/V6.mp4,670,43783.0,43797.0,15.0,Rear Uppercut,Rear Uppercut,5,pending,data/raw/Skeleton_data/V6.npy,670,False,True,True,review,V6_skeleton_not_1to1_event_clips_alignment_TBD_step7
V6_00672,V6,/Users/krishna/dev/fightflow/data/downloaded-videos/V6.mp4,671,43810.0,43824.0,15.0,Lead Uppercut,Lead Uppercut,3,pending,data/raw/Skeleton_data/V6.npy,671,False,True,True,review,V6_skeleton_not_1to1_event_clips_alignment_TBD_step7
V6_00673,V6,/Users/krishna/dev/fightflow/data/downloaded-videos/V6.mp4,672,43853.0,43866.0,14.0,Rear Uppercut,Rear Uppercut,5,pending,data/raw/Skeleton_data/V6.npy,672,False,True,True,review,V6_skeleton_not_1to1_event_clips_alignment_TBD_step7
V6_00674,V6,/Users/krishna/dev/fightflow/data/downloaded-videos/V6.mp4,673,43878.0,43894.0,17.0,Lead Uppercut,Lead Uppercut,3,pending,data/raw/Skeleton_data/V6.npy,673,False,True,True,review,V6_skeleton_not_1to1_event_clips_alignment_TBD_step7
V6_00675,V6,/Users/krishna/dev/fightflow/data/downloaded-videos/V6.mp4,674,43926.0,43940.0,15.0,Rear Uppercut,Rear Uppercut,5,pending,data/raw/Skeleton_data/V6.npy,674,False,True,True,review,V6_skeleton_not_1to1_event_clips_alignment_TBD_step7
V6_00676,V6,/Users/krishna/dev/fightflow/data/downloaded-videos/V6.mp4,675,43954.0,43968.0,15.0,Lead Uppercut,Lead Uppercut,3,pending,data/raw/Skeleton_data/V6.npy,675,False,True,True,review,V6_skeleton_not_1to1_event_clips_alignment_TBD_step7
V6_00677,V6,/Users/krishna/dev/fightflow/data/downloaded-videos/V6.mp4,676,44001.0,44014.0,14.0,Rear Uppercut,Rear Uppercut,5,pending,data/raw/Skeleton_data/V6.npy,676,False,True,True,review,V6_skeleton_not_1to1_event_clips_alignment_TBD_step7
V6_00678,V6,/Users/krishna/dev/fightflow/data/downloaded-videos/V6.mp4,677,44028.0,44042.0,15.0,Lead Uppercut,Lead Uppercut,3,pending,data/raw/Skeleton_data/V6.npy,677,False,True,True,review,V6_skeleton_not_1to1_event_clips_alignment_TBD_step7
V6_00679,V6,/Users/krishna/dev/fightflow/data/downloaded-videos/V6.mp4,678,44102.0,44116.0,15.0,Rear Uppercut,Rear Uppercut,5,pending,data/raw/Skeleton_data/V6.npy,678,False,True,True,review,V6_skeleton_not_1to1_event_clips_alignment_TBD_step7
V6_00680,V6,/Users/krishna/dev/fightflow/data/downloaded-videos/V6.mp4,679,44175.0,44189.0,15.0,Rear Uppercut,Rear Uppercut,5,pending,data/raw/Skeleton_data/V6.npy,679,False,True,True,review,V6_skeleton_not_1to1_event_clips_alignment_TBD_step7
V6_00681,V6,/Users/krishna/dev/fightflow/data/downloaded-videos/V6.mp4,680,44201.0,44216.0,16.0,Lead Uppercut,Lead Uppercut,3,pending,data/raw/Skeleton_data/V6.npy,680,False,True,True,review,V6_skeleton_not_1to1_event_clips_alignment_TBD_step7
V6_00682,V6,/Users/krishna/dev/fightflow/data/downloaded-videos/V6.mp4,681,44250.0,44263.0,14.0,Rear Uppercut,Rear Uppercut,5,pending,data/raw/Skeleton_data/V6.npy,681,False,True,True,review,V6_skeleton_not_1to1_event_clips_alignment_TBD_step7
V6_00683,V6,/Users/krishna/dev/fightflow/data/downloaded-videos/V6.mp4,682,44277.0,44291.0,15.0,Lead Uppercut,Lead Uppercut,3,pending,data/raw/Skeleton_data/V6.npy,682,False,True,True,review,V6_skeleton_not_1to1_event_clips_alignment_TBD_step7
V6_00684,V6,/Users/krishna/dev/fightflow/data/downloaded-videos/V6.mp4,683,44325.0,44338.0,14.0,Rear Uppercut,Rear Uppercut,5,pending,data/raw/Skeleton_data/V6.npy,683,False,True,True,review,V6_skeleton_not_1to1_event_clips_alignment_TBD_step7
V6_00685,V6,/Users/krishna/dev/fightflow/data/downloaded-videos/V6.mp4,684,44352.0,44372.0,21.0,Lead Uppercut,Lead Uppercut,3,pending,data/raw/Skeleton_data/V6.npy,684,False,True,True,review,V6_skeleton_not_1to1_event_clips_alignment_TBD_step7
V7_00001,V7,/Users/krishna/dev/fightflow/data/downloaded-videos/V7.mp4,0,4541.0,4557.0,17.0,Jab,Jab,1,pending,data/raw/Skeleton_data/V7.npy,0,True,True,True,ok,
V7_00002,V7,/Users/krishna/dev/fightflow/data/downloaded-videos/V7.mp4,1,4559.0,4574.0,16.0,Jab,Jab,1,pending,data/raw/Skeleton_data/V7.npy,1,True,True,True,ok,
V7_00003,V7,/Users/krishna/dev/fightflow/data/downloaded-videos/V7.mp4,2,4662.0,4686.0,25.0,Lead Hook,Lead Hook,2,pending,data/raw/Skeleton_data/V7.npy,2,True,True,True,ok,
V7_00004,V7,/Users/krishna/dev/fightflow/data/downloaded-videos/V7.mp4,3,4686.0,4710.0,25.0,Rear Uppercut,Rear Uppercut,5,pending,data/raw/Skeleton_data/V7.npy,3,True,True,True,ok,
V7_00005,V7,/Users/krishna/dev/fightflow/data/downloaded-videos/V7.mp4,4,4711.0,4735.0,25.0,Lead Hook,Lead Hook,2,pending,data/raw/Skeleton_data/V7.npy,4,True,True,True,ok,
V7_00006,V7,/Users/krishna/dev/fightflow/data/downloaded-videos/V7.mp4,5,4756.0,4769.0,14.0,Jab,Jab,1,pending,data/raw/Skeleton_data/V7.npy,5,True,True,True,ok,
V7_00007,V7,/Users/krishna/dev/fightflow/data/downloaded-videos/V7.mp4,6,4770.0,4783.0,14.0,Jab,Jab,1,pending,data/raw/Skeleton_data/V7.npy,6,True,True,True,ok,
V7_00008,V7,/Users/krishna/dev/fightflow/data/downloaded-videos/V7.mp4,7,4817.0,4839.0,23.0,Lead Hook,Lead Hook,2,pending,data/raw/Skeleton_data/V7.npy,7,True,True,True,ok,
V7_00009,V7,/Users/krishna/dev/fightflow/data/downloaded-videos/V7.mp4,8,4835.0,4855.0,21.0,Rear Uppercut,Rear Uppercut,5,pending,data/raw/Skeleton_data/V7.npy,8,True,True,True,ok,
V7_00010,V7,/Users/krishna/dev/fightflow/data/downloaded-videos/V7.mp4,9,4986.0,4993.0,8.0,Jab,Jab,1,pending,data/raw/Skeleton_data/V7.npy,9,True,True,True,ok,
V7_00011,V7,/Users/krishna/dev/fightflow/data/downloaded-videos/V7.mp4,10,4994.0,5002.0,9.0,Jab,Jab,1,pending,data/raw/Skeleton_data/V7.npy,10,True,True,True,ok,
V7_00012,V7,/Users/krishna/dev/fightflow/data/downloaded-videos/V7.mp4,11,5000.0,5010.0,11.0,Cross,Cross,0,pending,data/raw/Skeleton_data/V7.npy,11,True,True,True,ok,
V7_00013,V7,/Users/krishna/dev/fightflow/data/downloaded-videos/V7.mp4,12,5093.0,5102.0,10.0,Jab,Jab,1,pending,data/raw/Skeleton_data/V7.npy,12,True,True,True,ok,
V7_00014,V7,/Users/krishna/dev/fightflow/data/downloaded-videos/V7.mp4,13,5101.0,5109.0,9.0,Jab,Jab,1,pending,data/raw/Skeleton_data/V7.npy,13,True,True,True,ok,
V7_00015,V7,/Users/krishna/dev/fightflow/data/downloaded-videos/V7.mp4,14,5107.0,5119.0,13.0,Cross,Cross,0,pending,data/raw/Skeleton_data/V7.npy,14,True,True,True,ok,
V7_00016,V7,/Users/krishna/dev/fightflow/data/downloaded-videos/V7.mp4,15,5270.0,5278.0,9.0,Jab,Jab,1,pending,data/raw/Skeleton_data/V7.npy,15,True,True,True,ok,
V7_00017,V7,/Users/krishna/dev/fightflow/data/downloaded-videos/V7.mp4,16,5278.0,5285.0,8.0,Jab,Jab,1,pending,data/raw/Skeleton_data/V7.npy,16,True,True,True,ok,
V7_00018,V7,/Users/krishna/dev/fightflow/data/downloaded-videos/V7.mp4,17,5283.0,5294.0,12.0,Cross,Cross,0,pending,data/raw/Skeleton_data/V7.npy,17,True,True,True,ok,
V7_00019,V7,/Users/krishna/dev/fightflow/data/downloaded-videos/V7.mp4,18,5390.0,5397.0,8.0,Jab,Jab,1,pending,data/raw/Skeleton_data/V7.npy,18,True,True,True,ok,
V7_00020,V7,/Users/krishna/dev/fightflow/data/downloaded-videos/V7.mp4,19,5401.0,5411.0,11.0,Cross,Cross,0,pending,data/raw/Skeleton_data/V7.npy,19,True,True,True,ok,
V7_00021,V7,/Users/krishna/dev/fightflow/data/downloaded-videos/V7.mp4,20,5409.0,5415.0,7.0,Jab,Jab,1,pending,data/raw/Skeleton_data/V7.npy,20,True,True,True,ok,
V7_00022,V7,/Users/krishna/dev/fightflow/data/downloaded-videos/V7.mp4,21,5416.0,5426.0,11.0,Jab,Jab,1,pending,data/raw/Skeleton_data/V7.npy,21,True,True,True,ok,
V7_00023,V7,/Users/krishna/dev/fightflow/data/downloaded-videos/V7.mp4,22,5916.0,5940.0,25.0,Jab,Jab,1,pending,data/raw/Skeleton_data/V7.npy,22,True,True,True,ok,
V7_00024,V7,/Users/krishna/dev/fightflow/data/downloaded-videos/V7.mp4,23,5940.0,5963.0,24.0,Cross,Cross,0,pending,data/raw/Skeleton_data/V7.npy,23,True,True,True,ok,
V7_00025,V7,/Users/krishna/dev/fightflow/data/downloaded-videos/V7.mp4,24,5955.0,5978.0,24.0,Lead Uppercut,Lead Uppercut,3,pending,data/raw/Skeleton_data/V7.npy,24,True,True,True,ok,
V7_00026,V7,/Users/krishna/dev/fightflow/data/downloaded-videos/V7.mp4,25,6046.0,6066.0,21.0,Lead Uppercut,Lead Uppercut,3,pending,data/raw/Skeleton_data/V7.npy,25,True,True,True,ok,
V7_00027,V7,/Users/krishna/dev/fightflow/data/downloaded-videos/V7.mp4,26,6172.0,6196.0,25.0,Lead Uppercut,Lead Uppercut,3,pending,data/raw/Skeleton_data/V7.npy,26,True,True,True,ok,
V7_00028,V7,/Users/krishna/dev/fightflow/data/downloaded-videos/V7.mp4,27,6199.0,6223.0,25.0,Lead Hook,Lead Hook,2,pending,data/raw/Skeleton_data/V7.npy,27,True,True,True,ok,
V7_00029,V7,/Users/krishna/dev/fightflow/data/downloaded-videos/V7.mp4,28,6227.0,6249.0,23.0,Cross,Cross,0,pending,data/raw/Skeleton_data/V7.npy,28,True,True,True,ok,
V7_00030,V7,/Users/krishna/dev/fightflow/data/downloaded-videos/V7.mp4,29,6244.0,6267.0,24.0,Lead Uppercut,Lead Uppercut,3,pending,data/raw/Skeleton_data/V7.npy,29,True,True,True,ok,
V7_00031,V7,/Users/krishna/dev/fightflow/data/downloaded-videos/V7.mp4,30,6353.0,6364.0,12.0,Jab,Jab,1,pending,data/raw/Skeleton_data/V7.npy,30,True,True,True,ok,
V7_00032,V7,/Users/krishna/dev/fightflow/data/downloaded-videos/V7.mp4,31,6365.0,6377.0,13.0,Cross,Cross,0,pending,data/raw/Skeleton_data/V7.npy,31,True,True,True,ok,
V7_00033,V7,/Users/krishna/dev/fightflow/data/downloaded-videos/V7.mp4,32,6375.0,6393.0,19.0,Lead Uppercut,Lead Uppercut,3,pending,data/raw/Skeleton_data/V7.npy,32,True,True,True,ok,
V7_00034,V7,/Users/krishna/dev/fightflow/data/downloaded-videos/V7.mp4,33,6471.0,6485.0,15.0,Jab,Jab,1,pending,data/raw/Skeleton_data/V7.npy,33,True,True,True,ok,
V7_00035,V7,/Users/krishna/dev/fightflow/data/downloaded-videos/V7.mp4,34,6484.0,6501.0,18.0,Cross,Cross,0,pending,data/raw/Skeleton_data/V7.npy,34,True,True,True,ok,
V7_00036,V7,/Users/krishna/dev/fightflow/data/downloaded-videos/V7.mp4,35,6495.0,6507.0,13.0,Lead Uppercut,Lead Uppercut,3,pending,data/raw/Skeleton_data/V7.npy,35,True,True,True,ok,
V7_00037,V7,/Users/krishna/dev/fightflow/data/downloaded-videos/V7.mp4,36,6509.0,6532.0,24.0,Lead Hook,Lead Hook,2,pending,data/raw/Skeleton_data/V7.npy,36,True,True,True,ok,
V7_00038,V7,/Users/krishna/dev/fightflow/data/downloaded-videos/V7.mp4,37,7261.0,7276.0,16.0,Lead Uppercut,Lead Uppercut,3,pending,data/raw/Skeleton_data/V7.npy,37,True,True,True,ok,
V7_00039,V7,/Users/krishna/dev/fightflow/data/downloaded-videos/V7.mp4,38,7743.0,7758.0,16.0,Rear Hook,Rear Hook,4,pending,data/raw/Skeleton_data/V7.npy,38,True,True,True,ok,
V7_00040,V7,/Users/krishna/dev/fightflow/data/downloaded-videos/V7.mp4,39,7753.0,7762.0,10.0,Lead Hook,Lead Hook,2,pending,data/raw/Skeleton_data/V7.npy,39,True,True,True,ok,
V7_00041,V7,/Users/krishna/dev/fightflow/data/downloaded-videos/V7.mp4,40,7761.0,7777.0,17.0,Rear Uppercut,Rear Uppercut,5,pending,data/raw/Skeleton_data/V7.npy,40,True,True,True,ok,
V7_00042,V7,/Users/krishna/dev/fightflow/data/downloaded-videos/V7.mp4,41,7819.0,7833.0,15.0,Rear Hook,Rear Hook,4,pending,data/raw/Skeleton_data/V7.npy,41,True,True,True,ok,
V7_00043,V7,/Users/krishna/dev/fightflow/data/downloaded-videos/V7.mp4,42,7827.0,7840.0,14.0,Lead Uppercut,Lead Uppercut,3,pending,data/raw/Skeleton_data/V7.npy,42,True,True,True,ok,
V7_00044,V7,/Users/krishna/dev/fightflow/data/downloaded-videos/V7.mp4,43,7834.0,7848.0,15.0,Rear Uppercut,Rear Uppercut,5,pending,data/raw/Skeleton_data/V7.npy,43,True,True,True,ok,
V7_00045,V7,/Users/krishna/dev/fightflow/data/downloaded-videos/V7.mp4,44,7842.0,7863.0,22.0,Lead Hook,Lead Hook,2,pending,data/raw/Skeleton_data/V7.npy,44,True,True,True,ok,
V7_00046,V7,/Users/krishna/dev/fightflow/data/downloaded-videos/V7.mp4,45,7939.0,7956.0,18.0,Rear Hook,Rear Hook,4,pending,data/raw/Skeleton_data/V7.npy,45,True,True,True,ok,
V7_00047,V7,/Users/krishna/dev/fightflow/data/downloaded-videos/V7.mp4,46,7950.0,7962.0,13.0,Lead Uppercut,Lead Uppercut,3,pending,data/raw/Skeleton_data/V7.npy,46,True,True,True,ok,
V7_00048,V7,/Users/krishna/dev/fightflow/data/downloaded-videos/V7.mp4,47,7957.0,7970.0,14.0,Rear Uppercut,Rear Uppercut,5,pending,data/raw/Skeleton_data/V7.npy,47,True,True,True,ok,
V7_00049,V7,/Users/krishna/dev/fightflow/data/downloaded-videos/V7.mp4,48,7964.0,7981.0,18.0,Lead Hook,Lead Hook,2,pending,data/raw/Skeleton_data/V7.npy,48,True,True,True,ok,
V7_00050,V7,/Users/krishna/dev/fightflow/data/downloaded-videos/V7.mp4,49,7982.0,7993.0,12.0,Cross,Cross,0,pending,data/raw/Skeleton_data/V7.npy,49,True,True,True,ok,
V7_00051,V7,/Users/krishna/dev/fightflow/data/downloaded-videos/V7.mp4,50,8109.0,8123.0,15.0,Rear Hook,Rear Hook,4,pending,data/raw/Skeleton_data/V7.npy,50,True,True,True,ok,
V7_00052,V7,/Users/krishna/dev/fightflow/data/downloaded-videos/V7.mp4,51,8128.0,8130.0,3.0,Lead Uppercut,Lead Uppercut,3,pending,data/raw/Skeleton_data/V7.npy,51,True,True,True,ok,
V7_00053,V7,/Users/krishna/dev/fightflow/data/downloaded-videos/V7.mp4,52,8125.0,8138.0,14.0,Rear Uppercut,Rear Uppercut,5,pending,data/raw/Skeleton_data/V7.npy,52,True,True,True,ok,
V7_00054,V7,/Users/krishna/dev/fightflow/data/downloaded-videos/V7.mp4,53,8134.0,8151.0,18.0,Lead Hook,Lead Hook,2,pending,data/raw/Skeleton_data/V7.npy,53,True,True,True,ok,
V7_00055,V7,/Users/krishna/dev/fightflow/data/downloaded-videos/V7.mp4,54,8151.0,8162.0,12.0,Cross,Cross,0,pending,data/raw/Skeleton_data/V7.npy,54,True,True,True,ok,
V7_00056,V7,/Users/krishna/dev/fightflow/data/downloaded-videos/V7.mp4,55,8157.0,8175.0,19.0,Lead Uppercut,Lead Uppercut,3,pending,data/raw/Skeleton_data/V7.npy,55,True,True,True,ok,
V7_00057,V7,/Users/krishna/dev/fightflow/data/downloaded-videos/V7.mp4,56,9231.0,9240.0,10.0,Jab,Jab,1,pending,data/raw/Skeleton_data/V7.npy,56,True,True,True,ok,
V7_00058,V7,/Users/krishna/dev/fightflow/data/downloaded-videos/V7.mp4,57,9240.0,9248.0,9.0,Jab,Jab,1,pending,data/raw/Skeleton_data/V7.npy,57,True,True,True,ok,
V7_00059,V7,/Users/krishna/dev/fightflow/data/downloaded-videos/V7.mp4,58,9246.0,9258.0,13.0,Cross,Cross,0,pending,data/raw/Skeleton_data/V7.npy,58,True,True,True,ok,
V7_00060,V7,/Users/krishna/dev/fightflow/data/downloaded-videos/V7.mp4,59,9396.0,9404.0,9.0,Jab,Jab,1,pending,data/raw/Skeleton_data/V7.npy,59,True,True,True,ok,
V7_00061,V7,/Users/krishna/dev/fightflow/data/downloaded-videos/V7.mp4,60,9404.0,9411.0,8.0,Jab,Jab,1,pending,data/raw/Skeleton_data/V7.npy,60,True,True,True,ok,
V7_00062,V7,/Users/krishna/dev/fightflow/data/downloaded-videos/V7.mp4,61,9410.0,9419.0,10.0,Cross,Cross,0,pending,data/raw/Skeleton_data/V7.npy,61,True,True,True,ok,
V7_00063,V7,/Users/krishna/dev/fightflow/data/downloaded-videos/V7.mp4,62,9795.0,9805.0,11.0,Jab,Jab,1,pending,data/raw/Skeleton_data/V7.npy,62,True,True,True,ok,
V7_00064,V7,/Users/krishna/dev/fightflow/data/downloaded-videos/V7.mp4,63,9805.0,9813.0,9.0,Jab,Jab,1,pending,data/raw/Skeleton_data/V7.npy,63,True,True,True,ok,
V7_00065,V7,/Users/krishna/dev/fightflow/data/downloaded-videos/V7.mp4,64,9812.0,9821.0,10.0,Cross,Cross,0,pending,data/raw/Skeleton_data/V7.npy,64,True,True,True,ok,
V7_00066,V7,/Users/krishna/dev/fightflow/data/downloaded-videos/V7.mp4,65,10007.0,10015.0,9.0,Jab,Jab,1,pending,data/raw/Skeleton_data/V7.npy,65,True,True,True,ok,
V7_00067,V7,/Users/krishna/dev/fightflow/data/downloaded-videos/V7.mp4,66,10015.0,10022.0,8.0,Jab,Jab,1,pending,data/raw/Skeleton_data/V7.npy,66,True,True,True,ok,
V7_00068,V7,/Users/krishna/dev/fightflow/data/downloaded-videos/V7.mp4,67,10021.0,10031.0,11.0,Cross,Cross,0,pending,data/raw/Skeleton_data/V7.npy,67,True,True,True,ok,
V7_00069,V7,/Users/krishna/dev/fightflow/data/downloaded-videos/V7.mp4,68,10196.0,10204.0,9.0,Jab,Jab,1,pending,data/raw/Skeleton_data/V7.npy,68,True,True,True,ok,
V7_00070,V7,/Users/krishna/dev/fightflow/data/downloaded-videos/V7.mp4,69,10204.0,10212.0,9.0,Jab,Jab,1,pending,data/raw/Skeleton_data/V7.npy,69,True,True,True,ok,
V7_00071,V7,/Users/krishna/dev/fightflow/data/downloaded-videos/V7.mp4,70,10211.0,10221.0,11.0,Cross,Cross,0,pending,data/raw/Skeleton_data/V7.npy,70,True,True,True,ok,
V7_00072,V7,/Users/krishna/dev/fightflow/data/downloaded-videos/V7.mp4,71,10389.0,10398.0,10.0,Jab,Jab,1,pending,data/raw/Skeleton_data/V7.npy,71,True,True,True,ok,
V7_00073,V7,/Users/krishna/dev/fightflow/data/downloaded-videos/V7.mp4,72,10398.0,10405.0,8.0,Jab,Jab,1,pending,data/raw/Skeleton_data/V7.npy,72,True,True,True,ok,
V7_00074,V7,/Users/krishna/dev/fightflow/data/downloaded-videos/V7.mp4,73,10403.0,10414.0,12.0,Cross,Cross,0,pending,data/raw/Skeleton_data/V7.npy,73,True,True,True,ok,
V7_00075,V7,/Users/krishna/dev/fightflow/data/downloaded-videos/V7.mp4,74,10582.0,10592.0,11.0,Jab,Jab,1,pending,data/raw/Skeleton_data/V7.npy,74,True,True,True,ok,
V7_00076,V7,/Users/krishna/dev/fightflow/data/downloaded-videos/V7.mp4,75,10592.0,10600.0,9.0,Jab,Jab,1,pending,data/raw/Skeleton_data/V7.npy,75,True,True,True,ok,
V7_00077,V7,/Users/krishna/dev/fightflow/data/downloaded-videos/V7.mp4,76,10599.0,10608.0,10.0,Cross,Cross,0,pending,data/raw/Skeleton_data/V7.npy,76,True,True,True,ok,
V7_00078,V7,/Users/krishna/dev/fightflow/data/downloaded-videos/V7.mp4,77,10607.0,10624.0,18.0,Lead Hook,Lead Hook,2,pending,data/raw/Skeleton_data/V7.npy,77,True,True,True,ok,
V7_00079,V7,/Users/krishna/dev/fightflow/data/downloaded-videos/V7.mp4,78,10773.0,10782.0,10.0,Cross,Cross,0,pending,data/raw/Skeleton_data/V7.npy,78,True,True,True,ok,
V7_00080,V7,/Users/krishna/dev/fightflow/data/downloaded-videos/V7.mp4,79,10780.0,10793.0,14.0,Lead Hook,Lead Hook,2,pending,data/raw/Skeleton_data/V7.npy,79,True,True,True,ok,
V7_00081,V7,/Users/krishna/dev/fightflow/data/downloaded-videos/V7.mp4,80,10970.0,10979.0,10.0,Cross,Cross,0,pending,data/raw/Skeleton_data/V7.npy,80,True,True,True,ok,
V7_00082,V7,/Users/krishna/dev/fightflow/data/downloaded-videos/V7.mp4,81,10977.0,10991.0,15.0,Lead Hook,Lead Hook,2,pending,data/raw/Skeleton_data/V7.npy,81,True,True,True,ok,
V7_00083,V7,/Users/krishna/dev/fightflow/data/downloaded-videos/V7.mp4,82,11131.0,11140.0,10.0,Cross,Cross,0,pending,data/raw/Skeleton_data/V7.npy,82,True,True,True,ok,
V7_00084,V7,/Users/krishna/dev/fightflow/data/downloaded-videos/V7.mp4,83,11140.0,11154.0,15.0,Lead Hook,Lead Hook,2,pending,data/raw/Skeleton_data/V7.npy,83,True,True,True,ok,
V7_00085,V7,/Users/krishna/dev/fightflow/data/downloaded-videos/V7.mp4,84,11281.0,11289.0,9.0,Cross,Cross,0,pending,data/raw/Skeleton_data/V7.npy,84,True,True,True,ok,
V7_00086,V7,/Users/krishna/dev/fightflow/data/downloaded-videos/V7.mp4,85,11287.0,11300.0,14.0,Lead Hook,Lead Hook,2,pending,data/raw/Skeleton_data/V7.npy,85,True,True,True,ok,
V7_00087,V7,/Users/krishna/dev/fightflow/data/downloaded-videos/V7.mp4,86,11463.0,11473.0,11.0,Cross,Cross,0,pending,data/raw/Skeleton_data/V7.npy,86,True,True,True,ok,
V7_00088,V7,/Users/krishna/dev/fightflow/data/downloaded-videos/V7.mp4,87,11470.0,11484.0,15.0,Lead Hook,Lead Hook,2,pending,data/raw/Skeleton_data/V7.npy,87,True,True,True,ok,
V7_00089,V7,/Users/krishna/dev/fightflow/data/downloaded-videos/V7.mp4,88,11629.0,11637.0,9.0,Cross,Cross,0,pending,data/raw/Skeleton_data/V7.npy,88,True,True,True,ok,
V7_00090,V7,/Users/krishna/dev/fightflow/data/downloaded-videos/V7.mp4,89,11636.0,11656.0,21.0,Cross,Cross,0,pending,data/raw/Skeleton_data/V7.npy,89,True,True,True,ok,
V7_00091,V7,/Users/krishna/dev/fightflow/data/downloaded-videos/V7.mp4,90,11826.0,11834.0,9.0,Cross,Cross,0,pending,data/raw/Skeleton_data/V7.npy,90,True,True,True,ok,
V7_00092,V7,/Users/krishna/dev/fightflow/data/downloaded-videos/V7.mp4,91,11833.0,11847.0,15.0,Lead Hook,Lead Hook,2,pending,data/raw/Skeleton_data/V7.npy,91,True,True,True,ok,
V7_00093,V7,/Users/krishna/dev/fightflow/data/downloaded-videos/V7.mp4,92,11966.0,11974.0,9.0,Cross,Cross,0,pending,data/raw/Skeleton_data/V7.npy,92,True,True,True,ok,
V7_00094,V7,/Users/krishna/dev/fightflow/data/downloaded-videos/V7.mp4,93,11972.0,11983.0,12.0,Lead Hook,Lead Hook,2,pending,data/raw/Skeleton_data/V7.npy,93,True,True,True,ok,
V7_00095,V7,/Users/krishna/dev/fightflow/data/downloaded-videos/V7.mp4,94,11983.0,11995.0,13.0,Rear Uppercut,Rear Uppercut,5,pending,data/raw/Skeleton_data/V7.npy,94,True,True,True,ok,
V7_00096,V7,/Users/krishna/dev/fightflow/data/downloaded-videos/V7.mp4,95,12173.0,12182.0,10.0,Cross,Cross,0,pending,data/raw/Skeleton_data/V7.npy,95,True,True,True,ok,
V7_00097,V7,/Users/krishna/dev/fightflow/data/downloaded-videos/V7.mp4,96,12179.0,12188.0,10.0,Lead Hook,Lead Hook,2,pending,data/raw/Skeleton_data/V7.npy,96,True,True,True,ok,
V7_00098,V7,/Users/krishna/dev/fightflow/data/downloaded-videos/V7.mp4,97,12183.0,12201.0,19.0,Rear Uppercut,Rear Uppercut,5,pending,data/raw/Skeleton_data/V7.npy,97,True,True,True,ok,
V7_00099,V7,/Users/krishna/dev/fightflow/data/downloaded-videos/V7.mp4,98,12425.0,12433.0,9.0,Cross,Cross,0,pending,data/raw/Skeleton_data/V7.npy,98,True,True,True,ok,
V7_00100,V7,/Users/krishna/dev/fightflow/data/downloaded-videos/V7.mp4,99,12430.0,12440.0,11.0,Lead Hook,Lead Hook,2,pending,data/raw/Skeleton_data/V7.npy,99,True,True,True,ok,
V7_00101,V7,/Users/krishna/dev/fightflow/data/downloaded-videos/V7.mp4,100,12435.0,12453.0,19.0,Rear Uppercut,Rear Uppercut,5,pending,data/raw/Skeleton_data/V7.npy,100,True,True,True,ok,
V7_00102,V7,/Users/krishna/dev/fightflow/data/downloaded-videos/V7.mp4,101,12610.0,12618.0,9.0,Cross,Cross,0,pending,data/raw/Skeleton_data/V7.npy,101,True,True,True,ok,
V7_00103,V7,/Users/krishna/dev/fightflow/data/downloaded-videos/V7.mp4,102,12615.0,12626.0,12.0,Lead Hook,Lead Hook,2,pending,data/raw/Skeleton_data/V7.npy,102,True,True,True,ok,
V7_00104,V7,/Users/krishna/dev/fightflow/data/downloaded-videos/V7.mp4,103,12622.0,12635.0,14.0,Rear Uppercut,Rear Uppercut,5,pending,data/raw/Skeleton_data/V7.npy,103,True,True,True,ok,
V7_00105,V7,/Users/krishna/dev/fightflow/data/downloaded-videos/V7.mp4,104,12777.0,12787.0,11.0,Cross,Cross,0,pending,data/raw/Skeleton_data/V7.npy,104,True,True,True,ok,
V7_00106,V7,/Users/krishna/dev/fightflow/data/downloaded-videos/V7.mp4,105,12785.0,12794.0,10.0,Lead Hook,Lead Hook,2,pending,data/raw/Skeleton_data/V7.npy,105,True,True,True,ok,
V7_00107,V7,/Users/krishna/dev/fightflow/data/downloaded-videos/V7.mp4,106,12790.0,12805.0,16.0,Rear Uppercut,Rear Uppercut,5,pending,data/raw/Skeleton_data/V7.npy,106,True,True,True,ok,
V7_00108,V7,/Users/krishna/dev/fightflow/data/downloaded-videos/V7.mp4,107,12984.0,12995.0,12.0,Lead Hook,Lead Hook,2,pending,data/raw/Skeleton_data/V7.npy,107,True,True,True,ok,
V7_00109,V7,/Users/krishna/dev/fightflow/data/downloaded-videos/V7.mp4,108,12991.0,13005.0,15.0,Rear Uppercut,Rear Uppercut,5,pending,data/raw/Skeleton_data/V7.npy,108,True,True,True,ok,
V7_00110,V7,/Users/krishna/dev/fightflow/data/downloaded-videos/V7.mp4,109,13163.0,13174.0,12.0,Lead Hook,Lead Hook,2,pending,data/raw/Skeleton_data/V7.npy,109,True,True,True,ok,
V7_00111,V7,/Users/krishna/dev/fightflow/data/downloaded-videos/V7.mp4,110,13170.0,13184.0,15.0,Rear Uppercut,Rear Uppercut,5,pending,data/raw/Skeleton_data/V7.npy,110,True,True,True,ok,
V7_00112,V7,/Users/krishna/dev/fightflow/data/downloaded-videos/V7.mp4,111,13327.0,13346.0,20.0,Lead Hook,Lead Hook,2,pending,data/raw/Skeleton_data/V7.npy,111,True,True,True,ok,
V7_00113,V7,/Users/krishna/dev/fightflow/data/downloaded-videos/V7.mp4,112,13340.0,13353.0,14.0,Rear Uppercut,Rear Uppercut,5,pending,data/raw/Skeleton_data/V7.npy,112,True,True,True,ok,
V7_00114,V7,/Users/krishna/dev/fightflow/data/downloaded-videos/V7.mp4,113,13350.0,13366.0,17.0,Lead Hook,Lead Hook,2,pending,data/raw/Skeleton_data/V7.npy,113,True,True,True,ok,
V7_00115,V7,/Users/krishna/dev/fightflow/data/downloaded-videos/V7.mp4,114,13487.0,13499.0,13.0,Lead Hook,Lead Hook,2,pending,data/raw/Skeleton_data/V7.npy,114,True,True,True,ok,
V7_00116,V7,/Users/krishna/dev/fightflow/data/downloaded-videos/V7.mp4,115,13495.0,13506.0,12.0,Rear Uppercut,Rear Uppercut,5,pending,data/raw/Skeleton_data/V7.npy,115,True,True,True,ok,
V7_00117,V7,/Users/krishna/dev/fightflow/data/downloaded-videos/V7.mp4,116,13501.0,13517.0,17.0,Lead Hook,Lead Hook,2,pending,data/raw/Skeleton_data/V7.npy,116,True,True,True,ok,
V7_00118,V7,/Users/krishna/dev/fightflow/data/downloaded-videos/V7.mp4,117,13636.0,13644.0,9.0,Lead Hook,Lead Hook,2,pending,data/raw/Skeleton_data/V7.npy,117,True,True,True,ok,
V7_00119,V7,/Users/krishna/dev/fightflow/data/downloaded-videos/V7.mp4,118,13639.0,13649.0,11.0,Rear Uppercut,Rear Uppercut,5,pending,data/raw/Skeleton_data/V7.npy,118,True,True,True,ok,
V7_00120,V7,/Users/krishna/dev/fightflow/data/downloaded-videos/V7.mp4,119,13647.0,13663.0,17.0,Lead Hook,Lead Hook,2,pending,data/raw/Skeleton_data/V7.npy,119,True,True,True,ok,
V7_00121,V7,/Users/krishna/dev/fightflow/data/downloaded-videos/V7.mp4,120,13807.0,13817.0,11.0,Lead Hook,Lead Hook,2,pending,data/raw/Skeleton_data/V7.npy,120,True,True,True,ok,
V7_00122,V7,/Users/krishna/dev/fightflow/data/downloaded-videos/V7.mp4,121,13811.0,13821.0,11.0,Rear Uppercut,Rear Uppercut,5,pending,data/raw/Skeleton_data/V7.npy,121,True,True,True,ok,
V7_00123,V7,/Users/krishna/dev/fightflow/data/downloaded-videos/V7.mp4,122,13818.0,13838.0,21.0,Lead Hook,Lead Hook,2,pending,data/raw/Skeleton_data/V7.npy,122,True,True,True,ok,
V7_00124,V7,/Users/krishna/dev/fightflow/data/downloaded-videos/V7.mp4,123,13965.0,13976.0,12.0,Lead Hook,Lead Hook,2,pending,data/raw/Skeleton_data/V7.npy,123,True,True,True,ok,
V7_00125,V7,/Users/krishna/dev/fightflow/data/downloaded-videos/V7.mp4,124,13970.0,13983.0,14.0,Rear Uppercut,Rear Uppercut,5,pending,data/raw/Skeleton_data/V7.npy,124,True,True,True,ok,
V7_00126,V7,/Users/krishna/dev/fightflow/data/downloaded-videos/V7.mp4,125,13978.0,13997.0,20.0,Lead Hook,Lead Hook,2,pending,data/raw/Skeleton_data/V7.npy,125,True,True,True,ok,
V7_00127,V7,/Users/krishna/dev/fightflow/data/downloaded-videos/V7.mp4,126,14162.0,14175.0,14.0,Lead Hook,Lead Hook,2,pending,data/raw/Skeleton_data/V7.npy,126,True,True,True,ok,
V7_00128,V7,/Users/krishna/dev/fightflow/data/downloaded-videos/V7.mp4,127,14169.0,14181.0,13.0,Rear Uppercut,Rear Uppercut,5,pending,data/raw/Skeleton_data/V7.npy,127,True,True,True,ok,
V7_00129,V7,/Users/krishna/dev/fightflow/data/downloaded-videos/V7.mp4,128,14177.0,14193.0,17.0,Lead Hook,Lead Hook,2,pending,data/raw/Skeleton_data/V7.npy,128,True,True,True,ok,
V7_00130,V7,/Users/krishna/dev/fightflow/data/downloaded-videos/V7.mp4,129,14394.0,14406.0,13.0,Lead Hook,Lead Hook,2,pending,data/raw/Skeleton_data/V7.npy,129,True,True,True,ok,
V7_00131,V7,/Users/krishna/dev/fightflow/data/downloaded-videos/V7.mp4,130,14400.0,14410.0,11.0,Rear Uppercut,Rear Uppercut,5,pending,data/raw/Skeleton_data/V7.npy,130,True,True,True,ok,
V7_00132,V7,/Users/krishna/dev/fightflow/data/downloaded-videos/V7.mp4,131,14407.0,14425.0,19.0,Lead Hook,Lead Hook,2,pending,data/raw/Skeleton_data/V7.npy,131,True,True,True,ok,
V7_00133,V7,/Users/krishna/dev/fightflow/data/downloaded-videos/V7.mp4,132,14644.0,14661.0,18.0,Lead Uppercut,Lead Uppercut,3,pending,data/raw/Skeleton_data/V7.npy,132,True,True,True,ok,
V7_00134,V7,/Users/krishna/dev/fightflow/data/downloaded-videos/V7.mp4,133,14788.0,14799.0,12.0,Lead Uppercut,Lead Uppercut,3,pending,data/raw/Skeleton_data/V7.npy,133,True,True,True,ok,
V7_00135,V7,/Users/krishna/dev/fightflow/data/downloaded-videos/V7.mp4,134,15040.0,15051.0,12.0,Lead Uppercut,Lead Uppercut,3,pending,data/raw/Skeleton_data/V7.npy,134,True,True,True,ok,
V7_00136,V7,/Users/krishna/dev/fightflow/data/downloaded-videos/V7.mp4,135,15197.0,15208.0,12.0,Lead Uppercut,Lead Uppercut,3,pending,data/raw/Skeleton_data/V7.npy,135,True,True,True,ok,
V7_00137,V7,/Users/krishna/dev/fightflow/data/downloaded-videos/V7.mp4,136,15375.0,15387.0,13.0,Lead Uppercut,Lead Uppercut,3,pending,data/raw/Skeleton_data/V7.npy,136,True,True,True,ok,
V7_00138,V7,/Users/krishna/dev/fightflow/data/downloaded-videos/V7.mp4,137,15517.0,15527.0,11.0,Lead Uppercut,Lead Uppercut,3,pending,data/raw/Skeleton_data/V7.npy,137,True,True,True,ok,
V7_00139,V7,/Users/krishna/dev/fightflow/data/downloaded-videos/V7.mp4,138,15693.0,15704.0,12.0,Lead Uppercut,Lead Uppercut,3,pending,data/raw/Skeleton_data/V7.npy,138,True,True,True,ok,
V7_00140,V7,/Users/krishna/dev/fightflow/data/downloaded-videos/V7.mp4,139,15843.0,15852.0,10.0,Lead Uppercut,Lead Uppercut,3,pending,data/raw/Skeleton_data/V7.npy,139,True,True,True,ok,
V7_00141,V7,/Users/krishna/dev/fightflow/data/downloaded-videos/V7.mp4,140,16011.0,16024.0,14.0,Lead Uppercut,Lead Uppercut,3,pending,data/raw/Skeleton_data/V7.npy,140,True,True,True,ok,
V7_00142,V7,/Users/krishna/dev/fightflow/data/downloaded-videos/V7.mp4,141,16026.0,16041.0,16.0,Lead Hook,Lead Hook,2,pending,data/raw/Skeleton_data/V7.npy,141,True,True,True,ok,
V7_00143,V7,/Users/krishna/dev/fightflow/data/downloaded-videos/V7.mp4,142,16145.0,16155.0,11.0,Lead Uppercut,Lead Uppercut,3,pending,data/raw/Skeleton_data/V7.npy,142,True,True,True,ok,
V7_00144,V7,/Users/krishna/dev/fightflow/data/downloaded-videos/V7.mp4,143,16158.0,16171.0,14.0,Lead Hook,Lead Hook,2,pending,data/raw/Skeleton_data/V7.npy,143,True,True,True,ok,
V7_00145,V7,/Users/krishna/dev/fightflow/data/downloaded-videos/V7.mp4,144,16362.0,16369.0,8.0,Lead Uppercut,Lead Uppercut,3,pending,data/raw/Skeleton_data/V7.npy,144,True,True,True,ok,
V7_00146,V7,/Users/krishna/dev/fightflow/data/downloaded-videos/V7.mp4,145,16371.0,16389.0,19.0,Lead Hook,Lead Hook,2,pending,data/raw/Skeleton_data/V7.npy,145,True,True,True,ok,
V7_00147,V7,/Users/krishna/dev/fightflow/data/downloaded-videos/V7.mp4,146,16487.0,16497.0,11.0,Lead Uppercut,Lead Uppercut,3,pending,data/raw/Skeleton_data/V7.npy,146,True,True,True,ok,
V7_00148,V7,/Users/krishna/dev/fightflow/data/downloaded-videos/V7.mp4,147,16499.0,16513.0,15.0,Lead Hook,Lead Hook,2,pending,data/raw/Skeleton_data/V7.npy,147,True,True,True,ok,
V7_00149,V7,/Users/krishna/dev/fightflow/data/downloaded-videos/V7.mp4,148,16638.0,16649.0,12.0,Lead Uppercut,Lead Uppercut,3,pending,data/raw/Skeleton_data/V7.npy,148,True,True,True,ok,
V7_00150,V7,/Users/krishna/dev/fightflow/data/downloaded-videos/V7.mp4,149,16651.0,16663.0,13.0,Lead Hook,Lead Hook,2,pending,data/raw/Skeleton_data/V7.npy,149,True,True,True,ok,
V7_00151,V7,/Users/krishna/dev/fightflow/data/downloaded-videos/V7.mp4,150,16807.0,16816.0,10.0,Lead Uppercut,Lead Uppercut,3,pending,data/raw/Skeleton_data/V7.npy,150,True,True,True,ok,
V7_00152,V7,/Users/krishna/dev/fightflow/data/downloaded-videos/V7.mp4,151,16818.0,16832.0,15.0,Lead Hook,Lead Hook,2,pending,data/raw/Skeleton_data/V7.npy,151,True,True,True,ok,
V7_00153,V7,/Users/krishna/dev/fightflow/data/downloaded-videos/V7.mp4,152,16984.0,16993.0,10.0,Lead Uppercut,Lead Uppercut,3,pending,data/raw/Skeleton_data/V7.npy,152,True,True,True,ok,
V7_00154,V7,/Users/krishna/dev/fightflow/data/downloaded-videos/V7.mp4,153,16994.0,17009.0,16.0,Lead Hook,Lead Hook,2,pending,data/raw/Skeleton_data/V7.npy,153,True,True,True,ok,
V7_00155,V7,/Users/krishna/dev/fightflow/data/downloaded-videos/V7.mp4,154,17160.0,17169.0,10.0,Lead Uppercut,Lead Uppercut,3,pending,data/raw/Skeleton_data/V7.npy,154,True,True,True,ok,
V7_00156,V7,/Users/krishna/dev/fightflow/data/downloaded-videos/V7.mp4,155,17170.0,17191.0,22.0,Lead Hook,Lead Hook,2,pending,data/raw/Skeleton_data/V7.npy,155,True,True,True,ok,
V7_00157,V7,/Users/krishna/dev/fightflow/data/downloaded-videos/V7.mp4,156,17320.0,17334.0,15.0,Lead Uppercut,Lead Uppercut,3,pending,data/raw/Skeleton_data/V7.npy,156,True,True,True,ok,
V7_00158,V7,/Users/krishna/dev/fightflow/data/downloaded-videos/V7.mp4,157,17336.0,17351.0,16.0,Lead Hook,Lead Hook,2,pending,data/raw/Skeleton_data/V7.npy,157,True,True,True,ok,
V7_00159,V7,/Users/krishna/dev/fightflow/data/downloaded-videos/V7.mp4,158,17454.0,17463.0,10.0,Lead Uppercut,Lead Uppercut,3,pending,data/raw/Skeleton_data/V7.npy,158,True,True,True,ok,
V7_00160,V7,/Users/krishna/dev/fightflow/data/downloaded-videos/V7.mp4,159,17463.0,17474.0,12.0,Lead Hook,Lead Hook,2,pending,data/raw/Skeleton_data/V7.npy,159,True,True,True,ok,
V7_00161,V7,/Users/krishna/dev/fightflow/data/downloaded-videos/V7.mp4,160,17819.0,17828.0,10.0,Lead Uppercut,Lead Uppercut,3,pending,data/raw/Skeleton_data/V7.npy,160,True,True,True,ok,
V7_00162,V7,/Users/krishna/dev/fightflow/data/downloaded-videos/V7.mp4,161,17828.0,17838.0,11.0,Lead Hook,Lead Hook,2,pending,data/raw/Skeleton_data/V7.npy,161,True,True,True,ok,
V7_00163,V7,/Users/krishna/dev/fightflow/data/downloaded-videos/V7.mp4,162,17999.0,18008.0,10.0,Lead Uppercut,Lead Uppercut,3,pending,data/raw/Skeleton_data/V7.npy,162,True,True,True,ok,
V7_00164,V7,/Users/krishna/dev/fightflow/data/downloaded-videos/V7.mp4,163,18010.0,18019.0,10.0,Lead Hook,Lead Hook,2,pending,data/raw/Skeleton_data/V7.npy,163,True,True,True,ok,
V7_00165,V7,/Users/krishna/dev/fightflow/data/downloaded-videos/V7.mp4,164,18141.0,18149.0,9.0,Lead Uppercut,Lead Uppercut,3,pending,data/raw/Skeleton_data/V7.npy,164,True,True,True,ok,
V7_00166,V7,/Users/krishna/dev/fightflow/data/downloaded-videos/V7.mp4,165,18150.0,18158.0,9.0,Lead Hook,Lead Hook,2,pending,data/raw/Skeleton_data/V7.npy,165,True,True,True,ok,
V7_00167,V7,/Users/krishna/dev/fightflow/data/downloaded-videos/V7.mp4,166,18238.0,18249.0,12.0,Lead Uppercut,Lead Uppercut,3,pending,data/raw/Skeleton_data/V7.npy,166,True,True,True,ok,
V7_00168,V7,/Users/krishna/dev/fightflow/data/downloaded-videos/V7.mp4,167,18253.0,18269.0,17.0,Lead Hook,Lead Hook,2,pending,data/raw/Skeleton_data/V7.npy,167,True,True,True,ok,
V7_00169,V7,/Users/krishna/dev/fightflow/data/downloaded-videos/V7.mp4,168,18363.0,18373.0,11.0,Lead Uppercut,Lead Uppercut,3,pending,data/raw/Skeleton_data/V7.npy,168,True,True,True,ok,
V7_00170,V7,/Users/krishna/dev/fightflow/data/downloaded-videos/V7.mp4,169,18374.0,18382.0,9.0,Lead Hook,Lead Hook,2,pending,data/raw/Skeleton_data/V7.npy,169,True,True,True,ok,
V7_00171,V7,/Users/krishna/dev/fightflow/data/downloaded-videos/V7.mp4,170,18576.0,18588.0,13.0,Lead Uppercut,Lead Uppercut,3,pending,data/raw/Skeleton_data/V7.npy,170,True,True,True,ok,
V7_00172,V7,/Users/krishna/dev/fightflow/data/downloaded-videos/V7.mp4,171,18588.0,18598.0,11.0,Lead Hook,Lead Hook,2,pending,data/raw/Skeleton_data/V7.npy,171,True,True,True,ok,
V7_00173,V7,/Users/krishna/dev/fightflow/data/downloaded-videos/V7.mp4,172,18602.0,18615.0,14.0,Lead Uppercut,Lead Uppercut,3,pending,data/raw/Skeleton_data/V7.npy,172,True,True,True,ok,
V7_00174,V7,/Users/krishna/dev/fightflow/data/downloaded-videos/V7.mp4,173,18795.0,18803.0,9.0,Lead Uppercut,Lead Uppercut,3,pending,data/raw/Skeleton_data/V7.npy,173,True,True,True,ok,
V7_00175,V7,/Users/krishna/dev/fightflow/data/downloaded-videos/V7.mp4,174,18804.0,18814.0,11.0,Lead Hook,Lead Hook,2,pending,data/raw/Skeleton_data/V7.npy,174,True,True,True,ok,
V7_00176,V7,/Users/krishna/dev/fightflow/data/downloaded-videos/V7.mp4,175,18818.0,18830.0,13.0,Lead Uppercut,Lead Uppercut,3,pending,data/raw/Skeleton_data/V7.npy,175,True,True,True,ok,
V7_00177,V7,/Users/krishna/dev/fightflow/data/downloaded-videos/V7.mp4,176,18988.0,18998.0,11.0,Lead Uppercut,Lead Uppercut,3,pending,data/raw/Skeleton_data/V7.npy,176,True,True,True,ok,
V7_00178,V7,/Users/krishna/dev/fightflow/data/downloaded-videos/V7.mp4,177,19051.0,19063.0,13.0,Lead Uppercut,Lead Uppercut,3,pending,data/raw/Skeleton_data/V7.npy,177,True,True,True,ok,
V7_00179,V7,/Users/krishna/dev/fightflow/data/downloaded-videos/V7.mp4,178,19213.0,19222.0,10.0,Lead Uppercut,Lead Uppercut,3,pending,data/raw/Skeleton_data/V7.npy,178,True,True,True,ok,
V7_00180,V7,/Users/krishna/dev/fightflow/data/downloaded-videos/V7.mp4,179,19224.0,19241.0,18.0,Lead Hook,Lead Hook,2,pending,data/raw/Skeleton_data/V7.npy,179,True,True,True,ok,
V7_00181,V7,/Users/krishna/dev/fightflow/data/downloaded-videos/V7.mp4,180,19247.0,19257.0,11.0,Lead Uppercut,Lead Uppercut,3,pending,data/raw/Skeleton_data/V7.npy,180,True,True,True,ok,
V7_00182,V7,/Users/krishna/dev/fightflow/data/downloaded-videos/V7.mp4,181,19361.0,19370.0,10.0,Lead Uppercut,Lead Uppercut,3,pending,data/raw/Skeleton_data/V7.npy,181,True,True,True,ok,
V7_00183,V7,/Users/krishna/dev/fightflow/data/downloaded-videos/V7.mp4,182,19371.0,19380.0,10.0,Lead Hook,Lead Hook,2,pending,data/raw/Skeleton_data/V7.npy,182,True,True,True,ok,
V7_00184,V7,/Users/krishna/dev/fightflow/data/downloaded-videos/V7.mp4,183,19385.0,19393.0,9.0,Lead Uppercut,Lead Uppercut,3,pending,data/raw/Skeleton_data/V7.npy,183,True,True,True,ok,
V7_00185,V7,/Users/krishna/dev/fightflow/data/downloaded-videos/V7.mp4,184,19525.0,19533.0,9.0,Lead Uppercut,Lead Uppercut,3,pending,data/raw/Skeleton_data/V7.npy,184,True,True,True,ok,
V7_00186,V7,/Users/krishna/dev/fightflow/data/downloaded-videos/V7.mp4,185,19535.0,19544.0,10.0,Lead Hook,Lead Hook,2,pending,data/raw/Skeleton_data/V7.npy,185,True,True,True,ok,
V7_00187,V7,/Users/krishna/dev/fightflow/data/downloaded-videos/V7.mp4,186,19547.0,19557.0,11.0,Lead Uppercut,Lead Uppercut,3,pending,data/raw/Skeleton_data/V7.npy,186,True,True,True,ok,
V7_00188,V7,/Users/krishna/dev/fightflow/data/downloaded-videos/V7.mp4,187,19684.0,19692.0,9.0,Lead Uppercut,Lead Uppercut,3,pending,data/raw/Skeleton_data/V7.npy,187,True,True,True,ok,
V7_00189,V7,/Users/krishna/dev/fightflow/data/downloaded-videos/V7.mp4,188,19695.0,19704.0,10.0,Lead Hook,Lead Hook,2,pending,data/raw/Skeleton_data/V7.npy,188,True,True,True,ok,
V7_00190,V7,/Users/krishna/dev/fightflow/data/downloaded-videos/V7.mp4,189,19709.0,19719.0,11.0,Lead Uppercut,Lead Uppercut,3,pending,data/raw/Skeleton_data/V7.npy,189,True,True,True,ok,
V7_00191,V7,/Users/krishna/dev/fightflow/data/downloaded-videos/V7.mp4,190,19824.0,19833.0,10.0,Lead Uppercut,Lead Uppercut,3,pending,data/raw/Skeleton_data/V7.npy,190,True,True,True,ok,
V7_00192,V7,/Users/krishna/dev/fightflow/data/downloaded-videos/V7.mp4,191,19835.0,19845.0,11.0,Lead Hook,Lead Hook,2,pending,data/raw/Skeleton_data/V7.npy,191,True,True,True,ok,
V7_00193,V7,/Users/krishna/dev/fightflow/data/downloaded-videos/V7.mp4,192,19850.0,19859.0,10.0,Lead Uppercut,Lead Uppercut,3,pending,data/raw/Skeleton_data/V7.npy,192,True,True,True,ok,
V7_00194,V7,/Users/krishna/dev/fightflow/data/downloaded-videos/V7.mp4,193,19996.0,20018.0,23.0,Rear Hook,Rear Hook,4,pending,data/raw/Skeleton_data/V7.npy,193,True,True,True,ok,
V7_00195,V7,/Users/krishna/dev/fightflow/data/downloaded-videos/V7.mp4,194,20014.0,20034.0,21.0,Lead Hook,Lead Hook,2,pending,data/raw/Skeleton_data/V7.npy,194,True,True,True,ok,
V8_00001,V8,/Users/krishna/dev/fightflow/data/downloaded-videos/V8.mp4,0,1372.0,1381.0,10.0,Jab,Jab,1,pending,data/raw/Skeleton_data/V8.npy,0,True,True,True,ok,
V8_00002,V8,/Users/krishna/dev/fightflow/data/downloaded-videos/V8.mp4,1,1437.0,1445.0,9.0,Jab,Jab,1,pending,data/raw/Skeleton_data/V8.npy,1,True,True,True,ok,
V8_00003,V8,/Users/krishna/dev/fightflow/data/downloaded-videos/V8.mp4,2,1446.0,1454.0,9.0,Jab,Jab,1,pending,data/raw/Skeleton_data/V8.npy,2,True,True,True,ok,
V8_00004,V8,/Users/krishna/dev/fightflow/data/downloaded-videos/V8.mp4,3,1481.0,1488.0,8.0,Jab,Jab,1,pending,data/raw/Skeleton_data/V8.npy,3,True,True,True,ok,
V8_00005,V8,/Users/krishna/dev/fightflow/data/downloaded-videos/V8.mp4,4,1497.0,1505.0,9.0,Cross,Cross,0,pending,data/raw/Skeleton_data/V8.npy,4,True,True,True,ok,
V8_00006,V8,/Users/krishna/dev/fightflow/data/downloaded-videos/V8.mp4,5,1535.0,1554.0,20.0,Lead Uppercut,Lead Uppercut,3,pending,data/raw/Skeleton_data/V8.npy,5,True,True,True,ok,
V8_00007,V8,/Users/krishna/dev/fightflow/data/downloaded-videos/V8.mp4,6,1568.0,1583.0,16.0,Rear Uppercut,Rear Uppercut,5,pending,data/raw/Skeleton_data/V8.npy,6,True,True,True,ok,
V8_00008,V8,/Users/krishna/dev/fightflow/data/downloaded-videos/V8.mp4,7,1737.0,1746.0,10.0,Cross,Cross,0,pending,data/raw/Skeleton_data/V8.npy,7,True,True,True,ok,
V8_00009,V8,/Users/krishna/dev/fightflow/data/downloaded-videos/V8.mp4,8,1741.0,1756.0,16.0,Lead Hook,Lead Hook,2,pending,data/raw/Skeleton_data/V8.npy,8,True,True,True,ok,
V8_00010,V8,/Users/krishna/dev/fightflow/data/downloaded-videos/V8.mp4,9,1752.0,1758.0,7.0,Rear Uppercut,Rear Uppercut,5,pending,data/raw/Skeleton_data/V8.npy,9,True,True,True,ok,
V8_00011,V8,/Users/krishna/dev/fightflow/data/downloaded-videos/V8.mp4,10,1759.0,1776.0,18.0,Lead Hook,Lead Hook,2,pending,data/raw/Skeleton_data/V8.npy,10,True,True,True,ok,
V8_00012,V8,/Users/krishna/dev/fightflow/data/downloaded-videos/V8.mp4,11,1829.0,1839.0,11.0,Jab,Jab,1,pending,data/raw/Skeleton_data/V8.npy,11,True,True,True,ok,
V8_00013,V8,/Users/krishna/dev/fightflow/data/downloaded-videos/V8.mp4,12,1846.0,1854.0,9.0,Jab,Jab,1,pending,data/raw/Skeleton_data/V8.npy,12,True,True,True,ok,
V8_00014,V8,/Users/krishna/dev/fightflow/data/downloaded-videos/V8.mp4,13,1853.0,1860.0,8.0,Cross,Cross,0,pending,data/raw/Skeleton_data/V8.npy,13,True,True,True,ok,
V8_00015,V8,/Users/krishna/dev/fightflow/data/downloaded-videos/V8.mp4,14,1858.0,1870.0,13.0,Lead Hook,Lead Hook,2,pending,data/raw/Skeleton_data/V8.npy,14,True,True,True,ok,
V8_00016,V8,/Users/krishna/dev/fightflow/data/downloaded-videos/V8.mp4,15,1886.0,1894.0,9.0,Cross,Cross,0,pending,data/raw/Skeleton_data/V8.npy,15,True,True,True,ok,
V8_00017,V8,/Users/krishna/dev/fightflow/data/downloaded-videos/V8.mp4,16,1889.0,1898.0,10.0,Lead Uppercut,Lead Uppercut,3,pending,data/raw/Skeleton_data/V8.npy,16,True,True,True,ok,
V8_00018,V8,/Users/krishna/dev/fightflow/data/downloaded-videos/V8.mp4,17,1902.0,1913.0,12.0,Lead Hook,Lead Hook,2,pending,data/raw/Skeleton_data/V8.npy,17,True,True,True,ok,
V8_00019,V8,/Users/krishna/dev/fightflow/data/downloaded-videos/V8.mp4,18,1941.0,1955.0,15.0,Rear Uppercut,Rear Uppercut,5,pending,data/raw/Skeleton_data/V8.npy,18,True,True,True,ok,
V8_00020,V8,/Users/krishna/dev/fightflow/data/downloaded-videos/V8.mp4,19,1955.0,1967.0,13.0,Lead Hook,Lead Hook,2,pending,data/raw/Skeleton_data/V8.npy,19,True,True,True,ok,
V8_00021,V8,/Users/krishna/dev/fightflow/data/downloaded-videos/V8.mp4,20,4849.0,4859.0,11.0,Jab,Jab,1,pending,data/raw/Skeleton_data/V8.npy,20,True,True,True,ok,
V8_00022,V8,/Users/krishna/dev/fightflow/data/downloaded-videos/V8.mp4,21,4906.0,4915.0,10.0,Jab,Jab,1,pending,data/raw/Skeleton_data/V8.npy,21,True,True,True,ok,
V8_00023,V8,/Users/krishna/dev/fightflow/data/downloaded-videos/V8.mp4,22,4915.0,4923.0,9.0,Jab,Jab,1,pending,data/raw/Skeleton_data/V8.npy,22,True,True,True,ok,
V8_00024,V8,/Users/krishna/dev/fightflow/data/downloaded-videos/V8.mp4,23,5055.0,5063.0,9.0,Jab,Jab,1,pending,data/raw/Skeleton_data/V8.npy,23,True,True,True,ok,
V8_00025,V8,/Users/krishna/dev/fightflow/data/downloaded-videos/V8.mp4,24,5120.0,5128.0,9.0,Jab,Jab,1,pending,data/raw/Skeleton_data/V8.npy,24,True,True,True,ok,
V8_00026,V8,/Users/krishna/dev/fightflow/data/downloaded-videos/V8.mp4,25,5128.0,5137.0,10.0,Jab,Jab,1,pending,data/raw/Skeleton_data/V8.npy,25,True,True,True,ok,
V8_00027,V8,/Users/krishna/dev/fightflow/data/downloaded-videos/V8.mp4,26,5191.0,5198.0,8.0,Jab,Jab,1,pending,data/raw/Skeleton_data/V8.npy,26,True,True,True,ok,
V8_00028,V8,/Users/krishna/dev/fightflow/data/downloaded-videos/V8.mp4,27,5199.0,5208.0,10.0,Jab,Jab,1,pending,data/raw/Skeleton_data/V8.npy,27,True,True,True,ok,
V8_00029,V8,/Users/krishna/dev/fightflow/data/downloaded-videos/V8.mp4,28,5361.0,5371.0,11.0,Jab,Jab,1,pending,data/raw/Skeleton_data/V8.npy,28,True,True,True,ok,
V8_00030,V8,/Users/krishna/dev/fightflow/data/downloaded-videos/V8.mp4,29,5427.0,5440.0,14.0,Jab,Jab,1,pending,data/raw/Skeleton_data/V8.npy,29,True,True,True,ok,
V8_00031,V8,/Users/krishna/dev/fightflow/data/downloaded-videos/V8.mp4,30,5522.0,5532.0,11.0,Jab,Jab,1,pending,data/raw/Skeleton_data/V8.npy,30,True,True,True,ok,
V8_00032,V8,/Users/krishna/dev/fightflow/data/downloaded-videos/V8.mp4,31,5634.0,5642.0,9.0,Jab,Jab,1,pending,data/raw/Skeleton_data/V8.npy,31,True,True,True,ok,
V8_00033,V8,/Users/krishna/dev/fightflow/data/downloaded-videos/V8.mp4,32,5642.0,5650.0,9.0,Jab,Jab,1,pending,data/raw/Skeleton_data/V8.npy,32,True,True,True,ok,
V8_00034,V8,/Users/krishna/dev/fightflow/data/downloaded-videos/V8.mp4,33,5650.0,5659.0,10.0,Jab,Jab,1,pending,data/raw/Skeleton_data/V8.npy,33,True,True,True,ok,
V8_00035,V8,/Users/krishna/dev/fightflow/data/downloaded-videos/V8.mp4,34,5695.0,5704.0,10.0,Jab,Jab,1,pending,data/raw/Skeleton_data/V8.npy,34,True,True,True,ok,
V8_00036,V8,/Users/krishna/dev/fightflow/data/downloaded-videos/V8.mp4,35,5761.0,5770.0,10.0,Jab,Jab,1,pending,data/raw/Skeleton_data/V8.npy,35,True,True,True,ok,
V8_00037,V8,/Users/krishna/dev/fightflow/data/downloaded-videos/V8.mp4,36,5774.0,5783.0,10.0,Jab,Jab,1,pending,data/raw/Skeleton_data/V8.npy,36,True,True,True,ok,
V8_00038,V8,/Users/krishna/dev/fightflow/data/downloaded-videos/V8.mp4,37,5842.0,5853.0,12.0,Jab,Jab,1,pending,data/raw/Skeleton_data/V8.npy,37,True,True,True,ok,
V8_00039,V8,/Users/krishna/dev/fightflow/data/downloaded-videos/V8.mp4,38,5938.0,5948.0,11.0,Jab,Jab,1,pending,data/raw/Skeleton_data/V8.npy,38,True,True,True,ok,
V8_00040,V8,/Users/krishna/dev/fightflow/data/downloaded-videos/V8.mp4,39,6962.0,6971.0,10.0,Cross,Cross,0,pending,data/raw/Skeleton_data/V8.npy,39,True,True,True,ok,
V8_00041,V8,/Users/krishna/dev/fightflow/data/downloaded-videos/V8.mp4,40,7018.0,7027.0,10.0,Cross,Cross,0,pending,data/raw/Skeleton_data/V8.npy,40,True,True,True,ok,
V8_00042,V8,/Users/krishna/dev/fightflow/data/downloaded-videos/V8.mp4,41,7095.0,7104.0,10.0,Cross,Cross,0,pending,data/raw/Skeleton_data/V8.npy,41,True,True,True,ok,
V8_00043,V8,/Users/krishna/dev/fightflow/data/downloaded-videos/V8.mp4,42,7143.0,7153.0,11.0,Cross,Cross,0,pending,data/raw/Skeleton_data/V8.npy,42,True,True,True,ok,
V8_00044,V8,/Users/krishna/dev/fightflow/data/downloaded-videos/V8.mp4,43,7249.0,7259.0,11.0,Cross,Cross,0,pending,data/raw/Skeleton_data/V8.npy,43,True,True,True,ok,
V8_00045,V8,/Users/krishna/dev/fightflow/data/downloaded-videos/V8.mp4,44,7321.0,7330.0,10.0,Cross,Cross,0,pending,data/raw/Skeleton_data/V8.npy,44,True,True,True,ok,
V8_00046,V8,/Users/krishna/dev/fightflow/data/downloaded-videos/V8.mp4,45,7326.0,7335.0,10.0,Lead Uppercut,Lead Uppercut,3,pending,data/raw/Skeleton_data/V8.npy,45,True,True,True,ok,
V8_00047,V8,/Users/krishna/dev/fightflow/data/downloaded-videos/V8.mp4,46,7580.0,7590.0,11.0,Cross,Cross,0,pending,data/raw/Skeleton_data/V8.npy,46,True,True,True,ok,
V8_00048,V8,/Users/krishna/dev/fightflow/data/downloaded-videos/V8.mp4,47,7699.0,7709.0,11.0,Cross,Cross,0,pending,data/raw/Skeleton_data/V8.npy,47,True,True,True,ok,
V8_00049,V8,/Users/krishna/dev/fightflow/data/downloaded-videos/V8.mp4,48,7920.0,7929.0,10.0,Cross,Cross,0,pending,data/raw/Skeleton_data/V8.npy,48,True,True,True,ok,
V8_00050,V8,/Users/krishna/dev/fightflow/data/downloaded-videos/V8.mp4,49,7974.0,7984.0,11.0,Cross,Cross,0,pending,data/raw/Skeleton_data/V8.npy,49,True,True,True,ok,
V8_00051,V8,/Users/krishna/dev/fightflow/data/downloaded-videos/V8.mp4,50,8064.0,8073.0,10.0,Cross,Cross,0,pending,data/raw/Skeleton_data/V8.npy,50,True,True,True,ok,
V8_00052,V8,/Users/krishna/dev/fightflow/data/downloaded-videos/V8.mp4,51,8068.0,8079.0,12.0,Lead Uppercut,Lead Uppercut,3,pending,data/raw/Skeleton_data/V8.npy,51,True,True,True,ok,
V8_00053,V8,/Users/krishna/dev/fightflow/data/downloaded-videos/V8.mp4,52,8098.0,8107.0,10.0,Cross,Cross,0,pending,data/raw/Skeleton_data/V8.npy,52,True,True,True,ok,
V8_00054,V8,/Users/krishna/dev/fightflow/data/downloaded-videos/V8.mp4,53,8152.0,8161.0,10.0,Cross,Cross,0,pending,data/raw/Skeleton_data/V8.npy,53,True,True,True,ok,
V8_00055,V8,/Users/krishna/dev/fightflow/data/downloaded-videos/V8.mp4,54,8242.0,8252.0,11.0,Cross,Cross,0,pending,data/raw/Skeleton_data/V8.npy,54,True,True,True,ok,
V8_00056,V8,/Users/krishna/dev/fightflow/data/downloaded-videos/V8.mp4,55,8302.0,8325.0,24.0,Cross,Cross,0,pending,data/raw/Skeleton_data/V8.npy,55,True,True,True,ok,
V8_00057,V8,/Users/krishna/dev/fightflow/data/downloaded-videos/V8.mp4,56,8471.0,8480.0,10.0,Cross,Cross,0,pending,data/raw/Skeleton_data/V8.npy,56,True,True,True,ok,
V8_00058,V8,/Users/krishna/dev/fightflow/data/downloaded-videos/V8.mp4,57,8474.0,8493.0,20.0,Lead Hook,Lead Hook,2,pending,data/raw/Skeleton_data/V8.npy,57,True,True,True,ok,
V8_00059,V8,/Users/krishna/dev/fightflow/data/downloaded-videos/V8.mp4,58,8534.0,8549.0,16.0,Lead Hook,Lead Hook,2,pending,data/raw/Skeleton_data/V8.npy,58,True,True,True,ok,
V8_00060,V8,/Users/krishna/dev/fightflow/data/downloaded-videos/V8.mp4,59,8637.0,8646.0,10.0,Lead Hook,Lead Hook,2,pending,data/raw/Skeleton_data/V8.npy,59,True,True,True,ok,
V8_00061,V8,/Users/krishna/dev/fightflow/data/downloaded-videos/V8.mp4,60,8756.0,8764.0,9.0,Cross,Cross,0,pending,data/raw/Skeleton_data/V8.npy,60,True,True,True,ok,
V8_00062,V8,/Users/krishna/dev/fightflow/data/downloaded-videos/V8.mp4,61,8760.0,8779.0,20.0,Lead Hook,Lead Hook,2,pending,data/raw/Skeleton_data/V8.npy,61,True,True,True,ok,
V8_00063,V8,/Users/krishna/dev/fightflow/data/downloaded-videos/V8.mp4,62,8842.0,8857.0,16.0,Lead Uppercut,Lead Uppercut,3,pending,data/raw/Skeleton_data/V8.npy,62,True,True,True,ok,
V8_00064,V8,/Users/krishna/dev/fightflow/data/downloaded-videos/V8.mp4,63,8913.0,8921.0,9.0,Lead Hook,Lead Hook,2,pending,data/raw/Skeleton_data/V8.npy,63,True,True,True,ok,
V8_00065,V8,/Users/krishna/dev/fightflow/data/downloaded-videos/V8.mp4,64,8913.0,8935.0,23.0,Lead Uppercut,Lead Uppercut,3,pending,data/raw/Skeleton_data/V8.npy,64,True,True,True,ok,
V8_00066,V8,/Users/krishna/dev/fightflow/data/downloaded-videos/V8.mp4,65,8988.0,9007.0,20.0,Lead Hook,Lead Hook,2,pending,data/raw/Skeleton_data/V8.npy,65,True,True,True,ok,
V8_00067,V8,/Users/krishna/dev/fightflow/data/downloaded-videos/V8.mp4,66,9065.0,9080.0,16.0,Lead Hook,Lead Hook,2,pending,data/raw/Skeleton_data/V8.npy,66,True,True,True,ok,
V8_00068,V8,/Users/krishna/dev/fightflow/data/downloaded-videos/V8.mp4,67,9084.0,9095.0,12.0,Lead Uppercut,Lead Uppercut,3,pending,data/raw/Skeleton_data/V8.npy,67,True,True,True,ok,
V8_00069,V8,/Users/krishna/dev/fightflow/data/downloaded-videos/V8.mp4,68,9114.0,9122.0,9.0,Cross,Cross,0,pending,data/raw/Skeleton_data/V8.npy,68,True,True,True,ok,
V8_00070,V8,/Users/krishna/dev/fightflow/data/downloaded-videos/V8.mp4,69,9121.0,9132.0,12.0,Lead Hook,Lead Hook,2,pending,data/raw/Skeleton_data/V8.npy,69,True,True,True,ok,
V8_00071,V8,/Users/krishna/dev/fightflow/data/downloaded-videos/V8.mp4,70,9181.0,9197.0,17.0,Lead Uppercut,Lead Uppercut,3,pending,data/raw/Skeleton_data/V8.npy,70,True,True,True,ok,
V8_00072,V8,/Users/krishna/dev/fightflow/data/downloaded-videos/V8.mp4,71,9214.0,9230.0,17.0,Rear Uppercut,Rear Uppercut,5,pending,data/raw/Skeleton_data/V8.npy,71,True,True,True,ok,
V8_00073,V8,/Users/krishna/dev/fightflow/data/downloaded-videos/V8.mp4,72,9272.0,9287.0,16.0,Lead Hook,Lead Hook,2,pending,data/raw/Skeleton_data/V8.npy,72,True,True,True,ok,
V8_00074,V8,/Users/krishna/dev/fightflow/data/downloaded-videos/V8.mp4,73,9286.0,9299.0,14.0,Rear Uppercut,Rear Uppercut,5,pending,data/raw/Skeleton_data/V8.npy,73,True,True,True,ok,
V8_00075,V8,/Users/krishna/dev/fightflow/data/downloaded-videos/V8.mp4,74,9335.0,9344.0,10.0,Cross,Cross,0,pending,data/raw/Skeleton_data/V8.npy,74,True,True,True,ok,
V8_00076,V8,/Users/krishna/dev/fightflow/data/downloaded-videos/V8.mp4,75,9339.0,9350.0,12.0,Lead Uppercut,Lead Uppercut,3,pending,data/raw/Skeleton_data/V8.npy,75,True,True,True,ok,
V8_00077,V8,/Users/krishna/dev/fightflow/data/downloaded-videos/V8.mp4,76,9357.0,9369.0,13.0,Rear Uppercut,Rear Uppercut,5,pending,data/raw/Skeleton_data/V8.npy,76,True,True,True,ok,
V8_00078,V8,/Users/krishna/dev/fightflow/data/downloaded-videos/V8.mp4,77,9365.0,9382.0,18.0,Lead Hook,Lead Hook,2,pending,data/raw/Skeleton_data/V8.npy,77,True,True,True,ok,
V8_00079,V8,/Users/krishna/dev/fightflow/data/downloaded-videos/V8.mp4,78,9406.0,9419.0,14.0,Lead Hook,Lead Hook,2,pending,data/raw/Skeleton_data/V8.npy,78,True,True,True,ok,
V8_00080,V8,/Users/krishna/dev/fightflow/data/downloaded-videos/V8.mp4,79,9444.0,9459.0,16.0,Rear Uppercut,Rear Uppercut,5,pending,data/raw/Skeleton_data/V8.npy,79,True,True,True,ok,
V8_00081,V8,/Users/krishna/dev/fightflow/data/downloaded-videos/V8.mp4,80,9534.0,9547.0,14.0,Rear Uppercut,Rear Uppercut,5,pending,data/raw/Skeleton_data/V8.npy,80,True,True,True,ok,
V8_00082,V8,/Users/krishna/dev/fightflow/data/downloaded-videos/V8.mp4,81,9600.0,9610.0,11.0,Cross,Cross,0,pending,data/raw/Skeleton_data/V8.npy,81,True,True,True,ok,
V8_00083,V8,/Users/krishna/dev/fightflow/data/downloaded-videos/V8.mp4,82,9637.0,9646.0,10.0,Cross,Cross,0,pending,data/raw/Skeleton_data/V8.npy,82,True,True,True,ok,
V8_00084,V8,/Users/krishna/dev/fightflow/data/downloaded-videos/V8.mp4,83,9643.0,9651.0,9.0,Lead Uppercut,Lead Uppercut,3,pending,data/raw/Skeleton_data/V8.npy,83,True,True,True,ok,
V8_00085,V8,/Users/krishna/dev/fightflow/data/downloaded-videos/V8.mp4,84,9652.0,9662.0,11.0,Lead Hook,Lead Hook,2,pending,data/raw/Skeleton_data/V8.npy,84,True,True,True,ok,
V8_00086,V8,/Users/krishna/dev/fightflow/data/downloaded-videos/V8.mp4,85,9660.0,9671.0,12.0,Rear Uppercut,Rear Uppercut,5,pending,data/raw/Skeleton_data/V8.npy,85,True,True,True,ok,
V8_00087,V8,/Users/krishna/dev/fightflow/data/downloaded-videos/V8.mp4,86,9670.0,9685.0,16.0,Lead Hook,Lead Hook,2,pending,data/raw/Skeleton_data/V8.npy,86,True,True,True,ok,
V8_00088,V8,/Users/krishna/dev/fightflow/data/downloaded-videos/V8.mp4,87,9732.0,9740.0,9.0,Cross,Cross,0,pending,data/raw/Skeleton_data/V8.npy,87,True,True,True,ok,
V8_00089,V8,/Users/krishna/dev/fightflow/data/downloaded-videos/V8.mp4,88,9747.0,9757.0,11.0,Lead Hook,Lead Hook,2,pending,data/raw/Skeleton_data/V8.npy,88,True,True,True,ok,
V8_00090,V8,/Users/krishna/dev/fightflow/data/downloaded-videos/V8.mp4,89,9775.0,9784.0,10.0,Cross,Cross,0,pending,data/raw/Skeleton_data/V8.npy,89,True,True,True,ok,
V8_00091,V8,/Users/krishna/dev/fightflow/data/downloaded-videos/V8.mp4,90,9792.0,9806.0,15.0,Lead Hook,Lead Hook,2,pending,data/raw/Skeleton_data/V8.npy,90,True,True,True,ok,
V8_00092,V8,/Users/krishna/dev/fightflow/data/downloaded-videos/V8.mp4,91,9838.0,9855.0,18.0,Lead Hook,Lead Hook,2,pending,data/raw/Skeleton_data/V8.npy,91,True,True,True,ok,
V8_00093,V8,/Users/krishna/dev/fightflow/data/downloaded-videos/V8.mp4,92,9885.0,9900.0,16.0,Lead Hook,Lead Hook,2,pending,data/raw/Skeleton_data/V8.npy,92,True,True,True,ok,
V8_00094,V8,/Users/krishna/dev/fightflow/data/downloaded-videos/V8.mp4,93,9901.0,9917.0,17.0,Rear Uppercut,Rear Uppercut,5,pending,data/raw/Skeleton_data/V8.npy,93,True,True,True,ok,
V8_00095,V8,/Users/krishna/dev/fightflow/data/downloaded-videos/V8.mp4,94,9982.0,9991.0,10.0,Rear Uppercut,Rear Uppercut,5,pending,data/raw/Skeleton_data/V8.npy,94,True,True,True,ok,
V8_00096,V8,/Users/krishna/dev/fightflow/data/downloaded-videos/V8.mp4,95,9988.0,10002.0,15.0,Lead Hook,Lead Hook,2,pending,data/raw/Skeleton_data/V8.npy,95,True,True,True,ok,
V8_00097,V8,/Users/krishna/dev/fightflow/data/downloaded-videos/V8.mp4,96,10049.0,10057.0,9.0,Lead Hook,Lead Hook,2,pending,data/raw/Skeleton_data/V8.npy,96,True,True,True,ok,
V8_00098,V8,/Users/krishna/dev/fightflow/data/downloaded-videos/V8.mp4,97,10058.0,10068.0,11.0,Lead Hook,Lead Hook,2,pending,data/raw/Skeleton_data/V8.npy,97,True,True,True,ok,
V8_00099,V8,/Users/krishna/dev/fightflow/data/downloaded-videos/V8.mp4,98,10123.0,10136.0,14.0,Lead Hook,Lead Hook,2,pending,data/raw/Skeleton_data/V8.npy,98,True,True,True,ok,
V8_00100,V8,/Users/krishna/dev/fightflow/data/downloaded-videos/V8.mp4,99,10142.0,10150.0,9.0,Lead Uppercut,Lead Uppercut,3,pending,data/raw/Skeleton_data/V8.npy,99,True,True,True,ok,
V8_00101,V8,/Users/krishna/dev/fightflow/data/downloaded-videos/V8.mp4,100,10157.0,10169.0,13.0,Rear Uppercut,Rear Uppercut,5,pending,data/raw/Skeleton_data/V8.npy,100,True,True,True,ok,
V8_00102,V8,/Users/krishna/dev/fightflow/data/downloaded-videos/V8.mp4,101,10480.0,10489.0,10.0,Cross,Cross,0,pending,data/raw/Skeleton_data/V8.npy,101,True,True,True,ok,
V8_00103,V8,/Users/krishna/dev/fightflow/data/downloaded-videos/V8.mp4,102,10561.0,10569.0,9.0,Cross,Cross,0,pending,data/raw/Skeleton_data/V8.npy,102,True,True,True,ok,
V8_00104,V8,/Users/krishna/dev/fightflow/data/downloaded-videos/V8.mp4,103,10726.0,10742.0,17.0,Lead Hook,Lead Hook,2,pending,data/raw/Skeleton_data/V8.npy,103,True,True,True,ok,
V8_00105,V8,/Users/krishna/dev/fightflow/data/downloaded-videos/V8.mp4,104,10811.0,10829.0,19.0,Lead Hook,Lead Hook,2,pending,data/raw/Skeleton_data/V8.npy,104,True,True,True,ok,
V8_00106,V8,/Users/krishna/dev/fightflow/data/downloaded-videos/V8.mp4,105,11018.0,11027.0,10.0,Cross,Cross,0,pending,data/raw/Skeleton_data/V8.npy,105,True,True,True,ok,
V8_00107,V8,/Users/krishna/dev/fightflow/data/downloaded-videos/V8.mp4,106,11088.0,11101.0,14.0,Lead Hook,Lead Hook,2,pending,data/raw/Skeleton_data/V8.npy,106,True,True,True,ok,
V8_00108,V8,/Users/krishna/dev/fightflow/data/downloaded-videos/V8.mp4,107,11185.0,11206.0,22.0,Lead Hook,Lead Hook,2,pending,data/raw/Skeleton_data/V8.npy,107,True,True,True,ok,
V8_00109,V8,/Users/krishna/dev/fightflow/data/downloaded-videos/V8.mp4,108,11215.0,11227.0,13.0,Lead Hook,Lead Hook,2,pending,data/raw/Skeleton_data/V8.npy,108,True,True,True,ok,
V8_00110,V8,/Users/krishna/dev/fightflow/data/downloaded-videos/V8.mp4,109,11303.0,11309.0,7.0,Cross,Cross,0,pending,data/raw/Skeleton_data/V8.npy,109,True,True,True,ok,
V8_00111,V8,/Users/krishna/dev/fightflow/data/downloaded-videos/V8.mp4,110,11400.0,11406.0,7.0,Cross,Cross,0,pending,data/raw/Skeleton_data/V8.npy,110,True,True,True,ok,
V8_00112,V8,/Users/krishna/dev/fightflow/data/downloaded-videos/V8.mp4,111,11405.0,11416.0,12.0,Lead Hook,Lead Hook,2,pending,data/raw/Skeleton_data/V8.npy,111,True,True,True,ok,
V8_00113,V8,/Users/krishna/dev/fightflow/data/downloaded-videos/V8.mp4,112,11470.0,11482.0,13.0,Lead Hook,Lead Hook,2,pending,data/raw/Skeleton_data/V8.npy,112,True,True,True,ok,
V8_00114,V8,/Users/krishna/dev/fightflow/data/downloaded-videos/V8.mp4,113,12173.0,12189.0,17.0,Lead Hook,Lead Hook,2,pending,data/raw/Skeleton_data/V8.npy,113,True,True,True,ok,
V8_00115,V8,/Users/krishna/dev/fightflow/data/downloaded-videos/V8.mp4,114,12253.0,12261.0,9.0,Lead Hook,Lead Hook,2,pending,data/raw/Skeleton_data/V8.npy,114,True,True,True,ok,
V8_00116,V8,/Users/krishna/dev/fightflow/data/downloaded-videos/V8.mp4,115,12386.0,12395.0,10.0,Lead Uppercut,Lead Uppercut,3,pending,data/raw/Skeleton_data/V8.npy,115,True,True,True,ok,
V8_00117,V8,/Users/krishna/dev/fightflow/data/downloaded-videos/V8.mp4,116,12474.0,12484.0,11.0,Lead Hook,Lead Hook,2,pending,data/raw/Skeleton_data/V8.npy,116,True,True,True,ok,
V8_00118,V8,/Users/krishna/dev/fightflow/data/downloaded-videos/V8.mp4,117,12483.0,12492.0,10.0,Rear Uppercut,Rear Uppercut,5,pending,data/raw/Skeleton_data/V8.npy,117,True,True,True,ok,
V8_00119,V8,/Users/krishna/dev/fightflow/data/downloaded-videos/V8.mp4,118,12492.0,12505.0,14.0,Lead Hook,Lead Hook,2,pending,data/raw/Skeleton_data/V8.npy,118,True,True,True,ok,
V8_00120,V8,/Users/krishna/dev/fightflow/data/downloaded-videos/V8.mp4,119,12571.0,12584.0,14.0,Lead Hook,Lead Hook,2,pending,data/raw/Skeleton_data/V8.npy,119,True,True,True,ok,
V8_00121,V8,/Users/krishna/dev/fightflow/data/downloaded-videos/V8.mp4,120,13045.0,13054.0,10.0,Lead Hook,Lead Hook,2,pending,data/raw/Skeleton_data/V8.npy,120,True,True,True,ok,
V8_00122,V8,/Users/krishna/dev/fightflow/data/downloaded-videos/V8.mp4,121,13121.0,13136.0,16.0,Lead Hook,Lead Hook,2,pending,data/raw/Skeleton_data/V8.npy,121,True,True,True,ok,
V8_00123,V8,/Users/krishna/dev/fightflow/data/downloaded-videos/V8.mp4,122,13510.0,13519.0,10.0,Lead Uppercut,Lead Uppercut,3,pending,data/raw/Skeleton_data/V8.npy,122,True,True,True,ok,
V8_00124,V8,/Users/krishna/dev/fightflow/data/downloaded-videos/V8.mp4,123,13567.0,13576.0,10.0,Lead Hook,Lead Hook,2,pending,data/raw/Skeleton_data/V8.npy,123,True,True,True,ok,
V8_00125,V8,/Users/krishna/dev/fightflow/data/downloaded-videos/V8.mp4,124,13584.0,13595.0,12.0,Lead Hook,Lead Hook,2,pending,data/raw/Skeleton_data/V8.npy,124,True,True,True,ok,
V8_00126,V8,/Users/krishna/dev/fightflow/data/downloaded-videos/V8.mp4,125,13727.0,13735.0,9.0,Lead Hook,Lead Hook,2,pending,data/raw/Skeleton_data/V8.npy,125,True,True,True,ok,
V8_00127,V8,/Users/krishna/dev/fightflow/data/downloaded-videos/V8.mp4,126,14056.0,14072.0,17.0,Lead Hook,Lead Hook,2,pending,data/raw/Skeleton_data/V8.npy,126,True,True,True,ok,
V8_00128,V8,/Users/krishna/dev/fightflow/data/downloaded-videos/V8.mp4,127,14159.0,14173.0,15.0,Lead Hook,Lead Hook,2,pending,data/raw/Skeleton_data/V8.npy,127,True,True,True,ok,
V8_00129,V8,/Users/krishna/dev/fightflow/data/downloaded-videos/V8.mp4,128,14181.0,14197.0,17.0,Lead Hook,Lead Hook,2,pending,data/raw/Skeleton_data/V8.npy,128,True,True,True,ok,
V8_00130,V8,/Users/krishna/dev/fightflow/data/downloaded-videos/V8.mp4,129,14357.0,14367.0,11.0,Lead Hook,Lead Hook,2,pending,data/raw/Skeleton_data/V8.npy,129,True,True,True,ok,
V8_00131,V8,/Users/krishna/dev/fightflow/data/downloaded-videos/V8.mp4,130,14636.0,14648.0,13.0,Lead Hook,Lead Hook,2,pending,data/raw/Skeleton_data/V8.npy,130,True,True,True,ok,
V8_00132,V8,/Users/krishna/dev/fightflow/data/downloaded-videos/V8.mp4,131,15110.0,15121.0,12.0,Lead Hook,Lead Hook,2,pending,data/raw/Skeleton_data/V8.npy,131,True,True,True,ok,
V8_00133,V8,/Users/krishna/dev/fightflow/data/downloaded-videos/V8.mp4,132,15235.0,15249.0,15.0,Lead Hook,Lead Hook,2,pending,data/raw/Skeleton_data/V8.npy,132,True,True,True,ok,
V8_00134,V8,/Users/krishna/dev/fightflow/data/downloaded-videos/V8.mp4,133,15273.0,15288.0,16.0,Lead Hook,Lead Hook,2,pending,data/raw/Skeleton_data/V8.npy,133,True,True,True,ok,
V8_00135,V8,/Users/krishna/dev/fightflow/data/downloaded-videos/V8.mp4,134,15352.0,15363.0,12.0,Lead Hook,Lead Hook,2,pending,data/raw/Skeleton_data/V8.npy,134,True,True,True,ok,
V8_00136,V8,/Users/krishna/dev/fightflow/data/downloaded-videos/V8.mp4,135,15441.0,15450.0,10.0,Lead Hook,Lead Hook,2,pending,data/raw/Skeleton_data/V8.npy,135,True,True,True,ok,
V8_00137,V8,/Users/krishna/dev/fightflow/data/downloaded-videos/V8.mp4,136,15466.0,15477.0,12.0,Lead Hook,Lead Hook,2,pending,data/raw/Skeleton_data/V8.npy,136,True,True,True,ok,
V8_00138,V8,/Users/krishna/dev/fightflow/data/downloaded-videos/V8.mp4,137,15536.0,15544.0,9.0,Lead Hook,Lead Hook,2,pending,data/raw/Skeleton_data/V8.npy,137,True,True,True,ok,
V8_00139,V8,/Users/krishna/dev/fightflow/data/downloaded-videos/V8.mp4,138,15774.0,15784.0,11.0,Lead Hook,Lead Hook,2,pending,data/raw/Skeleton_data/V8.npy,138,True,True,True,ok,
V8_00140,V8,/Users/krishna/dev/fightflow/data/downloaded-videos/V8.mp4,139,15830.0,15843.0,14.0,Lead Hook,Lead Hook,2,pending,data/raw/Skeleton_data/V8.npy,139,True,True,True,ok,
V8_00141,V8,/Users/krishna/dev/fightflow/data/downloaded-videos/V8.mp4,140,15883.0,15891.0,9.0,Rear Uppercut,Rear Uppercut,5,pending,data/raw/Skeleton_data/V8.npy,140,True,True,True,ok,
V8_00142,V8,/Users/krishna/dev/fightflow/data/downloaded-videos/V8.mp4,141,15889.0,15904.0,16.0,Lead Hook,Lead Hook,2,pending,data/raw/Skeleton_data/V8.npy,141,True,True,True,ok,
V8_00143,V8,/Users/krishna/dev/fightflow/data/downloaded-videos/V8.mp4,142,15961.0,15969.0,9.0,Lead Uppercut,Lead Uppercut,3,pending,data/raw/Skeleton_data/V8.npy,142,True,True,True,ok,
V8_00144,V8,/Users/krishna/dev/fightflow/data/downloaded-videos/V8.mp4,143,15973.0,15985.0,13.0,Lead Hook,Lead Hook,2,pending,data/raw/Skeleton_data/V8.npy,143,True,True,True,ok,
V8_00145,V8,/Users/krishna/dev/fightflow/data/downloaded-videos/V8.mp4,144,16135.0,16149.0,15.0,Lead Hook,Lead Hook,2,pending,data/raw/Skeleton_data/V8.npy,144,True,True,True,ok,
V8_00146,V8,/Users/krishna/dev/fightflow/data/downloaded-videos/V8.mp4,145,16275.0,16284.0,10.0,Rear Uppercut,Rear Uppercut,5,pending,data/raw/Skeleton_data/V8.npy,145,True,True,True,ok,
V8_00147,V8,/Users/krishna/dev/fightflow/data/downloaded-videos/V8.mp4,146,16288.0,16301.0,14.0,Lead Hook,Lead Hook,2,pending,data/raw/Skeleton_data/V8.npy,146,True,True,True,ok,
V8_00148,V8,/Users/krishna/dev/fightflow/data/downloaded-videos/V8.mp4,147,16305.0,16317.0,13.0,Lead Uppercut,Lead Uppercut,3,pending,data/raw/Skeleton_data/V8.npy,147,True,True,True,ok,
V8_00149,V8,/Users/krishna/dev/fightflow/data/downloaded-videos/V8.mp4,148,16327.0,16337.0,11.0,Lead Hook,Lead Hook,2,pending,data/raw/Skeleton_data/V8.npy,148,True,True,True,ok,
V8_00150,V8,/Users/krishna/dev/fightflow/data/downloaded-videos/V8.mp4,149,16472.0,16481.0,10.0,Lead Hook,Lead Hook,2,pending,data/raw/Skeleton_data/V8.npy,149,True,True,True,ok,
V8_00151,V8,/Users/krishna/dev/fightflow/data/downloaded-videos/V8.mp4,150,16496.0,16507.0,12.0,Lead Uppercut,Lead Uppercut,3,pending,data/raw/Skeleton_data/V8.npy,150,True,True,True,ok,
V8_00152,V8,/Users/krishna/dev/fightflow/data/downloaded-videos/V8.mp4,151,16534.0,16547.0,14.0,Lead Hook,Lead Hook,2,pending,data/raw/Skeleton_data/V8.npy,151,True,True,True,ok,
V8_00153,V8,/Users/krishna/dev/fightflow/data/downloaded-videos/V8.mp4,152,16560.0,16569.0,10.0,Rear Uppercut,Rear Uppercut,5,pending,data/raw/Skeleton_data/V8.npy,152,True,True,True,ok,
V8_00154,V8,/Users/krishna/dev/fightflow/data/downloaded-videos/V8.mp4,153,16569.0,16579.0,11.0,Lead Hook,Lead Hook,2,pending,data/raw/Skeleton_data/V8.npy,153,True,True,True,ok,
V8_00155,V8,/Users/krishna/dev/fightflow/data/downloaded-videos/V8.mp4,154,16685.0,16693.0,9.0,Lead Hook,Lead Hook,2,pending,data/raw/Skeleton_data/V8.npy,154,True,True,True,ok,
V8_00156,V8,/Users/krishna/dev/fightflow/data/downloaded-videos/V8.mp4,155,16700.0,16712.0,13.0,Lead Uppercut,Lead Uppercut,3,pending,data/raw/Skeleton_data/V8.npy,155,True,True,True,ok,
V8_00157,V8,/Users/krishna/dev/fightflow/data/downloaded-videos/V8.mp4,156,16790.0,16801.0,12.0,Lead Hook,Lead Hook,2,pending,data/raw/Skeleton_data/V8.npy,156,True,True,True,ok,
V8_00158,V8,/Users/krishna/dev/fightflow/data/downloaded-videos/V8.mp4,157,16805.0,16817.0,13.0,Lead Uppercut,Lead Uppercut,3,pending,data/raw/Skeleton_data/V8.npy,157,True,True,True,ok,
V8_00159,V8,/Users/krishna/dev/fightflow/data/downloaded-videos/V8.mp4,158,16831.0,16839.0,9.0,Lead Hook,Lead Hook,2,pending,data/raw/Skeleton_data/V8.npy,158,True,True,True,ok,
V8_00160,V8,/Users/krishna/dev/fightflow/data/downloaded-videos/V8.mp4,159,16924.0,16932.0,9.0,Lead Hook,Lead Hook,2,pending,data/raw/Skeleton_data/V8.npy,159,True,True,True,ok,
V8_00161,V8,/Users/krishna/dev/fightflow/data/downloaded-videos/V8.mp4,160,17109.0,17119.0,11.0,Lead Uppercut,Lead Uppercut,3,pending,data/raw/Skeleton_data/V8.npy,160,True,True,True,ok,
V8_00162,V8,/Users/krishna/dev/fightflow/data/downloaded-videos/V8.mp4,161,17121.0,17133.0,13.0,Lead Hook,Lead Hook,2,pending,data/raw/Skeleton_data/V8.npy,161,True,True,True,ok,
V8_00163,V8,/Users/krishna/dev/fightflow/data/downloaded-videos/V8.mp4,162,17335.0,17346.0,12.0,Lead Hook,Lead Hook,2,pending,data/raw/Skeleton_data/V8.npy,162,True,True,True,ok,
V8_00164,V8,/Users/krishna/dev/fightflow/data/downloaded-videos/V8.mp4,163,17345.0,17352.0,8.0,Rear Uppercut,Rear Uppercut,5,pending,data/raw/Skeleton_data/V8.npy,163,True,True,True,ok,
V8_00165,V8,/Users/krishna/dev/fightflow/data/downloaded-videos/V8.mp4,164,17349.0,17356.0,8.0,Lead Uppercut,Lead Uppercut,3,pending,data/raw/Skeleton_data/V8.npy,164,True,True,True,ok,
V8_00166,V8,/Users/krishna/dev/fightflow/data/downloaded-videos/V8.mp4,165,17353.0,17359.0,7.0,Rear Uppercut,Rear Uppercut,5,pending,data/raw/Skeleton_data/V8.npy,165,True,True,True,ok,
V8_00167,V8,/Users/krishna/dev/fightflow/data/downloaded-videos/V8.mp4,166,17362.0,17374.0,13.0,Lead Uppercut,Lead Uppercut,3,pending,data/raw/Skeleton_data/V8.npy,166,True,True,True,ok,
V8_00168,V8,/Users/krishna/dev/fightflow/data/downloaded-videos/V8.mp4,167,17695.0,17709.0,15.0,Lead Hook,Lead Hook,2,pending,data/raw/Skeleton_data/V8.npy,167,True,True,True,ok,
V8_00169,V8,/Users/krishna/dev/fightflow/data/downloaded-videos/V8.mp4,168,17776.0,17787.0,12.0,Lead Hook,Lead Hook,2,pending,data/raw/Skeleton_data/V8.npy,168,True,True,True,ok,
V8_00170,V8,/Users/krishna/dev/fightflow/data/downloaded-videos/V8.mp4,169,17810.0,17823.0,14.0,Rear Uppercut,Rear Uppercut,5,pending,data/raw/Skeleton_data/V8.npy,169,True,True,True,ok,
V8_00171,V8,/Users/krishna/dev/fightflow/data/downloaded-videos/V8.mp4,170,17823.0,17836.0,14.0,Lead Hook,Lead Hook,2,pending,data/raw/Skeleton_data/V8.npy,170,True,True,True,ok,
V8_00172,V8,/Users/krishna/dev/fightflow/data/downloaded-videos/V8.mp4,171,17873.0,17888.0,16.0,Rear Uppercut,Rear Uppercut,5,pending,data/raw/Skeleton_data/V8.npy,171,True,True,True,ok,
V8_00173,V8,/Users/krishna/dev/fightflow/data/downloaded-videos/V8.mp4,172,17912.0,17925.0,14.0,Lead Uppercut,Lead Uppercut,3,pending,data/raw/Skeleton_data/V8.npy,172,True,True,True,ok,
V8_00174,V8,/Users/krishna/dev/fightflow/data/downloaded-videos/V8.mp4,173,17948.0,17959.0,12.0,Lead Uppercut,Lead Uppercut,3,pending,data/raw/Skeleton_data/V8.npy,173,True,True,True,ok,
V8_00175,V8,/Users/krishna/dev/fightflow/data/downloaded-videos/V8.mp4,174,18011.0,18022.0,12.0,Lead Uppercut,Lead Uppercut,3,pending,data/raw/Skeleton_data/V8.npy,174,True,True,True,ok,
V8_00176,V8,/Users/krishna/dev/fightflow/data/downloaded-videos/V8.mp4,175,18067.0,18079.0,13.0,Lead Uppercut,Lead Uppercut,3,pending,data/raw/Skeleton_data/V8.npy,175,True,True,True,ok,
V8_00177,V8,/Users/krishna/dev/fightflow/data/downloaded-videos/V8.mp4,176,18121.0,18136.0,16.0,Lead Hook,Lead Hook,2,pending,data/raw/Skeleton_data/V8.npy,176,True,True,True,ok,
V8_00178,V8,/Users/krishna/dev/fightflow/data/downloaded-videos/V8.mp4,177,18384.0,18398.0,15.0,Lead Uppercut,Lead Uppercut,3,pending,data/raw/Skeleton_data/V8.npy,177,True,True,True,ok,
V8_00179,V8,/Users/krishna/dev/fightflow/data/downloaded-videos/V8.mp4,178,18406.0,18422.0,17.0,Lead Hook,Lead Hook,2,pending,data/raw/Skeleton_data/V8.npy,178,True,True,True,ok,
V8_00180,V8,/Users/krishna/dev/fightflow/data/downloaded-videos/V8.mp4,179,18419.0,18433.0,15.0,Rear Uppercut,Rear Uppercut,5,pending,data/raw/Skeleton_data/V8.npy,179,True,True,True,ok,
V8_00181,V8,/Users/krishna/dev/fightflow/data/downloaded-videos/V8.mp4,180,18435.0,18447.0,13.0,Lead Hook,Lead Hook,2,pending,data/raw/Skeleton_data/V8.npy,180,True,True,True,ok,
V8_00182,V8,/Users/krishna/dev/fightflow/data/downloaded-videos/V8.mp4,181,18466.0,18478.0,13.0,Lead Uppercut,Lead Uppercut,3,pending,data/raw/Skeleton_data/V8.npy,181,True,True,True,ok,
V8_00183,V8,/Users/krishna/dev/fightflow/data/downloaded-videos/V8.mp4,182,18523.0,18532.0,10.0,Rear Uppercut,Rear Uppercut,5,pending,data/raw/Skeleton_data/V8.npy,182,True,True,True,ok,
V8_00184,V8,/Users/krishna/dev/fightflow/data/downloaded-videos/V8.mp4,183,18531.0,18543.0,13.0,Lead Hook,Lead Hook,2,pending,data/raw/Skeleton_data/V8.npy,183,True,True,True,ok,
V8_00185,V8,/Users/krishna/dev/fightflow/data/downloaded-videos/V8.mp4,184,18597.0,18610.0,14.0,Lead Hook,Lead Hook,2,pending,data/raw/Skeleton_data/V8.npy,184,True,True,True,ok,
V8_00186,V8,/Users/krishna/dev/fightflow/data/downloaded-videos/V8.mp4,185,18615.0,18627.0,13.0,Lead Uppercut,Lead Uppercut,3,pending,data/raw/Skeleton_data/V8.npy,185,True,True,True,ok,
V8_00187,V8,/Users/krishna/dev/fightflow/data/downloaded-videos/V8.mp4,186,18654.0,18665.0,12.0,Rear Uppercut,Rear Uppercut,5,pending,data/raw/Skeleton_data/V8.npy,186,True,True,True,ok,
V8_00188,V8,/Users/krishna/dev/fightflow/data/downloaded-videos/V8.mp4,187,18663.0,18676.0,14.0,Lead Hook,Lead Hook,2,pending,data/raw/Skeleton_data/V8.npy,187,True,True,True,ok,
V8_00189,V8,/Users/krishna/dev/fightflow/data/downloaded-videos/V8.mp4,188,18711.0,18727.0,17.0,Lead Hook,Lead Hook,2,pending,data/raw/Skeleton_data/V8.npy,188,True,True,True,ok,
V8_00190,V8,/Users/krishna/dev/fightflow/data/downloaded-videos/V8.mp4,189,18776.0,18788.0,13.0,Rear Uppercut,Rear Uppercut,5,pending,data/raw/Skeleton_data/V8.npy,189,True,True,True,ok,
V8_00191,V8,/Users/krishna/dev/fightflow/data/downloaded-videos/V8.mp4,190,18784.0,18795.0,12.0,Lead Hook,Lead Hook,2,pending,data/raw/Skeleton_data/V8.npy,190,True,True,True,ok,
V8_00192,V8,/Users/krishna/dev/fightflow/data/downloaded-videos/V8.mp4,191,18965.0,18977.0,13.0,Lead Hook,Lead Hook,2,pending,data/raw/Skeleton_data/V8.npy,191,True,True,True,ok,
V8_00193,V8,/Users/krishna/dev/fightflow/data/downloaded-videos/V8.mp4,192,19033.0,19047.0,15.0,Lead Hook,Lead Hook,2,pending,data/raw/Skeleton_data/V8.npy,192,True,True,True,ok,
V8_00194,V8,/Users/krishna/dev/fightflow/data/downloaded-videos/V8.mp4,193,19065.0,19076.0,12.0,Rear Uppercut,Rear Uppercut,5,pending,data/raw/Skeleton_data/V8.npy,193,True,True,True,ok,
V8_00195,V8,/Users/krishna/dev/fightflow/data/downloaded-videos/V8.mp4,194,19072.0,19089.0,18.0,Lead Hook,Lead Hook,2,pending,data/raw/Skeleton_data/V8.npy,194,True,True,True,ok,
V8_00196,V8,/Users/krishna/dev/fightflow/data/downloaded-videos/V8.mp4,195,19117.0,19131.0,15.0,Lead Uppercut,Lead Uppercut,3,pending,data/raw/Skeleton_data/V8.npy,195,True,True,True,ok,
V8_00197,V8,/Users/krishna/dev/fightflow/data/downloaded-videos/V8.mp4,196,19162.0,19175.0,14.0,Lead Hook,Lead Hook,2,pending,data/raw/Skeleton_data/V8.npy,196,True,True,True,ok,
V8_00198,V8,/Users/krishna/dev/fightflow/data/downloaded-videos/V8.mp4,197,19336.0,19351.0,16.0,Lead Hook,Lead Hook,2,pending,data/raw/Skeleton_data/V8.npy,197,True,True,True,ok,
V8_00199,V8,/Users/krishna/dev/fightflow/data/downloaded-videos/V8.mp4,198,19378.0,19391.0,14.0,Lead Hook,Lead Hook,2,pending,data/raw/Skeleton_data/V8.npy,198,True,True,True,ok,
V9_00001,V9,/Users/krishna/dev/fightflow/data/downloaded-videos/V9.mp4,0,3459.0,3473.0,15.0,Jab,Jab,1,pending,data/raw/Skeleton_data/V9.npy,0,True,True,True,ok,
V9_00002,V9,/Users/krishna/dev/fightflow/data/downloaded-videos/V9.mp4,1,3474.0,3483.0,10.0,Cross,Cross,0,pending,data/raw/Skeleton_data/V9.npy,1,True,True,True,ok,
V9_00003,V9,/Users/krishna/dev/fightflow/data/downloaded-videos/V9.mp4,2,3562.0,3569.0,8.0,Jab,Jab,1,pending,data/raw/Skeleton_data/V9.npy,2,True,True,True,ok,
V9_00004,V9,/Users/krishna/dev/fightflow/data/downloaded-videos/V9.mp4,3,3570.0,3578.0,9.0,Cross,Cross,0,pending,data/raw/Skeleton_data/V9.npy,3,True,True,True,ok,
V9_00005,V9,/Users/krishna/dev/fightflow/data/downloaded-videos/V9.mp4,4,3824.0,3831.0,8.0,Jab,Jab,1,pending,data/raw/Skeleton_data/V9.npy,4,True,True,True,ok,
V9_00006,V9,/Users/krishna/dev/fightflow/data/downloaded-videos/V9.mp4,5,3832.0,3841.0,10.0,Cross,Cross,0,pending,data/raw/Skeleton_data/V9.npy,5,True,True,True,ok,
V9_00007,V9,/Users/krishna/dev/fightflow/data/downloaded-videos/V9.mp4,6,4015.0,4022.0,8.0,Jab,Jab,1,pending,data/raw/Skeleton_data/V9.npy,6,True,True,True,ok,
V9_00008,V9,/Users/krishna/dev/fightflow/data/downloaded-videos/V9.mp4,7,4023.0,4031.0,9.0,Cross,Cross,0,pending,data/raw/Skeleton_data/V9.npy,7,True,True,True,ok,
V9_00009,V9,/Users/krishna/dev/fightflow/data/downloaded-videos/V9.mp4,8,4363.0,4370.0,8.0,Jab,Jab,1,pending,data/raw/Skeleton_data/V9.npy,8,True,True,True,ok,
V9_00010,V9,/Users/krishna/dev/fightflow/data/downloaded-videos/V9.mp4,9,4371.0,4379.0,9.0,Cross,Cross,0,pending,data/raw/Skeleton_data/V9.npy,9,True,True,True,ok,
V9_00011,V9,/Users/krishna/dev/fightflow/data/downloaded-videos/V9.mp4,10,4407.0,4413.0,7.0,Jab,Jab,1,pending,data/raw/Skeleton_data/V9.npy,10,True,True,True,ok,
V9_00012,V9,/Users/krishna/dev/fightflow/data/downloaded-videos/V9.mp4,11,4414.0,4423.0,10.0,Cross,Cross,0,pending,data/raw/Skeleton_data/V9.npy,11,True,True,True,ok,
V9_00013,V9,/Users/krishna/dev/fightflow/data/downloaded-videos/V9.mp4,12,4470.0,4476.0,7.0,Jab,Jab,1,pending,data/raw/Skeleton_data/V9.npy,12,True,True,True,ok,
V9_00014,V9,/Users/krishna/dev/fightflow/data/downloaded-videos/V9.mp4,13,4477.0,4485.0,9.0,Cross,Cross,0,pending,data/raw/Skeleton_data/V9.npy,13,True,True,True,ok,
V9_00015,V9,/Users/krishna/dev/fightflow/data/downloaded-videos/V9.mp4,14,4658.0,4665.0,8.0,Jab,Jab,1,pending,data/raw/Skeleton_data/V9.npy,14,True,True,True,ok,
V9_00016,V9,/Users/krishna/dev/fightflow/data/downloaded-videos/V9.mp4,15,4666.0,4673.0,8.0,Cross,Cross,0,pending,data/raw/Skeleton_data/V9.npy,15,True,True,True,ok,
V9_00017,V9,/Users/krishna/dev/fightflow/data/downloaded-videos/V9.mp4,16,4697.0,4704.0,8.0,Jab,Jab,1,pending,data/raw/Skeleton_data/V9.npy,16,True,True,True,ok,
V9_00018,V9,/Users/krishna/dev/fightflow/data/downloaded-videos/V9.mp4,17,4705.0,4714.0,10.0,Cross,Cross,0,pending,data/raw/Skeleton_data/V9.npy,17,True,True,True,ok,
V9_00019,V9,/Users/krishna/dev/fightflow/data/downloaded-videos/V9.mp4,18,4728.0,4735.0,8.0,Jab,Jab,1,pending,data/raw/Skeleton_data/V9.npy,18,True,True,True,ok,
V9_00020,V9,/Users/krishna/dev/fightflow/data/downloaded-videos/V9.mp4,19,4736.0,4747.0,12.0,Cross,Cross,0,pending,data/raw/Skeleton_data/V9.npy,19,True,True,True,ok,
V9_00021,V9,/Users/krishna/dev/fightflow/data/downloaded-videos/V9.mp4,20,5463.0,5478.0,16.0,Lead Uppercut,Lead Uppercut,3,pending,data/raw/Skeleton_data/V9.npy,20,True,True,True,ok,
V9_00022,V9,/Users/krishna/dev/fightflow/data/downloaded-videos/V9.mp4,21,5479.0,5493.0,15.0,Rear Uppercut,Rear Uppercut,5,pending,data/raw/Skeleton_data/V9.npy,21,True,True,True,ok,
V9_00023,V9,/Users/krishna/dev/fightflow/data/downloaded-videos/V9.mp4,22,5729.0,5738.0,10.0,Lead Uppercut,Lead Uppercut,3,pending,data/raw/Skeleton_data/V9.npy,22,True,True,True,ok,
V9_00024,V9,/Users/krishna/dev/fightflow/data/downloaded-videos/V9.mp4,23,5739.0,5749.0,11.0,Rear Uppercut,Rear Uppercut,5,pending,data/raw/Skeleton_data/V9.npy,23,True,True,True,ok,
V9_00025,V9,/Users/krishna/dev/fightflow/data/downloaded-videos/V9.mp4,24,5850.0,5860.0,11.0,Lead Uppercut,Lead Uppercut,3,pending,data/raw/Skeleton_data/V9.npy,24,True,True,True,ok,
V9_00026,V9,/Users/krishna/dev/fightflow/data/downloaded-videos/V9.mp4,25,5861.0,5870.0,10.0,Rear Uppercut,Rear Uppercut,5,pending,data/raw/Skeleton_data/V9.npy,25,True,True,True,ok,
V9_00027,V9,/Users/krishna/dev/fightflow/data/downloaded-videos/V9.mp4,26,5831.0,5941.0,111.0,Lead Uppercut,Lead Uppercut,3,pending,data/raw/Skeleton_data/V9.npy,26,True,True,True,ok,
V9_00028,V9,/Users/krishna/dev/fightflow/data/downloaded-videos/V9.mp4,27,5942.0,5952.0,11.0,Rear Uppercut,Rear Uppercut,5,pending,data/raw/Skeleton_data/V9.npy,27,True,True,True,ok,
V9_00029,V9,/Users/krishna/dev/fightflow/data/downloaded-videos/V9.mp4,28,6015.0,6023.0,9.0,Lead Uppercut,Lead Uppercut,3,pending,data/raw/Skeleton_data/V9.npy,28,True,True,True,ok,
V9_00030,V9,/Users/krishna/dev/fightflow/data/downloaded-videos/V9.mp4,29,6024.0,6034.0,11.0,Rear Uppercut,Rear Uppercut,5,pending,data/raw/Skeleton_data/V9.npy,29,True,True,True,ok,
V9_00031,V9,/Users/krishna/dev/fightflow/data/downloaded-videos/V9.mp4,30,6221.0,6230.0,10.0,Lead Uppercut,Lead Uppercut,3,pending,data/raw/Skeleton_data/V9.npy,30,True,True,True,ok,
V9_00032,V9,/Users/krishna/dev/fightflow/data/downloaded-videos/V9.mp4,31,6231.0,6240.0,10.0,Rear Uppercut,Rear Uppercut,5,pending,data/raw/Skeleton_data/V9.npy,31,True,True,True,ok,
V9_00033,V9,/Users/krishna/dev/fightflow/data/downloaded-videos/V9.mp4,32,6284.0,6292.0,9.0,Lead Uppercut,Lead Uppercut,3,pending,data/raw/Skeleton_data/V9.npy,32,True,True,True,ok,
V9_00034,V9,/Users/krishna/dev/fightflow/data/downloaded-videos/V9.mp4,33,6293.0,6301.0,9.0,Rear Uppercut,Rear Uppercut,5,pending,data/raw/Skeleton_data/V9.npy,33,True,True,True,ok,
V9_00035,V9,/Users/krishna/dev/fightflow/data/downloaded-videos/V9.mp4,34,6346.0,6354.0,9.0,Lead Uppercut,Lead Uppercut,3,pending,data/raw/Skeleton_data/V9.npy,34,True,True,True,ok,
V9_00036,V9,/Users/krishna/dev/fightflow/data/downloaded-videos/V9.mp4,35,6355.0,6363.0,9.0,Rear Uppercut,Rear Uppercut,5,pending,data/raw/Skeleton_data/V9.npy,35,True,True,True,ok,
V9_00037,V9,/Users/krishna/dev/fightflow/data/downloaded-videos/V9.mp4,36,6404.0,6411.0,8.0,Lead Uppercut,Lead Uppercut,3,pending,data/raw/Skeleton_data/V9.npy,36,True,True,True,ok,
V9_00038,V9,/Users/krishna/dev/fightflow/data/downloaded-videos/V9.mp4,37,6412.0,6422.0,11.0,Rear Uppercut,Rear Uppercut,5,pending,data/raw/Skeleton_data/V9.npy,37,True,True,True,ok,
V9_00039,V9,/Users/krishna/dev/fightflow/data/downloaded-videos/V9.mp4,38,6463.0,6471.0,9.0,Lead Uppercut,Lead Uppercut,3,pending,data/raw/Skeleton_data/V9.npy,38,True,True,True,ok,
V9_00040,V9,/Users/krishna/dev/fightflow/data/downloaded-videos/V9.mp4,39,6472.0,6482.0,11.0,Rear Uppercut,Rear Uppercut,5,pending,data/raw/Skeleton_data/V9.npy,39,True,True,True,ok,
V9_00041,V9,/Users/krishna/dev/fightflow/data/downloaded-videos/V9.mp4,40,6524.0,6531.0,8.0,Lead Uppercut,Lead Uppercut,3,pending,data/raw/Skeleton_data/V9.npy,40,True,True,True,ok,
V9_00042,V9,/Users/krishna/dev/fightflow/data/downloaded-videos/V9.mp4,41,6532.0,6543.0,12.0,Rear Uppercut,Rear Uppercut,5,pending,data/raw/Skeleton_data/V9.npy,41,True,True,True,ok,
V9_00043,V9,/Users/krishna/dev/fightflow/data/downloaded-videos/V9.mp4,42,6575.0,6582.0,8.0,Lead Uppercut,Lead Uppercut,3,pending,data/raw/Skeleton_data/V9.npy,42,True,True,True,ok,
V9_00044,V9,/Users/krishna/dev/fightflow/data/downloaded-videos/V9.mp4,43,6583.0,6593.0,11.0,Rear Uppercut,Rear Uppercut,5,pending,data/raw/Skeleton_data/V9.npy,43,True,True,True,ok,
V9_00045,V9,/Users/krishna/dev/fightflow/data/downloaded-videos/V9.mp4,44,6608.0,6616.0,9.0,Lead Uppercut,Lead Uppercut,3,pending,data/raw/Skeleton_data/V9.npy,44,True,True,True,ok,
V9_00046,V9,/Users/krishna/dev/fightflow/data/downloaded-videos/V9.mp4,45,6617.0,6627.0,11.0,Rear Uppercut,Rear Uppercut,5,pending,data/raw/Skeleton_data/V9.npy,45,True,True,True,ok,
V9_00047,V9,/Users/krishna/dev/fightflow/data/downloaded-videos/V9.mp4,46,6641.0,6650.0,10.0,Lead Uppercut,Lead Uppercut,3,pending,data/raw/Skeleton_data/V9.npy,46,True,True,True,ok,
V9_00048,V9,/Users/krishna/dev/fightflow/data/downloaded-videos/V9.mp4,47,6651.0,6663.0,13.0,Rear Uppercut,Rear Uppercut,5,pending,data/raw/Skeleton_data/V9.npy,47,True,True,True,ok,
V9_00049,V9,/Users/krishna/dev/fightflow/data/downloaded-videos/V9.mp4,48,7411.0,7425.0,15.0,Lead Hook,Lead Hook,2,pending,data/raw/Skeleton_data/V9.npy,48,True,True,True,ok,
V9_00050,V9,/Users/krishna/dev/fightflow/data/downloaded-videos/V9.mp4,49,7426.0,7443.0,18.0,Rear Hook,Rear Hook,4,pending,data/raw/Skeleton_data/V9.npy,49,True,True,True,ok,
V9_00051,V9,/Users/krishna/dev/fightflow/data/downloaded-videos/V9.mp4,50,7670.0,7681.0,12.0,Lead Hook,Lead Hook,2,pending,data/raw/Skeleton_data/V9.npy,50,True,True,True,ok,
V9_00052,V9,/Users/krishna/dev/fightflow/data/downloaded-videos/V9.mp4,51,7681.0,7694.0,14.0,Rear Hook,Rear Hook,4,pending,data/raw/Skeleton_data/V9.npy,51,True,True,True,ok,
V9_00053,V9,/Users/krishna/dev/fightflow/data/downloaded-videos/V9.mp4,52,7754.0,7765.0,12.0,Lead Hook,Lead Hook,2,pending,data/raw/Skeleton_data/V9.npy,52,True,True,True,ok,
V9_00054,V9,/Users/krishna/dev/fightflow/data/downloaded-videos/V9.mp4,53,7765.0,7777.0,13.0,Rear Hook,Rear Hook,4,pending,data/raw/Skeleton_data/V9.npy,53,True,True,True,ok,
V9_00055,V9,/Users/krishna/dev/fightflow/data/downloaded-videos/V9.mp4,54,7820.0,7830.0,11.0,Lead Hook,Lead Hook,2,pending,data/raw/Skeleton_data/V9.npy,54,True,True,True,ok,
V9_00056,V9,/Users/krishna/dev/fightflow/data/downloaded-videos/V9.mp4,55,7831.0,7842.0,12.0,Rear Hook,Rear Hook,4,pending,data/raw/Skeleton_data/V9.npy,55,True,True,True,ok,
V9_00057,V9,/Users/krishna/dev/fightflow/data/downloaded-videos/V9.mp4,56,8012.0,8024.0,13.0,Lead Hook,Lead Hook,2,pending,data/raw/Skeleton_data/V9.npy,56,True,True,True,ok,
V9_00058,V9,/Users/krishna/dev/fightflow/data/downloaded-videos/V9.mp4,57,8025.0,8037.0,13.0,Rear Hook,Rear Hook,4,pending,data/raw/Skeleton_data/V9.npy,57,True,True,True,ok,
V9_00059,V9,/Users/krishna/dev/fightflow/data/downloaded-videos/V9.mp4,58,8079.0,8090.0,12.0,Lead Hook,Lead Hook,2,pending,data/raw/Skeleton_data/V9.npy,58,True,True,True,ok,
V9_00060,V9,/Users/krishna/dev/fightflow/data/downloaded-videos/V9.mp4,59,8091.0,8103.0,13.0,Rear Hook,Rear Hook,4,pending,data/raw/Skeleton_data/V9.npy,59,True,True,True,ok,
V9_00061,V9,/Users/krishna/dev/fightflow/data/downloaded-videos/V9.mp4,60,8142.0,8154.0,13.0,Lead Hook,Lead Hook,2,pending,data/raw/Skeleton_data/V9.npy,60,True,True,True,ok,
V9_00062,V9,/Users/krishna/dev/fightflow/data/downloaded-videos/V9.mp4,61,8154.0,8166.0,13.0,Rear Hook,Rear Hook,4,pending,data/raw/Skeleton_data/V9.npy,61,True,True,True,ok,
V9_00063,V9,/Users/krishna/dev/fightflow/data/downloaded-videos/V9.mp4,62,8205.0,8216.0,12.0,Lead Hook,Lead Hook,2,pending,data/raw/Skeleton_data/V9.npy,62,True,True,True,ok,
V9_00064,V9,/Users/krishna/dev/fightflow/data/downloaded-videos/V9.mp4,63,8216.0,8230.0,15.0,Rear Hook,Rear Hook,4,pending,data/raw/Skeleton_data/V9.npy,63,True,True,True,ok,
V9_00065,V9,/Users/krishna/dev/fightflow/data/downloaded-videos/V9.mp4,64,8250.0,8262.0,13.0,Lead Hook,Lead Hook,2,pending,data/raw/Skeleton_data/V9.npy,64,True,True,True,ok,
V9_00066,V9,/Users/krishna/dev/fightflow/data/downloaded-videos/V9.mp4,65,8262.0,8275.0,14.0,Rear Hook,Rear Hook,4,pending,data/raw/Skeleton_data/V9.npy,65,True,True,True,ok,
V9_00067,V9,/Users/krishna/dev/fightflow/data/downloaded-videos/V9.mp4,66,8285.0,8297.0,13.0,Lead Hook,Lead Hook,2,pending,data/raw/Skeleton_data/V9.npy,66,True,True,True,ok,
V9_00068,V9,/Users/krishna/dev/fightflow/data/downloaded-videos/V9.mp4,67,8297.0,8311.0,15.0,Rear Hook,Rear Hook,4,pending,data/raw/Skeleton_data/V9.npy,67,True,True,True,ok,
V9_00069,V9,/Users/krishna/dev/fightflow/data/downloaded-videos/V9.mp4,68,8320.0,8333.0,14.0,Lead Hook,Lead Hook,2,pending,data/raw/Skeleton_data/V9.npy,68,True,True,True,ok,
V9_00070,V9,/Users/krishna/dev/fightflow/data/downloaded-videos/V9.mp4,69,8333.0,8347.0,15.0,Rear Hook,Rear Hook,4,pending,data/raw/Skeleton_data/V9.npy,69,True,True,True,ok,
V9_00071,V9,/Users/krishna/dev/fightflow/data/downloaded-videos/V9.mp4,70,9294.0,9315.0,22.0,Jab,Jab,1,pending,data/raw/Skeleton_data/V9.npy,70,True,True,True,ok,
V9_00072,V9,/Users/krishna/dev/fightflow/data/downloaded-videos/V9.mp4,71,9313.0,9328.0,16.0,Rear Uppercut,Rear Uppercut,5,pending,data/raw/Skeleton_data/V9.npy,71,True,True,True,ok,
V9_00073,V9,/Users/krishna/dev/fightflow/data/downloaded-videos/V9.mp4,72,9377.0,9394.0,18.0,Jab,Jab,1,pending,data/raw/Skeleton_data/V9.npy,72,True,True,True,ok,
V9_00074,V9,/Users/krishna/dev/fightflow/data/downloaded-videos/V9.mp4,73,9392.0,9406.0,15.0,Rear Uppercut,Rear Uppercut,5,pending,data/raw/Skeleton_data/V9.npy,73,True,True,True,ok,
V9_00075,V9,/Users/krishna/dev/fightflow/data/downloaded-videos/V9.mp4,74,9452.0,9458.0,7.0,Jab,Jab,1,pending,data/raw/Skeleton_data/V9.npy,74,True,True,True,ok,
V9_00076,V9,/Users/krishna/dev/fightflow/data/downloaded-videos/V9.mp4,75,9457.0,9466.0,10.0,Rear Uppercut,Rear Uppercut,5,pending,data/raw/Skeleton_data/V9.npy,75,True,True,True,ok,
V9_00077,V9,/Users/krishna/dev/fightflow/data/downloaded-videos/V9.mp4,76,9710.0,9719.0,10.0,Jab,Jab,1,pending,data/raw/Skeleton_data/V9.npy,76,True,True,True,ok,
V9_00078,V9,/Users/krishna/dev/fightflow/data/downloaded-videos/V9.mp4,77,9718.0,9726.0,9.0,Rear Uppercut,Rear Uppercut,5,pending,data/raw/Skeleton_data/V9.npy,77,True,True,True,ok,
V9_00079,V9,/Users/krishna/dev/fightflow/data/downloaded-videos/V9.mp4,78,9772.0,9779.0,8.0,Jab,Jab,1,pending,data/raw/Skeleton_data/V9.npy,78,True,True,True,ok,
V9_00080,V9,/Users/krishna/dev/fightflow/data/downloaded-videos/V9.mp4,79,9778.0,9788.0,11.0,Rear Uppercut,Rear Uppercut,5,pending,data/raw/Skeleton_data/V9.npy,79,True,True,True,ok,
V9_00081,V9,/Users/krishna/dev/fightflow/data/downloaded-videos/V9.mp4,80,9833.0,9840.0,8.0,Jab,Jab,1,pending,data/raw/Skeleton_data/V9.npy,80,True,True,True,ok,
V9_00082,V9,/Users/krishna/dev/fightflow/data/downloaded-videos/V9.mp4,81,9839.0,9850.0,12.0,Rear Uppercut,Rear Uppercut,5,pending,data/raw/Skeleton_data/V9.npy,81,True,True,True,ok,
V9_00083,V9,/Users/krishna/dev/fightflow/data/downloaded-videos/V9.mp4,82,9896.0,9901.0,6.0,Jab,Jab,1,pending,data/raw/Skeleton_data/V9.npy,82,True,True,True,ok,
V9_00084,V9,/Users/krishna/dev/fightflow/data/downloaded-videos/V9.mp4,83,9900.0,9911.0,12.0,Rear Uppercut,Rear Uppercut,5,pending,data/raw/Skeleton_data/V9.npy,83,True,True,True,ok,
V9_00085,V9,/Users/krishna/dev/fightflow/data/downloaded-videos/V9.mp4,84,9957.0,9963.0,7.0,Jab,Jab,1,pending,data/raw/Skeleton_data/V9.npy,84,True,True,True,ok,
V9_00086,V9,/Users/krishna/dev/fightflow/data/downloaded-videos/V9.mp4,85,9962.0,9972.0,11.0,Rear Uppercut,Rear Uppercut,5,pending,data/raw/Skeleton_data/V9.npy,85,True,True,True,ok,
V9_00087,V9,/Users/krishna/dev/fightflow/data/downloaded-videos/V9.mp4,86,10017.0,10023.0,7.0,Jab,Jab,1,pending,data/raw/Skeleton_data/V9.npy,86,True,True,True,ok,
V9_00088,V9,/Users/krishna/dev/fightflow/data/downloaded-videos/V9.mp4,87,10022.0,10032.0,11.0,Rear Uppercut,Rear Uppercut,5,pending,data/raw/Skeleton_data/V9.npy,87,True,True,True,ok,
V9_00089,V9,/Users/krishna/dev/fightflow/data/downloaded-videos/V9.mp4,88,10198.0,10206.0,9.0,Jab,Jab,1,pending,data/raw/Skeleton_data/V9.npy,88,True,True,True,ok,
V9_00090,V9,/Users/krishna/dev/fightflow/data/downloaded-videos/V9.mp4,89,10205.0,10215.0,11.0,Rear Uppercut,Rear Uppercut,5,pending,data/raw/Skeleton_data/V9.npy,89,True,True,True,ok,
V9_00091,V9,/Users/krishna/dev/fightflow/data/downloaded-videos/V9.mp4,90,10925.0,10931.0,7.0,Cross,Cross,0,pending,data/raw/Skeleton_data/V9.npy,90,True,True,True,ok,
V9_00092,V9,/Users/krishna/dev/fightflow/data/downloaded-videos/V9.mp4,91,10931.0,10936.0,6.0,Jab,Jab,1,pending,data/raw/Skeleton_data/V9.npy,91,True,True,True,ok,
V9_00093,V9,/Users/krishna/dev/fightflow/data/downloaded-videos/V9.mp4,92,10936.0,10945.0,10.0,Cross,Cross,0,pending,data/raw/Skeleton_data/V9.npy,92,True,True,True,ok,
V9_00094,V9,/Users/krishna/dev/fightflow/data/downloaded-videos/V9.mp4,93,11007.0,11012.0,6.0,Cross,Cross,0,pending,data/raw/Skeleton_data/V9.npy,93,True,True,True,ok,
V9_00095,V9,/Users/krishna/dev/fightflow/data/downloaded-videos/V9.mp4,94,11012.0,11017.0,6.0,Jab,Jab,1,pending,data/raw/Skeleton_data/V9.npy,94,True,True,True,ok,
V9_00096,V9,/Users/krishna/dev/fightflow/data/downloaded-videos/V9.mp4,95,11018.0,11026.0,9.0,Cross,Cross,0,pending,data/raw/Skeleton_data/V9.npy,95,True,True,True,ok,
V9_00097,V9,/Users/krishna/dev/fightflow/data/downloaded-videos/V9.mp4,96,11077.0,11082.0,6.0,Cross,Cross,0,pending,data/raw/Skeleton_data/V9.npy,96,True,True,True,ok,
V9_00098,V9,/Users/krishna/dev/fightflow/data/downloaded-videos/V9.mp4,97,11083.0,11089.0,7.0,Jab,Jab,1,pending,data/raw/Skeleton_data/V9.npy,97,True,True,True,ok,
V9_00099,V9,/Users/krishna/dev/fightflow/data/downloaded-videos/V9.mp4,98,11089.0,11098.0,10.0,Cross,Cross,0,pending,data/raw/Skeleton_data/V9.npy,98,True,True,True,ok,
V9_00100,V9,/Users/krishna/dev/fightflow/data/downloaded-videos/V9.mp4,99,11373.0,11379.0,7.0,Cross,Cross,0,pending,data/raw/Skeleton_data/V9.npy,99,True,True,True,ok,
V9_00101,V9,/Users/krishna/dev/fightflow/data/downloaded-videos/V9.mp4,100,11379.0,11385.0,7.0,Jab,Jab,1,pending,data/raw/Skeleton_data/V9.npy,100,True,True,True,ok,
V9_00102,V9,/Users/krishna/dev/fightflow/data/downloaded-videos/V9.mp4,101,11385.0,11394.0,10.0,Cross,Cross,0,pending,data/raw/Skeleton_data/V9.npy,101,True,True,True,ok,
V9_00103,V9,/Users/krishna/dev/fightflow/data/downloaded-videos/V9.mp4,102,11446.0,11452.0,7.0,Cross,Cross,0,pending,data/raw/Skeleton_data/V9.npy,102,True,True,True,ok,
V9_00104,V9,/Users/krishna/dev/fightflow/data/downloaded-videos/V9.mp4,103,11452.0,11457.0,6.0,Jab,Jab,1,pending,data/raw/Skeleton_data/V9.npy,103,True,True,True,ok,
V9_00105,V9,/Users/krishna/dev/fightflow/data/downloaded-videos/V9.mp4,104,11457.0,11466.0,10.0,Cross,Cross,0,pending,data/raw/Skeleton_data/V9.npy,104,True,True,True,ok,
V9_00106,V9,/Users/krishna/dev/fightflow/data/downloaded-videos/V9.mp4,105,11519.0,11525.0,7.0,Cross,Cross,0,pending,data/raw/Skeleton_data/V9.npy,105,True,True,True,ok,
V9_00107,V9,/Users/krishna/dev/fightflow/data/downloaded-videos/V9.mp4,106,11525.0,11530.0,6.0,Jab,Jab,1,pending,data/raw/Skeleton_data/V9.npy,106,True,True,True,ok,
V9_00108,V9,/Users/krishna/dev/fightflow/data/downloaded-videos/V9.mp4,107,11530.0,11539.0,10.0,Cross,Cross,0,pending,data/raw/Skeleton_data/V9.npy,107,True,True,True,ok,
V9_00109,V9,/Users/krishna/dev/fightflow/data/downloaded-videos/V9.mp4,108,12630.0,12637.0,8.0,Jab,Jab,1,pending,data/raw/Skeleton_data/V9.npy,108,True,True,True,ok,
V9_00110,V9,/Users/krishna/dev/fightflow/data/downloaded-videos/V9.mp4,109,12637.0,12642.0,6.0,Cross,Cross,0,pending,data/raw/Skeleton_data/V9.npy,109,True,True,True,ok,
V9_00111,V9,/Users/krishna/dev/fightflow/data/downloaded-videos/V9.mp4,110,12642.0,12655.0,14.0,Lead Hook,Lead Hook,2,pending,data/raw/Skeleton_data/V9.npy,110,True,True,True,ok,
V9_00112,V9,/Users/krishna/dev/fightflow/data/downloaded-videos/V9.mp4,111,12717.0,12723.0,7.0,Jab,Jab,1,pending,data/raw/Skeleton_data/V9.npy,111,True,True,True,ok,
V9_00113,V9,/Users/krishna/dev/fightflow/data/downloaded-videos/V9.mp4,112,12723.0,12729.0,7.0,Cross,Cross,0,pending,data/raw/Skeleton_data/V9.npy,112,True,True,True,ok,
V9_00114,V9,/Users/krishna/dev/fightflow/data/downloaded-videos/V9.mp4,113,12729.0,12743.0,15.0,Lead Hook,Lead Hook,2,pending,data/raw/Skeleton_data/V9.npy,113,True,True,True,ok,
V9_00115,V9,/Users/krishna/dev/fightflow/data/downloaded-videos/V9.mp4,114,12994.0,13000.0,7.0,Jab,Jab,1,pending,data/raw/Skeleton_data/V9.npy,114,True,True,True,ok,
V9_00116,V9,/Users/krishna/dev/fightflow/data/downloaded-videos/V9.mp4,115,13000.0,13005.0,6.0,Cross,Cross,0,pending,data/raw/Skeleton_data/V9.npy,115,True,True,True,ok,
V9_00117,V9,/Users/krishna/dev/fightflow/data/downloaded-videos/V9.mp4,116,13005.0,13018.0,14.0,Lead Hook,Lead Hook,2,pending,data/raw/Skeleton_data/V9.npy,116,True,True,True,ok,
V9_00118,V9,/Users/krishna/dev/fightflow/data/downloaded-videos/V9.mp4,117,13068.0,13074.0,7.0,Jab,Jab,1,pending,data/raw/Skeleton_data/V9.npy,117,True,True,True,ok,
V9_00119,V9,/Users/krishna/dev/fightflow/data/downloaded-videos/V9.mp4,118,13074.0,13079.0,6.0,Cross,Cross,0,pending,data/raw/Skeleton_data/V9.npy,118,True,True,True,ok,
V9_00120,V9,/Users/krishna/dev/fightflow/data/downloaded-videos/V9.mp4,119,13079.0,13092.0,14.0,Lead Hook,Lead Hook,2,pending,data/raw/Skeleton_data/V9.npy,119,True,True,True,ok,
V9_00121,V9,/Users/krishna/dev/fightflow/data/downloaded-videos/V9.mp4,120,13144.0,13150.0,7.0,Jab,Jab,1,pending,data/raw/Skeleton_data/V9.npy,120,True,True,True,ok,
V9_00122,V9,/Users/krishna/dev/fightflow/data/downloaded-videos/V9.mp4,121,13150.0,13156.0,7.0,Cross,Cross,0,pending,data/raw/Skeleton_data/V9.npy,121,True,True,True,ok,
V9_00123,V9,/Users/krishna/dev/fightflow/data/downloaded-videos/V9.mp4,122,13156.0,13169.0,14.0,Lead Hook,Lead Hook,2,pending,data/raw/Skeleton_data/V9.npy,122,True,True,True,ok,
V9_00124,V9,/Users/krishna/dev/fightflow/data/downloaded-videos/V9.mp4,123,13233.0,13246.0,14.0,Lead Hook,Lead Hook,2,pending,data/raw/Skeleton_data/V9.npy,123,True,True,True,ok,
V9_00125,V9,/Users/krishna/dev/fightflow/data/downloaded-videos/V9.mp4,124,13309.0,13317.0,9.0,Lead Hook,Lead Hook,2,pending,data/raw/Skeleton_data/V9.npy,124,True,True,True,ok,
V9_00126,V9,/Users/krishna/dev/fightflow/data/downloaded-videos/V9.mp4,125,13448.0,13462.0,15.0,Lead Hook,Lead Hook,2,pending,data/raw/Skeleton_data/V9.npy,125,True,True,True,ok,
V9_00127,V9,/Users/krishna/dev/fightflow/data/downloaded-videos/V9.mp4,126,13504.0,13520.0,17.0,Lead Hook,Lead Hook,2,pending,data/raw/Skeleton_data/V9.npy,126,True,True,True,ok,
V9_00128,V9,/Users/krishna/dev/fightflow/data/downloaded-videos/V9.mp4,127,14049.0,14066.0,18.0,Lead Uppercut,Lead Uppercut,3,pending,data/raw/Skeleton_data/V9.npy,127,True,True,True,ok,
V9_00129,V9,/Users/krishna/dev/fightflow/data/downloaded-videos/V9.mp4,128,14067.0,14086.0,20.0,Rear Uppercut,Rear Uppercut,5,pending,data/raw/Skeleton_data/V9.npy,128,True,True,True,ok,
V9_00130,V9,/Users/krishna/dev/fightflow/data/downloaded-videos/V9.mp4,129,14392.0,14397.0,6.0,Lead Uppercut,Lead Uppercut,3,pending,data/raw/Skeleton_data/V9.npy,129,True,True,True,ok,
V9_00131,V9,/Users/krishna/dev/fightflow/data/downloaded-videos/V9.mp4,130,14398.0,14405.0,8.0,Rear Uppercut,Rear Uppercut,5,pending,data/raw/Skeleton_data/V9.npy,130,True,True,True,ok,
V9_00132,V9,/Users/krishna/dev/fightflow/data/downloaded-videos/V9.mp4,131,14462.0,14467.0,6.0,Lead Uppercut,Lead Uppercut,3,pending,data/raw/Skeleton_data/V9.npy,131,True,True,True,ok,
V9_00133,V9,/Users/krishna/dev/fightflow/data/downloaded-videos/V9.mp4,132,14468.0,14475.0,8.0,Rear Uppercut,Rear Uppercut,5,pending,data/raw/Skeleton_data/V9.npy,132,True,True,True,ok,
V9_00134,V9,/Users/krishna/dev/fightflow/data/downloaded-videos/V9.mp4,133,14550.0,14555.0,6.0,Lead Uppercut,Lead Uppercut,3,pending,data/raw/Skeleton_data/V9.npy,133,True,True,True,ok,
V9_00135,V9,/Users/krishna/dev/fightflow/data/downloaded-videos/V9.mp4,134,14556.0,14565.0,10.0,Rear Uppercut,Rear Uppercut,5,pending,data/raw/Skeleton_data/V9.npy,134,True,True,True,ok,
V9_00136,V9,/Users/krishna/dev/fightflow/data/downloaded-videos/V9.mp4,135,14623.0,14627.0,5.0,Lead Uppercut,Lead Uppercut,3,pending,data/raw/Skeleton_data/V9.npy,135,True,True,True,ok,
V9_00137,V9,/Users/krishna/dev/fightflow/data/downloaded-videos/V9.mp4,136,14628.0,14636.0,9.0,Rear Uppercut,Rear Uppercut,5,pending,data/raw/Skeleton_data/V9.npy,136,True,True,True,ok,
V9_00138,V9,/Users/krishna/dev/fightflow/data/downloaded-videos/V9.mp4,137,14712.0,14717.0,6.0,Lead Uppercut,Lead Uppercut,3,pending,data/raw/Skeleton_data/V9.npy,137,True,True,True,ok,
V9_00139,V9,/Users/krishna/dev/fightflow/data/downloaded-videos/V9.mp4,138,14718.0,14724.0,7.0,Rear Uppercut,Rear Uppercut,5,pending,data/raw/Skeleton_data/V9.npy,138,True,True,True,ok,
V9_00140,V9,/Users/krishna/dev/fightflow/data/downloaded-videos/V9.mp4,139,14926.0,14930.0,5.0,Lead Uppercut,Lead Uppercut,3,pending,data/raw/Skeleton_data/V9.npy,139,True,True,True,ok,
V9_00141,V9,/Users/krishna/dev/fightflow/data/downloaded-videos/V9.mp4,140,14931.0,14937.0,7.0,Rear Uppercut,Rear Uppercut,5,pending,data/raw/Skeleton_data/V9.npy,140,True,True,True,ok,
V9_00142,V9,/Users/krishna/dev/fightflow/data/downloaded-videos/V9.mp4,141,14995.0,15000.0,6.0,Lead Uppercut,Lead Uppercut,3,pending,data/raw/Skeleton_data/V9.npy,141,True,True,True,ok,
V9_00143,V9,/Users/krishna/dev/fightflow/data/downloaded-videos/V9.mp4,142,15001.0,15009.0,9.0,Rear Uppercut,Rear Uppercut,5,pending,data/raw/Skeleton_data/V9.npy,142,True,True,True,ok,
V9_00144,V9,/Users/krishna/dev/fightflow/data/downloaded-videos/V9.mp4,143,15065.0,15069.0,5.0,Lead Uppercut,Lead Uppercut,3,pending,data/raw/Skeleton_data/V9.npy,143,True,True,True,ok,
V9_00145,V9,/Users/krishna/dev/fightflow/data/downloaded-videos/V9.mp4,144,15070.0,15077.0,8.0,Rear Uppercut,Rear Uppercut,5,pending,data/raw/Skeleton_data/V9.npy,144,True,True,True,ok,
V9_00146,V9,/Users/krishna/dev/fightflow/data/downloaded-videos/V9.mp4,145,15130.0,15135.0,6.0,Lead Uppercut,Lead Uppercut,3,pending,data/raw/Skeleton_data/V9.npy,145,True,True,True,ok,
V9_00147,V9,/Users/krishna/dev/fightflow/data/downloaded-videos/V9.mp4,146,15136.0,15144.0,9.0,Rear Uppercut,Rear Uppercut,5,pending,data/raw/Skeleton_data/V9.npy,146,True,True,True,ok,
V9_00148,V9,/Users/krishna/dev/fightflow/data/downloaded-videos/V9.mp4,147,15174.0,15179.0,6.0,Lead Uppercut,Lead Uppercut,3,pending,data/raw/Skeleton_data/V9.npy,147,True,True,True,ok,
V9_00149,V9,/Users/krishna/dev/fightflow/data/downloaded-videos/V9.mp4,148,15175.0,15190.0,16.0,Rear Uppercut,Rear Uppercut,5,pending,data/raw/Skeleton_data/V9.npy,148,True,True,True,ok,
