pose_path,label,video_id,center_frame,clip_length,punch_type,split
data/processed/poses/V1.mp4/straight_V1_000195_v000001.npy,0,V1.mp4,195,11,straight,train
data/processed/poses/V1.mp4/hook_V1_000214_v000002.npy,1,V1.mp4,214,11,hook,train
data/processed/poses/V1.mp4/straight_V1_000234_v000003.npy,0,V1.mp4,234,11,straight,train
data/processed/poses/V1.mp4/straight_V1_000239_v000004.npy,0,V1.mp4,239,11,straight,train
data/processed/poses/V1.mp4/straight_V1_000348_v000005.npy,0,V1.mp4,348,11,straight,train
data/processed/poses/V1.mp4/straight_V1_001005_v000006.npy,0,V1.mp4,1005,11,straight,train
data/processed/poses/V1.mp4/hook_V1_001019_v000007.npy,1,V1.mp4,1019,11,hook,train
data/processed/poses/V1.mp4/hook_V1_001051_v000008.npy,1,V1.mp4,1051,11,hook,train
data/processed/poses/V1.mp4/straight_V1_001076_v000009.npy,0,V1.mp4,1076,11,straight,train
data/processed/poses/V1.mp4/hook_V1_001111_v000010.npy,1,V1.mp4,1111,11,hook,train
data/processed/poses/V1.mp4/straight_V1_001122_v000011.npy,0,V1.mp4,1122,11,straight,train
data/processed/poses/V1.mp4/straight_V1_001184_v000012.npy,0,V1.mp4,1184,11,straight,train
data/processed/poses/V1.mp4/straight_V1_001231_v000013.npy,0,V1.mp4,1231,11,straight,train
data/processed/poses/V1.mp4/hook_V1_001238_v000014.npy,1,V1.mp4,1238,11,hook,train
data/processed/poses/V1.mp4/hook_V1_001358_v000015.npy,1,V1.mp4,1358,11,hook,train
data/processed/poses/V1.mp4/straight_V1_001386_v000016.npy,0,V1.mp4,1386,11,straight,train
data/processed/poses/V1.mp4/hook_V1_001392_v000017.npy,1,V1.mp4,1392,11,hook,train
data/processed/poses/V1.mp4/straight_V1_001420_v000018.npy,0,V1.mp4,1420,11,straight,train
data/processed/poses/V1.mp4/hook_V1_001425_v000019.npy,1,V1.mp4,1425,11,hook,train
data/processed/poses/V1.mp4/straight_V1_001452_v000020.npy,0,V1.mp4,1452,11,straight,train
data/processed/poses/V1.mp4/straight_V1_001470_v000021.npy,0,V1.mp4,1470,11,straight,train
data/processed/poses/V1.mp4/hook_V1_001525_v000022.npy,1,V1.mp4,1525,11,hook,train
data/processed/poses/V1.mp4/hook_V1_001559_v000023.npy,1,V1.mp4,1559,11,hook,train
data/processed/poses/V1.mp4/straight_V1_001571_v000024.npy,0,V1.mp4,1571,11,straight,train
data/processed/poses/V1.mp4/straight_V1_001582_v000025.npy,0,V1.mp4,1582,11,straight,train
data/processed/poses/V1.mp4/straight_V1_001604_v000026.npy,0,V1.mp4,1604,11,straight,train
data/processed/poses/V1.mp4/hook_V1_001624_v000027.npy,1,V1.mp4,1624,11,hook,train
data/processed/poses/V1.mp4/straight_V1_001942_v000028.npy,0,V1.mp4,1942,11,straight,train
data/processed/poses/V1.mp4/straight_V1_002038_v000029.npy,0,V1.mp4,2038,11,straight,train
data/processed/poses/V1.mp4/straight_V1_002043_v000030.npy,0,V1.mp4,2043,11,straight,train
data/processed/poses/V1.mp4/straight_V1_002076_v000031.npy,0,V1.mp4,2076,11,straight,train
data/processed/poses/V1.mp4/straight_V1_002082_v000032.npy,0,V1.mp4,2082,11,straight,train
data/processed/poses/V1.mp4/straight_V1_002094_v000033.npy,0,V1.mp4,2094,11,straight,train
data/processed/poses/V1.mp4/hook_V1_002116_v000034.npy,1,V1.mp4,2116,11,hook,train
data/processed/poses/V1.mp4/straight_V1_002139_v000035.npy,0,V1.mp4,2139,11,straight,train
data/processed/poses/V1.mp4/hook_V1_002183_v000036.npy,1,V1.mp4,2183,11,hook,train
data/processed/poses/V1.mp4/straight_V1_002229_v000037.npy,0,V1.mp4,2229,11,straight,train
data/processed/poses/V1.mp4/hook_V1_002249_v000038.npy,1,V1.mp4,2249,11,hook,train
data/processed/poses/V1.mp4/straight_V1_002262_v000039.npy,0,V1.mp4,2262,11,straight,train
data/processed/poses/V1.mp4/straight_V1_002271_v000040.npy,0,V1.mp4,2271,11,straight,train
data/processed/poses/V1.mp4/hook_V1_002383_v000041.npy,1,V1.mp4,2383,11,hook,train
data/processed/poses/V1.mp4/straight_V1_002441_v000042.npy,0,V1.mp4,2441,11,straight,train
data/processed/poses/V1.mp4/hook_V1_002485_v000043.npy,1,V1.mp4,2485,11,hook,train
data/processed/poses/V1.mp4/none_V1_002746_v000044.npy,3,V1.mp4,2746,11,none,train
data/processed/poses/V1.mp4/none_V1_002756_v000045.npy,3,V1.mp4,2756,11,none,train
data/processed/poses/V1.mp4/none_V1_002795_v000046.npy,3,V1.mp4,2795,11,none,train
data/processed/poses/V1.mp4/none_V1_002796_v000047.npy,3,V1.mp4,2796,11,none,train
data/processed/poses/V1.mp4/none_V1_002798_v000048.npy,3,V1.mp4,2798,11,none,train
data/processed/poses/V1.mp4/none_V1_002800_v000049.npy,3,V1.mp4,2800,11,none,train
data/processed/poses/V1.mp4/none_V1_002801_v000050.npy,3,V1.mp4,2801,11,none,train
data/processed/poses/V1.mp4/none_V1_002803_v000051.npy,3,V1.mp4,2803,11,none,train
data/processed/poses/V1.mp4/none_V1_002804_v000052.npy,3,V1.mp4,2804,11,none,train
data/processed/poses/V1.mp4/none_V1_002806_v000053.npy,3,V1.mp4,2806,11,none,train
data/processed/poses/V1.mp4/none_V1_002808_v000054.npy,3,V1.mp4,2808,11,none,train
data/processed/poses/V1.mp4/none_V1_002809_v000055.npy,3,V1.mp4,2809,11,none,train
data/processed/poses/V1.mp4/none_V1_002812_v000056.npy,3,V1.mp4,2812,11,none,train
data/processed/poses/V1.mp4/none_V1_002813_v000057.npy,3,V1.mp4,2813,11,none,train
data/processed/poses/V1.mp4/none_V1_002814_v000058.npy,3,V1.mp4,2814,11,none,train
data/processed/poses/V1.mp4/none_V1_002815_v000059.npy,3,V1.mp4,2815,11,none,train
data/processed/poses/V1.mp4/none_V1_002817_v000060.npy,3,V1.mp4,2817,11,none,train
data/processed/poses/V1.mp4/none_V1_002819_v000061.npy,3,V1.mp4,2819,11,none,train
data/processed/poses/V1.mp4/none_V1_002823_v000062.npy,3,V1.mp4,2823,11,none,train
data/processed/poses/V1.mp4/none_V1_002827_v000063.npy,3,V1.mp4,2827,11,none,train
data/processed/poses/V1.mp4/none_V1_002830_v000064.npy,3,V1.mp4,2830,11,none,train
data/processed/poses/V1.mp4/none_V1_002840_v000065.npy,3,V1.mp4,2840,11,none,train
data/processed/poses/V1.mp4/none_V1_002841_v000066.npy,3,V1.mp4,2841,11,none,train
data/processed/poses/V1.mp4/none_V1_002845_v000067.npy,3,V1.mp4,2845,11,none,train
data/processed/poses/V1.mp4/none_V1_002850_v000068.npy,3,V1.mp4,2850,11,none,train
data/processed/poses/V1.mp4/none_V1_002851_v000069.npy,3,V1.mp4,2851,11,none,train
data/processed/poses/V1.mp4/none_V1_002852_v000070.npy,3,V1.mp4,2852,11,none,train
data/processed/poses/V1.mp4/none_V1_002853_v000071.npy,3,V1.mp4,2853,11,none,train
data/processed/poses/V1.mp4/none_V1_002854_v000072.npy,3,V1.mp4,2854,11,none,train
data/processed/poses/V1.mp4/none_V1_002858_v000073.npy,3,V1.mp4,2858,11,none,train
data/processed/poses/V1.mp4/none_V1_002860_v000074.npy,3,V1.mp4,2860,11,none,train
data/processed/poses/V1.mp4/none_V1_002864_v000075.npy,3,V1.mp4,2864,11,none,train
data/processed/poses/V1.mp4/none_V1_002867_v000076.npy,3,V1.mp4,2867,11,none,train
data/processed/poses/V1.mp4/none_V1_002869_v000077.npy,3,V1.mp4,2869,11,none,train
data/processed/poses/V1.mp4/none_V1_002871_v000078.npy,3,V1.mp4,2871,11,none,train
data/processed/poses/V1.mp4/none_V1_002877_v000079.npy,3,V1.mp4,2877,11,none,train
data/processed/poses/V1.mp4/none_V1_002880_v000080.npy,3,V1.mp4,2880,11,none,train
data/processed/poses/V1.mp4/none_V1_002881_v000081.npy,3,V1.mp4,2881,11,none,train
data/processed/poses/V1.mp4/none_V1_002885_v000082.npy,3,V1.mp4,2885,11,none,train
data/processed/poses/V1.mp4/none_V1_002892_v000083.npy,3,V1.mp4,2892,11,none,train
data/processed/poses/V1.mp4/none_V1_002893_v000084.npy,3,V1.mp4,2893,11,none,train
data/processed/poses/V1.mp4/none_V1_002895_v000085.npy,3,V1.mp4,2895,11,none,train
data/processed/poses/V1.mp4/none_V1_002896_v000086.npy,3,V1.mp4,2896,11,none,train
data/processed/poses/V1.mp4/none_V1_002897_v000087.npy,3,V1.mp4,2897,11,none,train
data/processed/poses/V1.mp4/none_V1_002899_v000088.npy,3,V1.mp4,2899,11,none,train
data/processed/poses/V1.mp4/hook_V1_003522_v000089.npy,1,V1.mp4,3522,11,hook,train
data/processed/poses/V1.mp4/straight_V1_003534_v000090.npy,0,V1.mp4,3534,11,straight,train
data/processed/poses/V1.mp4/straight_V1_003542_v000091.npy,0,V1.mp4,3542,11,straight,train
data/processed/poses/V1.mp4/straight_V1_003576_v000092.npy,0,V1.mp4,3576,11,straight,train
data/processed/poses/V1.mp4/hook_V1_003611_v000093.npy,1,V1.mp4,3611,11,hook,train
data/processed/poses/V1.mp4/straight_V1_003631_v000094.npy,0,V1.mp4,3631,11,straight,train
data/processed/poses/V1.mp4/hook_V1_003642_v000095.npy,1,V1.mp4,3642,11,hook,train
data/processed/poses/V1.mp4/hook_V1_003703_v000096.npy,1,V1.mp4,3703,11,hook,train
data/processed/poses/V1.mp4/hook_V1_003735_v000097.npy,1,V1.mp4,3735,11,hook,train
data/processed/poses/V1.mp4/straight_V1_003747_v000098.npy,0,V1.mp4,3747,11,straight,train
data/processed/poses/V1.mp4/straight_V1_003761_v000099.npy,0,V1.mp4,3761,11,straight,train
data/processed/poses/V1.mp4/hook_V1_003830_v000100.npy,1,V1.mp4,3830,11,hook,train
data/processed/poses/V1.mp4/hook_V1_003957_v000101.npy,1,V1.mp4,3957,11,hook,train
data/processed/poses/V1.mp4/straight_V1_003969_v000102.npy,0,V1.mp4,3969,11,straight,train
data/processed/poses/V1.mp4/hook_V1_004021_v000103.npy,1,V1.mp4,4021,11,hook,train
data/processed/poses/V1.mp4/hook_V1_004050_v000104.npy,1,V1.mp4,4050,11,hook,train
data/processed/poses/V1.mp4/hook_V1_004083_v000105.npy,1,V1.mp4,4083,11,hook,train
data/processed/poses/V1.mp4/hook_V1_004115_v000106.npy,1,V1.mp4,4115,11,hook,train
data/processed/poses/V1.mp4/straight_V1_004127_v000107.npy,0,V1.mp4,4127,11,straight,train
data/processed/poses/V1.mp4/hook_V1_004179_v000108.npy,1,V1.mp4,4179,11,hook,train
data/processed/poses/V1.mp4/hook_V1_004243_v000109.npy,1,V1.mp4,4243,11,hook,train
data/processed/poses/V1.mp4/straight_V1_004266_v000110.npy,0,V1.mp4,4266,11,straight,train
data/processed/poses/V1.mp4/straight_V1_004506_v000111.npy,0,V1.mp4,4506,11,straight,train
data/processed/poses/V1.mp4/hook_V1_004513_v000112.npy,1,V1.mp4,4513,11,hook,train
data/processed/poses/V1.mp4/hook_V1_004582_v000113.npy,1,V1.mp4,4582,11,hook,train
data/processed/poses/V1.mp4/hook_V1_004617_v000114.npy,1,V1.mp4,4617,11,hook,train
data/processed/poses/V1.mp4/straight_V1_004633_v000115.npy,0,V1.mp4,4633,11,straight,train
data/processed/poses/V1.mp4/straight_V1_004746_v000116.npy,0,V1.mp4,4746,11,straight,train
data/processed/poses/V1.mp4/straight_V1_004769_v000117.npy,0,V1.mp4,4769,11,straight,train
data/processed/poses/V1.mp4/straight_V1_004786_v000118.npy,0,V1.mp4,4786,11,straight,train
data/processed/poses/V1.mp4/hook_V1_004790_v000119.npy,1,V1.mp4,4790,11,hook,train
data/processed/poses/V1.mp4/straight_V1_004804_v000120.npy,0,V1.mp4,4804,11,straight,train
data/processed/poses/V1.mp4/hook_V1_004824_v000121.npy,1,V1.mp4,4824,11,hook,train
data/processed/poses/V1.mp4/hook_V1_004861_v000122.npy,1,V1.mp4,4861,11,hook,train
data/processed/poses/V1.mp4/straight_V1_004886_v000123.npy,0,V1.mp4,4886,11,straight,train
data/processed/poses/V1.mp4/hook_V1_004896_v000124.npy,1,V1.mp4,4896,11,hook,train
data/processed/poses/V1.mp4/hook_V1_006056_v000125.npy,1,V1.mp4,6056,11,hook,train
data/processed/poses/V1.mp4/hook_V1_006085_v000126.npy,1,V1.mp4,6085,11,hook,train
data/processed/poses/V1.mp4/hook_V1_006113_v000127.npy,1,V1.mp4,6113,11,hook,train
data/processed/poses/V1.mp4/hook_V1_006243_v000128.npy,1,V1.mp4,6243,11,hook,train
data/processed/poses/V1.mp4/straight_V1_006255_v000129.npy,0,V1.mp4,6255,11,straight,train
data/processed/poses/V1.mp4/straight_V1_006289_v000130.npy,0,V1.mp4,6289,11,straight,train
data/processed/poses/V1.mp4/hook_V1_006298_v000131.npy,1,V1.mp4,6298,11,hook,train
data/processed/poses/V1.mp4/hook_V1_006325_v000132.npy,1,V1.mp4,6325,11,hook,train
data/processed/poses/V1.mp4/straight_V1_006372_v000133.npy,0,V1.mp4,6372,11,straight,train
data/processed/poses/V1.mp4/straight_V1_006459_v000134.npy,0,V1.mp4,6459,11,straight,train
data/processed/poses/V1.mp4/straight_V1_006510_v000135.npy,0,V1.mp4,6510,11,straight,train
data/processed/poses/V1.mp4/hook_V1_006548_v000136.npy,1,V1.mp4,6548,11,hook,train
data/processed/poses/V1.mp4/straight_V1_006560_v000137.npy,0,V1.mp4,6560,11,straight,train
data/processed/poses/V1.mp4/hook_V1_006577_v000138.npy,1,V1.mp4,6577,11,hook,train
data/processed/poses/V1.mp4/straight_V1_006616_v000139.npy,0,V1.mp4,6616,11,straight,train
data/processed/poses/V1.mp4/straight_V1_006656_v000140.npy,0,V1.mp4,6656,11,straight,train
data/processed/poses/V1.mp4/straight_V1_006741_v000141.npy,0,V1.mp4,6741,11,straight,train
data/processed/poses/V1.mp4/hook_V1_006830_v000142.npy,1,V1.mp4,6830,11,hook,train
data/processed/poses/V1.mp4/straight_V1_006848_v000143.npy,0,V1.mp4,6848,11,straight,train
data/processed/poses/V1.mp4/hook_V1_006915_v000144.npy,1,V1.mp4,6915,11,hook,train
data/processed/poses/V1.mp4/hook_V1_006944_v000145.npy,1,V1.mp4,6944,11,hook,train
data/processed/poses/V1.mp4/straight_V1_007076_v000146.npy,0,V1.mp4,7076,11,straight,train
data/processed/poses/V1.mp4/straight_V1_007148_v000147.npy,0,V1.mp4,7148,11,straight,train
data/processed/poses/V1.mp4/straight_V1_007211_v000148.npy,0,V1.mp4,7211,11,straight,train
data/processed/poses/V1.mp4/straight_V1_007254_v000149.npy,0,V1.mp4,7254,11,straight,train
data/processed/poses/V1.mp4/straight_V1_007284_v000150.npy,0,V1.mp4,7284,11,straight,train
data/processed/poses/V1.mp4/straight_V1_007323_v000151.npy,0,V1.mp4,7323,11,straight,train
data/processed/poses/V1.mp4/hook_V1_007518_v000152.npy,1,V1.mp4,7518,11,hook,train
data/processed/poses/V1.mp4/none_V1_007530_v000153.npy,3,V1.mp4,7530,11,none,train
data/processed/poses/V1.mp4/none_V1_007531_v000154.npy,3,V1.mp4,7531,11,none,train
data/processed/poses/V1.mp4/none_V1_007532_v000155.npy,3,V1.mp4,7532,11,none,train
data/processed/poses/V1.mp4/none_V1_007533_v000156.npy,3,V1.mp4,7533,11,none,train
data/processed/poses/V1.mp4/none_V1_007537_v000157.npy,3,V1.mp4,7537,11,none,train
data/processed/poses/V1.mp4/none_V1_007538_v000158.npy,3,V1.mp4,7538,11,none,train
data/processed/poses/V1.mp4/none_V1_007539_v000159.npy,3,V1.mp4,7539,11,none,train
data/processed/poses/V1.mp4/none_V1_007540_v000160.npy,3,V1.mp4,7540,11,none,train
data/processed/poses/V1.mp4/none_V1_007545_v000161.npy,3,V1.mp4,7545,11,none,train
data/processed/poses/V1.mp4/none_V1_007689_v000162.npy,3,V1.mp4,7689,11,none,train
data/processed/poses/V1.mp4/none_V1_007690_v000163.npy,3,V1.mp4,7690,11,none,train
data/processed/poses/V1.mp4/none_V1_007693_v000164.npy,3,V1.mp4,7693,11,none,train
data/processed/poses/V1.mp4/none_V1_007695_v000165.npy,3,V1.mp4,7695,11,none,train
data/processed/poses/V1.mp4/none_V1_007696_v000166.npy,3,V1.mp4,7696,11,none,train
data/processed/poses/V1.mp4/none_V1_007697_v000167.npy,3,V1.mp4,7697,11,none,train
data/processed/poses/V1.mp4/none_V1_007700_v000168.npy,3,V1.mp4,7700,11,none,train
data/processed/poses/V1.mp4/none_V1_007701_v000169.npy,3,V1.mp4,7701,11,none,train
data/processed/poses/V1.mp4/none_V1_007703_v000170.npy,3,V1.mp4,7703,11,none,train
data/processed/poses/V1.mp4/none_V1_007738_v000171.npy,3,V1.mp4,7738,11,none,train
data/processed/poses/V1.mp4/none_V1_007740_v000172.npy,3,V1.mp4,7740,11,none,train
data/processed/poses/V1.mp4/none_V1_007740_v000173.npy,3,V1.mp4,7740,11,none,train
data/processed/poses/V1.mp4/none_V1_007743_v000174.npy,3,V1.mp4,7743,11,none,train
data/processed/poses/V1.mp4/none_V1_007746_v000175.npy,3,V1.mp4,7746,11,none,train
data/processed/poses/V1.mp4/none_V1_007748_v000176.npy,3,V1.mp4,7748,11,none,train
data/processed/poses/V1.mp4/none_V1_007748_v000177.npy,3,V1.mp4,7748,11,none,train
data/processed/poses/V1.mp4/none_V1_007779_v000178.npy,3,V1.mp4,7779,11,none,train
data/processed/poses/V1.mp4/none_V1_007781_v000179.npy,3,V1.mp4,7781,11,none,train
data/processed/poses/V1.mp4/none_V1_007784_v000180.npy,3,V1.mp4,7784,11,none,train
data/processed/poses/V1.mp4/none_V1_007785_v000181.npy,3,V1.mp4,7785,11,none,train
data/processed/poses/V1.mp4/none_V1_008116_v000182.npy,3,V1.mp4,8116,11,none,train
data/processed/poses/V1.mp4/none_V1_008120_v000183.npy,3,V1.mp4,8120,11,none,train
data/processed/poses/V1.mp4/none_V1_008121_v000184.npy,3,V1.mp4,8121,11,none,train
data/processed/poses/V1.mp4/none_V1_008122_v000185.npy,3,V1.mp4,8122,11,none,train
data/processed/poses/V1.mp4/straight_V1_009030_v000186.npy,0,V1.mp4,9030,11,straight,train
data/processed/poses/V1.mp4/straight_V1_009503_v000187.npy,0,V1.mp4,9503,11,straight,train
data/processed/poses/V1.mp4/straight_V1_009541_v000188.npy,0,V1.mp4,9541,11,straight,train
data/processed/poses/V1.mp4/straight_V1_009767_v000189.npy,0,V1.mp4,9767,11,straight,train
data/processed/poses/V1.mp4/straight_V1_009794_v000190.npy,0,V1.mp4,9794,11,straight,train
data/processed/poses/V1.mp4/straight_V1_009964_v000191.npy,0,V1.mp4,9964,11,straight,train
data/processed/poses/V1.mp4/straight_V1_010071_v000192.npy,0,V1.mp4,10071,11,straight,train
data/processed/poses/V1.mp4/straight_V1_010083_v000193.npy,0,V1.mp4,10083,11,straight,train
data/processed/poses/V1.mp4/straight_V1_010109_v000194.npy,0,V1.mp4,10109,11,straight,train
data/processed/poses/V1.mp4/straight_V1_010149_v000195.npy,0,V1.mp4,10149,11,straight,train
data/processed/poses/V1.mp4/straight_V1_010303_v000196.npy,0,V1.mp4,10303,11,straight,train
data/processed/poses/V1.mp4/none_V1_010474_v000197.npy,3,V1.mp4,10474,11,none,train
data/processed/poses/V1.mp4/none_V1_010481_v000198.npy,3,V1.mp4,10481,11,none,train
data/processed/poses/V1.mp4/none_V1_010484_v000199.npy,3,V1.mp4,10484,11,none,train
data/processed/poses/V1.mp4/none_V1_010486_v000200.npy,3,V1.mp4,10486,11,none,train
data/processed/poses/V1.mp4/none_V1_010487_v000201.npy,3,V1.mp4,10487,11,none,train
data/processed/poses/V1.mp4/none_V1_010682_v000202.npy,3,V1.mp4,10682,11,none,train
data/processed/poses/V1.mp4/none_V1_010683_v000203.npy,3,V1.mp4,10683,11,none,train
data/processed/poses/V1.mp4/none_V1_010689_v000204.npy,3,V1.mp4,10689,11,none,train
data/processed/poses/V1.mp4/none_V1_010691_v000205.npy,3,V1.mp4,10691,11,none,train
data/processed/poses/V1.mp4/none_V1_010692_v000206.npy,3,V1.mp4,10692,11,none,train
data/processed/poses/V1.mp4/none_V1_010694_v000207.npy,3,V1.mp4,10694,11,none,train
data/processed/poses/V1.mp4/none_V1_010695_v000208.npy,3,V1.mp4,10695,11,none,train
data/processed/poses/V1.mp4/none_V1_010696_v000209.npy,3,V1.mp4,10696,11,none,train
data/processed/poses/V1.mp4/none_V1_010697_v000210.npy,3,V1.mp4,10697,11,none,train
data/processed/poses/V1.mp4/hook_V1_010718_v000211.npy,1,V1.mp4,10718,11,hook,train
data/processed/poses/V1.mp4/straight_V1_010863_v000212.npy,0,V1.mp4,10863,11,straight,train
data/processed/poses/V1.mp4/hook_V1_010913_v000213.npy,1,V1.mp4,10913,11,hook,train
data/processed/poses/V1.mp4/straight_V1_011009_v000214.npy,0,V1.mp4,11009,11,straight,train
data/processed/poses/V1.mp4/hook_V1_011280_v000215.npy,1,V1.mp4,11280,11,hook,train
data/processed/poses/V1.mp4/hook_V1_011281_v000216.npy,1,V1.mp4,11281,11,hook,train
data/processed/poses/V1.mp4/hook_V1_011282_v000217.npy,1,V1.mp4,11282,11,hook,train
data/processed/poses/V1.mp4/hook_V1_011290_v000218.npy,1,V1.mp4,11290,11,hook,train
data/processed/poses/V1.mp4/hook_V1_011292_v000219.npy,1,V1.mp4,11292,11,hook,train
data/processed/poses/V1.mp4/hook_V1_011294_v000220.npy,1,V1.mp4,11294,11,hook,train
data/processed/poses/V1.mp4/hook_V1_011296_v000221.npy,1,V1.mp4,11296,11,hook,train
data/processed/poses/V1.mp4/hook_V1_011297_v000222.npy,1,V1.mp4,11297,11,hook,train
data/processed/poses/V1.mp4/hook_V1_011301_v000223.npy,1,V1.mp4,11301,11,hook,train
data/processed/poses/V1.mp4/none_V1_011307_v000224.npy,3,V1.mp4,11307,11,none,train
data/processed/poses/V1.mp4/none_V1_011308_v000225.npy,3,V1.mp4,11308,11,none,train
data/processed/poses/V1.mp4/none_V1_011314_v000226.npy,3,V1.mp4,11314,11,none,train
data/processed/poses/V1.mp4/none_V1_011316_v000227.npy,3,V1.mp4,11316,11,none,train
data/processed/poses/V1.mp4/none_V1_011319_v000228.npy,3,V1.mp4,11319,11,none,train
data/processed/poses/V1.mp4/none_V1_011320_v000229.npy,3,V1.mp4,11320,11,none,train
data/processed/poses/V1.mp4/none_V1_011323_v000230.npy,3,V1.mp4,11323,11,none,train
data/processed/poses/V1.mp4/none_V1_011328_v000231.npy,3,V1.mp4,11328,11,none,train
data/processed/poses/V1.mp4/none_V1_011330_v000232.npy,3,V1.mp4,11330,11,none,train
data/processed/poses/V10.mp4/straight_V10_000023_v000233.npy,0,V10.mp4,23,11,straight,val
data/processed/poses/V10.mp4/hook_V10_000042_v000234.npy,1,V10.mp4,42,11,hook,val
data/processed/poses/V10.mp4/straight_V10_000742_v000235.npy,0,V10.mp4,742,11,straight,val
data/processed/poses/V10.mp4/uppercut_V10_000781_v000236.npy,2,V10.mp4,781,11,uppercut,val
data/processed/poses/V10.mp4/uppercut_V10_000883_v000237.npy,2,V10.mp4,883,11,uppercut,val
data/processed/poses/V10.mp4/straight_V10_000966_v000238.npy,0,V10.mp4,966,11,straight,val
data/processed/poses/V10.mp4/uppercut_V10_000998_v000239.npy,2,V10.mp4,998,11,uppercut,val
data/processed/poses/V10.mp4/hook_V10_001070_v000240.npy,1,V10.mp4,1070,11,hook,val
data/processed/poses/V10.mp4/uppercut_V10_001089_v000241.npy,2,V10.mp4,1089,11,uppercut,val
data/processed/poses/V10.mp4/straight_V10_001143_v000242.npy,0,V10.mp4,1143,11,straight,val
data/processed/poses/V10.mp4/uppercut_V10_001184_v000243.npy,2,V10.mp4,1184,11,uppercut,val
data/processed/poses/V10.mp4/straight_V10_001338_v000244.npy,0,V10.mp4,1338,11,straight,val
data/processed/poses/V10.mp4/uppercut_V10_001378_v000245.npy,2,V10.mp4,1378,11,uppercut,val
data/processed/poses/V10.mp4/uppercut_V10_001408_v000246.npy,2,V10.mp4,1408,11,uppercut,val
data/processed/poses/V10.mp4/straight_V10_001460_v000247.npy,0,V10.mp4,1460,11,straight,val
data/processed/poses/V10.mp4/uppercut_V10_001504_v000248.npy,2,V10.mp4,1504,11,uppercut,val
data/processed/poses/V10.mp4/straight_V10_001568_v000249.npy,0,V10.mp4,1568,11,straight,val
data/processed/poses/V10.mp4/straight_V10_001579_v000250.npy,0,V10.mp4,1579,11,straight,val
data/processed/poses/V10.mp4/uppercut_V10_001623_v000251.npy,2,V10.mp4,1623,11,uppercut,val
data/processed/poses/V10.mp4/uppercut_V10_001691_v000252.npy,2,V10.mp4,1691,11,uppercut,val
data/processed/poses/V10.mp4/uppercut_V10_001716_v000253.npy,2,V10.mp4,1716,11,uppercut,val
data/processed/poses/V10.mp4/hook_V10_001824_v000254.npy,1,V10.mp4,1824,11,hook,val
data/processed/poses/V10.mp4/uppercut_V10_001849_v000255.npy,2,V10.mp4,1849,11,uppercut,val
data/processed/poses/V10.mp4/uppercut_V10_001875_v000256.npy,2,V10.mp4,1875,11,uppercut,val
data/processed/poses/V10.mp4/straight_V10_001920_v000257.npy,0,V10.mp4,1920,11,straight,val
data/processed/poses/V10.mp4/straight_V10_001959_v000258.npy,0,V10.mp4,1959,11,straight,val
data/processed/poses/V10.mp4/hook_V10_001973_v000259.npy,1,V10.mp4,1973,11,hook,val
data/processed/poses/V10.mp4/uppercut_V10_001996_v000260.npy,2,V10.mp4,1996,11,uppercut,val
data/processed/poses/V10.mp4/uppercut_V10_002030_v000261.npy,2,V10.mp4,2030,11,uppercut,val
data/processed/poses/V10.mp4/straight_V10_002123_v000262.npy,0,V10.mp4,2123,11,straight,val
data/processed/poses/V10.mp4/hook_V10_002139_v000263.npy,1,V10.mp4,2139,11,hook,val
data/processed/poses/V10.mp4/uppercut_V10_002161_v000264.npy,2,V10.mp4,2161,11,uppercut,val
data/processed/poses/V10.mp4/straight_V10_002249_v000265.npy,0,V10.mp4,2249,11,straight,val
data/processed/poses/V10.mp4/straight_V10_002279_v000266.npy,0,V10.mp4,2279,11,straight,val
data/processed/poses/V10.mp4/hook_V10_002300_v000267.npy,1,V10.mp4,2300,11,hook,val
data/processed/poses/V10.mp4/uppercut_V10_002322_v000268.npy,2,V10.mp4,2322,11,uppercut,val
data/processed/poses/V10.mp4/uppercut_V10_002467_v000269.npy,2,V10.mp4,2467,11,uppercut,val
data/processed/poses/V10.mp4/straight_V10_002494_v000270.npy,0,V10.mp4,2494,11,straight,val
data/processed/poses/V10.mp4/straight_V10_002563_v000271.npy,0,V10.mp4,2563,11,straight,val
data/processed/poses/V10.mp4/uppercut_V10_002598_v000272.npy,2,V10.mp4,2598,11,uppercut,val
data/processed/poses/V10.mp4/hook_V10_002696_v000273.npy,1,V10.mp4,2696,11,hook,val
data/processed/poses/V10.mp4/uppercut_V10_002718_v000274.npy,2,V10.mp4,2718,11,uppercut,val
data/processed/poses/V10.mp4/uppercut_V10_002751_v000275.npy,2,V10.mp4,2751,11,uppercut,val
data/processed/poses/V10.mp4/straight_V10_002801_v000276.npy,0,V10.mp4,2801,11,straight,val
data/processed/poses/V10.mp4/straight_V10_002819_v000277.npy,0,V10.mp4,2819,11,straight,val
data/processed/poses/V10.mp4/hook_V10_002839_v000278.npy,1,V10.mp4,2839,11,hook,val
data/processed/poses/V10.mp4/uppercut_V10_002860_v000279.npy,2,V10.mp4,2860,11,uppercut,val
data/processed/poses/V10.mp4/straight_V10_002943_v000280.npy,0,V10.mp4,2943,11,straight,val
data/processed/poses/V10.mp4/uppercut_V10_002979_v000281.npy,2,V10.mp4,2979,11,uppercut,val
data/processed/poses/V10.mp4/straight_V10_003055_v000282.npy,0,V10.mp4,3055,11,straight,val
data/processed/poses/V10.mp4/hook_V10_003077_v000283.npy,1,V10.mp4,3077,11,hook,val
data/processed/poses/V10.mp4/uppercut_V10_003098_v000284.npy,2,V10.mp4,3098,11,uppercut,val
data/processed/poses/V10.mp4/uppercut_V10_003129_v000285.npy,2,V10.mp4,3129,11,uppercut,val
data/processed/poses/V10.mp4/uppercut_V10_003156_v000286.npy,2,V10.mp4,3156,11,uppercut,val
data/processed/poses/V10.mp4/hook_V10_003250_v000287.npy,1,V10.mp4,3250,11,hook,val
data/processed/poses/V10.mp4/uppercut_V10_003270_v000288.npy,2,V10.mp4,3270,11,uppercut,val
data/processed/poses/V10.mp4/straight_V10_003490_v000289.npy,0,V10.mp4,3490,11,straight,val
data/processed/poses/V10.mp4/uppercut_V10_003537_v000290.npy,2,V10.mp4,3537,11,uppercut,val
data/processed/poses/V10.mp4/uppercut_V10_003569_v000291.npy,2,V10.mp4,3569,11,uppercut,val
data/processed/poses/V10.mp4/uppercut_V10_003669_v000292.npy,2,V10.mp4,3669,11,uppercut,val
data/processed/poses/V10.mp4/uppercut_V10_003696_v000293.npy,2,V10.mp4,3696,11,uppercut,val
data/processed/poses/V10.mp4/straight_V10_003749_v000294.npy,0,V10.mp4,3749,11,straight,val
data/processed/poses/V10.mp4/straight_V10_003755_v000295.npy,0,V10.mp4,3755,11,straight,val
data/processed/poses/V10.mp4/hook_V10_003772_v000296.npy,1,V10.mp4,3772,11,hook,val
data/processed/poses/V10.mp4/uppercut_V10_003793_v000297.npy,2,V10.mp4,3793,11,uppercut,val
data/processed/poses/V10.mp4/uppercut_V10_003923_v000298.npy,2,V10.mp4,3923,11,uppercut,val
data/processed/poses/V10.mp4/uppercut_V10_003955_v000299.npy,2,V10.mp4,3955,11,uppercut,val
data/processed/poses/V10.mp4/straight_V10_004038_v000300.npy,0,V10.mp4,4038,11,straight,val
data/processed/poses/V10.mp4/hook_V10_004052_v000301.npy,1,V10.mp4,4052,11,hook,val
data/processed/poses/V10.mp4/uppercut_V10_004105_v000302.npy,2,V10.mp4,4105,11,uppercut,val
data/processed/poses/V10.mp4/hook_V10_004256_v000303.npy,1,V10.mp4,4256,11,hook,val
data/processed/poses/V10.mp4/uppercut_V10_004286_v000304.npy,2,V10.mp4,4286,11,uppercut,val
data/processed/poses/V10.mp4/straight_V10_004314_v000305.npy,0,V10.mp4,4314,11,straight,val
data/processed/poses/V10.mp4/straight_V10_004363_v000306.npy,0,V10.mp4,4363,11,straight,val
data/processed/poses/V10.mp4/straight_V10_004380_v000307.npy,0,V10.mp4,4380,11,straight,val
data/processed/poses/V10.mp4/hook_V10_004400_v000308.npy,1,V10.mp4,4400,11,hook,val
data/processed/poses/V10.mp4/uppercut_V10_004424_v000309.npy,2,V10.mp4,4424,11,uppercut,val
data/processed/poses/V10.mp4/uppercut_V10_004455_v000310.npy,2,V10.mp4,4455,11,uppercut,val
data/processed/poses/V10.mp4/none_V10_004482_v000311.npy,3,V10.mp4,4482,11,none,val
data/processed/poses/V10.mp4/straight_V10_004509_v000312.npy,0,V10.mp4,4509,11,straight,val
data/processed/poses/V10.mp4/straight_V10_004516_v000313.npy,0,V10.mp4,4516,11,straight,val
data/processed/poses/V10.mp4/hook_V10_004532_v000314.npy,1,V10.mp4,4532,11,hook,val
data/processed/poses/V10.mp4/uppercut_V10_004552_v000315.npy,2,V10.mp4,4552,11,uppercut,val
data/processed/poses/V10.mp4/uppercut_V10_004622_v000316.npy,2,V10.mp4,4622,11,uppercut,val
data/processed/poses/V10.mp4/hook_V10_004704_v000317.npy,1,V10.mp4,4704,11,hook,val
data/processed/poses/V10.mp4/uppercut_V10_004725_v000318.npy,2,V10.mp4,4725,11,uppercut,val
data/processed/poses/V10.mp4/none_V10_004939_v000319.npy,3,V10.mp4,4939,11,none,val
data/processed/poses/V10.mp4/none_V10_004941_v000320.npy,3,V10.mp4,4941,11,none,val
data/processed/poses/V10.mp4/none_V10_004945_v000321.npy,3,V10.mp4,4945,11,none,val
data/processed/poses/V10.mp4/none_V10_004947_v000322.npy,3,V10.mp4,4947,11,none,val
data/processed/poses/V10.mp4/none_V10_004949_v000323.npy,3,V10.mp4,4949,11,none,val
data/processed/poses/V10.mp4/none_V10_004952_v000324.npy,3,V10.mp4,4952,11,none,val
data/processed/poses/V10.mp4/none_V10_004954_v000325.npy,3,V10.mp4,4954,11,none,val
data/processed/poses/V10.mp4/none_V10_004955_v000326.npy,3,V10.mp4,4955,11,none,val
data/processed/poses/V10.mp4/none_V10_004960_v000327.npy,3,V10.mp4,4960,11,none,val
data/processed/poses/V10.mp4/none_V10_004961_v000328.npy,3,V10.mp4,4961,11,none,val
data/processed/poses/V10.mp4/none_V10_004963_v000329.npy,3,V10.mp4,4963,11,none,val
data/processed/poses/V10.mp4/none_V10_004969_v000330.npy,3,V10.mp4,4969,11,none,val
data/processed/poses/V10.mp4/none_V10_004972_v000331.npy,3,V10.mp4,4972,11,none,val
data/processed/poses/V10.mp4/none_V10_004976_v000332.npy,3,V10.mp4,4976,11,none,val
data/processed/poses/V10.mp4/none_V10_004985_v000333.npy,3,V10.mp4,4985,11,none,val
data/processed/poses/V10.mp4/none_V10_004986_v000334.npy,3,V10.mp4,4986,11,none,val
data/processed/poses/V10.mp4/none_V10_004987_v000335.npy,3,V10.mp4,4987,11,none,val
data/processed/poses/V10.mp4/none_V10_005052_v000336.npy,3,V10.mp4,5052,11,none,val
data/processed/poses/V10.mp4/none_V10_005056_v000337.npy,3,V10.mp4,5056,11,none,val
data/processed/poses/V10.mp4/none_V10_005058_v000338.npy,3,V10.mp4,5058,11,none,val
data/processed/poses/V10.mp4/none_V10_005059_v000339.npy,3,V10.mp4,5059,11,none,val
data/processed/poses/V10.mp4/none_V10_005061_v000340.npy,3,V10.mp4,5061,11,none,val
data/processed/poses/V10.mp4/none_V10_005062_v000341.npy,3,V10.mp4,5062,11,none,val
data/processed/poses/V10.mp4/none_V10_005063_v000342.npy,3,V10.mp4,5063,11,none,val
data/processed/poses/V10.mp4/none_V10_005064_v000343.npy,3,V10.mp4,5064,11,none,val
data/processed/poses/V10.mp4/none_V10_005065_v000344.npy,3,V10.mp4,5065,11,none,val
data/processed/poses/V10.mp4/none_V10_005068_v000345.npy,3,V10.mp4,5068,11,none,val
data/processed/poses/V10.mp4/none_V10_005070_v000346.npy,3,V10.mp4,5070,11,none,val
data/processed/poses/V10.mp4/none_V10_005076_v000347.npy,3,V10.mp4,5076,11,none,val
data/processed/poses/V10.mp4/none_V10_005079_v000348.npy,3,V10.mp4,5079,11,none,val
data/processed/poses/V10.mp4/none_V10_005080_v000349.npy,3,V10.mp4,5080,11,none,val
data/processed/poses/V10.mp4/none_V10_005087_v000350.npy,3,V10.mp4,5087,11,none,val
data/processed/poses/V10.mp4/none_V10_005090_v000351.npy,3,V10.mp4,5090,11,none,val
data/processed/poses/V10.mp4/none_V10_005294_v000352.npy,3,V10.mp4,5294,11,none,val
data/processed/poses/V10.mp4/none_V10_005297_v000353.npy,3,V10.mp4,5297,11,none,val
data/processed/poses/V10.mp4/none_V10_005298_v000354.npy,3,V10.mp4,5298,11,none,val
data/processed/poses/V10.mp4/none_V10_005307_v000355.npy,3,V10.mp4,5307,11,none,val
data/processed/poses/V10.mp4/none_V10_005312_v000356.npy,3,V10.mp4,5312,11,none,val
data/processed/poses/V10.mp4/none_V10_005313_v000357.npy,3,V10.mp4,5313,11,none,val
data/processed/poses/V10.mp4/none_V10_005318_v000358.npy,3,V10.mp4,5318,11,none,val
data/processed/poses/V10.mp4/none_V10_005321_v000359.npy,3,V10.mp4,5321,11,none,val
data/processed/poses/V10.mp4/none_V10_005329_v000360.npy,3,V10.mp4,5329,11,none,val
data/processed/poses/V10.mp4/none_V10_005336_v000361.npy,3,V10.mp4,5336,11,none,val
data/processed/poses/V10.mp4/none_V10_005338_v000362.npy,3,V10.mp4,5338,11,none,val
data/processed/poses/V10.mp4/none_V10_005353_v000363.npy,3,V10.mp4,5353,11,none,val
data/processed/poses/V10.mp4/none_V10_005386_v000364.npy,3,V10.mp4,5386,11,none,val
data/processed/poses/V10.mp4/none_V10_005391_v000365.npy,3,V10.mp4,5391,11,none,val
data/processed/poses/V10.mp4/none_V10_005395_v000366.npy,3,V10.mp4,5395,11,none,val
data/processed/poses/V10.mp4/none_V10_005406_v000367.npy,3,V10.mp4,5406,11,none,val
data/processed/poses/V10.mp4/none_V10_005459_v000368.npy,3,V10.mp4,5459,11,none,val
data/processed/poses/V10.mp4/none_V10_005463_v000369.npy,3,V10.mp4,5463,11,none,val
data/processed/poses/V10.mp4/none_V10_005469_v000370.npy,3,V10.mp4,5469,11,none,val
data/processed/poses/V10.mp4/none_V10_005471_v000371.npy,3,V10.mp4,5471,11,none,val
data/processed/poses/V10.mp4/none_V10_005478_v000372.npy,3,V10.mp4,5478,11,none,val
data/processed/poses/V10.mp4/none_V10_005488_v000373.npy,3,V10.mp4,5488,11,none,val
data/processed/poses/V10.mp4/none_V10_005498_v000374.npy,3,V10.mp4,5498,11,none,val
data/processed/poses/V10.mp4/straight_V10_006396_v000375.npy,0,V10.mp4,6396,11,straight,val
data/processed/poses/V10.mp4/straight_V10_006425_v000376.npy,0,V10.mp4,6425,11,straight,val
data/processed/poses/V10.mp4/uppercut_V10_006448_v000377.npy,2,V10.mp4,6448,11,uppercut,val
data/processed/poses/V10.mp4/uppercut_V10_006512_v000378.npy,2,V10.mp4,6512,11,uppercut,val
data/processed/poses/V10.mp4/straight_V10_006572_v000379.npy,0,V10.mp4,6572,11,straight,val
data/processed/poses/V10.mp4/uppercut_V10_006614_v000380.npy,2,V10.mp4,6614,11,uppercut,val
data/processed/poses/V10.mp4/straight_V10_006713_v000381.npy,0,V10.mp4,6713,11,straight,val
data/processed/poses/V10.mp4/uppercut_V10_006733_v000382.npy,2,V10.mp4,6733,11,uppercut,val
data/processed/poses/V10.mp4/straight_V10_006784_v000383.npy,0,V10.mp4,6784,11,straight,val
data/processed/poses/V10.mp4/uppercut_V10_006805_v000384.npy,2,V10.mp4,6805,11,uppercut,val
data/processed/poses/V10.mp4/straight_V10_006921_v000385.npy,0,V10.mp4,6921,11,straight,val
data/processed/poses/V10.mp4/hook_V10_006939_v000386.npy,1,V10.mp4,6939,11,hook,val
data/processed/poses/V10.mp4/hook_V10_006973_v000387.npy,1,V10.mp4,6973,11,hook,val
data/processed/poses/V10.mp4/uppercut_V10_007007_v000388.npy,2,V10.mp4,7007,11,uppercut,val
data/processed/poses/V10.mp4/straight_V10_007128_v000389.npy,0,V10.mp4,7128,11,straight,val
data/processed/poses/V10.mp4/hook_V10_007148_v000390.npy,1,V10.mp4,7148,11,hook,val
data/processed/poses/V10.mp4/straight_V10_007237_v000391.npy,0,V10.mp4,7237,11,straight,val
data/processed/poses/V10.mp4/straight_V10_007359_v000392.npy,0,V10.mp4,7359,11,straight,val
data/processed/poses/V10.mp4/straight_V10_007366_v000393.npy,0,V10.mp4,7366,11,straight,val
data/processed/poses/V10.mp4/straight_V10_007493_v000394.npy,0,V10.mp4,7493,11,straight,val
data/processed/poses/V10.mp4/straight_V10_007499_v000395.npy,0,V10.mp4,7499,11,straight,val
data/processed/poses/V10.mp4/hook_V10_007541_v000396.npy,1,V10.mp4,7541,11,hook,val
data/processed/poses/V10.mp4/straight_V10_007865_v000397.npy,0,V10.mp4,7865,11,straight,val
data/processed/poses/V10.mp4/straight_V10_007897_v000398.npy,0,V10.mp4,7897,11,straight,val
data/processed/poses/V10.mp4/uppercut_V10_007966_v000399.npy,2,V10.mp4,7966,11,uppercut,val
data/processed/poses/V10.mp4/uppercut_V10_007985_v000400.npy,2,V10.mp4,7985,11,uppercut,val
data/processed/poses/V10.mp4/straight_V10_008036_v000401.npy,0,V10.mp4,8036,11,straight,val
data/processed/poses/V10.mp4/straight_V10_008042_v000402.npy,0,V10.mp4,8042,11,straight,val
data/processed/poses/V10.mp4/straight_V10_008065_v000403.npy,0,V10.mp4,8065,11,straight,val
data/processed/poses/V10.mp4/hook_V10_008084_v000404.npy,1,V10.mp4,8084,11,hook,val
data/processed/poses/V10.mp4/straight_V10_008191_v000405.npy,0,V10.mp4,8191,11,straight,val
data/processed/poses/V10.mp4/straight_V10_008275_v000406.npy,0,V10.mp4,8275,11,straight,val
data/processed/poses/V10.mp4/hook_V10_008293_v000407.npy,1,V10.mp4,8293,11,hook,val
data/processed/poses/V10.mp4/straight_V10_008570_v000408.npy,0,V10.mp4,8570,11,straight,val
data/processed/poses/V10.mp4/hook_V10_008609_v000409.npy,1,V10.mp4,8609,11,hook,val
data/processed/poses/V10.mp4/straight_V10_008701_v000410.npy,0,V10.mp4,8701,11,straight,val
data/processed/poses/V10.mp4/hook_V10_008744_v000411.npy,1,V10.mp4,8744,11,hook,val
data/processed/poses/V10.mp4/uppercut_V10_008913_v000412.npy,2,V10.mp4,8913,11,uppercut,val
data/processed/poses/V10.mp4/straight_V10_008990_v000413.npy,0,V10.mp4,8990,11,straight,val
data/processed/poses/V10.mp4/straight_V10_009017_v000414.npy,0,V10.mp4,9017,11,straight,val
data/processed/poses/V10.mp4/hook_V10_009038_v000415.npy,1,V10.mp4,9038,11,hook,val
data/processed/poses/V10.mp4/straight_V10_009101_v000416.npy,0,V10.mp4,9101,11,straight,val
data/processed/poses/V10.mp4/straight_V10_009376_v000417.npy,0,V10.mp4,9376,11,straight,val
data/processed/poses/V10.mp4/straight_V10_009434_v000418.npy,0,V10.mp4,9434,11,straight,val
data/processed/poses/V10.mp4/straight_V10_009440_v000419.npy,0,V10.mp4,9440,11,straight,val
data/processed/poses/V10.mp4/hook_V10_009478_v000420.npy,1,V10.mp4,9478,11,hook,val
data/processed/poses/V10.mp4/straight_V10_009521_v000421.npy,0,V10.mp4,9521,11,straight,val
data/processed/poses/V10.mp4/hook_V10_009692_v000422.npy,1,V10.mp4,9692,11,hook,val
data/processed/poses/V10.mp4/straight_V10_009808_v000423.npy,0,V10.mp4,9808,11,straight,val
data/processed/poses/V10.mp4/straight_V10_009842_v000424.npy,0,V10.mp4,9842,11,straight,val
data/processed/poses/V10.mp4/straight_V10_009963_v000425.npy,0,V10.mp4,9963,11,straight,val
data/processed/poses/V10.mp4/straight_V10_009980_v000426.npy,0,V10.mp4,9980,11,straight,val
data/processed/poses/V10.mp4/hook_V10_010032_v000427.npy,1,V10.mp4,10032,11,hook,val
data/processed/poses/V10.mp4/straight_V10_010096_v000428.npy,0,V10.mp4,10096,11,straight,val
data/processed/poses/V10.mp4/straight_V10_010107_v000429.npy,0,V10.mp4,10107,11,straight,val
data/processed/poses/V10.mp4/straight_V10_010163_v000430.npy,0,V10.mp4,10163,11,straight,val
data/processed/poses/V10.mp4/straight_V10_010185_v000431.npy,0,V10.mp4,10185,11,straight,val
data/processed/poses/V10.mp4/hook_V10_010206_v000432.npy,1,V10.mp4,10206,11,hook,val
data/processed/poses/V10.mp4/straight_V10_010364_v000433.npy,0,V10.mp4,10364,11,straight,val
data/processed/poses/V10.mp4/straight_V10_010370_v000434.npy,0,V10.mp4,10370,11,straight,val
data/processed/poses/V10.mp4/straight_V10_010390_v000435.npy,0,V10.mp4,10390,11,straight,val
data/processed/poses/V10.mp4/straight_V10_010493_v000436.npy,0,V10.mp4,10493,11,straight,val
data/processed/poses/V10.mp4/straight_V10_010516_v000437.npy,0,V10.mp4,10516,11,straight,val
data/processed/poses/V10.mp4/none_V10_010704_v000438.npy,3,V10.mp4,10704,11,none,val
data/processed/poses/V10.mp4/none_V10_010705_v000439.npy,3,V10.mp4,10705,11,none,val
data/processed/poses/V10.mp4/none_V10_010715_v000440.npy,3,V10.mp4,10715,11,none,val
data/processed/poses/V10.mp4/none_V10_010796_v000441.npy,3,V10.mp4,10796,11,none,val
data/processed/poses/V10.mp4/none_V10_010818_v000442.npy,3,V10.mp4,10818,11,none,val
data/processed/poses/V10.mp4/none_V10_010820_v000443.npy,3,V10.mp4,10820,11,none,val
data/processed/poses/V10.mp4/none_V10_010821_v000444.npy,3,V10.mp4,10821,11,none,val
data/processed/poses/V10.mp4/none_V10_010822_v000445.npy,3,V10.mp4,10822,11,none,val
data/processed/poses/V10.mp4/none_V10_010823_v000446.npy,3,V10.mp4,10823,11,none,val
data/processed/poses/V10.mp4/none_V10_010827_v000447.npy,3,V10.mp4,10827,11,none,val
data/processed/poses/V10.mp4/none_V10_010862_v000448.npy,3,V10.mp4,10862,11,none,val
data/processed/poses/V10.mp4/none_V10_010872_v000449.npy,3,V10.mp4,10872,11,none,val
data/processed/poses/V10.mp4/none_V10_010876_v000450.npy,3,V10.mp4,10876,11,none,val
data/processed/poses/V10.mp4/none_V10_010885_v000451.npy,3,V10.mp4,10885,11,none,val
data/processed/poses/V10.mp4/none_V10_010886_v000452.npy,3,V10.mp4,10886,11,none,val
data/processed/poses/V10.mp4/none_V10_010894_v000453.npy,3,V10.mp4,10894,11,none,val
data/processed/poses/V10.mp4/none_V10_010898_v000454.npy,3,V10.mp4,10898,11,none,val
data/processed/poses/V10.mp4/none_V10_010906_v000455.npy,3,V10.mp4,10906,11,none,val
data/processed/poses/V10.mp4/none_V10_011036_v000456.npy,3,V10.mp4,11036,11,none,val
data/processed/poses/V10.mp4/none_V10_011040_v000457.npy,3,V10.mp4,11040,11,none,val
data/processed/poses/V10.mp4/none_V10_011042_v000458.npy,3,V10.mp4,11042,11,none,val
data/processed/poses/V10.mp4/none_V10_011049_v000459.npy,3,V10.mp4,11049,11,none,val
data/processed/poses/V10.mp4/none_V10_011051_v000460.npy,3,V10.mp4,11051,11,none,val
data/processed/poses/V10.mp4/none_V10_011052_v000461.npy,3,V10.mp4,11052,11,none,val
data/processed/poses/V10.mp4/none_V10_011056_v000462.npy,3,V10.mp4,11056,11,none,val
data/processed/poses/V10.mp4/none_V10_011128_v000463.npy,3,V10.mp4,11128,11,none,val
data/processed/poses/V10.mp4/none_V10_011130_v000464.npy,3,V10.mp4,11130,11,none,val
data/processed/poses/V10.mp4/none_V10_011131_v000465.npy,3,V10.mp4,11131,11,none,val
data/processed/poses/V10.mp4/none_V10_011132_v000466.npy,3,V10.mp4,11132,11,none,val
data/processed/poses/V10.mp4/none_V10_011136_v000467.npy,3,V10.mp4,11136,11,none,val
data/processed/poses/V10.mp4/none_V10_011139_v000468.npy,3,V10.mp4,11139,11,none,val
data/processed/poses/V10.mp4/none_V10_011142_v000469.npy,3,V10.mp4,11142,11,none,val
data/processed/poses/V10.mp4/none_V10_011147_v000470.npy,3,V10.mp4,11147,11,none,val
data/processed/poses/V10.mp4/none_V10_011148_v000471.npy,3,V10.mp4,11148,11,none,val
data/processed/poses/V10.mp4/none_V10_011150_v000472.npy,3,V10.mp4,11150,11,none,val
data/processed/poses/V10.mp4/none_V10_011157_v000473.npy,3,V10.mp4,11157,11,none,val
data/processed/poses/V10.mp4/uppercut_V10_011257_v000474.npy,2,V10.mp4,11257,11,uppercut,val
data/processed/poses/V10.mp4/uppercut_V10_011308_v000475.npy,2,V10.mp4,11308,11,uppercut,val
data/processed/poses/V10.mp4/uppercut_V10_011428_v000476.npy,2,V10.mp4,11428,11,uppercut,val
data/processed/poses/V10.mp4/straight_V10_011453_v000477.npy,0,V10.mp4,11453,11,straight,val
data/processed/poses/V10.mp4/hook_V10_011485_v000478.npy,1,V10.mp4,11485,11,hook,val
data/processed/poses/V10.mp4/uppercut_V10_011499_v000479.npy,2,V10.mp4,11499,11,uppercut,val
data/processed/poses/V10.mp4/none_V10_011537_v000480.npy,3,V10.mp4,11537,11,none,val
data/processed/poses/V10.mp4/none_V10_011538_v000481.npy,3,V10.mp4,11538,11,none,val
data/processed/poses/V10.mp4/hook_V10_012273_v000482.npy,1,V10.mp4,12273,11,hook,val
data/processed/poses/V10.mp4/hook_V10_012295_v000483.npy,1,V10.mp4,12295,11,hook,val
data/processed/poses/V10.mp4/hook_V10_012314_v000484.npy,1,V10.mp4,12314,11,hook,val
data/processed/poses/V10.mp4/hook_V10_012373_v000485.npy,1,V10.mp4,12373,11,hook,val
data/processed/poses/V10.mp4/hook_V10_012392_v000486.npy,1,V10.mp4,12392,11,hook,val
data/processed/poses/V10.mp4/hook_V10_012411_v000487.npy,1,V10.mp4,12411,11,hook,val
data/processed/poses/V10.mp4/uppercut_V10_012428_v000488.npy,2,V10.mp4,12428,11,uppercut,val
data/processed/poses/V10.mp4/hook_V10_012525_v000489.npy,1,V10.mp4,12525,11,hook,val
data/processed/poses/V10.mp4/hook_V10_012857_v000490.npy,1,V10.mp4,12857,11,hook,val
data/processed/poses/V10.mp4/hook_V10_013114_v000491.npy,1,V10.mp4,13114,11,hook,val
data/processed/poses/V10.mp4/hook_V10_013131_v000492.npy,1,V10.mp4,13131,11,hook,val
data/processed/poses/V10.mp4/hook_V10_013375_v000493.npy,1,V10.mp4,13375,11,hook,val
data/processed/poses/V10.mp4/hook_V10_013392_v000494.npy,1,V10.mp4,13392,11,hook,val
data/processed/poses/V10.mp4/straight_V10_013630_v000495.npy,0,V10.mp4,13630,11,straight,val
data/processed/poses/V10.mp4/hook_V10_013689_v000496.npy,1,V10.mp4,13689,11,hook,val
data/processed/poses/V10.mp4/hook_V10_013705_v000497.npy,1,V10.mp4,13705,11,hook,val
data/processed/poses/V10.mp4/hook_V10_014054_v000498.npy,1,V10.mp4,14054,11,hook,val
data/processed/poses/V10.mp4/hook_V10_014212_v000499.npy,1,V10.mp4,14212,11,hook,val
data/processed/poses/V10.mp4/hook_V10_014221_v000500.npy,1,V10.mp4,14221,11,hook,val
data/processed/poses/V10.mp4/hook_V10_014230_v000501.npy,1,V10.mp4,14230,11,hook,val
data/processed/poses/V10.mp4/hook_V10_014243_v000502.npy,1,V10.mp4,14243,11,hook,val
data/processed/poses/V10.mp4/hook_V10_014403_v000503.npy,1,V10.mp4,14403,11,hook,val
data/processed/poses/V10.mp4/hook_V10_014930_v000504.npy,1,V10.mp4,14930,11,hook,val
data/processed/poses/V10.mp4/hook_V10_014945_v000505.npy,1,V10.mp4,14945,11,hook,val
data/processed/poses/V10.mp4/straight_V10_015272_v000506.npy,0,V10.mp4,15272,11,straight,val
data/processed/poses/V10.mp4/hook_V10_015674_v000507.npy,1,V10.mp4,15674,11,hook,val
data/processed/poses/V10.mp4/hook_V10_015708_v000508.npy,1,V10.mp4,15708,11,hook,val
data/processed/poses/V10.mp4/hook_V10_016304_v000509.npy,1,V10.mp4,16304,11,hook,val
data/processed/poses/V10.mp4/hook_V10_016316_v000510.npy,1,V10.mp4,16316,11,hook,val
data/processed/poses/V10.mp4/hook_V10_016343_v000511.npy,1,V10.mp4,16343,11,hook,val
data/processed/poses/V10.mp4/hook_V10_016385_v000512.npy,1,V10.mp4,16385,11,hook,val
data/processed/poses/V10.mp4/hook_V10_016399_v000513.npy,1,V10.mp4,16399,11,hook,val
data/processed/poses/V10.mp4/none_V10_016488_v000514.npy,3,V10.mp4,16488,11,none,val
data/processed/poses/V10.mp4/none_V10_016490_v000515.npy,3,V10.mp4,16490,11,none,val
data/processed/poses/V10.mp4/none_V10_016494_v000516.npy,3,V10.mp4,16494,11,none,val
data/processed/poses/V10.mp4/none_V10_016497_v000517.npy,3,V10.mp4,16497,11,none,val
data/processed/poses/V10.mp4/none_V10_016498_v000518.npy,3,V10.mp4,16498,11,none,val
data/processed/poses/V10.mp4/none_V10_016501_v000519.npy,3,V10.mp4,16501,11,none,val
data/processed/poses/V11.mp4/uppercut_V11_000890_v000520.npy,2,V11.mp4,890,11,uppercut,train
data/processed/poses/V11.mp4/none_V11_001023_v000521.npy,3,V11.mp4,1023,11,none,train
data/processed/poses/V11.mp4/none_V11_001025_v000522.npy,3,V11.mp4,1025,11,none,train
data/processed/poses/V11.mp4/none_V11_001027_v000523.npy,3,V11.mp4,1027,11,none,train
data/processed/poses/V11.mp4/none_V11_001028_v000524.npy,3,V11.mp4,1028,11,none,train
data/processed/poses/V11.mp4/none_V11_001029_v000525.npy,3,V11.mp4,1029,11,none,train
data/processed/poses/V11.mp4/none_V11_001032_v000526.npy,3,V11.mp4,1032,11,none,train
data/processed/poses/V11.mp4/none_V11_001033_v000527.npy,3,V11.mp4,1033,11,none,train
data/processed/poses/V11.mp4/none_V11_001034_v000528.npy,3,V11.mp4,1034,11,none,train
data/processed/poses/V11.mp4/none_V11_001035_v000529.npy,3,V11.mp4,1035,11,none,train
data/processed/poses/V11.mp4/none_V11_001038_v000530.npy,3,V11.mp4,1038,11,none,train
data/processed/poses/V11.mp4/none_V11_001039_v000531.npy,3,V11.mp4,1039,11,none,train
data/processed/poses/V11.mp4/none_V11_001041_v000532.npy,3,V11.mp4,1041,11,none,train
data/processed/poses/V11.mp4/none_V11_001042_v000533.npy,3,V11.mp4,1042,11,none,train
data/processed/poses/V11.mp4/none_V11_001045_v000534.npy,3,V11.mp4,1045,11,none,train
data/processed/poses/V11.mp4/none_V11_001047_v000535.npy,3,V11.mp4,1047,11,none,train
data/processed/poses/V11.mp4/none_V11_001049_v000536.npy,3,V11.mp4,1049,11,none,train
data/processed/poses/V11.mp4/none_V11_001050_v000537.npy,3,V11.mp4,1050,11,none,train
data/processed/poses/V11.mp4/none_V11_001052_v000538.npy,3,V11.mp4,1052,11,none,train
data/processed/poses/V11.mp4/none_V11_001053_v000539.npy,3,V11.mp4,1053,11,none,train
data/processed/poses/V11.mp4/none_V11_001054_v000540.npy,3,V11.mp4,1054,11,none,train
data/processed/poses/V11.mp4/none_V11_001055_v000541.npy,3,V11.mp4,1055,11,none,train
data/processed/poses/V11.mp4/none_V11_001056_v000542.npy,3,V11.mp4,1056,11,none,train
data/processed/poses/V11.mp4/none_V11_001058_v000543.npy,3,V11.mp4,1058,11,none,train
data/processed/poses/V11.mp4/none_V11_001059_v000544.npy,3,V11.mp4,1059,11,none,train
data/processed/poses/V11.mp4/none_V11_001061_v000545.npy,3,V11.mp4,1061,11,none,train
data/processed/poses/V11.mp4/none_V11_001064_v000546.npy,3,V11.mp4,1064,11,none,train
data/processed/poses/V11.mp4/none_V11_001065_v000547.npy,3,V11.mp4,1065,11,none,train
data/processed/poses/V11.mp4/none_V11_001068_v000548.npy,3,V11.mp4,1068,11,none,train
data/processed/poses/V11.mp4/none_V11_001069_v000549.npy,3,V11.mp4,1069,11,none,train
data/processed/poses/V11.mp4/none_V11_001074_v000550.npy,3,V11.mp4,1074,11,none,train
data/processed/poses/V11.mp4/none_V11_001078_v000551.npy,3,V11.mp4,1078,11,none,train
data/processed/poses/V11.mp4/none_V11_001079_v000552.npy,3,V11.mp4,1079,11,none,train
data/processed/poses/V11.mp4/none_V11_001083_v000553.npy,3,V11.mp4,1083,11,none,train
data/processed/poses/V11.mp4/none_V11_001085_v000554.npy,3,V11.mp4,1085,11,none,train
data/processed/poses/V11.mp4/none_V11_001088_v000555.npy,3,V11.mp4,1088,11,none,train
data/processed/poses/V11.mp4/none_V11_001089_v000556.npy,3,V11.mp4,1089,11,none,train
data/processed/poses/V11.mp4/none_V11_001090_v000557.npy,3,V11.mp4,1090,11,none,train
data/processed/poses/V11.mp4/none_V11_001091_v000558.npy,3,V11.mp4,1091,11,none,train
data/processed/poses/V11.mp4/none_V11_001092_v000559.npy,3,V11.mp4,1092,11,none,train
data/processed/poses/V11.mp4/none_V11_001096_v000560.npy,3,V11.mp4,1096,11,none,train
data/processed/poses/V11.mp4/none_V11_001098_v000561.npy,3,V11.mp4,1098,11,none,train
data/processed/poses/V11.mp4/none_V11_001099_v000562.npy,3,V11.mp4,1099,11,none,train
data/processed/poses/V11.mp4/none_V11_001101_v000563.npy,3,V11.mp4,1101,11,none,train
data/processed/poses/V11.mp4/none_V11_001105_v000564.npy,3,V11.mp4,1105,11,none,train
data/processed/poses/V11.mp4/none_V11_001108_v000565.npy,3,V11.mp4,1108,11,none,train
data/processed/poses/V11.mp4/none_V11_001113_v000566.npy,3,V11.mp4,1113,11,none,train
data/processed/poses/V11.mp4/none_V11_001116_v000567.npy,3,V11.mp4,1116,11,none,train
data/processed/poses/V11.mp4/none_V11_001118_v000568.npy,3,V11.mp4,1118,11,none,train
data/processed/poses/V11.mp4/none_V11_001119_v000569.npy,3,V11.mp4,1119,11,none,train
data/processed/poses/V11.mp4/none_V11_001120_v000570.npy,3,V11.mp4,1120,11,none,train
data/processed/poses/V11.mp4/none_V11_001121_v000571.npy,3,V11.mp4,1121,11,none,train
data/processed/poses/V11.mp4/straight_V11_001642_v000572.npy,0,V11.mp4,1642,11,straight,train
data/processed/poses/V11.mp4/hook_V11_002070_v000573.npy,1,V11.mp4,2070,11,hook,train
data/processed/poses/V11.mp4/hook_V11_002271_v000574.npy,1,V11.mp4,2271,11,hook,train
data/processed/poses/V11.mp4/hook_V11_002502_v000575.npy,1,V11.mp4,2502,11,hook,train
data/processed/poses/V11.mp4/straight_V11_002615_v000576.npy,0,V11.mp4,2615,11,straight,train
data/processed/poses/V11.mp4/uppercut_V11_002685_v000577.npy,2,V11.mp4,2685,11,uppercut,train
data/processed/poses/V11.mp4/straight_V11_002738_v000578.npy,0,V11.mp4,2738,11,straight,train
data/processed/poses/V11.mp4/uppercut_V11_002803_v000579.npy,2,V11.mp4,2803,11,uppercut,train
data/processed/poses/V11.mp4/uppercut_V11_002967_v000580.npy,2,V11.mp4,2967,11,uppercut,train
data/processed/poses/V11.mp4/uppercut_V11_003147_v000581.npy,2,V11.mp4,3147,11,uppercut,train
data/processed/poses/V11.mp4/uppercut_V11_003175_v000582.npy,2,V11.mp4,3175,11,uppercut,train
data/processed/poses/V11.mp4/straight_V11_003256_v000583.npy,0,V11.mp4,3256,11,straight,train
data/processed/poses/V11.mp4/uppercut_V11_003642_v000584.npy,2,V11.mp4,3642,11,uppercut,train
data/processed/poses/V11.mp4/uppercut_V11_003663_v000585.npy,2,V11.mp4,3663,11,uppercut,train
data/processed/poses/V11.mp4/uppercut_V11_003814_v000586.npy,2,V11.mp4,3814,11,uppercut,train
data/processed/poses/V11.mp4/uppercut_V11_003825_v000587.npy,2,V11.mp4,3825,11,uppercut,train
data/processed/poses/V11.mp4/uppercut_V11_004005_v000588.npy,2,V11.mp4,4005,11,uppercut,train
data/processed/poses/V11.mp4/hook_V11_004623_v000589.npy,1,V11.mp4,4623,11,hook,train
data/processed/poses/V11.mp4/straight_V11_004712_v000590.npy,0,V11.mp4,4712,11,straight,train
data/processed/poses/V11.mp4/hook_V11_004886_v000591.npy,1,V11.mp4,4886,11,hook,train
data/processed/poses/V11.mp4/straight_V11_004903_v000592.npy,0,V11.mp4,4903,11,straight,train
data/processed/poses/V11.mp4/straight_V11_004912_v000593.npy,0,V11.mp4,4912,11,straight,train
data/processed/poses/V11.mp4/straight_V11_005111_v000594.npy,0,V11.mp4,5111,11,straight,train
data/processed/poses/V11.mp4/straight_V11_005118_v000595.npy,0,V11.mp4,5118,11,straight,train
data/processed/poses/V11.mp4/straight_V11_005178_v000596.npy,0,V11.mp4,5178,11,straight,train
data/processed/poses/V11.mp4/hook_V11_005195_v000597.npy,1,V11.mp4,5195,11,hook,train
data/processed/poses/V11.mp4/hook_V11_005297_v000598.npy,1,V11.mp4,5297,11,hook,train
data/processed/poses/V11.mp4/hook_V11_005331_v000599.npy,1,V11.mp4,5331,11,hook,train
data/processed/poses/V11.mp4/straight_V11_005452_v000600.npy,0,V11.mp4,5452,11,straight,train
data/processed/poses/V11.mp4/straight_V11_005517_v000601.npy,0,V11.mp4,5517,11,straight,train
data/processed/poses/V11.mp4/hook_V11_005621_v000602.npy,1,V11.mp4,5621,11,hook,train
data/processed/poses/V11.mp4/straight_V11_005646_v000603.npy,0,V11.mp4,5646,11,straight,train
data/processed/poses/V11.mp4/hook_V11_005686_v000604.npy,1,V11.mp4,5686,11,hook,train
data/processed/poses/V11.mp4/straight_V11_005800_v000605.npy,0,V11.mp4,5800,11,straight,train
data/processed/poses/V11.mp4/straight_V11_005830_v000606.npy,0,V11.mp4,5830,11,straight,train
data/processed/poses/V11.mp4/hook_V11_005878_v000607.npy,1,V11.mp4,5878,11,hook,train
data/processed/poses/V11.mp4/straight_V11_006033_v000608.npy,0,V11.mp4,6033,11,straight,train
data/processed/poses/V11.mp4/hook_V11_006939_v000609.npy,1,V11.mp4,6939,11,hook,train
data/processed/poses/V11.mp4/hook_V11_007121_v000610.npy,1,V11.mp4,7121,11,hook,train
data/processed/poses/V11.mp4/straight_V11_007144_v000611.npy,0,V11.mp4,7144,11,straight,train
data/processed/poses/V11.mp4/hook_V11_007152_v000612.npy,1,V11.mp4,7152,11,hook,train
data/processed/poses/V11.mp4/hook_V11_007183_v000613.npy,1,V11.mp4,7183,11,hook,train
data/processed/poses/V11.mp4/straight_V11_007264_v000614.npy,0,V11.mp4,7264,11,straight,train
data/processed/poses/V11.mp4/straight_V11_007303_v000615.npy,0,V11.mp4,7303,11,straight,train
data/processed/poses/V11.mp4/hook_V11_007312_v000616.npy,1,V11.mp4,7312,11,hook,train
data/processed/poses/V11.mp4/hook_V11_007379_v000617.npy,1,V11.mp4,7379,11,hook,train
data/processed/poses/V11.mp4/straight_V11_007566_v000618.npy,0,V11.mp4,7566,11,straight,train
data/processed/poses/V11.mp4/straight_V11_007688_v000619.npy,0,V11.mp4,7688,11,straight,train
data/processed/poses/V11.mp4/hook_V11_007703_v000620.npy,1,V11.mp4,7703,11,hook,train
data/processed/poses/V11.mp4/straight_V11_007889_v000621.npy,0,V11.mp4,7889,11,straight,train
data/processed/poses/V11.mp4/straight_V11_008086_v000622.npy,0,V11.mp4,8086,11,straight,train
data/processed/poses/V11.mp4/straight_V11_008232_v000623.npy,0,V11.mp4,8232,11,straight,train
data/processed/poses/V11.mp4/hook_V11_008275_v000624.npy,1,V11.mp4,8275,11,hook,train
data/processed/poses/V11.mp4/hook_V11_008308_v000625.npy,1,V11.mp4,8308,11,hook,train
data/processed/poses/V11.mp4/hook_V11_008343_v000626.npy,1,V11.mp4,8343,11,hook,train
data/processed/poses/V11.mp4/straight_V11_008363_v000627.npy,0,V11.mp4,8363,11,straight,train
data/processed/poses/V11.mp4/hook_V11_008412_v000628.npy,1,V11.mp4,8412,11,hook,train
data/processed/poses/V11.mp4/hook_V11_008446_v000629.npy,1,V11.mp4,8446,11,hook,train
data/processed/poses/V11.mp4/hook_V11_008517_v000630.npy,1,V11.mp4,8517,11,hook,train
data/processed/poses/V11.mp4/hook_V11_009404_v000631.npy,1,V11.mp4,9404,11,hook,train
data/processed/poses/V11.mp4/hook_V11_009762_v000632.npy,1,V11.mp4,9762,11,hook,train
data/processed/poses/V11.mp4/straight_V11_009876_v000633.npy,0,V11.mp4,9876,11,straight,train
data/processed/poses/V11.mp4/hook_V11_010012_v000634.npy,1,V11.mp4,10012,11,hook,train
data/processed/poses/V11.mp4/straight_V11_010282_v000635.npy,0,V11.mp4,10282,11,straight,train
data/processed/poses/V11.mp4/straight_V11_010372_v000636.npy,0,V11.mp4,10372,11,straight,train
data/processed/poses/V11.mp4/straight_V11_010467_v000637.npy,0,V11.mp4,10467,11,straight,train
data/processed/poses/V11.mp4/hook_V11_010580_v000638.npy,1,V11.mp4,10580,11,hook,train
data/processed/poses/V11.mp4/hook_V11_010745_v000639.npy,1,V11.mp4,10745,11,hook,train
data/processed/poses/V11.mp4/hook_V11_010827_v000640.npy,1,V11.mp4,10827,11,hook,train
data/processed/poses/V11.mp4/straight_V11_010890_v000641.npy,0,V11.mp4,10890,11,straight,train
data/processed/poses/V11.mp4/none_V11_011851_v000642.npy,3,V11.mp4,11851,11,none,train
data/processed/poses/V11.mp4/none_V11_011852_v000643.npy,3,V11.mp4,11852,11,none,train
data/processed/poses/V11.mp4/none_V11_011855_v000644.npy,3,V11.mp4,11855,11,none,train
data/processed/poses/V11.mp4/none_V11_011899_v000645.npy,3,V11.mp4,11899,11,none,train
data/processed/poses/V11.mp4/none_V11_011901_v000646.npy,3,V11.mp4,11901,11,none,train
data/processed/poses/V11.mp4/none_V11_011903_v000647.npy,3,V11.mp4,11903,11,none,train
data/processed/poses/V11.mp4/none_V11_011904_v000648.npy,3,V11.mp4,11904,11,none,train
data/processed/poses/V11.mp4/none_V11_011904_v000649.npy,3,V11.mp4,11904,11,none,train
data/processed/poses/V11.mp4/none_V11_011906_v000650.npy,3,V11.mp4,11906,11,none,train
data/processed/poses/V11.mp4/none_V11_011908_v000651.npy,3,V11.mp4,11908,11,none,train
data/processed/poses/V11.mp4/none_V11_011911_v000652.npy,3,V11.mp4,11911,11,none,train
data/processed/poses/V11.mp4/none_V11_011913_v000653.npy,3,V11.mp4,11913,11,none,train
data/processed/poses/V11.mp4/none_V11_011914_v000654.npy,3,V11.mp4,11914,11,none,train
data/processed/poses/V11.mp4/none_V11_011915_v000655.npy,3,V11.mp4,11915,11,none,train
data/processed/poses/V11.mp4/none_V11_011916_v000656.npy,3,V11.mp4,11916,11,none,train
data/processed/poses/V11.mp4/none_V11_011922_v000657.npy,3,V11.mp4,11922,11,none,train
data/processed/poses/V11.mp4/none_V11_011925_v000658.npy,3,V11.mp4,11925,11,none,train
data/processed/poses/V11.mp4/none_V11_011927_v000659.npy,3,V11.mp4,11927,11,none,train
data/processed/poses/V11.mp4/none_V11_011928_v000660.npy,3,V11.mp4,11928,11,none,train
data/processed/poses/V11.mp4/none_V11_011929_v000661.npy,3,V11.mp4,11929,11,none,train
data/processed/poses/V11.mp4/none_V11_011929_v000662.npy,3,V11.mp4,11929,11,none,train
data/processed/poses/V11.mp4/none_V11_011930_v000663.npy,3,V11.mp4,11930,11,none,train
data/processed/poses/V11.mp4/none_V11_011931_v000664.npy,3,V11.mp4,11931,11,none,train
data/processed/poses/V11.mp4/none_V11_011932_v000665.npy,3,V11.mp4,11932,11,none,train
data/processed/poses/V11.mp4/none_V11_011933_v000666.npy,3,V11.mp4,11933,11,none,train
data/processed/poses/V11.mp4/none_V11_011935_v000667.npy,3,V11.mp4,11935,11,none,train
data/processed/poses/V11.mp4/none_V11_011936_v000668.npy,3,V11.mp4,11936,11,none,train
data/processed/poses/V11.mp4/none_V11_011937_v000669.npy,3,V11.mp4,11937,11,none,train
data/processed/poses/V11.mp4/none_V11_011939_v000670.npy,3,V11.mp4,11939,11,none,train
data/processed/poses/V11.mp4/none_V11_011945_v000671.npy,3,V11.mp4,11945,11,none,train
data/processed/poses/V11.mp4/none_V11_011947_v000672.npy,3,V11.mp4,11947,11,none,train
data/processed/poses/V11.mp4/none_V11_011948_v000673.npy,3,V11.mp4,11948,11,none,train
data/processed/poses/V11.mp4/none_V11_011950_v000674.npy,3,V11.mp4,11950,11,none,train
data/processed/poses/V11.mp4/none_V11_011951_v000675.npy,3,V11.mp4,11951,11,none,train
data/processed/poses/V11.mp4/none_V11_011952_v000676.npy,3,V11.mp4,11952,11,none,train
data/processed/poses/V11.mp4/none_V11_011953_v000677.npy,3,V11.mp4,11953,11,none,train
data/processed/poses/V11.mp4/none_V11_011956_v000678.npy,3,V11.mp4,11956,11,none,train
data/processed/poses/V11.mp4/none_V11_011957_v000679.npy,3,V11.mp4,11957,11,none,train
data/processed/poses/V11.mp4/none_V11_011959_v000680.npy,3,V11.mp4,11959,11,none,train
data/processed/poses/V11.mp4/none_V11_011960_v000681.npy,3,V11.mp4,11960,11,none,train
data/processed/poses/V11.mp4/none_V11_011961_v000682.npy,3,V11.mp4,11961,11,none,train
data/processed/poses/V11.mp4/none_V11_011964_v000683.npy,3,V11.mp4,11964,11,none,train
data/processed/poses/V11.mp4/none_V11_011965_v000684.npy,3,V11.mp4,11965,11,none,train
data/processed/poses/V11.mp4/hook_V11_012606_v000685.npy,1,V11.mp4,12606,11,hook,train
data/processed/poses/V11.mp4/straight_V11_012728_v000686.npy,0,V11.mp4,12728,11,straight,train
data/processed/poses/V11.mp4/straight_V11_012878_v000687.npy,0,V11.mp4,12878,11,straight,train
data/processed/poses/V11.mp4/straight_V11_013495_v000688.npy,0,V11.mp4,13495,11,straight,train
data/processed/poses/V11.mp4/hook_V11_013560_v000689.npy,1,V11.mp4,13560,11,hook,train
data/processed/poses/V11.mp4/straight_V11_013582_v000690.npy,0,V11.mp4,13582,11,straight,train
data/processed/poses/V11.mp4/hook_V11_013605_v000691.npy,1,V11.mp4,13605,11,hook,train
data/processed/poses/V11.mp4/straight_V11_013618_v000692.npy,0,V11.mp4,13618,11,straight,train
data/processed/poses/V11.mp4/hook_V11_013867_v000693.npy,1,V11.mp4,13867,11,hook,train
data/processed/poses/V11.mp4/straight_V11_013978_v000694.npy,0,V11.mp4,13978,11,straight,train
data/processed/poses/V11.mp4/hook_V11_014000_v000695.npy,1,V11.mp4,14000,11,hook,train
data/processed/poses/V11.mp4/straight_V11_015057_v000696.npy,0,V11.mp4,15057,11,straight,train
data/processed/poses/V11.mp4/straight_V11_015228_v000697.npy,0,V11.mp4,15228,11,straight,train
data/processed/poses/V11.mp4/straight_V11_015289_v000698.npy,0,V11.mp4,15289,11,straight,train
data/processed/poses/V11.mp4/hook_V11_015299_v000699.npy,1,V11.mp4,15299,11,hook,train
data/processed/poses/V11.mp4/straight_V11_015333_v000700.npy,0,V11.mp4,15333,11,straight,train
data/processed/poses/V11.mp4/hook_V11_015342_v000701.npy,1,V11.mp4,15342,11,hook,train
data/processed/poses/V11.mp4/straight_V11_015363_v000702.npy,0,V11.mp4,15363,11,straight,train
data/processed/poses/V11.mp4/straight_V11_015451_v000703.npy,0,V11.mp4,15451,11,straight,train
data/processed/poses/V11.mp4/hook_V11_015473_v000704.npy,1,V11.mp4,15473,11,hook,train
data/processed/poses/V11.mp4/hook_V11_015604_v000705.npy,1,V11.mp4,15604,11,hook,train
data/processed/poses/V11.mp4/hook_V11_015648_v000706.npy,1,V11.mp4,15648,11,hook,train
data/processed/poses/V11.mp4/straight_V11_015662_v000707.npy,0,V11.mp4,15662,11,straight,train
data/processed/poses/V11.mp4/straight_V11_015750_v000708.npy,0,V11.mp4,15750,11,straight,train
data/processed/poses/V11.mp4/straight_V11_015772_v000709.npy,0,V11.mp4,15772,11,straight,train
data/processed/poses/V11.mp4/hook_V11_015908_v000710.npy,1,V11.mp4,15908,11,hook,train
data/processed/poses/V11.mp4/hook_V11_015991_v000711.npy,1,V11.mp4,15991,11,hook,train
data/processed/poses/V11.mp4/straight_V11_016003_v000712.npy,0,V11.mp4,16003,11,straight,train
data/processed/poses/V11.mp4/straight_V11_016093_v000713.npy,0,V11.mp4,16093,11,straight,train
data/processed/poses/V11.mp4/straight_V11_016293_v000714.npy,0,V11.mp4,16293,11,straight,train
data/processed/poses/V11.mp4/straight_V11_016304_v000715.npy,0,V11.mp4,16304,11,straight,train
data/processed/poses/V11.mp4/straight_V11_016334_v000716.npy,0,V11.mp4,16334,11,straight,train
data/processed/poses/V11.mp4/straight_V11_016417_v000717.npy,0,V11.mp4,16417,11,straight,train
data/processed/poses/V11.mp4/hook_V11_016438_v000718.npy,1,V11.mp4,16438,11,hook,train
data/processed/poses/V11.mp4/none_V11_016572_v000719.npy,3,V11.mp4,16572,11,none,train
data/processed/poses/V11.mp4/none_V11_016573_v000720.npy,3,V11.mp4,16573,11,none,train
data/processed/poses/V11.mp4/none_V11_016574_v000721.npy,3,V11.mp4,16574,11,none,train
data/processed/poses/V11.mp4/none_V11_016576_v000722.npy,3,V11.mp4,16576,11,none,train
data/processed/poses/V11.mp4/none_V11_016578_v000723.npy,3,V11.mp4,16578,11,none,train
data/processed/poses/V11.mp4/none_V11_016581_v000724.npy,3,V11.mp4,16581,11,none,train
data/processed/poses/V11.mp4/none_V11_016583_v000725.npy,3,V11.mp4,16583,11,none,train
data/processed/poses/V11.mp4/straight_V11_017674_v000726.npy,0,V11.mp4,17674,11,straight,train
data/processed/poses/V11.mp4/straight_V11_017766_v000727.npy,0,V11.mp4,17766,11,straight,train
data/processed/poses/V11.mp4/straight_V11_017867_v000728.npy,0,V11.mp4,17867,11,straight,train
data/processed/poses/V11.mp4/straight_V11_017962_v000729.npy,0,V11.mp4,17962,11,straight,train
data/processed/poses/V11.mp4/straight_V11_018019_v000730.npy,0,V11.mp4,18019,11,straight,train
data/processed/poses/V11.mp4/straight_V11_018076_v000731.npy,0,V11.mp4,18076,11,straight,train
data/processed/poses/V11.mp4/straight_V11_018101_v000732.npy,0,V11.mp4,18101,11,straight,train
data/processed/poses/V11.mp4/hook_V11_018222_v000733.npy,1,V11.mp4,18222,11,hook,train
data/processed/poses/V11.mp4/straight_V11_018293_v000734.npy,0,V11.mp4,18293,11,straight,train
data/processed/poses/V11.mp4/straight_V11_018454_v000735.npy,0,V11.mp4,18454,11,straight,train
data/processed/poses/V11.mp4/straight_V11_018496_v000736.npy,0,V11.mp4,18496,11,straight,train
data/processed/poses/V11.mp4/straight_V11_018517_v000737.npy,0,V11.mp4,18517,11,straight,train
data/processed/poses/V11.mp4/straight_V11_018549_v000738.npy,0,V11.mp4,18549,11,straight,train
data/processed/poses/V11.mp4/straight_V11_018592_v000739.npy,0,V11.mp4,18592,11,straight,train
data/processed/poses/V11.mp4/hook_V11_018724_v000740.npy,1,V11.mp4,18724,11,hook,train
data/processed/poses/V11.mp4/straight_V11_018759_v000741.npy,0,V11.mp4,18759,11,straight,train
data/processed/poses/V11.mp4/straight_V11_019168_v000742.npy,0,V11.mp4,19168,11,straight,train
data/processed/poses/V11.mp4/straight_V11_019197_v000743.npy,0,V11.mp4,19197,11,straight,train
data/processed/poses/V11.mp4/straight_V11_019228_v000744.npy,0,V11.mp4,19228,11,straight,train
data/processed/poses/V11.mp4/uppercut_V11_020722_v000745.npy,2,V11.mp4,20722,11,uppercut,train
data/processed/poses/V11.mp4/uppercut_V11_020853_v000746.npy,2,V11.mp4,20853,11,uppercut,train
data/processed/poses/V11.mp4/uppercut_V11_020937_v000747.npy,2,V11.mp4,20937,11,uppercut,train
data/processed/poses/V11.mp4/hook_V11_020943_v000748.npy,1,V11.mp4,20943,11,hook,train
data/processed/poses/V11.mp4/uppercut_V11_021004_v000749.npy,2,V11.mp4,21004,11,uppercut,train
data/processed/poses/V11.mp4/uppercut_V11_021071_v000750.npy,2,V11.mp4,21071,11,uppercut,train
data/processed/poses/V11.mp4/uppercut_V11_021142_v000751.npy,2,V11.mp4,21142,11,uppercut,train
data/processed/poses/V11.mp4/uppercut_V11_021209_v000752.npy,2,V11.mp4,21209,11,uppercut,train
data/processed/poses/V11.mp4/hook_V11_021254_v000753.npy,1,V11.mp4,21254,11,hook,train
data/processed/poses/V11.mp4/uppercut_V11_021281_v000754.npy,2,V11.mp4,21281,11,uppercut,train
data/processed/poses/V11.mp4/uppercut_V11_021352_v000755.npy,2,V11.mp4,21352,11,uppercut,train
data/processed/poses/V11.mp4/uppercut_V11_021426_v000756.npy,2,V11.mp4,21426,11,uppercut,train
data/processed/poses/V11.mp4/hook_V11_021467_v000757.npy,1,V11.mp4,21467,11,hook,train
data/processed/poses/V11.mp4/uppercut_V11_021493_v000758.npy,2,V11.mp4,21493,11,uppercut,train
data/processed/poses/V11.mp4/uppercut_V11_021563_v000759.npy,2,V11.mp4,21563,11,uppercut,train
data/processed/poses/V11.mp4/uppercut_V11_021650_v000760.npy,2,V11.mp4,21650,11,uppercut,train
data/processed/poses/V11.mp4/uppercut_V11_021741_v000761.npy,2,V11.mp4,21741,11,uppercut,train
data/processed/poses/V11.mp4/hook_V11_021766_v000762.npy,1,V11.mp4,21766,11,hook,train
data/processed/poses/V11.mp4/uppercut_V11_021806_v000763.npy,2,V11.mp4,21806,11,uppercut,train
data/processed/poses/V11.mp4/uppercut_V11_021878_v000764.npy,2,V11.mp4,21878,11,uppercut,train
data/processed/poses/V11.mp4/uppercut_V11_021951_v000765.npy,2,V11.mp4,21951,11,uppercut,train
data/processed/poses/V11.mp4/straight_V11_021958_v000766.npy,0,V11.mp4,21958,11,straight,train
data/processed/poses/V11.mp4/uppercut_V11_022047_v000767.npy,2,V11.mp4,22047,11,uppercut,train
data/processed/poses/V11.mp4/hook_V11_022088_v000768.npy,1,V11.mp4,22088,11,hook,train
data/processed/poses/V11.mp4/uppercut_V11_022113_v000769.npy,2,V11.mp4,22113,11,uppercut,train
data/processed/poses/V11.mp4/uppercut_V11_022191_v000770.npy,2,V11.mp4,22191,11,uppercut,train
data/processed/poses/V11.mp4/uppercut_V11_023250_v000771.npy,2,V11.mp4,23250,11,uppercut,train
data/processed/poses/V11.mp4/uppercut_V11_023317_v000772.npy,2,V11.mp4,23317,11,uppercut,train
data/processed/poses/V11.mp4/straight_V11_023378_v000773.npy,0,V11.mp4,23378,11,straight,train
data/processed/poses/V11.mp4/uppercut_V11_023385_v000774.npy,2,V11.mp4,23385,11,uppercut,train
data/processed/poses/V11.mp4/hook_V11_023414_v000775.npy,1,V11.mp4,23414,11,hook,train
data/processed/poses/V11.mp4/uppercut_V11_023454_v000776.npy,2,V11.mp4,23454,11,uppercut,train
data/processed/poses/V11.mp4/uppercut_V11_023506_v000777.npy,2,V11.mp4,23506,11,uppercut,train
data/processed/poses/V11.mp4/uppercut_V11_023628_v000778.npy,2,V11.mp4,23628,11,uppercut,train
data/processed/poses/V11.mp4/uppercut_V11_023694_v000779.npy,2,V11.mp4,23694,11,uppercut,train
data/processed/poses/V11.mp4/hook_V11_023717_v000780.npy,1,V11.mp4,23717,11,hook,train
data/processed/poses/V11.mp4/uppercut_V11_023746_v000781.npy,2,V11.mp4,23746,11,uppercut,train
data/processed/poses/V11.mp4/uppercut_V11_023842_v000782.npy,2,V11.mp4,23842,11,uppercut,train
data/processed/poses/V11.mp4/straight_V11_023847_v000783.npy,0,V11.mp4,23847,11,straight,train
data/processed/poses/V11.mp4/uppercut_V11_023863_v000784.npy,2,V11.mp4,23863,11,uppercut,train
data/processed/poses/V11.mp4/uppercut_V11_023894_v000785.npy,2,V11.mp4,23894,11,uppercut,train
data/processed/poses/V11.mp4/uppercut_V11_023953_v000786.npy,2,V11.mp4,23953,11,uppercut,train
data/processed/poses/V11.mp4/hook_V11_024033_v000787.npy,1,V11.mp4,24033,11,hook,train
data/processed/poses/V11.mp4/uppercut_V11_024039_v000788.npy,2,V11.mp4,24039,11,uppercut,train
data/processed/poses/V11.mp4/hook_V11_024069_v000789.npy,1,V11.mp4,24069,11,hook,train
data/processed/poses/V11.mp4/straight_V11_024102_v000790.npy,0,V11.mp4,24102,11,straight,train
data/processed/poses/V11.mp4/hook_V11_024129_v000791.npy,1,V11.mp4,24129,11,hook,train
data/processed/poses/V11.mp4/uppercut_V11_024155_v000792.npy,2,V11.mp4,24155,11,uppercut,train
data/processed/poses/V11.mp4/uppercut_V11_024221_v000793.npy,2,V11.mp4,24221,11,uppercut,train
data/processed/poses/V11.mp4/uppercut_V11_024296_v000794.npy,2,V11.mp4,24296,11,uppercut,train
data/processed/poses/V11.mp4/uppercut_V11_024372_v000795.npy,2,V11.mp4,24372,11,uppercut,train
data/processed/poses/V11.mp4/hook_V11_024402_v000796.npy,1,V11.mp4,24402,11,hook,train
data/processed/poses/V11.mp4/hook_V11_024419_v000797.npy,1,V11.mp4,24419,11,hook,train
data/processed/poses/V11.mp4/uppercut_V11_024454_v000798.npy,2,V11.mp4,24454,11,uppercut,train
data/processed/poses/V11.mp4/hook_V11_024497_v000799.npy,1,V11.mp4,24497,11,hook,train
data/processed/poses/V11.mp4/uppercut_V11_024521_v000800.npy,2,V11.mp4,24521,11,uppercut,train
data/processed/poses/V11.mp4/hook_V11_024559_v000801.npy,1,V11.mp4,24559,11,hook,train
data/processed/poses/V11.mp4/uppercut_V11_024594_v000802.npy,2,V11.mp4,24594,11,uppercut,train
data/processed/poses/V11.mp4/uppercut_V11_024674_v000803.npy,2,V11.mp4,24674,11,uppercut,train
data/processed/poses/V12.mp4/none_V12_000341_v000804.npy,3,V12.mp4,341,11,none,train
data/processed/poses/V12.mp4/none_V12_000343_v000805.npy,3,V12.mp4,343,11,none,train
data/processed/poses/V12.mp4/none_V12_000345_v000806.npy,3,V12.mp4,345,11,none,train
data/processed/poses/V12.mp4/none_V12_000346_v000807.npy,3,V12.mp4,346,11,none,train
data/processed/poses/V12.mp4/none_V12_000348_v000808.npy,3,V12.mp4,348,11,none,train
data/processed/poses/V12.mp4/none_V12_000351_v000809.npy,3,V12.mp4,351,11,none,train
data/processed/poses/V12.mp4/none_V12_000352_v000810.npy,3,V12.mp4,352,11,none,train
data/processed/poses/V12.mp4/straight_V12_001044_v000811.npy,0,V12.mp4,1044,11,straight,train
data/processed/poses/V12.mp4/straight_V12_001357_v000812.npy,0,V12.mp4,1357,11,straight,train
data/processed/poses/V12.mp4/none_V12_001661_v000813.npy,3,V12.mp4,1661,11,none,train
data/processed/poses/V12.mp4/none_V12_001662_v000814.npy,3,V12.mp4,1662,11,none,train
data/processed/poses/V12.mp4/none_V12_001665_v000815.npy,3,V12.mp4,1665,11,none,train
data/processed/poses/V12.mp4/none_V12_001666_v000816.npy,3,V12.mp4,1666,11,none,train
data/processed/poses/V12.mp4/none_V12_001667_v000817.npy,3,V12.mp4,1667,11,none,train
data/processed/poses/V12.mp4/none_V12_001668_v000818.npy,3,V12.mp4,1668,11,none,train
data/processed/poses/V12.mp4/none_V12_001671_v000819.npy,3,V12.mp4,1671,11,none,train
data/processed/poses/V12.mp4/straight_V12_001849_v000820.npy,0,V12.mp4,1849,11,straight,train
data/processed/poses/V12.mp4/straight_V12_001935_v000821.npy,0,V12.mp4,1935,11,straight,train
data/processed/poses/V12.mp4/straight_V12_001943_v000822.npy,0,V12.mp4,1943,11,straight,train
data/processed/poses/V12.mp4/straight_V12_002482_v000823.npy,0,V12.mp4,2482,11,straight,train
data/processed/poses/V12.mp4/straight_V12_002717_v000824.npy,0,V12.mp4,2717,11,straight,train
data/processed/poses/V12.mp4/straight_V12_002876_v000825.npy,0,V12.mp4,2876,11,straight,train
data/processed/poses/V12.mp4/straight_V12_002890_v000826.npy,0,V12.mp4,2890,11,straight,train
data/processed/poses/V12.mp4/straight_V12_002972_v000827.npy,0,V12.mp4,2972,11,straight,train
data/processed/poses/V12.mp4/straight_V12_002978_v000828.npy,0,V12.mp4,2978,11,straight,train
data/processed/poses/V12.mp4/straight_V12_003040_v000829.npy,0,V12.mp4,3040,11,straight,train
data/processed/poses/V12.mp4/straight_V12_003064_v000830.npy,0,V12.mp4,3064,11,straight,train
data/processed/poses/V12.mp4/straight_V12_003093_v000831.npy,0,V12.mp4,3093,11,straight,train
data/processed/poses/V12.mp4/hook_V12_003373_v000832.npy,1,V12.mp4,3373,11,hook,train
data/processed/poses/V12.mp4/hook_V12_003951_v000833.npy,1,V12.mp4,3951,11,hook,train
data/processed/poses/V12.mp4/hook_V12_004433_v000834.npy,1,V12.mp4,4433,11,hook,train
data/processed/poses/V12.mp4/hook_V12_004627_v000835.npy,1,V12.mp4,4627,11,hook,train
data/processed/poses/V12.mp4/hook_V12_004693_v000836.npy,1,V12.mp4,4693,11,hook,train
data/processed/poses/V12.mp4/hook_V12_004826_v000837.npy,1,V12.mp4,4826,11,hook,train
data/processed/poses/V12.mp4/hook_V12_004873_v000838.npy,1,V12.mp4,4873,11,hook,train
data/processed/poses/V12.mp4/straight_V12_005117_v000839.npy,0,V12.mp4,5117,11,straight,train
data/processed/poses/V12.mp4/straight_V12_005240_v000840.npy,0,V12.mp4,5240,11,straight,train
data/processed/poses/V12.mp4/straight_V12_005520_v000841.npy,0,V12.mp4,5520,11,straight,train
data/processed/poses/V12.mp4/none_V12_005838_v000842.npy,3,V12.mp4,5838,11,none,train
data/processed/poses/V12.mp4/none_V12_005840_v000843.npy,3,V12.mp4,5840,11,none,train
data/processed/poses/V12.mp4/none_V12_005841_v000844.npy,3,V12.mp4,5841,11,none,train
data/processed/poses/V12.mp4/none_V12_005843_v000845.npy,3,V12.mp4,5843,11,none,train
data/processed/poses/V12.mp4/none_V12_005844_v000846.npy,3,V12.mp4,5844,11,none,train
data/processed/poses/V12.mp4/none_V12_005845_v000847.npy,3,V12.mp4,5845,11,none,train
data/processed/poses/V12.mp4/none_V12_005846_v000848.npy,3,V12.mp4,5846,11,none,train
data/processed/poses/V12.mp4/none_V12_005849_v000849.npy,3,V12.mp4,5849,11,none,train
data/processed/poses/V12.mp4/none_V12_005849_v000850.npy,3,V12.mp4,5849,11,none,train
data/processed/poses/V12.mp4/none_V12_005851_v000851.npy,3,V12.mp4,5851,11,none,train
data/processed/poses/V12.mp4/none_V12_005854_v000852.npy,3,V12.mp4,5854,11,none,train
data/processed/poses/V12.mp4/none_V12_005855_v000853.npy,3,V12.mp4,5855,11,none,train
data/processed/poses/V12.mp4/none_V12_005858_v000854.npy,3,V12.mp4,5858,11,none,train
data/processed/poses/V12.mp4/none_V12_005859_v000855.npy,3,V12.mp4,5859,11,none,train
data/processed/poses/V12.mp4/none_V12_005864_v000856.npy,3,V12.mp4,5864,11,none,train
data/processed/poses/V12.mp4/straight_V12_006037_v000857.npy,0,V12.mp4,6037,11,straight,train
data/processed/poses/V12.mp4/hook_V12_006133_v000858.npy,1,V12.mp4,6133,11,hook,train
data/processed/poses/V12.mp4/hook_V12_006239_v000859.npy,1,V12.mp4,6239,11,hook,train
data/processed/poses/V12.mp4/hook_V12_006404_v000860.npy,1,V12.mp4,6404,11,hook,train
data/processed/poses/V12.mp4/straight_V12_006542_v000861.npy,0,V12.mp4,6542,11,straight,train
data/processed/poses/V12.mp4/straight_V12_006618_v000862.npy,0,V12.mp4,6618,11,straight,train
data/processed/poses/V12.mp4/hook_V12_006624_v000863.npy,1,V12.mp4,6624,11,hook,train
data/processed/poses/V12.mp4/hook_V12_006704_v000864.npy,1,V12.mp4,6704,11,hook,train
data/processed/poses/V12.mp4/hook_V12_006783_v000865.npy,1,V12.mp4,6783,11,hook,train
data/processed/poses/V12.mp4/straight_V12_006855_v000866.npy,0,V12.mp4,6855,11,straight,train
data/processed/poses/V12.mp4/hook_V12_007243_v000867.npy,1,V12.mp4,7243,11,hook,train
data/processed/poses/V12.mp4/hook_V12_007417_v000868.npy,1,V12.mp4,7417,11,hook,train
data/processed/poses/V12.mp4/hook_V12_007759_v000869.npy,1,V12.mp4,7759,11,hook,train
data/processed/poses/V12.mp4/hook_V12_007839_v000870.npy,1,V12.mp4,7839,11,hook,train
data/processed/poses/V12.mp4/hook_V12_008080_v000871.npy,1,V12.mp4,8080,11,hook,train
data/processed/poses/V12.mp4/straight_V12_008504_v000872.npy,0,V12.mp4,8504,11,straight,train
data/processed/poses/V12.mp4/hook_V12_008720_v000873.npy,1,V12.mp4,8720,11,hook,train
data/processed/poses/V12.mp4/straight_V12_008801_v000874.npy,0,V12.mp4,8801,11,straight,train
data/processed/poses/V12.mp4/straight_V12_008821_v000875.npy,0,V12.mp4,8821,11,straight,train
data/processed/poses/V12.mp4/straight_V12_009014_v000876.npy,0,V12.mp4,9014,11,straight,train
data/processed/poses/V12.mp4/straight_V12_009207_v000877.npy,0,V12.mp4,9207,11,straight,train
data/processed/poses/V12.mp4/hook_V12_009217_v000878.npy,1,V12.mp4,9217,11,hook,train
data/processed/poses/V12.mp4/straight_V12_009254_v000879.npy,0,V12.mp4,9254,11,straight,train
data/processed/poses/V12.mp4/straight_V12_009261_v000880.npy,0,V12.mp4,9261,11,straight,train
data/processed/poses/V12.mp4/hook_V12_009270_v000881.npy,1,V12.mp4,9270,11,hook,train
data/processed/poses/V12.mp4/straight_V12_009623_v000882.npy,0,V12.mp4,9623,11,straight,train
data/processed/poses/V12.mp4/uppercut_V12_009701_v000883.npy,2,V12.mp4,9701,11,uppercut,train
data/processed/poses/V12.mp4/hook_V12_009775_v000884.npy,1,V12.mp4,9775,11,hook,train
data/processed/poses/V12.mp4/uppercut_V12_009805_v000885.npy,2,V12.mp4,9805,11,uppercut,train
data/processed/poses/V12.mp4/straight_V12_009900_v000886.npy,0,V12.mp4,9900,11,straight,train
data/processed/poses/V12.mp4/uppercut_V12_009907_v000887.npy,2,V12.mp4,9907,11,uppercut,train
data/processed/poses/V12.mp4/uppercut_V12_010079_v000888.npy,2,V12.mp4,10079,11,uppercut,train
data/processed/poses/V12.mp4/uppercut_V12_010181_v000889.npy,2,V12.mp4,10181,11,uppercut,train
data/processed/poses/V12.mp4/uppercut_V12_010279_v000890.npy,2,V12.mp4,10279,11,uppercut,train
data/processed/poses/V12.mp4/uppercut_V12_010387_v000891.npy,2,V12.mp4,10387,11,uppercut,train
data/processed/poses/V12.mp4/hook_V12_010447_v000892.npy,1,V12.mp4,10447,11,hook,train
data/processed/poses/V12.mp4/uppercut_V12_010465_v000893.npy,2,V12.mp4,10465,11,uppercut,train
data/processed/poses/V12.mp4/hook_V12_010562_v000894.npy,1,V12.mp4,10562,11,hook,train
data/processed/poses/V12.mp4/straight_V12_010579_v000895.npy,0,V12.mp4,10579,11,straight,train
data/processed/poses/V12.mp4/uppercut_V12_010587_v000896.npy,2,V12.mp4,10587,11,uppercut,train
data/processed/poses/V12.mp4/hook_V12_010752_v000897.npy,1,V12.mp4,10752,11,hook,train
data/processed/poses/V12.mp4/hook_V12_010947_v000898.npy,1,V12.mp4,10947,11,hook,train
data/processed/poses/V12.mp4/straight_V12_011067_v000899.npy,0,V12.mp4,11067,11,straight,train
data/processed/poses/V12.mp4/straight_V12_011120_v000900.npy,0,V12.mp4,11120,11,straight,train
data/processed/poses/V12.mp4/straight_V12_011257_v000901.npy,0,V12.mp4,11257,11,straight,train
data/processed/poses/V12.mp4/straight_V12_011265_v000902.npy,0,V12.mp4,11265,11,straight,train
data/processed/poses/V12.mp4/hook_V12_011279_v000903.npy,1,V12.mp4,11279,11,hook,train
data/processed/poses/V12.mp4/straight_V12_011399_v000904.npy,0,V12.mp4,11399,11,straight,train
data/processed/poses/V12.mp4/hook_V12_011419_v000905.npy,1,V12.mp4,11419,11,hook,train
data/processed/poses/V12.mp4/straight_V12_011458_v000906.npy,0,V12.mp4,11458,11,straight,train
data/processed/poses/V12.mp4/straight_V12_011482_v000907.npy,0,V12.mp4,11482,11,straight,train
data/processed/poses/V12.mp4/straight_V12_011571_v000908.npy,0,V12.mp4,11571,11,straight,train
data/processed/poses/V12.mp4/straight_V12_011592_v000909.npy,0,V12.mp4,11592,11,straight,train
data/processed/poses/V12.mp4/straight_V12_011618_v000910.npy,0,V12.mp4,11618,11,straight,train
data/processed/poses/V12.mp4/hook_V12_011731_v000911.npy,1,V12.mp4,11731,11,hook,train
data/processed/poses/V12.mp4/straight_V12_011748_v000912.npy,0,V12.mp4,11748,11,straight,train
data/processed/poses/V12.mp4/straight_V12_011855_v000913.npy,0,V12.mp4,11855,11,straight,train
data/processed/poses/V12.mp4/straight_V12_011898_v000914.npy,0,V12.mp4,11898,11,straight,train
data/processed/poses/V12.mp4/straight_V12_011944_v000915.npy,0,V12.mp4,11944,11,straight,train
data/processed/poses/V12.mp4/straight_V12_011953_v000916.npy,0,V12.mp4,11953,11,straight,train
data/processed/poses/V12.mp4/hook_V12_011960_v000917.npy,1,V12.mp4,11960,11,hook,train
data/processed/poses/V12.mp4/none_V12_012082_v000918.npy,3,V12.mp4,12082,11,none,train
data/processed/poses/V12.mp4/none_V12_012082_v000919.npy,3,V12.mp4,12082,11,none,train
data/processed/poses/V12.mp4/none_V12_012086_v000920.npy,3,V12.mp4,12086,11,none,train
data/processed/poses/V12.mp4/none_V12_012088_v000921.npy,3,V12.mp4,12088,11,none,train
data/processed/poses/V12.mp4/none_V12_012090_v000922.npy,3,V12.mp4,12090,11,none,train
data/processed/poses/V12.mp4/none_V12_012091_v000923.npy,3,V12.mp4,12091,11,none,train
data/processed/poses/V12.mp4/none_V12_012091_v000924.npy,3,V12.mp4,12091,11,none,train
data/processed/poses/V12.mp4/none_V12_012091_v000925.npy,3,V12.mp4,12091,11,none,train
data/processed/poses/V12.mp4/none_V12_012091_v000926.npy,3,V12.mp4,12091,11,none,train
data/processed/poses/V12.mp4/none_V12_012091_v000927.npy,3,V12.mp4,12091,11,none,train
data/processed/poses/V12.mp4/none_V12_012092_v000928.npy,3,V12.mp4,12092,11,none,train
data/processed/poses/V12.mp4/none_V12_012096_v000929.npy,3,V12.mp4,12096,11,none,train
data/processed/poses/V12.mp4/none_V12_012097_v000930.npy,3,V12.mp4,12097,11,none,train
data/processed/poses/V12.mp4/none_V12_012099_v000931.npy,3,V12.mp4,12099,11,none,train
data/processed/poses/V12.mp4/none_V12_012103_v000932.npy,3,V12.mp4,12103,11,none,train
data/processed/poses/V12.mp4/none_V12_012106_v000933.npy,3,V12.mp4,12106,11,none,train
data/processed/poses/V12.mp4/none_V12_012350_v000934.npy,3,V12.mp4,12350,11,none,train
data/processed/poses/V12.mp4/none_V12_012353_v000935.npy,3,V12.mp4,12353,11,none,train
data/processed/poses/V12.mp4/none_V12_012355_v000936.npy,3,V12.mp4,12355,11,none,train
data/processed/poses/V12.mp4/none_V12_012356_v000937.npy,3,V12.mp4,12356,11,none,train
data/processed/poses/V12.mp4/none_V12_012357_v000938.npy,3,V12.mp4,12357,11,none,train
data/processed/poses/V12.mp4/none_V12_012358_v000939.npy,3,V12.mp4,12358,11,none,train
data/processed/poses/V12.mp4/none_V12_012360_v000940.npy,3,V12.mp4,12360,11,none,train
data/processed/poses/V12.mp4/none_V12_012361_v000941.npy,3,V12.mp4,12361,11,none,train
data/processed/poses/V12.mp4/none_V12_012364_v000942.npy,3,V12.mp4,12364,11,none,train
data/processed/poses/V12.mp4/none_V12_012381_v000943.npy,3,V12.mp4,12381,11,none,train
data/processed/poses/V12.mp4/none_V12_012383_v000944.npy,3,V12.mp4,12383,11,none,train
data/processed/poses/V12.mp4/none_V12_012384_v000945.npy,3,V12.mp4,12384,11,none,train
data/processed/poses/V12.mp4/none_V12_012385_v000946.npy,3,V12.mp4,12385,11,none,train
data/processed/poses/V12.mp4/none_V12_012385_v000947.npy,3,V12.mp4,12385,11,none,train
data/processed/poses/V12.mp4/none_V12_012386_v000948.npy,3,V12.mp4,12386,11,none,train
data/processed/poses/V12.mp4/none_V12_012388_v000949.npy,3,V12.mp4,12388,11,none,train
data/processed/poses/V12.mp4/none_V12_012389_v000950.npy,3,V12.mp4,12389,11,none,train
data/processed/poses/V12.mp4/none_V12_012390_v000951.npy,3,V12.mp4,12390,11,none,train
data/processed/poses/V12.mp4/none_V12_012393_v000952.npy,3,V12.mp4,12393,11,none,train
data/processed/poses/V12.mp4/none_V12_012394_v000953.npy,3,V12.mp4,12394,11,none,train
data/processed/poses/V12.mp4/none_V12_012395_v000954.npy,3,V12.mp4,12395,11,none,train
data/processed/poses/V12.mp4/none_V12_012397_v000955.npy,3,V12.mp4,12397,11,none,train
data/processed/poses/V12.mp4/none_V12_012398_v000956.npy,3,V12.mp4,12398,11,none,train
data/processed/poses/V12.mp4/none_V12_012399_v000957.npy,3,V12.mp4,12399,11,none,train
data/processed/poses/V12.mp4/none_V12_012406_v000958.npy,3,V12.mp4,12406,11,none,train
data/processed/poses/V12.mp4/none_V12_012407_v000959.npy,3,V12.mp4,12407,11,none,train
data/processed/poses/V12.mp4/none_V12_012408_v000960.npy,3,V12.mp4,12408,11,none,train
data/processed/poses/V12.mp4/none_V12_012409_v000961.npy,3,V12.mp4,12409,11,none,train
data/processed/poses/V12.mp4/none_V12_012410_v000962.npy,3,V12.mp4,12410,11,none,train
data/processed/poses/V12.mp4/none_V12_012411_v000963.npy,3,V12.mp4,12411,11,none,train
data/processed/poses/V12.mp4/none_V12_012413_v000964.npy,3,V12.mp4,12413,11,none,train
data/processed/poses/V12.mp4/none_V12_012414_v000965.npy,3,V12.mp4,12414,11,none,train
data/processed/poses/V12.mp4/none_V12_012415_v000966.npy,3,V12.mp4,12415,11,none,train
data/processed/poses/V12.mp4/straight_V12_012622_v000967.npy,0,V12.mp4,12622,11,straight,train
data/processed/poses/V12.mp4/none_V12_013091_v000968.npy,3,V12.mp4,13091,11,none,train
data/processed/poses/V12.mp4/none_V12_013092_v000969.npy,3,V12.mp4,13092,11,none,train
data/processed/poses/V12.mp4/none_V12_013097_v000970.npy,3,V12.mp4,13097,11,none,train
data/processed/poses/V12.mp4/none_V12_013098_v000971.npy,3,V12.mp4,13098,11,none,train
data/processed/poses/V12.mp4/none_V12_013099_v000972.npy,3,V12.mp4,13099,11,none,train
data/processed/poses/V12.mp4/none_V12_014886_v000973.npy,3,V12.mp4,14886,11,none,train
data/processed/poses/V12.mp4/none_V12_014887_v000974.npy,3,V12.mp4,14887,11,none,train
data/processed/poses/V12.mp4/none_V12_014889_v000975.npy,3,V12.mp4,14889,11,none,train
data/processed/poses/V12.mp4/none_V12_014890_v000976.npy,3,V12.mp4,14890,11,none,train
data/processed/poses/V12.mp4/none_V12_014894_v000977.npy,3,V12.mp4,14894,11,none,train
data/processed/poses/V12.mp4/none_V12_014895_v000978.npy,3,V12.mp4,14895,11,none,train
data/processed/poses/V12.mp4/none_V12_014897_v000979.npy,3,V12.mp4,14897,11,none,train
data/processed/poses/V12.mp4/none_V12_014898_v000980.npy,3,V12.mp4,14898,11,none,train
data/processed/poses/V12.mp4/none_V12_014899_v000981.npy,3,V12.mp4,14899,11,none,train
data/processed/poses/V12.mp4/hook_V12_015467_v000982.npy,1,V12.mp4,15467,11,hook,train
data/processed/poses/V12.mp4/hook_V12_015685_v000983.npy,1,V12.mp4,15685,11,hook,train
data/processed/poses/V12.mp4/straight_V12_015732_v000984.npy,0,V12.mp4,15732,11,straight,train
data/processed/poses/V12.mp4/straight_V12_015856_v000985.npy,0,V12.mp4,15856,11,straight,train
data/processed/poses/V12.mp4/hook_V12_015980_v000986.npy,1,V12.mp4,15980,11,hook,train
data/processed/poses/V12.mp4/hook_V12_016298_v000987.npy,1,V12.mp4,16298,11,hook,train
data/processed/poses/V12.mp4/straight_V12_016494_v000988.npy,0,V12.mp4,16494,11,straight,train
data/processed/poses/V12.mp4/hook_V12_016546_v000989.npy,1,V12.mp4,16546,11,hook,train
data/processed/poses/V12.mp4/hook_V12_016560_v000990.npy,1,V12.mp4,16560,11,hook,train
data/processed/poses/V12.mp4/hook_V12_016830_v000991.npy,1,V12.mp4,16830,11,hook,train
data/processed/poses/V12.mp4/hook_V12_016841_v000992.npy,1,V12.mp4,16841,11,hook,train
data/processed/poses/V12.mp4/hook_V12_016965_v000993.npy,1,V12.mp4,16965,11,hook,train
data/processed/poses/V12.mp4/straight_V12_017655_v000994.npy,0,V12.mp4,17655,11,straight,train
data/processed/poses/V12.mp4/straight_V12_018013_v000995.npy,0,V12.mp4,18013,11,straight,train
data/processed/poses/V12.mp4/straight_V12_018036_v000996.npy,0,V12.mp4,18036,11,straight,train
data/processed/poses/V12.mp4/straight_V12_018065_v000997.npy,0,V12.mp4,18065,11,straight,train
data/processed/poses/V12.mp4/straight_V12_018340_v000998.npy,0,V12.mp4,18340,11,straight,train
data/processed/poses/V12.mp4/none_V12_018540_v000999.npy,3,V12.mp4,18540,11,none,train
data/processed/poses/V12.mp4/none_V12_018541_v001000.npy,3,V12.mp4,18541,11,none,train
data/processed/poses/V12.mp4/none_V12_018542_v001001.npy,3,V12.mp4,18542,11,none,train
data/processed/poses/V12.mp4/none_V12_018550_v001002.npy,3,V12.mp4,18550,11,none,train
data/processed/poses/V12.mp4/none_V12_018552_v001003.npy,3,V12.mp4,18552,11,none,train
data/processed/poses/V12.mp4/none_V12_018553_v001004.npy,3,V12.mp4,18553,11,none,train
data/processed/poses/V12.mp4/none_V12_018554_v001005.npy,3,V12.mp4,18554,11,none,train
data/processed/poses/V12.mp4/none_V12_018557_v001006.npy,3,V12.mp4,18557,11,none,train
data/processed/poses/V12.mp4/hook_V12_018690_v001007.npy,1,V12.mp4,18690,11,hook,train
data/processed/poses/V12.mp4/hook_V12_018795_v001008.npy,1,V12.mp4,18795,11,hook,train
data/processed/poses/V12.mp4/uppercut_V12_018812_v001009.npy,2,V12.mp4,18812,11,uppercut,train
data/processed/poses/V12.mp4/uppercut_V12_018838_v001010.npy,2,V12.mp4,18838,11,uppercut,train
data/processed/poses/V12.mp4/hook_V12_019054_v001011.npy,1,V12.mp4,19054,11,hook,train
data/processed/poses/V12.mp4/hook_V12_019061_v001012.npy,1,V12.mp4,19061,11,hook,train
data/processed/poses/V12.mp4/hook_V12_019067_v001013.npy,1,V12.mp4,19067,11,hook,train
data/processed/poses/V12.mp4/hook_V12_019186_v001014.npy,1,V12.mp4,19186,11,hook,train
data/processed/poses/V12.mp4/hook_V12_019202_v001015.npy,1,V12.mp4,19202,11,hook,train
data/processed/poses/V12.mp4/hook_V12_019217_v001016.npy,1,V12.mp4,19217,11,hook,train
data/processed/poses/V12.mp4/hook_V12_019235_v001017.npy,1,V12.mp4,19235,11,hook,train
data/processed/poses/V12.mp4/hook_V12_019255_v001018.npy,1,V12.mp4,19255,11,hook,train
data/processed/poses/V12.mp4/hook_V12_019261_v001019.npy,1,V12.mp4,19261,11,hook,train
data/processed/poses/V12.mp4/hook_V12_019267_v001020.npy,1,V12.mp4,19267,11,hook,train
data/processed/poses/V12.mp4/hook_V12_019287_v001021.npy,1,V12.mp4,19287,11,hook,train
data/processed/poses/V12.mp4/hook_V12_019293_v001022.npy,1,V12.mp4,19293,11,hook,train
data/processed/poses/V12.mp4/hook_V12_019305_v001023.npy,1,V12.mp4,19305,11,hook,train
data/processed/poses/V12.mp4/hook_V12_019433_v001024.npy,1,V12.mp4,19433,11,hook,train
data/processed/poses/V12.mp4/hook_V12_019447_v001025.npy,1,V12.mp4,19447,11,hook,train
data/processed/poses/V12.mp4/hook_V12_019532_v001026.npy,1,V12.mp4,19532,11,hook,train
data/processed/poses/V12.mp4/hook_V12_019583_v001027.npy,1,V12.mp4,19583,11,hook,train
data/processed/poses/V12.mp4/hook_V12_019636_v001028.npy,1,V12.mp4,19636,11,hook,train
data/processed/poses/V12.mp4/straight_V12_019828_v001029.npy,0,V12.mp4,19828,11,straight,train
data/processed/poses/V12.mp4/straight_V12_019836_v001030.npy,0,V12.mp4,19836,11,straight,train
data/processed/poses/V12.mp4/straight_V12_020412_v001031.npy,0,V12.mp4,20412,11,straight,train
data/processed/poses/V12.mp4/uppercut_V12_020662_v001032.npy,2,V12.mp4,20662,11,uppercut,train
data/processed/poses/V12.mp4/straight_V12_020711_v001033.npy,0,V12.mp4,20711,11,straight,train
data/processed/poses/V12.mp4/uppercut_V12_020729_v001034.npy,2,V12.mp4,20729,11,uppercut,train
data/processed/poses/V12.mp4/uppercut_V12_020781_v001035.npy,2,V12.mp4,20781,11,uppercut,train
data/processed/poses/V12.mp4/straight_V12_020864_v001036.npy,0,V12.mp4,20864,11,straight,train
data/processed/poses/V12.mp4/uppercut_V12_020870_v001037.npy,2,V12.mp4,20870,11,uppercut,train
data/processed/poses/V12.mp4/uppercut_V12_020941_v001038.npy,2,V12.mp4,20941,11,uppercut,train
data/processed/poses/V12.mp4/straight_V12_020999_v001039.npy,0,V12.mp4,20999,11,straight,train
data/processed/poses/V12.mp4/uppercut_V12_021010_v001040.npy,2,V12.mp4,21010,11,uppercut,train
data/processed/poses/V12.mp4/uppercut_V12_021085_v001041.npy,2,V12.mp4,21085,11,uppercut,train
data/processed/poses/V12.mp4/uppercut_V12_021145_v001042.npy,2,V12.mp4,21145,11,uppercut,train
data/processed/poses/V12.mp4/uppercut_V12_021270_v001043.npy,2,V12.mp4,21270,11,uppercut,train
data/processed/poses/V12.mp4/straight_V12_021335_v001044.npy,0,V12.mp4,21335,11,straight,train
data/processed/poses/V12.mp4/uppercut_V12_021346_v001045.npy,2,V12.mp4,21346,11,uppercut,train
data/processed/poses/V12.mp4/uppercut_V12_021422_v001046.npy,2,V12.mp4,21422,11,uppercut,train
data/processed/poses/V12.mp4/uppercut_V12_021500_v001047.npy,2,V12.mp4,21500,11,uppercut,train
data/processed/poses/V12.mp4/none_V12_021715_v001048.npy,3,V12.mp4,21715,11,none,train
data/processed/poses/V12.mp4/uppercut_V12_022229_v001049.npy,2,V12.mp4,22229,11,uppercut,train
data/processed/poses/V12.mp4/uppercut_V12_022298_v001050.npy,2,V12.mp4,22298,11,uppercut,train
data/processed/poses/V12.mp4/straight_V12_022332_v001051.npy,0,V12.mp4,22332,11,straight,train
data/processed/poses/V12.mp4/uppercut_V12_022426_v001052.npy,2,V12.mp4,22426,11,uppercut,train
data/processed/poses/V12.mp4/straight_V12_022494_v001053.npy,0,V12.mp4,22494,11,straight,train
data/processed/poses/V12.mp4/uppercut_V12_022556_v001054.npy,2,V12.mp4,22556,11,uppercut,train
data/processed/poses/V12.mp4/straight_V12_022615_v001055.npy,0,V12.mp4,22615,11,straight,train
data/processed/poses/V12.mp4/straight_V12_022620_v001056.npy,0,V12.mp4,22620,11,straight,train
data/processed/poses/V12.mp4/uppercut_V12_022626_v001057.npy,2,V12.mp4,22626,11,uppercut,train
data/processed/poses/V12.mp4/uppercut_V12_022722_v001058.npy,2,V12.mp4,22722,11,uppercut,train
data/processed/poses/V12.mp4/straight_V12_022782_v001059.npy,0,V12.mp4,22782,11,straight,train
data/processed/poses/V12.mp4/straight_V12_022833_v001060.npy,0,V12.mp4,22833,11,straight,train
data/processed/poses/V12.mp4/uppercut_V12_022846_v001061.npy,2,V12.mp4,22846,11,uppercut,train
data/processed/poses/V12.mp4/straight_V12_022897_v001062.npy,0,V12.mp4,22897,11,straight,train
data/processed/poses/V12.mp4/uppercut_V12_022969_v001063.npy,2,V12.mp4,22969,11,uppercut,train
data/processed/poses/V12.mp4/uppercut_V12_023087_v001064.npy,2,V12.mp4,23087,11,uppercut,train
data/processed/poses/V12.mp4/uppercut_V12_023212_v001065.npy,2,V12.mp4,23212,11,uppercut,train
data/processed/poses/V12.mp4/uppercut_V12_023329_v001066.npy,2,V12.mp4,23329,11,uppercut,train
data/processed/poses/V12.mp4/straight_V12_023385_v001067.npy,0,V12.mp4,23385,11,straight,train
data/processed/poses/V12.mp4/uppercut_V12_023450_v001068.npy,2,V12.mp4,23450,11,uppercut,train
data/processed/poses/V12.mp4/uppercut_V12_023512_v001069.npy,2,V12.mp4,23512,11,uppercut,train
data/processed/poses/V12.mp4/straight_V12_023540_v001070.npy,0,V12.mp4,23540,11,straight,train
data/processed/poses/V12.mp4/straight_V12_023544_v001071.npy,0,V12.mp4,23544,11,straight,train
data/processed/poses/V2.mp4/straight_V2_004199_v001072.npy,0,V2.mp4,4199,11,straight,train
data/processed/poses/V2.mp4/straight_V2_004344_v001073.npy,0,V2.mp4,4344,11,straight,train
data/processed/poses/V2.mp4/straight_V2_004359_v001074.npy,0,V2.mp4,4359,11,straight,train
data/processed/poses/V2.mp4/straight_V2_004372_v001075.npy,0,V2.mp4,4372,11,straight,train
data/processed/poses/V2.mp4/straight_V2_004452_v001076.npy,0,V2.mp4,4452,11,straight,train
data/processed/poses/V2.mp4/straight_V2_004463_v001077.npy,0,V2.mp4,4463,11,straight,train
data/processed/poses/V2.mp4/straight_V2_004517_v001078.npy,0,V2.mp4,4517,11,straight,train
data/processed/poses/V2.mp4/straight_V2_004570_v001079.npy,0,V2.mp4,4570,11,straight,train
data/processed/poses/V2.mp4/hook_V2_004732_v001080.npy,1,V2.mp4,4732,11,hook,train
data/processed/poses/V2.mp4/straight_V2_006419_v001081.npy,0,V2.mp4,6419,11,straight,train
data/processed/poses/V2.mp4/straight_V2_006460_v001082.npy,0,V2.mp4,6460,11,straight,train
data/processed/poses/V2.mp4/straight_V2_006515_v001083.npy,0,V2.mp4,6515,11,straight,train
data/processed/poses/V2.mp4/hook_V2_006556_v001084.npy,1,V2.mp4,6556,11,hook,train
data/processed/poses/V2.mp4/straight_V2_006595_v001085.npy,0,V2.mp4,6595,11,straight,train
data/processed/poses/V2.mp4/straight_V2_006724_v001086.npy,0,V2.mp4,6724,11,straight,train
data/processed/poses/V2.mp4/straight_V2_006757_v001087.npy,0,V2.mp4,6757,11,straight,train
data/processed/poses/V2.mp4/hook_V2_006854_v001088.npy,1,V2.mp4,6854,11,hook,train
data/processed/poses/V2.mp4/straight_V2_006908_v001089.npy,0,V2.mp4,6908,11,straight,train
data/processed/poses/V2.mp4/straight_V2_007029_v001090.npy,0,V2.mp4,7029,11,straight,train
data/processed/poses/V2.mp4/straight_V2_007196_v001091.npy,0,V2.mp4,7196,11,straight,train
data/processed/poses/V2.mp4/straight_V2_007628_v001092.npy,0,V2.mp4,7628,11,straight,train
data/processed/poses/V2.mp4/straight_V2_007752_v001093.npy,0,V2.mp4,7752,11,straight,train
data/processed/poses/V2.mp4/hook_V2_007815_v001094.npy,1,V2.mp4,7815,11,hook,train
data/processed/poses/V2.mp4/hook_V2_007839_v001095.npy,1,V2.mp4,7839,11,hook,train
data/processed/poses/V2.mp4/hook_V2_007865_v001096.npy,1,V2.mp4,7865,11,hook,train
data/processed/poses/V2.mp4/hook_V2_007904_v001097.npy,1,V2.mp4,7904,11,hook,train
data/processed/poses/V2.mp4/hook_V2_007933_v001098.npy,1,V2.mp4,7933,11,hook,train
data/processed/poses/V2.mp4/hook_V2_007968_v001099.npy,1,V2.mp4,7968,11,hook,train
data/processed/poses/V2.mp4/hook_V2_007992_v001100.npy,1,V2.mp4,7992,11,hook,train
data/processed/poses/V2.mp4/hook_V2_008029_v001101.npy,1,V2.mp4,8029,11,hook,train
data/processed/poses/V2.mp4/hook_V2_008068_v001102.npy,1,V2.mp4,8068,11,hook,train
data/processed/poses/V2.mp4/hook_V2_008138_v001103.npy,1,V2.mp4,8138,11,hook,train
data/processed/poses/V2.mp4/hook_V2_008178_v001104.npy,1,V2.mp4,8178,11,hook,train
data/processed/poses/V2.mp4/hook_V2_008216_v001105.npy,1,V2.mp4,8216,11,hook,train
data/processed/poses/V2.mp4/hook_V2_008255_v001106.npy,1,V2.mp4,8255,11,hook,train
data/processed/poses/V2.mp4/hook_V2_008294_v001107.npy,1,V2.mp4,8294,11,hook,train
data/processed/poses/V2.mp4/hook_V2_008395_v001108.npy,1,V2.mp4,8395,11,hook,train
data/processed/poses/V2.mp4/hook_V2_008444_v001109.npy,1,V2.mp4,8444,11,hook,train
data/processed/poses/V2.mp4/hook_V2_008468_v001110.npy,1,V2.mp4,8468,11,hook,train
data/processed/poses/V2.mp4/hook_V2_008513_v001111.npy,1,V2.mp4,8513,11,hook,train
data/processed/poses/V2.mp4/straight_V2_009767_v001112.npy,0,V2.mp4,9767,11,straight,train
data/processed/poses/V2.mp4/hook_V2_009794_v001113.npy,1,V2.mp4,9794,11,hook,train
data/processed/poses/V2.mp4/hook_V2_009916_v001114.npy,1,V2.mp4,9916,11,hook,train
data/processed/poses/V2.mp4/straight_V2_010188_v001115.npy,0,V2.mp4,10188,11,straight,train
data/processed/poses/V2.mp4/straight_V2_010215_v001116.npy,0,V2.mp4,10215,11,straight,train
data/processed/poses/V2.mp4/straight_V2_010269_v001117.npy,0,V2.mp4,10269,11,straight,train
data/processed/poses/V2.mp4/hook_V2_010442_v001118.npy,1,V2.mp4,10442,11,hook,train
data/processed/poses/V2.mp4/straight_V2_010499_v001119.npy,0,V2.mp4,10499,11,straight,train
data/processed/poses/V2.mp4/hook_V2_010539_v001120.npy,1,V2.mp4,10539,11,hook,train
data/processed/poses/V2.mp4/straight_V2_010691_v001121.npy,0,V2.mp4,10691,11,straight,train
data/processed/poses/V2.mp4/hook_V2_010756_v001122.npy,1,V2.mp4,10756,11,hook,train
data/processed/poses/V2.mp4/straight_V2_010807_v001123.npy,0,V2.mp4,10807,11,straight,train
data/processed/poses/V2.mp4/hook_V2_010825_v001124.npy,1,V2.mp4,10825,11,hook,train
data/processed/poses/V2.mp4/hook_V2_010887_v001125.npy,1,V2.mp4,10887,11,hook,train
data/processed/poses/V2.mp4/hook_V2_010962_v001126.npy,1,V2.mp4,10962,11,hook,train
data/processed/poses/V2.mp4/hook_V2_011060_v001127.npy,1,V2.mp4,11060,11,hook,train
data/processed/poses/V2.mp4/hook_V2_011106_v001128.npy,1,V2.mp4,11106,11,hook,train
data/processed/poses/V2.mp4/hook_V2_011175_v001129.npy,1,V2.mp4,11175,11,hook,train
data/processed/poses/V2.mp4/hook_V2_011267_v001130.npy,1,V2.mp4,11267,11,hook,train
data/processed/poses/V2.mp4/hook_V2_011373_v001131.npy,1,V2.mp4,11373,11,hook,train
data/processed/poses/V2.mp4/hook_V2_011411_v001132.npy,1,V2.mp4,11411,11,hook,train
data/processed/poses/V2.mp4/hook_V2_011510_v001133.npy,1,V2.mp4,11510,11,hook,train
data/processed/poses/V2.mp4/hook_V2_011621_v001134.npy,1,V2.mp4,11621,11,hook,train
data/processed/poses/V2.mp4/hook_V2_011911_v001135.npy,1,V2.mp4,11911,11,hook,train
data/processed/poses/V2.mp4/hook_V2_011967_v001136.npy,1,V2.mp4,11967,11,hook,train
data/processed/poses/V2.mp4/hook_V2_012001_v001137.npy,1,V2.mp4,12001,11,hook,train
data/processed/poses/V2.mp4/hook_V2_012076_v001138.npy,1,V2.mp4,12076,11,hook,train
data/processed/poses/V2.mp4/straight_V2_013047_v001139.npy,0,V2.mp4,13047,11,straight,train
data/processed/poses/V2.mp4/straight_V2_013127_v001140.npy,0,V2.mp4,13127,11,straight,train
data/processed/poses/V2.mp4/straight_V2_013209_v001141.npy,0,V2.mp4,13209,11,straight,train
data/processed/poses/V2.mp4/straight_V2_013679_v001142.npy,0,V2.mp4,13679,11,straight,train
data/processed/poses/V2.mp4/straight_V2_013820_v001143.npy,0,V2.mp4,13820,11,straight,train
data/processed/poses/V2.mp4/straight_V2_013867_v001144.npy,0,V2.mp4,13867,11,straight,train
data/processed/poses/V2.mp4/straight_V2_013904_v001145.npy,0,V2.mp4,13904,11,straight,train
data/processed/poses/V2.mp4/hook_V2_013964_v001146.npy,1,V2.mp4,13964,11,hook,train
data/processed/poses/V2.mp4/straight_V2_013974_v001147.npy,0,V2.mp4,13974,11,straight,train
data/processed/poses/V2.mp4/straight_V2_014047_v001148.npy,0,V2.mp4,14047,11,straight,train
data/processed/poses/V2.mp4/straight_V2_014189_v001149.npy,0,V2.mp4,14189,11,straight,train
data/processed/poses/V2.mp4/straight_V2_014243_v001150.npy,0,V2.mp4,14243,11,straight,train
data/processed/poses/V2.mp4/hook_V2_015882_v001151.npy,1,V2.mp4,15882,11,hook,train
data/processed/poses/V2.mp4/hook_V2_015897_v001152.npy,1,V2.mp4,15897,11,hook,train
data/processed/poses/V2.mp4/straight_V2_015995_v001153.npy,0,V2.mp4,15995,11,straight,train
data/processed/poses/V2.mp4/hook_V2_016551_v001154.npy,1,V2.mp4,16551,11,hook,train
data/processed/poses/V2.mp4/hook_V2_016567_v001155.npy,1,V2.mp4,16567,11,hook,train
data/processed/poses/V2.mp4/straight_V2_016637_v001156.npy,0,V2.mp4,16637,11,straight,train
data/processed/poses/V2.mp4/hook_V2_016708_v001157.npy,1,V2.mp4,16708,11,hook,train
data/processed/poses/V2.mp4/hook_V2_016811_v001158.npy,1,V2.mp4,16811,11,hook,train
data/processed/poses/V2.mp4/hook_V2_016823_v001159.npy,1,V2.mp4,16823,11,hook,train
data/processed/poses/V2.mp4/hook_V2_017047_v001160.npy,1,V2.mp4,17047,11,hook,train
data/processed/poses/V2.mp4/hook_V2_017310_v001161.npy,1,V2.mp4,17310,11,hook,train
data/processed/poses/V2.mp4/hook_V2_017403_v001162.npy,1,V2.mp4,17403,11,hook,train
data/processed/poses/V2.mp4/hook_V2_017419_v001163.npy,1,V2.mp4,17419,11,hook,train
data/processed/poses/V2.mp4/hook_V2_017616_v001164.npy,1,V2.mp4,17616,11,hook,train
data/processed/poses/V2.mp4/hook_V2_017808_v001165.npy,1,V2.mp4,17808,11,hook,train
data/processed/poses/V2.mp4/straight_V2_017894_v001166.npy,0,V2.mp4,17894,11,straight,train
data/processed/poses/V2.mp4/straight_V2_017904_v001167.npy,0,V2.mp4,17904,11,straight,train
data/processed/poses/V2.mp4/straight_V2_017950_v001168.npy,0,V2.mp4,17950,11,straight,train
data/processed/poses/V2.mp4/straight_V2_018050_v001169.npy,0,V2.mp4,18050,11,straight,train
data/processed/poses/V2.mp4/straight_V2_018183_v001170.npy,0,V2.mp4,18183,11,straight,train
data/processed/poses/V2.mp4/straight_V2_018284_v001171.npy,0,V2.mp4,18284,11,straight,train
data/processed/poses/V2.mp4/straight_V2_018312_v001172.npy,0,V2.mp4,18312,11,straight,train
data/processed/poses/V2.mp4/straight_V2_018366_v001173.npy,0,V2.mp4,18366,11,straight,train
data/processed/poses/V2.mp4/straight_V2_018378_v001174.npy,0,V2.mp4,18378,11,straight,train
data/processed/poses/V2.mp4/straight_V2_018417_v001175.npy,0,V2.mp4,18417,11,straight,train
data/processed/poses/V2.mp4/straight_V2_018441_v001176.npy,0,V2.mp4,18441,11,straight,train
data/processed/poses/V2.mp4/straight_V2_018495_v001177.npy,0,V2.mp4,18495,11,straight,train
data/processed/poses/V2.mp4/straight_V2_018549_v001178.npy,0,V2.mp4,18549,11,straight,train
data/processed/poses/V2.mp4/hook_V2_019045_v001179.npy,1,V2.mp4,19045,11,hook,train
data/processed/poses/V2.mp4/hook_V2_019589_v001180.npy,1,V2.mp4,19589,11,hook,train
data/processed/poses/V2.mp4/hook_V2_019694_v001181.npy,1,V2.mp4,19694,11,hook,train
data/processed/poses/V2.mp4/hook_V2_019964_v001182.npy,1,V2.mp4,19964,11,hook,train
data/processed/poses/V2.mp4/straight_V2_020039_v001183.npy,0,V2.mp4,20039,11,straight,train
data/processed/poses/V2.mp4/straight_V2_020058_v001184.npy,0,V2.mp4,20058,11,straight,train
data/processed/poses/V2.mp4/straight_V2_020095_v001185.npy,0,V2.mp4,20095,11,straight,train
data/processed/poses/V2.mp4/straight_V2_020120_v001186.npy,0,V2.mp4,20120,11,straight,train
data/processed/poses/V2.mp4/straight_V2_020159_v001187.npy,0,V2.mp4,20159,11,straight,train
data/processed/poses/V2.mp4/straight_V2_020184_v001188.npy,0,V2.mp4,20184,11,straight,train
data/processed/poses/V2.mp4/straight_V2_020223_v001189.npy,0,V2.mp4,20223,11,straight,train
data/processed/poses/V2.mp4/straight_V2_020289_v001190.npy,0,V2.mp4,20289,11,straight,train
data/processed/poses/V2.mp4/straight_V2_020374_v001191.npy,0,V2.mp4,20374,11,straight,train
data/processed/poses/V2.mp4/straight_V2_020428_v001192.npy,0,V2.mp4,20428,11,straight,train
data/processed/poses/V2.mp4/straight_V2_020492_v001193.npy,0,V2.mp4,20492,11,straight,train
data/processed/poses/V2.mp4/straight_V2_020529_v001194.npy,0,V2.mp4,20529,11,straight,train
data/processed/poses/V2.mp4/straight_V2_020552_v001195.npy,0,V2.mp4,20552,11,straight,train
data/processed/poses/V2.mp4/straight_V2_020588_v001196.npy,0,V2.mp4,20588,11,straight,train
data/processed/poses/V2.mp4/straight_V2_020614_v001197.npy,0,V2.mp4,20614,11,straight,train
data/processed/poses/V2.mp4/straight_V2_020706_v001198.npy,0,V2.mp4,20706,11,straight,train
data/processed/poses/V2.mp4/straight_V2_020730_v001199.npy,0,V2.mp4,20730,11,straight,train
data/processed/poses/V2.mp4/straight_V2_021743_v001200.npy,0,V2.mp4,21743,11,straight,train
data/processed/poses/V2.mp4/straight_V2_021756_v001201.npy,0,V2.mp4,21756,11,straight,train
data/processed/poses/V2.mp4/straight_V2_021771_v001202.npy,0,V2.mp4,21771,11,straight,train
data/processed/poses/V3.mp4/none_V3_001836_v001203.npy,3,V3.mp4,1836,11,none,train
data/processed/poses/V3.mp4/none_V3_001877_v001204.npy,3,V3.mp4,1877,11,none,train
data/processed/poses/V3.mp4/straight_V3_001959_v001205.npy,0,V3.mp4,1959,11,straight,train
data/processed/poses/V3.mp4/uppercut_V3_002097_v001206.npy,2,V3.mp4,2097,11,uppercut,train
data/processed/poses/V3.mp4/uppercut_V3_002128_v001207.npy,2,V3.mp4,2128,11,uppercut,train
data/processed/poses/V3.mp4/straight_V3_004643_v001208.npy,0,V3.mp4,4643,11,straight,train
data/processed/poses/V3.mp4/straight_V3_004686_v001209.npy,0,V3.mp4,4686,11,straight,train
data/processed/poses/V3.mp4/straight_V3_004759_v001210.npy,0,V3.mp4,4759,11,straight,train
data/processed/poses/V3.mp4/straight_V3_004791_v001211.npy,0,V3.mp4,4791,11,straight,train
data/processed/poses/V3.mp4/straight_V3_004826_v001212.npy,0,V3.mp4,4826,11,straight,train
data/processed/poses/V3.mp4/straight_V3_004861_v001213.npy,0,V3.mp4,4861,11,straight,train
data/processed/poses/V3.mp4/straight_V3_004892_v001214.npy,0,V3.mp4,4892,11,straight,train
data/processed/poses/V3.mp4/straight_V3_004921_v001215.npy,0,V3.mp4,4921,11,straight,train
data/processed/poses/V3.mp4/straight_V3_004980_v001216.npy,0,V3.mp4,4980,11,straight,train
data/processed/poses/V3.mp4/straight_V3_005043_v001217.npy,0,V3.mp4,5043,11,straight,train
data/processed/poses/V3.mp4/straight_V3_005073_v001218.npy,0,V3.mp4,5073,11,straight,train
data/processed/poses/V3.mp4/straight_V3_005164_v001219.npy,0,V3.mp4,5164,11,straight,train
data/processed/poses/V3.mp4/straight_V3_005195_v001220.npy,0,V3.mp4,5195,11,straight,train
data/processed/poses/V3.mp4/uppercut_V3_005250_v001221.npy,2,V3.mp4,5250,11,uppercut,train
data/processed/poses/V3.mp4/straight_V3_005728_v001222.npy,0,V3.mp4,5728,11,straight,train
data/processed/poses/V3.mp4/hook_V3_005745_v001223.npy,1,V3.mp4,5745,11,hook,train
data/processed/poses/V3.mp4/straight_V3_005796_v001224.npy,0,V3.mp4,5796,11,straight,train
data/processed/poses/V3.mp4/hook_V3_005961_v001225.npy,1,V3.mp4,5961,11,hook,train
data/processed/poses/V3.mp4/uppercut_V3_006144_v001226.npy,2,V3.mp4,6144,11,uppercut,train
data/processed/poses/V3.mp4/straight_V3_006683_v001227.npy,0,V3.mp4,6683,11,straight,train
data/processed/poses/V3.mp4/straight_V3_006727_v001228.npy,0,V3.mp4,6727,11,straight,train
data/processed/poses/V3.mp4/straight_V3_006779_v001229.npy,0,V3.mp4,6779,11,straight,train
data/processed/poses/V3.mp4/hook_V3_006813_v001230.npy,1,V3.mp4,6813,11,hook,train
data/processed/poses/V3.mp4/hook_V3_006871_v001231.npy,1,V3.mp4,6871,11,hook,train
data/processed/poses/V3.mp4/straight_V3_006896_v001232.npy,0,V3.mp4,6896,11,straight,train
data/processed/poses/V3.mp4/hook_V3_006962_v001233.npy,1,V3.mp4,6962,11,hook,train
data/processed/poses/V3.mp4/hook_V3_007008_v001234.npy,1,V3.mp4,7008,11,hook,train
data/processed/poses/V3.mp4/straight_V3_007084_v001235.npy,0,V3.mp4,7084,11,straight,train
data/processed/poses/V3.mp4/straight_V3_007167_v001236.npy,0,V3.mp4,7167,11,straight,train
data/processed/poses/V3.mp4/hook_V3_007228_v001237.npy,1,V3.mp4,7228,11,hook,train
data/processed/poses/V3.mp4/hook_V3_007270_v001238.npy,1,V3.mp4,7270,11,hook,train
data/processed/poses/V3.mp4/hook_V3_007439_v001239.npy,1,V3.mp4,7439,11,hook,train
data/processed/poses/V3.mp4/hook_V3_007456_v001240.npy,1,V3.mp4,7456,11,hook,train
data/processed/poses/V3.mp4/straight_V3_007483_v001241.npy,0,V3.mp4,7483,11,straight,train
data/processed/poses/V3.mp4/hook_V3_007694_v001242.npy,1,V3.mp4,7694,11,hook,train
data/processed/poses/V3.mp4/straight_V3_007879_v001243.npy,0,V3.mp4,7879,11,straight,train
data/processed/poses/V3.mp4/hook_V3_007889_v001244.npy,1,V3.mp4,7889,11,hook,train
data/processed/poses/V3.mp4/straight_V3_007927_v001245.npy,0,V3.mp4,7927,11,straight,train
data/processed/poses/V3.mp4/hook_V3_008419_v001246.npy,1,V3.mp4,8419,11,hook,train
data/processed/poses/V3.mp4/hook_V3_008473_v001247.npy,1,V3.mp4,8473,11,hook,train
data/processed/poses/V3.mp4/hook_V3_008703_v001248.npy,1,V3.mp4,8703,11,hook,train
data/processed/poses/V3.mp4/straight_V3_008924_v001249.npy,0,V3.mp4,8924,11,straight,train
data/processed/poses/V3.mp4/hook_V3_009082_v001250.npy,1,V3.mp4,9082,11,hook,train
data/processed/poses/V3.mp4/straight_V3_009112_v001251.npy,0,V3.mp4,9112,11,straight,train
data/processed/poses/V3.mp4/hook_V3_009131_v001252.npy,1,V3.mp4,9131,11,hook,train
data/processed/poses/V3.mp4/hook_V3_009178_v001253.npy,1,V3.mp4,9178,11,hook,train
data/processed/poses/V3.mp4/hook_V3_009217_v001254.npy,1,V3.mp4,9217,11,hook,train
data/processed/poses/V3.mp4/hook_V3_009263_v001255.npy,1,V3.mp4,9263,11,hook,train
data/processed/poses/V3.mp4/straight_V3_009377_v001256.npy,0,V3.mp4,9377,11,straight,train
data/processed/poses/V3.mp4/hook_V3_009484_v001257.npy,1,V3.mp4,9484,11,hook,train
data/processed/poses/V3.mp4/hook_V3_009741_v001258.npy,1,V3.mp4,9741,11,hook,train
data/processed/poses/V3.mp4/hook_V3_009859_v001259.npy,1,V3.mp4,9859,11,hook,train
data/processed/poses/V3.mp4/hook_V3_009921_v001260.npy,1,V3.mp4,9921,11,hook,train
data/processed/poses/V3.mp4/hook_V3_009984_v001261.npy,1,V3.mp4,9984,11,hook,train
data/processed/poses/V3.mp4/hook_V3_010118_v001262.npy,1,V3.mp4,10118,11,hook,train
data/processed/poses/V3.mp4/hook_V3_010224_v001263.npy,1,V3.mp4,10224,11,hook,train
data/processed/poses/V3.mp4/hook_V3_010373_v001264.npy,1,V3.mp4,10373,11,hook,train
data/processed/poses/V3.mp4/hook_V3_010416_v001265.npy,1,V3.mp4,10416,11,hook,train
data/processed/poses/V3.mp4/hook_V3_010451_v001266.npy,1,V3.mp4,10451,11,hook,train
data/processed/poses/V3.mp4/hook_V3_010488_v001267.npy,1,V3.mp4,10488,11,hook,train
data/processed/poses/V3.mp4/hook_V3_010579_v001268.npy,1,V3.mp4,10579,11,hook,train
data/processed/poses/V3.mp4/hook_V3_010624_v001269.npy,1,V3.mp4,10624,11,hook,train
data/processed/poses/V3.mp4/straight_V3_011575_v001270.npy,0,V3.mp4,11575,11,straight,train
data/processed/poses/V3.mp4/straight_V3_011593_v001271.npy,0,V3.mp4,11593,11,straight,train
data/processed/poses/V3.mp4/straight_V3_012010_v001272.npy,0,V3.mp4,12010,11,straight,train
data/processed/poses/V3.mp4/straight_V3_012027_v001273.npy,0,V3.mp4,12027,11,straight,train
data/processed/poses/V3.mp4/straight_V3_014615_v001274.npy,0,V3.mp4,14615,11,straight,train
data/processed/poses/V3.mp4/straight_V3_014677_v001275.npy,0,V3.mp4,14677,11,straight,train
data/processed/poses/V3.mp4/straight_V3_014803_v001276.npy,0,V3.mp4,14803,11,straight,train
data/processed/poses/V3.mp4/straight_V3_014887_v001277.npy,0,V3.mp4,14887,11,straight,train
data/processed/poses/V3.mp4/straight_V3_014887_v001278.npy,0,V3.mp4,14887,11,straight,train
data/processed/poses/V3.mp4/straight_V3_015081_v001279.npy,0,V3.mp4,15081,11,straight,train
data/processed/poses/V3.mp4/straight_V3_015123_v001280.npy,0,V3.mp4,15123,11,straight,train
data/processed/poses/V3.mp4/straight_V3_015134_v001281.npy,0,V3.mp4,15134,11,straight,train
data/processed/poses/V3.mp4/straight_V3_015248_v001282.npy,0,V3.mp4,15248,11,straight,train
data/processed/poses/V3.mp4/hook_V3_015372_v001283.npy,1,V3.mp4,15372,11,hook,train
data/processed/poses/V3.mp4/hook_V3_015409_v001284.npy,1,V3.mp4,15409,11,hook,train
data/processed/poses/V3.mp4/hook_V3_015590_v001285.npy,1,V3.mp4,15590,11,hook,train
data/processed/poses/V3.mp4/hook_V3_015720_v001286.npy,1,V3.mp4,15720,11,hook,train
data/processed/poses/V3.mp4/hook_V3_015925_v001287.npy,1,V3.mp4,15925,11,hook,train
data/processed/poses/V3.mp4/hook_V3_016140_v001288.npy,1,V3.mp4,16140,11,hook,train
data/processed/poses/V3.mp4/hook_V3_016203_v001289.npy,1,V3.mp4,16203,11,hook,train
data/processed/poses/V3.mp4/hook_V3_016236_v001290.npy,1,V3.mp4,16236,11,hook,train
data/processed/poses/V3.mp4/hook_V3_016251_v001291.npy,1,V3.mp4,16251,11,hook,train
data/processed/poses/V3.mp4/hook_V3_016264_v001292.npy,1,V3.mp4,16264,11,hook,train
data/processed/poses/V3.mp4/hook_V3_016342_v001293.npy,1,V3.mp4,16342,11,hook,train
data/processed/poses/V3.mp4/hook_V3_016357_v001294.npy,1,V3.mp4,16357,11,hook,train
data/processed/poses/V3.mp4/hook_V3_016372_v001295.npy,1,V3.mp4,16372,11,hook,train
data/processed/poses/V3.mp4/hook_V3_016477_v001296.npy,1,V3.mp4,16477,11,hook,train
data/processed/poses/V3.mp4/hook_V3_016520_v001297.npy,1,V3.mp4,16520,11,hook,train
data/processed/poses/V3.mp4/hook_V3_016559_v001298.npy,1,V3.mp4,16559,11,hook,train
data/processed/poses/V3.mp4/hook_V3_016617_v001299.npy,1,V3.mp4,16617,11,hook,train
data/processed/poses/V3.mp4/hook_V3_016663_v001300.npy,1,V3.mp4,16663,11,hook,train
data/processed/poses/V3.mp4/straight_V3_017233_v001301.npy,0,V3.mp4,17233,11,straight,train
data/processed/poses/V3.mp4/straight_V3_017254_v001302.npy,0,V3.mp4,17254,11,straight,train
data/processed/poses/V3.mp4/uppercut_V3_017277_v001303.npy,2,V3.mp4,17277,11,uppercut,train
data/processed/poses/V3.mp4/straight_V3_017294_v001304.npy,0,V3.mp4,17294,11,straight,train
data/processed/poses/V3.mp4/straight_V3_017552_v001305.npy,0,V3.mp4,17552,11,straight,train
data/processed/poses/V3.mp4/uppercut_V3_017596_v001306.npy,2,V3.mp4,17596,11,uppercut,train
data/processed/poses/V3.mp4/straight_V3_018215_v001307.npy,0,V3.mp4,18215,11,straight,train
data/processed/poses/V3.mp4/uppercut_V3_018233_v001308.npy,2,V3.mp4,18233,11,uppercut,train
data/processed/poses/V3.mp4/straight_V3_018284_v001309.npy,0,V3.mp4,18284,11,straight,train
data/processed/poses/V3.mp4/uppercut_V3_018297_v001310.npy,2,V3.mp4,18297,11,uppercut,train
data/processed/poses/V3.mp4/straight_V3_018331_v001311.npy,0,V3.mp4,18331,11,straight,train
data/processed/poses/V3.mp4/uppercut_V3_018478_v001312.npy,2,V3.mp4,18478,11,uppercut,train
data/processed/poses/V3.mp4/uppercut_V3_018535_v001313.npy,2,V3.mp4,18535,11,uppercut,train
data/processed/poses/V3.mp4/uppercut_V3_018587_v001314.npy,2,V3.mp4,18587,11,uppercut,train
data/processed/poses/V3.mp4/uppercut_V3_018645_v001315.npy,2,V3.mp4,18645,11,uppercut,train
data/processed/poses/V3.mp4/uppercut_V3_018701_v001316.npy,2,V3.mp4,18701,11,uppercut,train
data/processed/poses/V3.mp4/uppercut_V3_018860_v001317.npy,2,V3.mp4,18860,11,uppercut,train
data/processed/poses/V3.mp4/hook_V3_018945_v001318.npy,1,V3.mp4,18945,11,hook,train
data/processed/poses/V3.mp4/uppercut_V3_018956_v001319.npy,2,V3.mp4,18956,11,uppercut,train
data/processed/poses/V3.mp4/uppercut_V3_019013_v001320.npy,2,V3.mp4,19013,11,uppercut,train
data/processed/poses/V3.mp4/hook_V3_019063_v001321.npy,1,V3.mp4,19063,11,hook,train
data/processed/poses/V3.mp4/uppercut_V3_019076_v001322.npy,2,V3.mp4,19076,11,uppercut,train
data/processed/poses/V3.mp4/uppercut_V3_019189_v001323.npy,2,V3.mp4,19189,11,uppercut,train
data/processed/poses/V3.mp4/hook_V3_019236_v001324.npy,1,V3.mp4,19236,11,hook,train
data/processed/poses/V3.mp4/uppercut_V3_019366_v001325.npy,2,V3.mp4,19366,11,uppercut,train
data/processed/poses/V3.mp4/uppercut_V3_019419_v001326.npy,2,V3.mp4,19419,11,uppercut,train
data/processed/poses/V3.mp4/uppercut_V3_019475_v001327.npy,2,V3.mp4,19475,11,uppercut,train
data/processed/poses/V3.mp4/uppercut_V3_019528_v001328.npy,2,V3.mp4,19528,11,uppercut,train
data/processed/poses/V3.mp4/hook_V3_019728_v001329.npy,1,V3.mp4,19728,11,hook,train
data/processed/poses/V3.mp4/straight_V3_020362_v001330.npy,0,V3.mp4,20362,11,straight,train
data/processed/poses/V3.mp4/uppercut_V3_020393_v001331.npy,2,V3.mp4,20393,11,uppercut,train
data/processed/poses/V3.mp4/straight_V3_020408_v001332.npy,0,V3.mp4,20408,11,straight,train
data/processed/poses/V3.mp4/uppercut_V3_020456_v001333.npy,2,V3.mp4,20456,11,uppercut,train
data/processed/poses/V3.mp4/uppercut_V3_020972_v001334.npy,2,V3.mp4,20972,11,uppercut,train
data/processed/poses/V3.mp4/uppercut_V3_021110_v001335.npy,2,V3.mp4,21110,11,uppercut,train
data/processed/poses/V3.mp4/uppercut_V3_021226_v001336.npy,2,V3.mp4,21226,11,uppercut,train
data/processed/poses/V3.mp4/uppercut_V3_021276_v001337.npy,2,V3.mp4,21276,11,uppercut,train
data/processed/poses/V3.mp4/uppercut_V3_021335_v001338.npy,2,V3.mp4,21335,11,uppercut,train
data/processed/poses/V3.mp4/uppercut_V3_021387_v001339.npy,2,V3.mp4,21387,11,uppercut,train
data/processed/poses/V3.mp4/uppercut_V3_021492_v001340.npy,2,V3.mp4,21492,11,uppercut,train
data/processed/poses/V3.mp4/uppercut_V3_021543_v001341.npy,2,V3.mp4,21543,11,uppercut,train
data/processed/poses/V3.mp4/hook_V3_021662_v001342.npy,1,V3.mp4,21662,11,hook,train
data/processed/poses/V3.mp4/uppercut_V3_021673_v001343.npy,2,V3.mp4,21673,11,uppercut,train
data/processed/poses/V3.mp4/hook_V3_021952_v001344.npy,1,V3.mp4,21952,11,hook,train
data/processed/poses/V3.mp4/hook_V3_022017_v001345.npy,1,V3.mp4,22017,11,hook,train
data/processed/poses/V3.mp4/hook_V3_022388_v001346.npy,1,V3.mp4,22388,11,hook,train
data/processed/poses/V3.mp4/straight_V3_024342_v001347.npy,0,V3.mp4,24342,11,straight,train
data/processed/poses/V3.mp4/straight_V3_024459_v001348.npy,0,V3.mp4,24459,11,straight,train
data/processed/poses/V3.mp4/straight_V3_024470_v001349.npy,0,V3.mp4,24470,11,straight,train
data/processed/poses/V3.mp4/straight_V3_024645_v001350.npy,0,V3.mp4,24645,11,straight,train
data/processed/poses/V3.mp4/straight_V3_024913_v001351.npy,0,V3.mp4,24913,11,straight,train
data/processed/poses/V3.mp4/straight_V3_024979_v001352.npy,0,V3.mp4,24979,11,straight,train
data/processed/poses/V3.mp4/straight_V3_025008_v001353.npy,0,V3.mp4,25008,11,straight,train
data/processed/poses/V3.mp4/straight_V3_025019_v001354.npy,0,V3.mp4,25019,11,straight,train
data/processed/poses/V3.mp4/straight_V3_025084_v001355.npy,0,V3.mp4,25084,11,straight,train
data/processed/poses/V3.mp4/straight_V3_025286_v001356.npy,0,V3.mp4,25286,11,straight,train
data/processed/poses/V3.mp4/straight_V3_025525_v001357.npy,0,V3.mp4,25525,11,straight,train
data/processed/poses/V3.mp4/straight_V3_025779_v001358.npy,0,V3.mp4,25779,11,straight,train
data/processed/poses/V3.mp4/straight_V3_026047_v001359.npy,0,V3.mp4,26047,11,straight,train
data/processed/poses/V3.mp4/straight_V3_026139_v001360.npy,0,V3.mp4,26139,11,straight,train
data/processed/poses/V3.mp4/straight_V3_026240_v001361.npy,0,V3.mp4,26240,11,straight,train
data/processed/poses/V3.mp4/straight_V3_026317_v001362.npy,0,V3.mp4,26317,11,straight,train
data/processed/poses/V3.mp4/straight_V3_026778_v001363.npy,0,V3.mp4,26778,11,straight,train
data/processed/poses/V3.mp4/straight_V3_027166_v001364.npy,0,V3.mp4,27166,11,straight,train
data/processed/poses/V3.mp4/straight_V3_027258_v001365.npy,0,V3.mp4,27258,11,straight,train
data/processed/poses/V3.mp4/straight_V3_027413_v001366.npy,0,V3.mp4,27413,11,straight,train
data/processed/poses/V3.mp4/straight_V3_027787_v001367.npy,0,V3.mp4,27787,11,straight,train
data/processed/poses/V3.mp4/straight_V3_027787_v001368.npy,0,V3.mp4,27787,11,straight,train
data/processed/poses/V4.mp4/straight_V4_009640_v001369.npy,0,V4.mp4,9640,11,straight,train
data/processed/poses/V4.mp4/hook_V4_009648_v001370.npy,1,V4.mp4,9648,11,hook,train
data/processed/poses/V4.mp4/straight_V4_009734_v001371.npy,0,V4.mp4,9734,11,straight,train
data/processed/poses/V4.mp4/hook_V4_009741_v001372.npy,1,V4.mp4,9741,11,hook,train
data/processed/poses/V4.mp4/straight_V4_009832_v001373.npy,0,V4.mp4,9832,11,straight,train
data/processed/poses/V4.mp4/hook_V4_009839_v001374.npy,1,V4.mp4,9839,11,hook,train
data/processed/poses/V4.mp4/straight_V4_009930_v001375.npy,0,V4.mp4,9930,11,straight,train
data/processed/poses/V4.mp4/hook_V4_009938_v001376.npy,1,V4.mp4,9938,11,hook,train
data/processed/poses/V4.mp4/straight_V4_010046_v001377.npy,0,V4.mp4,10046,11,straight,train
data/processed/poses/V4.mp4/hook_V4_010054_v001378.npy,1,V4.mp4,10054,11,hook,train
data/processed/poses/V4.mp4/hook_V4_010213_v001379.npy,1,V4.mp4,10213,11,hook,train
data/processed/poses/V4.mp4/hook_V4_010326_v001380.npy,1,V4.mp4,10326,11,hook,train
data/processed/poses/V4.mp4/hook_V4_010413_v001381.npy,1,V4.mp4,10413,11,hook,train
data/processed/poses/V4.mp4/straight_V4_010599_v001382.npy,0,V4.mp4,10599,11,straight,train
data/processed/poses/V4.mp4/hook_V4_010607_v001383.npy,1,V4.mp4,10607,11,hook,train
data/processed/poses/V4.mp4/straight_V4_010681_v001384.npy,0,V4.mp4,10681,11,straight,train
data/processed/poses/V4.mp4/hook_V4_010688_v001385.npy,1,V4.mp4,10688,11,hook,train
data/processed/poses/V4.mp4/hook_V4_011666_v001386.npy,1,V4.mp4,11666,11,hook,train
data/processed/poses/V4.mp4/hook_V4_011690_v001387.npy,1,V4.mp4,11690,11,hook,train
data/processed/poses/V4.mp4/hook_V4_011715_v001388.npy,1,V4.mp4,11715,11,hook,train
data/processed/poses/V4.mp4/hook_V4_011741_v001389.npy,1,V4.mp4,11741,11,hook,train
data/processed/poses/V4.mp4/hook_V4_011786_v001390.npy,1,V4.mp4,11786,11,hook,train
data/processed/poses/V4.mp4/hook_V4_011820_v001391.npy,1,V4.mp4,11820,11,hook,train
data/processed/poses/V4.mp4/straight_V4_011867_v001392.npy,0,V4.mp4,11867,11,straight,train
data/processed/poses/V4.mp4/straight_V4_012183_v001393.npy,0,V4.mp4,12183,11,straight,train
data/processed/poses/V4.mp4/straight_V4_012406_v001394.npy,0,V4.mp4,12406,11,straight,train
data/processed/poses/V4.mp4/hook_V4_012887_v001395.npy,1,V4.mp4,12887,11,hook,train
data/processed/poses/V4.mp4/hook_V4_012918_v001396.npy,1,V4.mp4,12918,11,hook,train
data/processed/poses/V4.mp4/hook_V4_012974_v001397.npy,1,V4.mp4,12974,11,hook,train
data/processed/poses/V4.mp4/hook_V4_013020_v001398.npy,1,V4.mp4,13020,11,hook,train
data/processed/poses/V4.mp4/hook_V4_013132_v001399.npy,1,V4.mp4,13132,11,hook,train
data/processed/poses/V4.mp4/hook_V4_013160_v001400.npy,1,V4.mp4,13160,11,hook,train
data/processed/poses/V4.mp4/hook_V4_013186_v001401.npy,1,V4.mp4,13186,11,hook,train
data/processed/poses/V4.mp4/hook_V4_013214_v001402.npy,1,V4.mp4,13214,11,hook,train
data/processed/poses/V4.mp4/hook_V4_020688_v001403.npy,1,V4.mp4,20688,11,hook,train
data/processed/poses/V4.mp4/hook_V4_021557_v001404.npy,1,V4.mp4,21557,11,hook,train
data/processed/poses/V4.mp4/hook_V4_021574_v001405.npy,1,V4.mp4,21574,11,hook,train
data/processed/poses/V4.mp4/straight_V4_021967_v001406.npy,0,V4.mp4,21967,11,straight,train
data/processed/poses/V4.mp4/hook_V4_021993_v001407.npy,1,V4.mp4,21993,11,hook,train
data/processed/poses/V4.mp4/hook_V4_022013_v001408.npy,1,V4.mp4,22013,11,hook,train
data/processed/poses/V4.mp4/straight_V4_023690_v001409.npy,0,V4.mp4,23690,11,straight,train
data/processed/poses/V4.mp4/hook_V4_023774_v001410.npy,1,V4.mp4,23774,11,hook,train
data/processed/poses/V4.mp4/hook_V4_023795_v001411.npy,1,V4.mp4,23795,11,hook,train
data/processed/poses/V4.mp4/hook_V4_023970_v001412.npy,1,V4.mp4,23970,11,hook,train
data/processed/poses/V4.mp4/hook_V4_024002_v001413.npy,1,V4.mp4,24002,11,hook,train
data/processed/poses/V4.mp4/hook_V4_024070_v001414.npy,1,V4.mp4,24070,11,hook,train
data/processed/poses/V4.mp4/straight_V4_024145_v001415.npy,0,V4.mp4,24145,11,straight,train
data/processed/poses/V4.mp4/hook_V4_024157_v001416.npy,1,V4.mp4,24157,11,hook,train
data/processed/poses/V4.mp4/hook_V4_024170_v001417.npy,1,V4.mp4,24170,11,hook,train
data/processed/poses/V4.mp4/hook_V4_024180_v001418.npy,1,V4.mp4,24180,11,hook,train
data/processed/poses/V4.mp4/hook_V4_024195_v001419.npy,1,V4.mp4,24195,11,hook,train
data/processed/poses/V4.mp4/hook_V4_024465_v001420.npy,1,V4.mp4,24465,11,hook,train
data/processed/poses/V4.mp4/hook_V4_024672_v001421.npy,1,V4.mp4,24672,11,hook,train
data/processed/poses/V4.mp4/hook_V4_025029_v001422.npy,1,V4.mp4,25029,11,hook,train
data/processed/poses/V4.mp4/hook_V4_026092_v001423.npy,1,V4.mp4,26092,11,hook,train
data/processed/poses/V4.mp4/hook_V4_026410_v001424.npy,1,V4.mp4,26410,11,hook,train
data/processed/poses/V4.mp4/hook_V4_026429_v001425.npy,1,V4.mp4,26429,11,hook,train
data/processed/poses/V4.mp4/hook_V4_026444_v001426.npy,1,V4.mp4,26444,11,hook,train
data/processed/poses/V4.mp4/hook_V4_027314_v001427.npy,1,V4.mp4,27314,11,hook,train
data/processed/poses/V4.mp4/hook_V4_027330_v001428.npy,1,V4.mp4,27330,11,hook,train
data/processed/poses/V4.mp4/hook_V4_027341_v001429.npy,1,V4.mp4,27341,11,hook,train
data/processed/poses/V4.mp4/hook_V4_027454_v001430.npy,1,V4.mp4,27454,11,hook,train
data/processed/poses/V4.mp4/hook_V4_027484_v001431.npy,1,V4.mp4,27484,11,hook,train
data/processed/poses/V4.mp4/hook_V4_027911_v001432.npy,1,V4.mp4,27911,11,hook,train
data/processed/poses/V4.mp4/hook_V4_027928_v001433.npy,1,V4.mp4,27928,11,hook,train
data/processed/poses/V4.mp4/hook_V4_027942_v001434.npy,1,V4.mp4,27942,11,hook,train
data/processed/poses/V4.mp4/hook_V4_028853_v001435.npy,1,V4.mp4,28853,11,hook,train
data/processed/poses/V4.mp4/hook_V4_028868_v001436.npy,1,V4.mp4,28868,11,hook,train
data/processed/poses/V4.mp4/hook_V4_028878_v001437.npy,1,V4.mp4,28878,11,hook,train
data/processed/poses/V4.mp4/hook_V4_029144_v001438.npy,1,V4.mp4,29144,11,hook,train
data/processed/poses/V4.mp4/hook_V4_029159_v001439.npy,1,V4.mp4,29159,11,hook,train
data/processed/poses/V4.mp4/hook_V4_029171_v001440.npy,1,V4.mp4,29171,11,hook,train
data/processed/poses/V5.mp4/straight_V5_000026_v001441.npy,0,V5.mp4,26,11,straight,train
data/processed/poses/V5.mp4/straight_V5_000082_v001442.npy,0,V5.mp4,82,11,straight,train
data/processed/poses/V5.mp4/straight_V5_000129_v001443.npy,0,V5.mp4,129,11,straight,train
data/processed/poses/V5.mp4/straight_V5_000234_v001444.npy,0,V5.mp4,234,11,straight,train
data/processed/poses/V5.mp4/uppercut_V5_000262_v001445.npy,2,V5.mp4,262,11,uppercut,train
data/processed/poses/V5.mp4/uppercut_V5_000327_v001446.npy,2,V5.mp4,327,11,uppercut,train
data/processed/poses/V5.mp4/uppercut_V5_000385_v001447.npy,2,V5.mp4,385,11,uppercut,train
data/processed/poses/V5.mp4/straight_V5_000422_v001448.npy,0,V5.mp4,422,11,straight,train
data/processed/poses/V5.mp4/uppercut_V5_000446_v001449.npy,2,V5.mp4,446,11,uppercut,train
data/processed/poses/V5.mp4/uppercut_V5_000485_v001450.npy,2,V5.mp4,485,11,uppercut,train
data/processed/poses/V5.mp4/straight_V5_000497_v001451.npy,0,V5.mp4,497,11,straight,train
data/processed/poses/V5.mp4/uppercut_V5_000566_v001452.npy,2,V5.mp4,566,11,uppercut,train
data/processed/poses/V5.mp4/straight_V5_000592_v001453.npy,0,V5.mp4,592,11,straight,train
data/processed/poses/V5.mp4/uppercut_V5_000647_v001454.npy,2,V5.mp4,647,11,uppercut,train
data/processed/poses/V5.mp4/straight_V5_000671_v001455.npy,0,V5.mp4,671,11,straight,train
data/processed/poses/V5.mp4/uppercut_V5_000718_v001456.npy,2,V5.mp4,718,11,uppercut,train
data/processed/poses/V5.mp4/straight_V5_000781_v001457.npy,0,V5.mp4,781,11,straight,train
data/processed/poses/V5.mp4/straight_V5_000798_v001458.npy,0,V5.mp4,798,11,straight,train
data/processed/poses/V5.mp4/straight_V5_000857_v001459.npy,0,V5.mp4,857,11,straight,train
data/processed/poses/V5.mp4/straight_V5_001000_v001460.npy,0,V5.mp4,1000,11,straight,train
data/processed/poses/V5.mp4/straight_V5_001064_v001461.npy,0,V5.mp4,1064,11,straight,train
data/processed/poses/V5.mp4/uppercut_V5_001074_v001462.npy,2,V5.mp4,1074,11,uppercut,train
data/processed/poses/V5.mp4/uppercut_V5_001131_v001463.npy,2,V5.mp4,1131,11,uppercut,train
data/processed/poses/V5.mp4/straight_V5_001170_v001464.npy,0,V5.mp4,1170,11,straight,train
data/processed/poses/V5.mp4/straight_V5_001177_v001465.npy,0,V5.mp4,1177,11,straight,train
data/processed/poses/V5.mp4/uppercut_V5_001187_v001466.npy,2,V5.mp4,1187,11,uppercut,train
data/processed/poses/V5.mp4/uppercut_V5_001243_v001467.npy,2,V5.mp4,1243,11,uppercut,train
data/processed/poses/V5.mp4/uppercut_V5_001295_v001468.npy,2,V5.mp4,1295,11,uppercut,train
data/processed/poses/V5.mp4/uppercut_V5_001361_v001469.npy,2,V5.mp4,1361,11,uppercut,train
data/processed/poses/V5.mp4/straight_V5_001404_v001470.npy,0,V5.mp4,1404,11,straight,train
data/processed/poses/V5.mp4/uppercut_V5_001414_v001471.npy,2,V5.mp4,1414,11,uppercut,train
data/processed/poses/V5.mp4/straight_V5_001443_v001472.npy,0,V5.mp4,1443,11,straight,train
data/processed/poses/V5.mp4/straight_V5_001449_v001473.npy,0,V5.mp4,1449,11,straight,train
data/processed/poses/V5.mp4/uppercut_V5_001464_v001474.npy,2,V5.mp4,1464,11,uppercut,train
data/processed/poses/V5.mp4/uppercut_V5_001524_v001475.npy,2,V5.mp4,1524,11,uppercut,train
data/processed/poses/V5.mp4/uppercut_V5_001570_v001476.npy,2,V5.mp4,1570,11,uppercut,train
data/processed/poses/V5.mp4/uppercut_V5_001616_v001477.npy,2,V5.mp4,1616,11,uppercut,train
data/processed/poses/V5.mp4/uppercut_V5_001660_v001478.npy,2,V5.mp4,1660,11,uppercut,train
data/processed/poses/V5.mp4/straight_V5_001709_v001479.npy,0,V5.mp4,1709,11,straight,train
data/processed/poses/V5.mp4/straight_V5_001804_v001480.npy,0,V5.mp4,1804,11,straight,train
data/processed/poses/V5.mp4/hook_V5_001834_v001481.npy,1,V5.mp4,1834,11,hook,train
data/processed/poses/V5.mp4/straight_V5_001983_v001482.npy,0,V5.mp4,1983,11,straight,train
data/processed/poses/V5.mp4/straight_V5_002079_v001483.npy,0,V5.mp4,2079,11,straight,train
data/processed/poses/V5.mp4/uppercut_V5_002088_v001484.npy,2,V5.mp4,2088,11,uppercut,train
data/processed/poses/V5.mp4/uppercut_V5_002096_v001485.npy,2,V5.mp4,2096,11,uppercut,train
data/processed/poses/V5.mp4/straight_V5_002103_v001486.npy,0,V5.mp4,2103,11,straight,train
data/processed/poses/V5.mp4/uppercut_V5_002152_v001487.npy,2,V5.mp4,2152,11,uppercut,train
data/processed/poses/V5.mp4/uppercut_V5_002158_v001488.npy,2,V5.mp4,2158,11,uppercut,train
data/processed/poses/V5.mp4/uppercut_V5_002234_v001489.npy,2,V5.mp4,2234,11,uppercut,train
data/processed/poses/V5.mp4/uppercut_V5_002240_v001490.npy,2,V5.mp4,2240,11,uppercut,train
data/processed/poses/V5.mp4/straight_V5_002248_v001491.npy,0,V5.mp4,2248,11,straight,train
data/processed/poses/V5.mp4/uppercut_V5_002282_v001492.npy,2,V5.mp4,2282,11,uppercut,train
data/processed/poses/V5.mp4/uppercut_V5_002289_v001493.npy,2,V5.mp4,2289,11,uppercut,train
data/processed/poses/V5.mp4/uppercut_V5_002344_v001494.npy,2,V5.mp4,2344,11,uppercut,train
data/processed/poses/V5.mp4/uppercut_V5_002352_v001495.npy,2,V5.mp4,2352,11,uppercut,train
data/processed/poses/V5.mp4/uppercut_V5_002421_v001496.npy,2,V5.mp4,2421,11,uppercut,train
data/processed/poses/V5.mp4/uppercut_V5_002427_v001497.npy,2,V5.mp4,2427,11,uppercut,train
data/processed/poses/V5.mp4/uppercut_V5_002455_v001498.npy,2,V5.mp4,2455,11,uppercut,train
data/processed/poses/V5.mp4/uppercut_V5_002461_v001499.npy,2,V5.mp4,2461,11,uppercut,train
data/processed/poses/V5.mp4/straight_V5_002467_v001500.npy,0,V5.mp4,2467,11,straight,train
data/processed/poses/V5.mp4/uppercut_V5_002517_v001501.npy,2,V5.mp4,2517,11,uppercut,train
data/processed/poses/V5.mp4/uppercut_V5_002564_v001502.npy,2,V5.mp4,2564,11,uppercut,train
data/processed/poses/V5.mp4/straight_V5_002596_v001503.npy,0,V5.mp4,2596,11,straight,train
data/processed/poses/V5.mp4/uppercut_V5_002606_v001504.npy,2,V5.mp4,2606,11,uppercut,train
data/processed/poses/V5.mp4/uppercut_V5_002652_v001505.npy,2,V5.mp4,2652,11,uppercut,train
data/processed/poses/V5.mp4/uppercut_V5_002686_v001506.npy,2,V5.mp4,2686,11,uppercut,train
data/processed/poses/V5.mp4/uppercut_V5_002742_v001507.npy,2,V5.mp4,2742,11,uppercut,train
data/processed/poses/V5.mp4/uppercut_V5_002785_v001508.npy,2,V5.mp4,2785,11,uppercut,train
data/processed/poses/V5.mp4/uppercut_V5_002839_v001509.npy,2,V5.mp4,2839,11,uppercut,train
data/processed/poses/V5.mp4/uppercut_V5_002869_v001510.npy,2,V5.mp4,2869,11,uppercut,train
data/processed/poses/V5.mp4/straight_V5_003059_v001511.npy,0,V5.mp4,3059,11,straight,train
data/processed/poses/V5.mp4/straight_V5_003099_v001512.npy,0,V5.mp4,3099,11,straight,train
data/processed/poses/V5.mp4/straight_V5_003163_v001513.npy,0,V5.mp4,3163,11,straight,train
data/processed/poses/V5.mp4/straight_V5_003171_v001514.npy,0,V5.mp4,3171,11,straight,train
data/processed/poses/V5.mp4/straight_V5_003228_v001515.npy,0,V5.mp4,3228,11,straight,train
data/processed/poses/V5.mp4/straight_V5_003300_v001516.npy,0,V5.mp4,3300,11,straight,train
data/processed/poses/V5.mp4/hook_V5_003314_v001517.npy,1,V5.mp4,3314,11,hook,train
data/processed/poses/V5.mp4/hook_V5_003465_v001518.npy,1,V5.mp4,3465,11,hook,train
data/processed/poses/V5.mp4/hook_V5_003553_v001519.npy,1,V5.mp4,3553,11,hook,train
data/processed/poses/V5.mp4/straight_V5_003638_v001520.npy,0,V5.mp4,3638,11,straight,train
data/processed/poses/V5.mp4/hook_V5_003648_v001521.npy,1,V5.mp4,3648,11,hook,train
data/processed/poses/V5.mp4/straight_V5_003729_v001522.npy,0,V5.mp4,3729,11,straight,train
data/processed/poses/V5.mp4/hook_V5_003738_v001523.npy,1,V5.mp4,3738,11,hook,train
data/processed/poses/V5.mp4/hook_V5_003815_v001524.npy,1,V5.mp4,3815,11,hook,train
data/processed/poses/V5.mp4/uppercut_V5_004016_v001525.npy,2,V5.mp4,4016,11,uppercut,train
data/processed/poses/V5.mp4/hook_V5_004027_v001526.npy,1,V5.mp4,4027,11,hook,train
data/processed/poses/V5.mp4/uppercut_V5_004090_v001527.npy,2,V5.mp4,4090,11,uppercut,train
data/processed/poses/V5.mp4/hook_V5_004101_v001528.npy,1,V5.mp4,4101,11,hook,train
data/processed/poses/V5.mp4/straight_V5_004154_v001529.npy,0,V5.mp4,4154,11,straight,train
data/processed/poses/V5.mp4/uppercut_V5_004166_v001530.npy,2,V5.mp4,4166,11,uppercut,train
data/processed/poses/V5.mp4/hook_V5_004177_v001531.npy,1,V5.mp4,4177,11,hook,train
data/processed/poses/V5.mp4/uppercut_V5_004221_v001532.npy,2,V5.mp4,4221,11,uppercut,train
data/processed/poses/V5.mp4/hook_V5_004230_v001533.npy,1,V5.mp4,4230,11,hook,train
data/processed/poses/V5.mp4/straight_V5_004259_v001534.npy,0,V5.mp4,4259,11,straight,train
data/processed/poses/V5.mp4/uppercut_V5_004272_v001535.npy,2,V5.mp4,4272,11,uppercut,train
data/processed/poses/V5.mp4/hook_V5_004283_v001536.npy,1,V5.mp4,4283,11,hook,train
data/processed/poses/V5.mp4/straight_V5_004348_v001537.npy,0,V5.mp4,4348,11,straight,train
data/processed/poses/V5.mp4/uppercut_V5_004356_v001538.npy,2,V5.mp4,4356,11,uppercut,train
data/processed/poses/V5.mp4/uppercut_V5_004412_v001539.npy,2,V5.mp4,4412,11,uppercut,train
data/processed/poses/V5.mp4/hook_V5_004421_v001540.npy,1,V5.mp4,4421,11,hook,train
data/processed/poses/V5.mp4/straight_V5_004456_v001541.npy,0,V5.mp4,4456,11,straight,train
data/processed/poses/V5.mp4/uppercut_V5_004464_v001542.npy,2,V5.mp4,4464,11,uppercut,train
data/processed/poses/V5.mp4/hook_V5_004472_v001543.npy,1,V5.mp4,4472,11,hook,train
data/processed/poses/V5.mp4/uppercut_V5_004514_v001544.npy,2,V5.mp4,4514,11,uppercut,train
data/processed/poses/V5.mp4/hook_V5_004522_v001545.npy,1,V5.mp4,4522,11,hook,train
data/processed/poses/V5.mp4/uppercut_V5_004562_v001546.npy,2,V5.mp4,4562,11,uppercut,train
data/processed/poses/V5.mp4/hook_V5_004571_v001547.npy,1,V5.mp4,4571,11,hook,train
data/processed/poses/V5.mp4/uppercut_V5_004610_v001548.npy,2,V5.mp4,4610,11,uppercut,train
data/processed/poses/V5.mp4/hook_V5_004619_v001549.npy,1,V5.mp4,4619,11,hook,train
data/processed/poses/V5.mp4/straight_V5_004646_v001550.npy,0,V5.mp4,4646,11,straight,train
data/processed/poses/V5.mp4/uppercut_V5_004658_v001551.npy,2,V5.mp4,4658,11,uppercut,train
data/processed/poses/V5.mp4/straight_V5_004782_v001552.npy,0,V5.mp4,4782,11,straight,train
data/processed/poses/V5.mp4/uppercut_V5_005000_v001553.npy,2,V5.mp4,5000,11,uppercut,train
data/processed/poses/V5.mp4/uppercut_V5_005070_v001554.npy,2,V5.mp4,5070,11,uppercut,train
data/processed/poses/V5.mp4/uppercut_V5_005139_v001555.npy,2,V5.mp4,5139,11,uppercut,train
data/processed/poses/V5.mp4/straight_V5_005157_v001556.npy,0,V5.mp4,5157,11,straight,train
data/processed/poses/V5.mp4/straight_V5_005164_v001557.npy,0,V5.mp4,5164,11,straight,train
data/processed/poses/V5.mp4/uppercut_V5_005184_v001558.npy,2,V5.mp4,5184,11,uppercut,train
data/processed/poses/V5.mp4/uppercut_V5_005228_v001559.npy,2,V5.mp4,5228,11,uppercut,train
data/processed/poses/V5.mp4/uppercut_V5_005271_v001560.npy,2,V5.mp4,5271,11,uppercut,train
data/processed/poses/V5.mp4/straight_V5_005287_v001561.npy,0,V5.mp4,5287,11,straight,train
data/processed/poses/V5.mp4/uppercut_V5_005315_v001562.npy,2,V5.mp4,5315,11,uppercut,train
data/processed/poses/V5.mp4/straight_V5_005464_v001563.npy,0,V5.mp4,5464,11,straight,train
data/processed/poses/V5.mp4/straight_V5_005488_v001564.npy,0,V5.mp4,5488,11,straight,train
data/processed/poses/V5.mp4/hook_V5_005697_v001565.npy,1,V5.mp4,5697,11,hook,train
data/processed/poses/V5.mp4/straight_V5_005830_v001566.npy,0,V5.mp4,5830,11,straight,train
data/processed/poses/V5.mp4/hook_V5_005857_v001567.npy,1,V5.mp4,5857,11,hook,train
data/processed/poses/V5.mp4/hook_V5_005920_v001568.npy,1,V5.mp4,5920,11,hook,train
data/processed/poses/V5.mp4/hook_V5_005968_v001569.npy,1,V5.mp4,5968,11,hook,train
data/processed/poses/V5.mp4/uppercut_V5_006042_v001570.npy,2,V5.mp4,6042,11,uppercut,train
data/processed/poses/V5.mp4/uppercut_V5_006107_v001571.npy,2,V5.mp4,6107,11,uppercut,train
data/processed/poses/V5.mp4/uppercut_V5_006170_v001572.npy,2,V5.mp4,6170,11,uppercut,train
data/processed/poses/V5.mp4/uppercut_V5_006230_v001573.npy,2,V5.mp4,6230,11,uppercut,train
data/processed/poses/V5.mp4/straight_V5_006266_v001574.npy,0,V5.mp4,6266,11,straight,train
data/processed/poses/V5.mp4/uppercut_V5_006287_v001575.npy,2,V5.mp4,6287,11,uppercut,train
data/processed/poses/V5.mp4/uppercut_V5_006334_v001576.npy,2,V5.mp4,6334,11,uppercut,train
data/processed/poses/V5.mp4/straight_V5_006442_v001577.npy,0,V5.mp4,6442,11,straight,train
data/processed/poses/V5.mp4/straight_V5_006648_v001578.npy,0,V5.mp4,6648,11,straight,train
data/processed/poses/V5.mp4/uppercut_V5_006722_v001579.npy,2,V5.mp4,6722,11,uppercut,train
data/processed/poses/V5.mp4/hook_V5_006730_v001580.npy,1,V5.mp4,6730,11,hook,train
data/processed/poses/V5.mp4/uppercut_V5_006761_v001581.npy,2,V5.mp4,6761,11,uppercut,train
data/processed/poses/V5.mp4/hook_V5_006770_v001582.npy,1,V5.mp4,6770,11,hook,train
data/processed/poses/V5.mp4/uppercut_V5_006828_v001583.npy,2,V5.mp4,6828,11,uppercut,train
data/processed/poses/V5.mp4/uppercut_V5_006865_v001584.npy,2,V5.mp4,6865,11,uppercut,train
data/processed/poses/V5.mp4/hook_V5_006873_v001585.npy,1,V5.mp4,6873,11,hook,train
data/processed/poses/V5.mp4/uppercut_V5_006933_v001586.npy,2,V5.mp4,6933,11,uppercut,train
data/processed/poses/V5.mp4/hook_V5_006940_v001587.npy,1,V5.mp4,6940,11,hook,train
data/processed/poses/V5.mp4/uppercut_V5_006971_v001588.npy,2,V5.mp4,6971,11,uppercut,train
data/processed/poses/V5.mp4/straight_V5_007034_v001589.npy,0,V5.mp4,7034,11,straight,train
data/processed/poses/V5.mp4/uppercut_V5_007042_v001590.npy,2,V5.mp4,7042,11,uppercut,train
data/processed/poses/V5.mp4/hook_V5_007049_v001591.npy,1,V5.mp4,7049,11,hook,train
data/processed/poses/V5.mp4/uppercut_V5_007079_v001592.npy,2,V5.mp4,7079,11,uppercut,train
data/processed/poses/V5.mp4/hook_V5_007087_v001593.npy,1,V5.mp4,7087,11,hook,train
data/processed/poses/V5.mp4/straight_V5_007139_v001594.npy,0,V5.mp4,7139,11,straight,train
data/processed/poses/V5.mp4/uppercut_V5_007146_v001595.npy,2,V5.mp4,7146,11,uppercut,train
data/processed/poses/V5.mp4/hook_V5_007154_v001596.npy,1,V5.mp4,7154,11,hook,train
data/processed/poses/V5.mp4/uppercut_V5_007187_v001597.npy,2,V5.mp4,7187,11,uppercut,train
data/processed/poses/V5.mp4/hook_V5_007193_v001598.npy,1,V5.mp4,7193,11,hook,train
data/processed/poses/V5.mp4/straight_V5_007258_v001599.npy,0,V5.mp4,7258,11,straight,train
data/processed/poses/V5.mp4/uppercut_V5_007267_v001600.npy,2,V5.mp4,7267,11,uppercut,train
data/processed/poses/V5.mp4/straight_V5_007322_v001601.npy,0,V5.mp4,7322,11,straight,train
data/processed/poses/V5.mp4/uppercut_V5_007332_v001602.npy,2,V5.mp4,7332,11,uppercut,train
data/processed/poses/V5.mp4/uppercut_V5_007450_v001603.npy,2,V5.mp4,7450,11,uppercut,train
data/processed/poses/V5.mp4/uppercut_V5_007514_v001604.npy,2,V5.mp4,7514,11,uppercut,train
data/processed/poses/V5.mp4/uppercut_V5_007547_v001605.npy,2,V5.mp4,7547,11,uppercut,train
data/processed/poses/V5.mp4/uppercut_V5_007608_v001606.npy,2,V5.mp4,7608,11,uppercut,train
data/processed/poses/V5.mp4/uppercut_V5_007617_v001607.npy,2,V5.mp4,7617,11,uppercut,train
data/processed/poses/V5.mp4/uppercut_V5_007649_v001608.npy,2,V5.mp4,7649,11,uppercut,train
data/processed/poses/V5.mp4/uppercut_V5_007658_v001609.npy,2,V5.mp4,7658,11,uppercut,train
data/processed/poses/V5.mp4/uppercut_V5_007713_v001610.npy,2,V5.mp4,7713,11,uppercut,train
data/processed/poses/V5.mp4/hook_V5_007757_v001611.npy,1,V5.mp4,7757,11,hook,train
data/processed/poses/V5.mp4/uppercut_V5_007766_v001612.npy,2,V5.mp4,7766,11,uppercut,train
data/processed/poses/V5.mp4/hook_V5_007804_v001613.npy,1,V5.mp4,7804,11,hook,train
data/processed/poses/V5.mp4/uppercut_V5_007812_v001614.npy,2,V5.mp4,7812,11,uppercut,train
data/processed/poses/V5.mp4/hook_V5_007838_v001615.npy,1,V5.mp4,7838,11,hook,train
data/processed/poses/V5.mp4/uppercut_V5_007848_v001616.npy,2,V5.mp4,7848,11,uppercut,train
data/processed/poses/V5.mp4/uppercut_V5_007876_v001617.npy,2,V5.mp4,7876,11,uppercut,train
data/processed/poses/V5.mp4/hook_V5_007896_v001618.npy,1,V5.mp4,7896,11,hook,train
data/processed/poses/V5.mp4/uppercut_V5_007904_v001619.npy,2,V5.mp4,7904,11,uppercut,train
data/processed/poses/V5.mp4/straight_V5_008319_v001620.npy,0,V5.mp4,8319,11,straight,train
data/processed/poses/V5.mp4/straight_V5_008395_v001621.npy,0,V5.mp4,8395,11,straight,train
data/processed/poses/V5.mp4/straight_V5_008711_v001622.npy,0,V5.mp4,8711,11,straight,train
data/processed/poses/V5.mp4/uppercut_V5_009087_v001623.npy,2,V5.mp4,9087,11,uppercut,train
data/processed/poses/V5.mp4/uppercut_V5_009216_v001624.npy,2,V5.mp4,9216,11,uppercut,train
data/processed/poses/V5.mp4/uppercut_V5_009353_v001625.npy,2,V5.mp4,9353,11,uppercut,train
data/processed/poses/V5.mp4/straight_V5_009512_v001626.npy,0,V5.mp4,9512,11,straight,train
data/processed/poses/V5.mp4/uppercut_V5_009519_v001627.npy,2,V5.mp4,9519,11,uppercut,train
data/processed/poses/V5.mp4/uppercut_V5_009724_v001628.npy,2,V5.mp4,9724,11,uppercut,train
data/processed/poses/V5.mp4/hook_V5_009857_v001629.npy,1,V5.mp4,9857,11,hook,train
data/processed/poses/V5.mp4/hook_V5_009987_v001630.npy,1,V5.mp4,9987,11,hook,train
data/processed/poses/V5.mp4/hook_V5_010110_v001631.npy,1,V5.mp4,10110,11,hook,train
data/processed/poses/V5.mp4/hook_V5_010235_v001632.npy,1,V5.mp4,10235,11,hook,train
data/processed/poses/V5.mp4/straight_V5_010366_v001633.npy,0,V5.mp4,10366,11,straight,train
data/processed/poses/V5.mp4/uppercut_V5_010385_v001634.npy,2,V5.mp4,10385,11,uppercut,train
data/processed/poses/V5.mp4/uppercut_V5_010636_v001635.npy,2,V5.mp4,10636,11,uppercut,train
data/processed/poses/V5.mp4/straight_V5_010721_v001636.npy,0,V5.mp4,10721,11,straight,train
data/processed/poses/V5.mp4/uppercut_V5_010729_v001637.npy,2,V5.mp4,10729,11,uppercut,train
data/processed/poses/V5.mp4/uppercut_V5_010799_v001638.npy,2,V5.mp4,10799,11,uppercut,train
data/processed/poses/V5.mp4/hook_V5_010832_v001639.npy,1,V5.mp4,10832,11,hook,train
data/processed/poses/V5.mp4/uppercut_V5_010895_v001640.npy,2,V5.mp4,10895,11,uppercut,train
data/processed/poses/V5.mp4/hook_V5_010921_v001641.npy,1,V5.mp4,10921,11,hook,train
data/processed/poses/V5.mp4/uppercut_V5_010982_v001642.npy,2,V5.mp4,10982,11,uppercut,train
data/processed/poses/V5.mp4/uppercut_V5_011072_v001643.npy,2,V5.mp4,11072,11,uppercut,train
data/processed/poses/V5.mp4/uppercut_V5_011157_v001644.npy,2,V5.mp4,11157,11,uppercut,train
data/processed/poses/V5.mp4/uppercut_V5_011212_v001645.npy,2,V5.mp4,11212,11,uppercut,train
data/processed/poses/V5.mp4/hook_V5_011219_v001646.npy,1,V5.mp4,11219,11,hook,train
data/processed/poses/V5.mp4/uppercut_V5_011272_v001647.npy,2,V5.mp4,11272,11,uppercut,train
data/processed/poses/V5.mp4/hook_V5_011279_v001648.npy,1,V5.mp4,11279,11,hook,train
data/processed/poses/V5.mp4/hook_V5_011295_v001649.npy,1,V5.mp4,11295,11,hook,train
data/processed/poses/V5.mp4/straight_V5_011325_v001650.npy,0,V5.mp4,11325,11,straight,train
data/processed/poses/V5.mp4/uppercut_V5_011333_v001651.npy,2,V5.mp4,11333,11,uppercut,train
data/processed/poses/V5.mp4/uppercut_V5_011392_v001652.npy,2,V5.mp4,11392,11,uppercut,train
data/processed/poses/V5.mp4/hook_V5_011399_v001653.npy,1,V5.mp4,11399,11,hook,train
data/processed/poses/V5.mp4/hook_V5_011417_v001654.npy,1,V5.mp4,11417,11,hook,train
data/processed/poses/V5.mp4/uppercut_V5_011457_v001655.npy,2,V5.mp4,11457,11,uppercut,train
data/processed/poses/V5.mp4/hook_V5_011464_v001656.npy,1,V5.mp4,11464,11,hook,train
data/processed/poses/V5.mp4/straight_V5_011618_v001657.npy,0,V5.mp4,11618,11,straight,train
data/processed/poses/V5.mp4/straight_V5_011670_v001658.npy,0,V5.mp4,11670,11,straight,train
data/processed/poses/V5.mp4/straight_V5_011774_v001659.npy,0,V5.mp4,11774,11,straight,train
data/processed/poses/V5.mp4/uppercut_V5_011823_v001660.npy,2,V5.mp4,11823,11,uppercut,train
data/processed/poses/V5.mp4/hook_V5_011834_v001661.npy,1,V5.mp4,11834,11,hook,train
data/processed/poses/V5.mp4/uppercut_V5_011895_v001662.npy,2,V5.mp4,11895,11,uppercut,train
data/processed/poses/V5.mp4/hook_V5_011906_v001663.npy,1,V5.mp4,11906,11,hook,train
data/processed/poses/V5.mp4/uppercut_V5_012011_v001664.npy,2,V5.mp4,12011,11,uppercut,train
data/processed/poses/V5.mp4/uppercut_V5_012055_v001665.npy,2,V5.mp4,12055,11,uppercut,train
data/processed/poses/V5.mp4/hook_V5_012064_v001666.npy,1,V5.mp4,12064,11,hook,train
data/processed/poses/V5.mp4/uppercut_V5_012100_v001667.npy,2,V5.mp4,12100,11,uppercut,train
data/processed/poses/V5.mp4/hook_V5_012108_v001668.npy,1,V5.mp4,12108,11,hook,train
data/processed/poses/V5.mp4/uppercut_V5_012141_v001669.npy,2,V5.mp4,12141,11,uppercut,train
data/processed/poses/V5.mp4/uppercut_V5_012180_v001670.npy,2,V5.mp4,12180,11,uppercut,train
data/processed/poses/V5.mp4/hook_V5_012189_v001671.npy,1,V5.mp4,12189,11,hook,train
data/processed/poses/V5.mp4/hook_V5_012257_v001672.npy,1,V5.mp4,12257,11,hook,train
data/processed/poses/V5.mp4/uppercut_V5_012267_v001673.npy,2,V5.mp4,12267,11,uppercut,train
data/processed/poses/V5.mp4/hook_V5_012276_v001674.npy,1,V5.mp4,12276,11,hook,train
data/processed/poses/V5.mp4/hook_V5_012311_v001675.npy,1,V5.mp4,12311,11,hook,train
data/processed/poses/V5.mp4/uppercut_V5_012382_v001676.npy,2,V5.mp4,12382,11,uppercut,train
data/processed/poses/V5.mp4/hook_V5_012388_v001677.npy,1,V5.mp4,12388,11,hook,train
data/processed/poses/V5.mp4/hook_V5_012460_v001678.npy,1,V5.mp4,12460,11,hook,train
data/processed/poses/V5.mp4/uppercut_V5_012467_v001679.npy,2,V5.mp4,12467,11,uppercut,train
data/processed/poses/V5.mp4/hook_V5_012564_v001680.npy,1,V5.mp4,12564,11,hook,train
data/processed/poses/V5.mp4/uppercut_V5_012571_v001681.npy,2,V5.mp4,12571,11,uppercut,train
data/processed/poses/V5.mp4/hook_V5_012604_v001682.npy,1,V5.mp4,12604,11,hook,train
data/processed/poses/V5.mp4/uppercut_V5_012680_v001683.npy,2,V5.mp4,12680,11,uppercut,train
data/processed/poses/V5.mp4/straight_V5_012727_v001684.npy,0,V5.mp4,12727,11,straight,train
data/processed/poses/V5.mp4/uppercut_V5_012748_v001685.npy,2,V5.mp4,12748,11,uppercut,train
data/processed/poses/V5.mp4/hook_V5_012792_v001686.npy,1,V5.mp4,12792,11,hook,train
data/processed/poses/V5.mp4/uppercut_V5_012803_v001687.npy,2,V5.mp4,12803,11,uppercut,train
data/processed/poses/V5.mp4/hook_V5_012834_v001688.npy,1,V5.mp4,12834,11,hook,train
data/processed/poses/V5.mp4/uppercut_V5_012846_v001689.npy,2,V5.mp4,12846,11,uppercut,train
data/processed/poses/V5.mp4/uppercut_V5_012882_v001690.npy,2,V5.mp4,12882,11,uppercut,train
data/processed/poses/V5.mp4/uppercut_V5_012918_v001691.npy,2,V5.mp4,12918,11,uppercut,train
data/processed/poses/V5.mp4/uppercut_V5_012951_v001692.npy,2,V5.mp4,12951,11,uppercut,train
data/processed/poses/V5.mp4/straight_V5_013442_v001693.npy,0,V5.mp4,13442,11,straight,train
data/processed/poses/V5.mp4/straight_V5_013641_v001694.npy,0,V5.mp4,13641,11,straight,train
data/processed/poses/V5.mp4/straight_V5_013684_v001695.npy,0,V5.mp4,13684,11,straight,train
data/processed/poses/V5.mp4/uppercut_V5_013696_v001696.npy,2,V5.mp4,13696,11,uppercut,train
data/processed/poses/V5.mp4/uppercut_V5_013741_v001697.npy,2,V5.mp4,13741,11,uppercut,train
data/processed/poses/V5.mp4/uppercut_V5_013802_v001698.npy,2,V5.mp4,13802,11,uppercut,train
data/processed/poses/V5.mp4/uppercut_V5_013894_v001699.npy,2,V5.mp4,13894,11,uppercut,train
data/processed/poses/V5.mp4/straight_V5_013997_v001700.npy,0,V5.mp4,13997,11,straight,train
data/processed/poses/V5.mp4/uppercut_V5_014022_v001701.npy,2,V5.mp4,14022,11,uppercut,train
data/processed/poses/V5.mp4/straight_V5_014284_v001702.npy,0,V5.mp4,14284,11,straight,train
data/processed/poses/V5.mp4/straight_V5_014426_v001703.npy,0,V5.mp4,14426,11,straight,train
data/processed/poses/V5.mp4/straight_V5_014540_v001704.npy,0,V5.mp4,14540,11,straight,train
data/processed/poses/V5.mp4/straight_V5_014855_v001705.npy,0,V5.mp4,14855,11,straight,train
data/processed/poses/V6.mp4/none_V6_000088_v001706.npy,3,V6.mp4,88,11,none,val
data/processed/poses/V6.mp4/none_V6_000090_v001707.npy,3,V6.mp4,90,11,none,val
data/processed/poses/V6.mp4/none_V6_000092_v001708.npy,3,V6.mp4,92,11,none,val
data/processed/poses/V6.mp4/none_V6_000094_v001709.npy,3,V6.mp4,94,11,none,val
data/processed/poses/V6.mp4/none_V6_000100_v001710.npy,3,V6.mp4,100,11,none,val
data/processed/poses/V6.mp4/none_V6_000101_v001711.npy,3,V6.mp4,101,11,none,val
data/processed/poses/V6.mp4/none_V6_000102_v001712.npy,3,V6.mp4,102,11,none,val
data/processed/poses/V6.mp4/none_V6_000107_v001713.npy,3,V6.mp4,107,11,none,val
data/processed/poses/V6.mp4/none_V6_000109_v001714.npy,3,V6.mp4,109,11,none,val
data/processed/poses/V6.mp4/none_V6_000110_v001715.npy,3,V6.mp4,110,11,none,val
data/processed/poses/V6.mp4/none_V6_000115_v001716.npy,3,V6.mp4,115,11,none,val
data/processed/poses/V6.mp4/none_V6_000118_v001717.npy,3,V6.mp4,118,11,none,val
data/processed/poses/V6.mp4/none_V6_000124_v001718.npy,3,V6.mp4,124,11,none,val
data/processed/poses/V6.mp4/none_V6_000127_v001719.npy,3,V6.mp4,127,11,none,val
data/processed/poses/V6.mp4/none_V6_000130_v001720.npy,3,V6.mp4,130,11,none,val
data/processed/poses/V6.mp4/none_V6_000131_v001721.npy,3,V6.mp4,131,11,none,val
data/processed/poses/V6.mp4/none_V6_000141_v001722.npy,3,V6.mp4,141,11,none,val
data/processed/poses/V6.mp4/none_V6_000142_v001723.npy,3,V6.mp4,142,11,none,val
data/processed/poses/V6.mp4/none_V6_000143_v001724.npy,3,V6.mp4,143,11,none,val
data/processed/poses/V6.mp4/none_V6_000146_v001725.npy,3,V6.mp4,146,11,none,val
data/processed/poses/V6.mp4/none_V6_000149_v001726.npy,3,V6.mp4,149,11,none,val
data/processed/poses/V6.mp4/none_V6_000152_v001727.npy,3,V6.mp4,152,11,none,val
data/processed/poses/V6.mp4/uppercut_V6_000167_v001728.npy,2,V6.mp4,167,11,uppercut,val
data/processed/poses/V6.mp4/straight_V6_000174_v001729.npy,0,V6.mp4,174,11,straight,val
data/processed/poses/V6.mp4/none_V6_000240_v001730.npy,3,V6.mp4,240,11,none,val
data/processed/poses/V6.mp4/none_V6_000241_v001731.npy,3,V6.mp4,241,11,none,val
data/processed/poses/V6.mp4/none_V6_000243_v001732.npy,3,V6.mp4,243,11,none,val
data/processed/poses/V6.mp4/none_V6_000244_v001733.npy,3,V6.mp4,244,11,none,val
data/processed/poses/V6.mp4/none_V6_000245_v001734.npy,3,V6.mp4,245,11,none,val
data/processed/poses/V6.mp4/none_V6_000281_v001735.npy,3,V6.mp4,281,11,none,val
data/processed/poses/V6.mp4/none_V6_000285_v001736.npy,3,V6.mp4,285,11,none,val
data/processed/poses/V6.mp4/none_V6_000287_v001737.npy,3,V6.mp4,287,11,none,val
data/processed/poses/V6.mp4/uppercut_V6_000315_v001738.npy,2,V6.mp4,315,11,uppercut,val
data/processed/poses/V6.mp4/uppercut_V6_000353_v001739.npy,2,V6.mp4,353,11,uppercut,val
data/processed/poses/V6.mp4/straight_V6_000474_v001740.npy,0,V6.mp4,474,11,straight,val
data/processed/poses/V6.mp4/uppercut_V6_000503_v001741.npy,2,V6.mp4,503,11,uppercut,val
data/processed/poses/V6.mp4/straight_V6_000536_v001742.npy,0,V6.mp4,536,11,straight,val
data/processed/poses/V6.mp4/uppercut_V6_000547_v001743.npy,2,V6.mp4,547,11,uppercut,val
data/processed/poses/V6.mp4/uppercut_V6_000571_v001744.npy,2,V6.mp4,571,11,uppercut,val
data/processed/poses/V6.mp4/none_V6_000689_v001745.npy,3,V6.mp4,689,11,none,val
data/processed/poses/V6.mp4/none_V6_000692_v001746.npy,3,V6.mp4,692,11,none,val
data/processed/poses/V6.mp4/none_V6_000693_v001747.npy,3,V6.mp4,693,11,none,val
data/processed/poses/V6.mp4/none_V6_000701_v001748.npy,3,V6.mp4,701,11,none,val
data/processed/poses/V6.mp4/none_V6_000708_v001749.npy,3,V6.mp4,708,11,none,val
data/processed/poses/V6.mp4/none_V6_000709_v001750.npy,3,V6.mp4,709,11,none,val
data/processed/poses/V6.mp4/none_V6_000713_v001751.npy,3,V6.mp4,713,11,none,val
data/processed/poses/V6.mp4/none_V6_000714_v001752.npy,3,V6.mp4,714,11,none,val
data/processed/poses/V6.mp4/none_V6_000719_v001753.npy,3,V6.mp4,719,11,none,val
data/processed/poses/V6.mp4/none_V6_000726_v001754.npy,3,V6.mp4,726,11,none,val
data/processed/poses/V6.mp4/none_V6_000736_v001755.npy,3,V6.mp4,736,11,none,val
data/processed/poses/V6.mp4/none_V6_000738_v001756.npy,3,V6.mp4,738,11,none,val
data/processed/poses/V6.mp4/none_V6_000739_v001757.npy,3,V6.mp4,739,11,none,val
data/processed/poses/V6.mp4/none_V6_000744_v001758.npy,3,V6.mp4,744,11,none,val
data/processed/poses/V6.mp4/none_V6_000745_v001759.npy,3,V6.mp4,745,11,none,val
data/processed/poses/V6.mp4/none_V6_000753_v001760.npy,3,V6.mp4,753,11,none,val
data/processed/poses/V6.mp4/none_V6_000755_v001761.npy,3,V6.mp4,755,11,none,val
data/processed/poses/V6.mp4/none_V6_000756_v001762.npy,3,V6.mp4,756,11,none,val
data/processed/poses/V6.mp4/none_V6_000761_v001763.npy,3,V6.mp4,761,11,none,val
data/processed/poses/V6.mp4/none_V6_000764_v001764.npy,3,V6.mp4,764,11,none,val
data/processed/poses/V6.mp4/none_V6_000768_v001765.npy,3,V6.mp4,768,11,none,val
data/processed/poses/V6.mp4/none_V6_000773_v001766.npy,3,V6.mp4,773,11,none,val
data/processed/poses/V6.mp4/none_V6_000776_v001767.npy,3,V6.mp4,776,11,none,val
data/processed/poses/V6.mp4/none_V6_000777_v001768.npy,3,V6.mp4,777,11,none,val
data/processed/poses/V6.mp4/none_V6_000778_v001769.npy,3,V6.mp4,778,11,none,val
data/processed/poses/V6.mp4/none_V6_000788_v001770.npy,3,V6.mp4,788,11,none,val
data/processed/poses/V6.mp4/none_V6_000789_v001771.npy,3,V6.mp4,789,11,none,val
data/processed/poses/V6.mp4/none_V6_000790_v001772.npy,3,V6.mp4,790,11,none,val
data/processed/poses/V6.mp4/none_V6_000801_v001773.npy,3,V6.mp4,801,11,none,val
data/processed/poses/V6.mp4/none_V6_000803_v001774.npy,3,V6.mp4,803,11,none,val
data/processed/poses/V6.mp4/none_V6_000804_v001775.npy,3,V6.mp4,804,11,none,val
data/processed/poses/V6.mp4/none_V6_000812_v001776.npy,3,V6.mp4,812,11,none,val
data/processed/poses/V6.mp4/none_V6_000816_v001777.npy,3,V6.mp4,816,11,none,val
data/processed/poses/V6.mp4/none_V6_000817_v001778.npy,3,V6.mp4,817,11,none,val
data/processed/poses/V6.mp4/none_V6_000820_v001779.npy,3,V6.mp4,820,11,none,val
data/processed/poses/V6.mp4/none_V6_000820_v001780.npy,3,V6.mp4,820,11,none,val
data/processed/poses/V6.mp4/none_V6_000826_v001781.npy,3,V6.mp4,826,11,none,val
data/processed/poses/V6.mp4/none_V6_000832_v001782.npy,3,V6.mp4,832,11,none,val
data/processed/poses/V6.mp4/none_V6_000833_v001783.npy,3,V6.mp4,833,11,none,val
data/processed/poses/V6.mp4/none_V6_000837_v001784.npy,3,V6.mp4,837,11,none,val
data/processed/poses/V6.mp4/none_V6_000838_v001785.npy,3,V6.mp4,838,11,none,val
data/processed/poses/V6.mp4/none_V6_000839_v001786.npy,3,V6.mp4,839,11,none,val
data/processed/poses/V6.mp4/none_V6_000849_v001787.npy,3,V6.mp4,849,11,none,val
data/processed/poses/V6.mp4/none_V6_000850_v001788.npy,3,V6.mp4,850,11,none,val
data/processed/poses/V6.mp4/none_V6_000851_v001789.npy,3,V6.mp4,851,11,none,val
data/processed/poses/V6.mp4/none_V6_000861_v001790.npy,3,V6.mp4,861,11,none,val
data/processed/poses/V6.mp4/none_V6_000871_v001791.npy,3,V6.mp4,871,11,none,val
data/processed/poses/V6.mp4/none_V6_000879_v001792.npy,3,V6.mp4,879,11,none,val
data/processed/poses/V6.mp4/none_V6_000887_v001793.npy,3,V6.mp4,887,11,none,val
data/processed/poses/V6.mp4/none_V6_000891_v001794.npy,3,V6.mp4,891,11,none,val
data/processed/poses/V6.mp4/none_V6_000892_v001795.npy,3,V6.mp4,892,11,none,val
data/processed/poses/V6.mp4/none_V6_000895_v001796.npy,3,V6.mp4,895,11,none,val
data/processed/poses/V6.mp4/none_V6_001320_v001797.npy,3,V6.mp4,1320,11,none,val
data/processed/poses/V6.mp4/none_V6_001322_v001798.npy,3,V6.mp4,1322,11,none,val
data/processed/poses/V6.mp4/none_V6_001325_v001799.npy,3,V6.mp4,1325,11,none,val
data/processed/poses/V6.mp4/none_V6_001327_v001800.npy,3,V6.mp4,1327,11,none,val
data/processed/poses/V6.mp4/none_V6_001330_v001801.npy,3,V6.mp4,1330,11,none,val
data/processed/poses/V6.mp4/none_V6_001337_v001802.npy,3,V6.mp4,1337,11,none,val
data/processed/poses/V6.mp4/none_V6_001339_v001803.npy,3,V6.mp4,1339,11,none,val
data/processed/poses/V6.mp4/none_V6_001340_v001804.npy,3,V6.mp4,1340,11,none,val
data/processed/poses/V6.mp4/none_V6_001341_v001805.npy,3,V6.mp4,1341,11,none,val
data/processed/poses/V6.mp4/none_V6_001342_v001806.npy,3,V6.mp4,1342,11,none,val
data/processed/poses/V6.mp4/none_V6_001342_v001807.npy,3,V6.mp4,1342,11,none,val
data/processed/poses/V6.mp4/none_V6_001343_v001808.npy,3,V6.mp4,1343,11,none,val
data/processed/poses/V6.mp4/none_V6_001347_v001809.npy,3,V6.mp4,1347,11,none,val
data/processed/poses/V6.mp4/none_V6_001349_v001810.npy,3,V6.mp4,1349,11,none,val
data/processed/poses/V6.mp4/none_V6_001351_v001811.npy,3,V6.mp4,1351,11,none,val
data/processed/poses/V6.mp4/none_V6_001351_v001812.npy,3,V6.mp4,1351,11,none,val
data/processed/poses/V6.mp4/none_V6_001353_v001813.npy,3,V6.mp4,1353,11,none,val
data/processed/poses/V6.mp4/none_V6_001358_v001814.npy,3,V6.mp4,1358,11,none,val
data/processed/poses/V6.mp4/straight_V6_002699_v001815.npy,0,V6.mp4,2699,11,straight,val
data/processed/poses/V6.mp4/straight_V6_002883_v001816.npy,0,V6.mp4,2883,11,straight,val
data/processed/poses/V6.mp4/straight_V6_003417_v001817.npy,0,V6.mp4,3417,11,straight,val
data/processed/poses/V6.mp4/straight_V6_003512_v001818.npy,0,V6.mp4,3512,11,straight,val
data/processed/poses/V6.mp4/straight_V6_003740_v001819.npy,0,V6.mp4,3740,11,straight,val
data/processed/poses/V6.mp4/straight_V6_004314_v001820.npy,0,V6.mp4,4314,11,straight,val
data/processed/poses/V6.mp4/straight_V6_004391_v001821.npy,0,V6.mp4,4391,11,straight,val
data/processed/poses/V6.mp4/straight_V6_005010_v001822.npy,0,V6.mp4,5010,11,straight,val
data/processed/poses/V6.mp4/hook_V6_005043_v001823.npy,1,V6.mp4,5043,11,hook,val
data/processed/poses/V6.mp4/straight_V6_005272_v001824.npy,0,V6.mp4,5272,11,straight,val
data/processed/poses/V6.mp4/straight_V6_005280_v001825.npy,0,V6.mp4,5280,11,straight,val
data/processed/poses/V6.mp4/hook_V6_005291_v001826.npy,1,V6.mp4,5291,11,hook,val
data/processed/poses/V6.mp4/straight_V6_005376_v001827.npy,0,V6.mp4,5376,11,straight,val
data/processed/poses/V6.mp4/straight_V6_005436_v001828.npy,0,V6.mp4,5436,11,straight,val
data/processed/poses/V6.mp4/straight_V6_005443_v001829.npy,0,V6.mp4,5443,11,straight,val
data/processed/poses/V6.mp4/straight_V6_005508_v001830.npy,0,V6.mp4,5508,11,straight,val
data/processed/poses/V6.mp4/straight_V6_005516_v001831.npy,0,V6.mp4,5516,11,straight,val
data/processed/poses/V6.mp4/straight_V6_005656_v001832.npy,0,V6.mp4,5656,11,straight,val
data/processed/poses/V6.mp4/hook_V6_005749_v001833.npy,1,V6.mp4,5749,11,hook,val
data/processed/poses/V6.mp4/hook_V6_005828_v001834.npy,1,V6.mp4,5828,11,hook,val
data/processed/poses/V6.mp4/straight_V6_005962_v001835.npy,0,V6.mp4,5962,11,straight,val
data/processed/poses/V6.mp4/hook_V6_005985_v001836.npy,1,V6.mp4,5985,11,hook,val
data/processed/poses/V6.mp4/hook_V6_006061_v001837.npy,1,V6.mp4,6061,11,hook,val
data/processed/poses/V6.mp4/straight_V6_006378_v001838.npy,0,V6.mp4,6378,11,straight,val
data/processed/poses/V6.mp4/hook_V6_006477_v001839.npy,1,V6.mp4,6477,11,hook,val
data/processed/poses/V6.mp4/hook_V6_006578_v001840.npy,1,V6.mp4,6578,11,hook,val
data/processed/poses/V6.mp4/straight_V6_006885_v001841.npy,0,V6.mp4,6885,11,straight,val
data/processed/poses/V6.mp4/hook_V6_006896_v001842.npy,1,V6.mp4,6896,11,hook,val
data/processed/poses/V6.mp4/hook_V6_006974_v001843.npy,1,V6.mp4,6974,11,hook,val
data/processed/poses/V6.mp4/straight_V6_007045_v001844.npy,0,V6.mp4,7045,11,straight,val
data/processed/poses/V6.mp4/straight_V6_007386_v001845.npy,0,V6.mp4,7386,11,straight,val
data/processed/poses/V6.mp4/hook_V6_007626_v001846.npy,1,V6.mp4,7626,11,hook,val
data/processed/poses/V6.mp4/straight_V6_007692_v001847.npy,0,V6.mp4,7692,11,straight,val
data/processed/poses/V6.mp4/hook_V6_008315_v001848.npy,1,V6.mp4,8315,11,hook,val
data/processed/poses/V6.mp4/hook_V6_008961_v001849.npy,1,V6.mp4,8961,11,hook,val
data/processed/poses/V6.mp4/hook_V6_009242_v001850.npy,1,V6.mp4,9242,11,hook,val
data/processed/poses/V6.mp4/hook_V6_009471_v001851.npy,1,V6.mp4,9471,11,hook,val
data/processed/poses/V6.mp4/straight_V6_009550_v001852.npy,0,V6.mp4,9550,11,straight,val
data/processed/poses/V6.mp4/hook_V6_009567_v001853.npy,1,V6.mp4,9567,11,hook,val
data/processed/poses/V6.mp4/hook_V6_009589_v001854.npy,1,V6.mp4,9589,11,hook,val
data/processed/poses/V6.mp4/hook_V6_009621_v001855.npy,1,V6.mp4,9621,11,hook,val
data/processed/poses/V6.mp4/hook_V6_009665_v001856.npy,1,V6.mp4,9665,11,hook,val
data/processed/poses/V6.mp4/hook_V6_009829_v001857.npy,1,V6.mp4,9829,11,hook,val
data/processed/poses/V6.mp4/hook_V6_009896_v001858.npy,1,V6.mp4,9896,11,hook,val
data/processed/poses/V6.mp4/hook_V6_010209_v001859.npy,1,V6.mp4,10209,11,hook,val
data/processed/poses/V6.mp4/straight_V6_010315_v001860.npy,0,V6.mp4,10315,11,straight,val
data/processed/poses/V6.mp4/hook_V6_010331_v001861.npy,1,V6.mp4,10331,11,hook,val
data/processed/poses/V6.mp4/hook_V6_010366_v001862.npy,1,V6.mp4,10366,11,hook,val
data/processed/poses/V6.mp4/hook_V6_010685_v001863.npy,1,V6.mp4,10685,11,hook,val
data/processed/poses/V6.mp4/hook_V6_010723_v001864.npy,1,V6.mp4,10723,11,hook,val
data/processed/poses/V6.mp4/hook_V6_010787_v001865.npy,1,V6.mp4,10787,11,hook,val
data/processed/poses/V6.mp4/hook_V6_010826_v001866.npy,1,V6.mp4,10826,11,hook,val
data/processed/poses/V6.mp4/hook_V6_012842_v001867.npy,1,V6.mp4,12842,11,hook,val
data/processed/poses/V6.mp4/hook_V6_012853_v001868.npy,1,V6.mp4,12853,11,hook,val
data/processed/poses/V6.mp4/straight_V6_013042_v001869.npy,0,V6.mp4,13042,11,straight,val
data/processed/poses/V6.mp4/hook_V6_013157_v001870.npy,1,V6.mp4,13157,11,hook,val
data/processed/poses/V6.mp4/straight_V6_013573_v001871.npy,0,V6.mp4,13573,11,straight,val
data/processed/poses/V6.mp4/hook_V6_013678_v001872.npy,1,V6.mp4,13678,11,hook,val
data/processed/poses/V6.mp4/hook_V6_013980_v001873.npy,1,V6.mp4,13980,11,hook,val
data/processed/poses/V6.mp4/hook_V6_014113_v001874.npy,1,V6.mp4,14113,11,hook,val
data/processed/poses/V6.mp4/hook_V6_014121_v001875.npy,1,V6.mp4,14121,11,hook,val
data/processed/poses/V6.mp4/straight_V6_014160_v001876.npy,0,V6.mp4,14160,11,straight,val
data/processed/poses/V6.mp4/straight_V6_014417_v001877.npy,0,V6.mp4,14417,11,straight,val
data/processed/poses/V6.mp4/hook_V6_014443_v001878.npy,1,V6.mp4,14443,11,hook,val
data/processed/poses/V6.mp4/uppercut_V6_014789_v001879.npy,2,V6.mp4,14789,11,uppercut,val
data/processed/poses/V6.mp4/uppercut_V6_014860_v001880.npy,2,V6.mp4,14860,11,uppercut,val
data/processed/poses/V6.mp4/uppercut_V6_015175_v001881.npy,2,V6.mp4,15175,11,uppercut,val
data/processed/poses/V6.mp4/uppercut_V6_015224_v001882.npy,2,V6.mp4,15224,11,uppercut,val
data/processed/poses/V6.mp4/uppercut_V6_015288_v001883.npy,2,V6.mp4,15288,11,uppercut,val
data/processed/poses/V6.mp4/uppercut_V6_015351_v001884.npy,2,V6.mp4,15351,11,uppercut,val
data/processed/poses/V6.mp4/uppercut_V6_015411_v001885.npy,2,V6.mp4,15411,11,uppercut,val
data/processed/poses/V6.mp4/uppercut_V6_015458_v001886.npy,2,V6.mp4,15458,11,uppercut,val
data/processed/poses/V6.mp4/uppercut_V6_015485_v001887.npy,2,V6.mp4,15485,11,uppercut,val
data/processed/poses/V6.mp4/uppercut_V6_015537_v001888.npy,2,V6.mp4,15537,11,uppercut,val
data/processed/poses/V6.mp4/uppercut_V6_015565_v001889.npy,2,V6.mp4,15565,11,uppercut,val
data/processed/poses/V6.mp4/uppercut_V6_015626_v001890.npy,2,V6.mp4,15626,11,uppercut,val
data/processed/poses/V6.mp4/uppercut_V6_015651_v001891.npy,2,V6.mp4,15651,11,uppercut,val
data/processed/poses/V6.mp4/uppercut_V6_015719_v001892.npy,2,V6.mp4,15719,11,uppercut,val
data/processed/poses/V6.mp4/uppercut_V6_015739_v001893.npy,2,V6.mp4,15739,11,uppercut,val
data/processed/poses/V6.mp4/uppercut_V6_015809_v001894.npy,2,V6.mp4,15809,11,uppercut,val
data/processed/poses/V6.mp4/uppercut_V6_015820_v001895.npy,2,V6.mp4,15820,11,uppercut,val
data/processed/poses/V6.mp4/uppercut_V6_015910_v001896.npy,2,V6.mp4,15910,11,uppercut,val
data/processed/poses/V6.mp4/uppercut_V6_015979_v001897.npy,2,V6.mp4,15979,11,uppercut,val
data/processed/poses/V6.mp4/uppercut_V6_016033_v001898.npy,2,V6.mp4,16033,11,uppercut,val
data/processed/poses/V6.mp4/uppercut_V6_016117_v001899.npy,2,V6.mp4,16117,11,uppercut,val
data/processed/poses/V6.mp4/uppercut_V6_016261_v001900.npy,2,V6.mp4,16261,11,uppercut,val
data/processed/poses/V6.mp4/uppercut_V6_016270_v001901.npy,2,V6.mp4,16270,11,uppercut,val
data/processed/poses/V6.mp4/uppercut_V6_016293_v001902.npy,2,V6.mp4,16293,11,uppercut,val
data/processed/poses/V6.mp4/uppercut_V6_016332_v001903.npy,2,V6.mp4,16332,11,uppercut,val
data/processed/poses/V6.mp4/uppercut_V6_016341_v001904.npy,2,V6.mp4,16341,11,uppercut,val
data/processed/poses/V6.mp4/uppercut_V6_016376_v001905.npy,2,V6.mp4,16376,11,uppercut,val
data/processed/poses/V6.mp4/uppercut_V6_016384_v001906.npy,2,V6.mp4,16384,11,uppercut,val
data/processed/poses/V6.mp4/uppercut_V6_016421_v001907.npy,2,V6.mp4,16421,11,uppercut,val
data/processed/poses/V6.mp4/uppercut_V6_016478_v001908.npy,2,V6.mp4,16478,11,uppercut,val
data/processed/poses/V6.mp4/uppercut_V6_016489_v001909.npy,2,V6.mp4,16489,11,uppercut,val
data/processed/poses/V6.mp4/uppercut_V6_016532_v001910.npy,2,V6.mp4,16532,11,uppercut,val
data/processed/poses/V6.mp4/uppercut_V6_016542_v001911.npy,2,V6.mp4,16542,11,uppercut,val
data/processed/poses/V6.mp4/uppercut_V6_016589_v001912.npy,2,V6.mp4,16589,11,uppercut,val
data/processed/poses/V6.mp4/uppercut_V6_016601_v001913.npy,2,V6.mp4,16601,11,uppercut,val
data/processed/poses/V6.mp4/uppercut_V6_016679_v001914.npy,2,V6.mp4,16679,11,uppercut,val
data/processed/poses/V6.mp4/uppercut_V6_016690_v001915.npy,2,V6.mp4,16690,11,uppercut,val
data/processed/poses/V6.mp4/uppercut_V6_016735_v001916.npy,2,V6.mp4,16735,11,uppercut,val
data/processed/poses/V6.mp4/uppercut_V6_016747_v001917.npy,2,V6.mp4,16747,11,uppercut,val
data/processed/poses/V6.mp4/uppercut_V6_016815_v001918.npy,2,V6.mp4,16815,11,uppercut,val
data/processed/poses/V6.mp4/uppercut_V6_016824_v001919.npy,2,V6.mp4,16824,11,uppercut,val
data/processed/poses/V6.mp4/uppercut_V6_016868_v001920.npy,2,V6.mp4,16868,11,uppercut,val
data/processed/poses/V6.mp4/uppercut_V6_016878_v001921.npy,2,V6.mp4,16878,11,uppercut,val
data/processed/poses/V6.mp4/uppercut_V6_016997_v001922.npy,2,V6.mp4,16997,11,uppercut,val
data/processed/poses/V6.mp4/uppercut_V6_017004_v001923.npy,2,V6.mp4,17004,11,uppercut,val
data/processed/poses/V6.mp4/uppercut_V6_017059_v001924.npy,2,V6.mp4,17059,11,uppercut,val
data/processed/poses/V6.mp4/uppercut_V6_017065_v001925.npy,2,V6.mp4,17065,11,uppercut,val
data/processed/poses/V6.mp4/uppercut_V6_017147_v001926.npy,2,V6.mp4,17147,11,uppercut,val
data/processed/poses/V6.mp4/uppercut_V6_017154_v001927.npy,2,V6.mp4,17154,11,uppercut,val
data/processed/poses/V6.mp4/uppercut_V6_017223_v001928.npy,2,V6.mp4,17223,11,uppercut,val
data/processed/poses/V6.mp4/uppercut_V6_017229_v001929.npy,2,V6.mp4,17229,11,uppercut,val
data/processed/poses/V6.mp4/uppercut_V6_017284_v001930.npy,2,V6.mp4,17284,11,uppercut,val
data/processed/poses/V6.mp4/uppercut_V6_017290_v001931.npy,2,V6.mp4,17290,11,uppercut,val
data/processed/poses/V6.mp4/uppercut_V6_017342_v001932.npy,2,V6.mp4,17342,11,uppercut,val
data/processed/poses/V6.mp4/uppercut_V6_017349_v001933.npy,2,V6.mp4,17349,11,uppercut,val
data/processed/poses/V6.mp4/uppercut_V6_017402_v001934.npy,2,V6.mp4,17402,11,uppercut,val
data/processed/poses/V6.mp4/uppercut_V6_017411_v001935.npy,2,V6.mp4,17411,11,uppercut,val
data/processed/poses/V6.mp4/uppercut_V6_017497_v001936.npy,2,V6.mp4,17497,11,uppercut,val
data/processed/poses/V6.mp4/uppercut_V6_017503_v001937.npy,2,V6.mp4,17503,11,uppercut,val
data/processed/poses/V6.mp4/uppercut_V6_017553_v001938.npy,2,V6.mp4,17553,11,uppercut,val
data/processed/poses/V6.mp4/uppercut_V6_017560_v001939.npy,2,V6.mp4,17560,11,uppercut,val
data/processed/poses/V6.mp4/uppercut_V6_017610_v001940.npy,2,V6.mp4,17610,11,uppercut,val
data/processed/poses/V6.mp4/uppercut_V6_017617_v001941.npy,2,V6.mp4,17617,11,uppercut,val
data/processed/poses/V6.mp4/straight_V6_017628_v001942.npy,0,V6.mp4,17628,11,straight,val
data/processed/poses/V6.mp4/uppercut_V6_017691_v001943.npy,2,V6.mp4,17691,11,uppercut,val
data/processed/poses/V6.mp4/uppercut_V6_017700_v001944.npy,2,V6.mp4,17700,11,uppercut,val
data/processed/poses/V6.mp4/uppercut_V6_017755_v001945.npy,2,V6.mp4,17755,11,uppercut,val
data/processed/poses/V6.mp4/uppercut_V6_017763_v001946.npy,2,V6.mp4,17763,11,uppercut,val
data/processed/poses/V6.mp4/uppercut_V6_017820_v001947.npy,2,V6.mp4,17820,11,uppercut,val
data/processed/poses/V6.mp4/uppercut_V6_017828_v001948.npy,2,V6.mp4,17828,11,uppercut,val
data/processed/poses/V6.mp4/uppercut_V6_017886_v001949.npy,2,V6.mp4,17886,11,uppercut,val
data/processed/poses/V6.mp4/uppercut_V6_017894_v001950.npy,2,V6.mp4,17894,11,uppercut,val
data/processed/poses/V6.mp4/uppercut_V6_017953_v001951.npy,2,V6.mp4,17953,11,uppercut,val
data/processed/poses/V6.mp4/uppercut_V6_017961_v001952.npy,2,V6.mp4,17961,11,uppercut,val
data/processed/poses/V6.mp4/uppercut_V6_018023_v001953.npy,2,V6.mp4,18023,11,uppercut,val
data/processed/poses/V6.mp4/uppercut_V6_018032_v001954.npy,2,V6.mp4,18032,11,uppercut,val
data/processed/poses/V6.mp4/uppercut_V6_018106_v001955.npy,2,V6.mp4,18106,11,uppercut,val
data/processed/poses/V6.mp4/uppercut_V6_018115_v001956.npy,2,V6.mp4,18115,11,uppercut,val
data/processed/poses/V6.mp4/uppercut_V6_018193_v001957.npy,2,V6.mp4,18193,11,uppercut,val
data/processed/poses/V6.mp4/uppercut_V6_018203_v001958.npy,2,V6.mp4,18203,11,uppercut,val
data/processed/poses/V6.mp4/straight_V6_018218_v001959.npy,0,V6.mp4,18218,11,straight,val
data/processed/poses/V6.mp4/uppercut_V6_018329_v001960.npy,2,V6.mp4,18329,11,uppercut,val
data/processed/poses/V6.mp4/uppercut_V6_018337_v001961.npy,2,V6.mp4,18337,11,uppercut,val
data/processed/poses/V6.mp4/uppercut_V6_018421_v001962.npy,2,V6.mp4,18421,11,uppercut,val
data/processed/poses/V6.mp4/uppercut_V6_018428_v001963.npy,2,V6.mp4,18428,11,uppercut,val
data/processed/poses/V6.mp4/uppercut_V6_018495_v001964.npy,2,V6.mp4,18495,11,uppercut,val
data/processed/poses/V6.mp4/uppercut_V6_018503_v001965.npy,2,V6.mp4,18503,11,uppercut,val
data/processed/poses/V6.mp4/uppercut_V6_018592_v001966.npy,2,V6.mp4,18592,11,uppercut,val
data/processed/poses/V6.mp4/uppercut_V6_018600_v001967.npy,2,V6.mp4,18600,11,uppercut,val
data/processed/poses/V6.mp4/uppercut_V6_018699_v001968.npy,2,V6.mp4,18699,11,uppercut,val
data/processed/poses/V6.mp4/uppercut_V6_018707_v001969.npy,2,V6.mp4,18707,11,uppercut,val
data/processed/poses/V6.mp4/uppercut_V6_018788_v001970.npy,2,V6.mp4,18788,11,uppercut,val
data/processed/poses/V6.mp4/uppercut_V6_018796_v001971.npy,2,V6.mp4,18796,11,uppercut,val
data/processed/poses/V6.mp4/uppercut_V6_018876_v001972.npy,2,V6.mp4,18876,11,uppercut,val
data/processed/poses/V6.mp4/uppercut_V6_018884_v001973.npy,2,V6.mp4,18884,11,uppercut,val
data/processed/poses/V6.mp4/uppercut_V6_018959_v001974.npy,2,V6.mp4,18959,11,uppercut,val
data/processed/poses/V6.mp4/uppercut_V6_018967_v001975.npy,2,V6.mp4,18967,11,uppercut,val
data/processed/poses/V6.mp4/uppercut_V6_019096_v001976.npy,2,V6.mp4,19096,11,uppercut,val
data/processed/poses/V6.mp4/uppercut_V6_019103_v001977.npy,2,V6.mp4,19103,11,uppercut,val
data/processed/poses/V6.mp4/straight_V6_019112_v001978.npy,0,V6.mp4,19112,11,straight,val
data/processed/poses/V6.mp4/straight_V6_019118_v001979.npy,0,V6.mp4,19118,11,straight,val
data/processed/poses/V6.mp4/uppercut_V6_019246_v001980.npy,2,V6.mp4,19246,11,uppercut,val
data/processed/poses/V6.mp4/uppercut_V6_019253_v001981.npy,2,V6.mp4,19253,11,uppercut,val
data/processed/poses/V6.mp4/uppercut_V6_019355_v001982.npy,2,V6.mp4,19355,11,uppercut,val
data/processed/poses/V6.mp4/uppercut_V6_019362_v001983.npy,2,V6.mp4,19362,11,uppercut,val
data/processed/poses/V6.mp4/straight_V6_019370_v001984.npy,0,V6.mp4,19370,11,straight,val
data/processed/poses/V6.mp4/uppercut_V6_019430_v001985.npy,2,V6.mp4,19430,11,uppercut,val
data/processed/poses/V6.mp4/uppercut_V6_019437_v001986.npy,2,V6.mp4,19437,11,uppercut,val
data/processed/poses/V6.mp4/straight_V6_022750_v001987.npy,0,V6.mp4,22750,11,straight,val
data/processed/poses/V6.mp4/straight_V6_022841_v001988.npy,0,V6.mp4,22841,11,straight,val
data/processed/poses/V6.mp4/straight_V6_022899_v001989.npy,0,V6.mp4,22899,11,straight,val
data/processed/poses/V6.mp4/straight_V6_023082_v001990.npy,0,V6.mp4,23082,11,straight,val
data/processed/poses/V6.mp4/uppercut_V6_023222_v001991.npy,2,V6.mp4,23222,11,uppercut,val
data/processed/poses/V6.mp4/uppercut_V6_023284_v001992.npy,2,V6.mp4,23284,11,uppercut,val
data/processed/poses/V6.mp4/uppercut_V6_023358_v001993.npy,2,V6.mp4,23358,11,uppercut,val
data/processed/poses/V6.mp4/uppercut_V6_023428_v001994.npy,2,V6.mp4,23428,11,uppercut,val
data/processed/poses/V6.mp4/straight_V6_023436_v001995.npy,0,V6.mp4,23436,11,straight,val
data/processed/poses/V6.mp4/uppercut_V6_023484_v001996.npy,2,V6.mp4,23484,11,uppercut,val
data/processed/poses/V6.mp4/straight_V6_023491_v001997.npy,0,V6.mp4,23491,11,straight,val
data/processed/poses/V6.mp4/uppercut_V6_023560_v001998.npy,2,V6.mp4,23560,11,uppercut,val
data/processed/poses/V6.mp4/uppercut_V6_023609_v001999.npy,2,V6.mp4,23609,11,uppercut,val
data/processed/poses/V6.mp4/uppercut_V6_023658_v002000.npy,2,V6.mp4,23658,11,uppercut,val
data/processed/poses/V6.mp4/uppercut_V6_023704_v002001.npy,2,V6.mp4,23704,11,uppercut,val
data/processed/poses/V6.mp4/uppercut_V6_023747_v002002.npy,2,V6.mp4,23747,11,uppercut,val
data/processed/poses/V6.mp4/uppercut_V6_023793_v002003.npy,2,V6.mp4,23793,11,uppercut,val
data/processed/poses/V6.mp4/uppercut_V6_023840_v002004.npy,2,V6.mp4,23840,11,uppercut,val
data/processed/poses/V6.mp4/straight_V6_023846_v002005.npy,0,V6.mp4,23846,11,straight,val
data/processed/poses/V6.mp4/uppercut_V6_023907_v002006.npy,2,V6.mp4,23907,11,uppercut,val
data/processed/poses/V6.mp4/straight_V6_023912_v002007.npy,0,V6.mp4,23912,11,straight,val
data/processed/poses/V6.mp4/uppercut_V6_023955_v002008.npy,2,V6.mp4,23955,11,uppercut,val
data/processed/poses/V6.mp4/straight_V6_023962_v002009.npy,0,V6.mp4,23962,11,straight,val
data/processed/poses/V6.mp4/uppercut_V6_023998_v002010.npy,2,V6.mp4,23998,11,uppercut,val
data/processed/poses/V6.mp4/uppercut_V6_024047_v002011.npy,2,V6.mp4,24047,11,uppercut,val
data/processed/poses/V6.mp4/uppercut_V6_024099_v002012.npy,2,V6.mp4,24099,11,uppercut,val
data/processed/poses/V6.mp4/straight_V6_024108_v002013.npy,0,V6.mp4,24108,11,straight,val
data/processed/poses/V6.mp4/uppercut_V6_024166_v002014.npy,2,V6.mp4,24166,11,uppercut,val
data/processed/poses/V6.mp4/uppercut_V6_024236_v002015.npy,2,V6.mp4,24236,11,uppercut,val
data/processed/poses/V6.mp4/uppercut_V6_024333_v002016.npy,2,V6.mp4,24333,11,uppercut,val
data/processed/poses/V6.mp4/straight_V6_024356_v002017.npy,0,V6.mp4,24356,11,straight,val
data/processed/poses/V6.mp4/uppercut_V6_024414_v002018.npy,2,V6.mp4,24414,11,uppercut,val
data/processed/poses/V6.mp4/uppercut_V6_024507_v002019.npy,2,V6.mp4,24507,11,uppercut,val
data/processed/poses/V6.mp4/straight_V6_024515_v002020.npy,0,V6.mp4,24515,11,straight,val
data/processed/poses/V6.mp4/uppercut_V6_024611_v002021.npy,2,V6.mp4,24611,11,uppercut,val
data/processed/poses/V6.mp4/uppercut_V6_024726_v002022.npy,2,V6.mp4,24726,11,uppercut,val
data/processed/poses/V6.mp4/uppercut_V6_024834_v002023.npy,2,V6.mp4,24834,11,uppercut,val
data/processed/poses/V6.mp4/uppercut_V6_024914_v002024.npy,2,V6.mp4,24914,11,uppercut,val
data/processed/poses/V6.mp4/uppercut_V6_025027_v002025.npy,2,V6.mp4,25027,11,uppercut,val
data/processed/poses/V6.mp4/straight_V6_025034_v002026.npy,0,V6.mp4,25034,11,straight,val
data/processed/poses/V6.mp4/uppercut_V6_025103_v002027.npy,2,V6.mp4,25103,11,uppercut,val
data/processed/poses/V6.mp4/straight_V6_025125_v002028.npy,0,V6.mp4,25125,11,straight,val
data/processed/poses/V6.mp4/uppercut_V6_025198_v002029.npy,2,V6.mp4,25198,11,uppercut,val
data/processed/poses/V6.mp4/straight_V6_025204_v002030.npy,0,V6.mp4,25204,11,straight,val
data/processed/poses/V6.mp4/straight_V6_025226_v002031.npy,0,V6.mp4,25226,11,straight,val
data/processed/poses/V6.mp4/uppercut_V6_025271_v002032.npy,2,V6.mp4,25271,11,uppercut,val
data/processed/poses/V6.mp4/uppercut_V6_025373_v002033.npy,2,V6.mp4,25373,11,uppercut,val
data/processed/poses/V6.mp4/uppercut_V6_025467_v002034.npy,2,V6.mp4,25467,11,uppercut,val
data/processed/poses/V6.mp4/uppercut_V6_025595_v002035.npy,2,V6.mp4,25595,11,uppercut,val
data/processed/poses/V6.mp4/uppercut_V6_025636_v002036.npy,2,V6.mp4,25636,11,uppercut,val
data/processed/poses/V6.mp4/straight_V6_025642_v002037.npy,0,V6.mp4,25642,11,straight,val
data/processed/poses/V6.mp4/straight_V6_025659_v002038.npy,0,V6.mp4,25659,11,straight,val
data/processed/poses/V6.mp4/uppercut_V6_025720_v002039.npy,2,V6.mp4,25720,11,uppercut,val
data/processed/poses/V6.mp4/uppercut_V6_025778_v002040.npy,2,V6.mp4,25778,11,uppercut,val
data/processed/poses/V6.mp4/uppercut_V6_025838_v002041.npy,2,V6.mp4,25838,11,uppercut,val
data/processed/poses/V6.mp4/uppercut_V6_025901_v002042.npy,2,V6.mp4,25901,11,uppercut,val
data/processed/poses/V6.mp4/uppercut_V6_025959_v002043.npy,2,V6.mp4,25959,11,uppercut,val
data/processed/poses/V6.mp4/straight_V6_025987_v002044.npy,0,V6.mp4,25987,11,straight,val
data/processed/poses/V6.mp4/straight_V6_027561_v002045.npy,0,V6.mp4,27561,11,straight,val
data/processed/poses/V6.mp4/hook_V6_029987_v002046.npy,1,V6.mp4,29987,11,hook,val
data/processed/poses/V6.mp4/uppercut_V6_030044_v002047.npy,2,V6.mp4,30044,11,uppercut,val
data/processed/poses/V6.mp4/uppercut_V6_030071_v002048.npy,2,V6.mp4,30071,11,uppercut,val
data/processed/poses/V6.mp4/straight_V6_030246_v002049.npy,0,V6.mp4,30246,11,straight,val
data/processed/poses/V6.mp4/straight_V6_030495_v002050.npy,0,V6.mp4,30495,11,straight,val
data/processed/poses/V6.mp4/hook_V6_030546_v002051.npy,1,V6.mp4,30546,11,hook,val
data/processed/poses/V6.mp4/uppercut_V6_030575_v002052.npy,2,V6.mp4,30575,11,uppercut,val
data/processed/poses/V6.mp4/uppercut_V6_030607_v002053.npy,2,V6.mp4,30607,11,uppercut,val
data/processed/poses/V6.mp4/uppercut_V6_030789_v002054.npy,2,V6.mp4,30789,11,uppercut,val
data/processed/poses/V6.mp4/uppercut_V6_030815_v002055.npy,2,V6.mp4,30815,11,uppercut,val
data/processed/poses/V6.mp4/uppercut_V6_030907_v002056.npy,2,V6.mp4,30907,11,uppercut,val
data/processed/poses/V6.mp4/uppercut_V6_030933_v002057.npy,2,V6.mp4,30933,11,uppercut,val
data/processed/poses/V6.mp4/hook_V6_031060_v002058.npy,1,V6.mp4,31060,11,hook,val
data/processed/poses/V6.mp4/uppercut_V6_031109_v002059.npy,2,V6.mp4,31109,11,uppercut,val
data/processed/poses/V6.mp4/uppercut_V6_031150_v002060.npy,2,V6.mp4,31150,11,uppercut,val
data/processed/poses/V6.mp4/straight_V6_031217_v002061.npy,0,V6.mp4,31217,11,straight,val
data/processed/poses/V6.mp4/hook_V6_031256_v002062.npy,1,V6.mp4,31256,11,hook,val
data/processed/poses/V6.mp4/uppercut_V6_031304_v002063.npy,2,V6.mp4,31304,11,uppercut,val
data/processed/poses/V6.mp4/uppercut_V6_031329_v002064.npy,2,V6.mp4,31329,11,uppercut,val
data/processed/poses/V6.mp4/uppercut_V6_031422_v002065.npy,2,V6.mp4,31422,11,uppercut,val
data/processed/poses/V6.mp4/uppercut_V6_031448_v002066.npy,2,V6.mp4,31448,11,uppercut,val
data/processed/poses/V6.mp4/uppercut_V6_031538_v002067.npy,2,V6.mp4,31538,11,uppercut,val
data/processed/poses/V6.mp4/uppercut_V6_031549_v002068.npy,2,V6.mp4,31549,11,uppercut,val
data/processed/poses/V6.mp4/straight_V6_031583_v002069.npy,0,V6.mp4,31583,11,straight,val
data/processed/poses/V6.mp4/hook_V6_031607_v002070.npy,1,V6.mp4,31607,11,hook,val
data/processed/poses/V6.mp4/hook_V6_031620_v002071.npy,1,V6.mp4,31620,11,hook,val
data/processed/poses/V6.mp4/uppercut_V6_031641_v002072.npy,2,V6.mp4,31641,11,uppercut,val
data/processed/poses/V6.mp4/uppercut_V6_031652_v002073.npy,2,V6.mp4,31652,11,uppercut,val
data/processed/poses/V6.mp4/straight_V6_031671_v002074.npy,0,V6.mp4,31671,11,straight,val
data/processed/poses/V6.mp4/uppercut_V6_031732_v002075.npy,2,V6.mp4,31732,11,uppercut,val
data/processed/poses/V6.mp4/uppercut_V6_031755_v002076.npy,2,V6.mp4,31755,11,uppercut,val
data/processed/poses/V6.mp4/straight_V6_031792_v002077.npy,0,V6.mp4,31792,11,straight,val
data/processed/poses/V6.mp4/straight_V6_031803_v002078.npy,0,V6.mp4,31803,11,straight,val
data/processed/poses/V6.mp4/hook_V6_031815_v002079.npy,1,V6.mp4,31815,11,hook,val
data/processed/poses/V6.mp4/uppercut_V6_031845_v002080.npy,2,V6.mp4,31845,11,uppercut,val
data/processed/poses/V6.mp4/uppercut_V6_031855_v002081.npy,2,V6.mp4,31855,11,uppercut,val
data/processed/poses/V6.mp4/hook_V6_031920_v002082.npy,1,V6.mp4,31920,11,hook,val
data/processed/poses/V6.mp4/uppercut_V6_031937_v002083.npy,2,V6.mp4,31937,11,uppercut,val
data/processed/poses/V6.mp4/uppercut_V6_031949_v002084.npy,2,V6.mp4,31949,11,uppercut,val
data/processed/poses/V6.mp4/uppercut_V6_032038_v002085.npy,2,V6.mp4,32038,11,uppercut,val
data/processed/poses/V6.mp4/uppercut_V6_032049_v002086.npy,2,V6.mp4,32049,11,uppercut,val
data/processed/poses/V6.mp4/hook_V6_032303_v002087.npy,1,V6.mp4,32303,11,hook,val
data/processed/poses/V6.mp4/straight_V6_032709_v002088.npy,0,V6.mp4,32709,11,straight,val
data/processed/poses/V6.mp4/hook_V6_032718_v002089.npy,1,V6.mp4,32718,11,hook,val
data/processed/poses/V6.mp4/hook_V6_032727_v002090.npy,1,V6.mp4,32727,11,hook,val
data/processed/poses/V6.mp4/hook_V6_032914_v002091.npy,1,V6.mp4,32914,11,hook,val
data/processed/poses/V6.mp4/hook_V6_032922_v002092.npy,1,V6.mp4,32922,11,hook,val
data/processed/poses/V6.mp4/straight_V6_033085_v002093.npy,0,V6.mp4,33085,11,straight,val
data/processed/poses/V6.mp4/hook_V6_033193_v002094.npy,1,V6.mp4,33193,11,hook,val
data/processed/poses/V6.mp4/straight_V6_033253_v002095.npy,0,V6.mp4,33253,11,straight,val
data/processed/poses/V6.mp4/straight_V6_033352_v002096.npy,0,V6.mp4,33352,11,straight,val
data/processed/poses/V6.mp4/hook_V6_033362_v002097.npy,1,V6.mp4,33362,11,hook,val
data/processed/poses/V6.mp4/hook_V6_033547_v002098.npy,1,V6.mp4,33547,11,hook,val
data/processed/poses/V6.mp4/straight_V6_033629_v002099.npy,0,V6.mp4,33629,11,straight,val
data/processed/poses/V6.mp4/hook_V6_033756_v002100.npy,1,V6.mp4,33756,11,hook,val
data/processed/poses/V6.mp4/straight_V6_033822_v002101.npy,0,V6.mp4,33822,11,straight,val
data/processed/poses/V6.mp4/straight_V6_034061_v002102.npy,0,V6.mp4,34061,11,straight,val
data/processed/poses/V6.mp4/hook_V6_034073_v002103.npy,1,V6.mp4,34073,11,hook,val
data/processed/poses/V6.mp4/hook_V6_034083_v002104.npy,1,V6.mp4,34083,11,hook,val
data/processed/poses/V6.mp4/hook_V6_034178_v002105.npy,1,V6.mp4,34178,11,hook,val
data/processed/poses/V6.mp4/straight_V6_034236_v002106.npy,0,V6.mp4,34236,11,straight,val
data/processed/poses/V6.mp4/straight_V6_034409_v002107.npy,0,V6.mp4,34409,11,straight,val
data/processed/poses/V6.mp4/hook_V6_034441_v002108.npy,1,V6.mp4,34441,11,hook,val
data/processed/poses/V6.mp4/hook_V6_034531_v002109.npy,1,V6.mp4,34531,11,hook,val
data/processed/poses/V6.mp4/hook_V6_034610_v002110.npy,1,V6.mp4,34610,11,hook,val
data/processed/poses/V7.mp4/uppercut_V7_002160_v002111.npy,2,V7.mp4,2160,11,uppercut,val
data/processed/poses/V7.mp4/uppercut_V7_002228_v002112.npy,2,V7.mp4,2228,11,uppercut,val
data/processed/poses/V7.mp4/uppercut_V7_002305_v002113.npy,2,V7.mp4,2305,11,uppercut,val
data/processed/poses/V7.mp4/uppercut_V7_002426_v002114.npy,2,V7.mp4,2426,11,uppercut,val
data/processed/poses/V7.mp4/uppercut_V7_002507_v002115.npy,2,V7.mp4,2507,11,uppercut,val
data/processed/poses/V7.mp4/straight_V7_004566_v002116.npy,0,V7.mp4,4566,11,straight,val
data/processed/poses/V7.mp4/uppercut_V7_004698_v002117.npy,2,V7.mp4,4698,11,uppercut,val
data/processed/poses/V7.mp4/straight_V7_004792_v002118.npy,0,V7.mp4,4792,11,straight,val
data/processed/poses/V7.mp4/hook_V7_004830_v002119.npy,1,V7.mp4,4830,11,hook,val
data/processed/poses/V7.mp4/uppercut_V7_004846_v002120.npy,2,V7.mp4,4846,11,uppercut,val
data/processed/poses/V7.mp4/straight_V7_005113_v002121.npy,0,V7.mp4,5113,11,straight,val
data/processed/poses/V7.mp4/straight_V7_005273_v002122.npy,0,V7.mp4,5273,11,straight,val
data/processed/poses/V7.mp4/straight_V7_005288_v002123.npy,0,V7.mp4,5288,11,straight,val
data/processed/poses/V7.mp4/straight_V7_005394_v002124.npy,0,V7.mp4,5394,11,straight,val
data/processed/poses/V7.mp4/straight_V7_005608_v002125.npy,0,V7.mp4,5608,11,straight,val
data/processed/poses/V7.mp4/straight_V7_005654_v002126.npy,0,V7.mp4,5654,11,straight,val
data/processed/poses/V7.mp4/uppercut_V7_005705_v002127.npy,2,V7.mp4,5705,11,uppercut,val
data/processed/poses/V7.mp4/uppercut_V7_005971_v002128.npy,2,V7.mp4,5971,11,uppercut,val
data/processed/poses/V7.mp4/uppercut_V7_006060_v002129.npy,2,V7.mp4,6060,11,uppercut,val
data/processed/poses/V7.mp4/straight_V7_006127_v002130.npy,0,V7.mp4,6127,11,straight,val
data/processed/poses/V7.mp4/straight_V7_006154_v002131.npy,0,V7.mp4,6154,11,straight,val
data/processed/poses/V7.mp4/uppercut_V7_006189_v002132.npy,2,V7.mp4,6189,11,uppercut,val
data/processed/poses/V7.mp4/hook_V7_006215_v002133.npy,1,V7.mp4,6215,11,hook,val
data/processed/poses/V7.mp4/uppercut_V7_006259_v002134.npy,2,V7.mp4,6259,11,uppercut,val
data/processed/poses/V7.mp4/uppercut_V7_006384_v002135.npy,2,V7.mp4,6384,11,uppercut,val
data/processed/poses/V7.mp4/hook_V7_006923_v002136.npy,1,V7.mp4,6923,11,hook,val
data/processed/poses/V7.mp4/uppercut_V7_007128_v002137.npy,2,V7.mp4,7128,11,uppercut,val
data/processed/poses/V7.mp4/straight_V7_007170_v002138.npy,0,V7.mp4,7170,11,straight,val
data/processed/poses/V7.mp4/uppercut_V7_007267_v002139.npy,2,V7.mp4,7267,11,uppercut,val
data/processed/poses/V7.mp4/hook_V7_007385_v002140.npy,1,V7.mp4,7385,11,hook,val
data/processed/poses/V7.mp4/uppercut_V7_007445_v002141.npy,2,V7.mp4,7445,11,uppercut,val
data/processed/poses/V7.mp4/uppercut_V7_007624_v002142.npy,2,V7.mp4,7624,11,uppercut,val
data/processed/poses/V7.mp4/hook_V7_007753_v002143.npy,1,V7.mp4,7753,11,hook,val
data/processed/poses/V7.mp4/uppercut_V7_007770_v002144.npy,2,V7.mp4,7770,11,uppercut,val
data/processed/poses/V7.mp4/uppercut_V7_007844_v002145.npy,2,V7.mp4,7844,11,uppercut,val
data/processed/poses/V7.mp4/hook_V7_007952_v002146.npy,1,V7.mp4,7952,11,hook,val
data/processed/poses/V7.mp4/hook_V7_007977_v002147.npy,1,V7.mp4,7977,11,hook,val
data/processed/poses/V7.mp4/uppercut_V7_008167_v002148.npy,2,V7.mp4,8167,11,uppercut,val
data/processed/poses/V7.mp4/straight_V7_009251_v002149.npy,0,V7.mp4,9251,11,straight,val
data/processed/poses/V7.mp4/straight_V7_010216_v002150.npy,0,V7.mp4,10216,11,straight,val
data/processed/poses/V7.mp4/straight_V7_010393_v002151.npy,0,V7.mp4,10393,11,straight,val
data/processed/poses/V7.mp4/hook_V7_010616_v002152.npy,1,V7.mp4,10616,11,hook,val
data/processed/poses/V7.mp4/straight_V7_010763_v002153.npy,0,V7.mp4,10763,11,straight,val
data/processed/poses/V7.mp4/straight_V7_010975_v002154.npy,0,V7.mp4,10975,11,straight,val
data/processed/poses/V7.mp4/hook_V7_010981_v002155.npy,1,V7.mp4,10981,11,hook,val
data/processed/poses/V7.mp4/straight_V7_011120_v002156.npy,0,V7.mp4,11120,11,straight,val
data/processed/poses/V7.mp4/straight_V7_011128_v002157.npy,0,V7.mp4,11128,11,straight,val
data/processed/poses/V7.mp4/straight_V7_011135_v002158.npy,0,V7.mp4,11135,11,straight,val
data/processed/poses/V7.mp4/straight_V7_011269_v002159.npy,0,V7.mp4,11269,11,straight,val
data/processed/poses/V7.mp4/straight_V7_011469_v002160.npy,0,V7.mp4,11469,11,straight,val
data/processed/poses/V7.mp4/hook_V7_011476_v002161.npy,1,V7.mp4,11476,11,hook,val
data/processed/poses/V7.mp4/straight_V7_011626_v002162.npy,0,V7.mp4,11626,11,straight,val
data/processed/poses/V7.mp4/hook_V7_011640_v002163.npy,1,V7.mp4,11640,11,hook,val
data/processed/poses/V7.mp4/straight_V7_011829_v002164.npy,0,V7.mp4,11829,11,straight,val
data/processed/poses/V7.mp4/straight_V7_011970_v002165.npy,0,V7.mp4,11970,11,straight,val
data/processed/poses/V7.mp4/hook_V7_011976_v002166.npy,1,V7.mp4,11976,11,hook,val
data/processed/poses/V7.mp4/uppercut_V7_011988_v002167.npy,2,V7.mp4,11988,11,uppercut,val
data/processed/poses/V7.mp4/hook_V7_012184_v002168.npy,1,V7.mp4,12184,11,hook,val
data/processed/poses/V7.mp4/uppercut_V7_012193_v002169.npy,2,V7.mp4,12193,11,uppercut,val
data/processed/poses/V7.mp4/straight_V7_012415_v002170.npy,0,V7.mp4,12415,11,straight,val
data/processed/poses/V7.mp4/hook_V7_012437_v002171.npy,1,V7.mp4,12437,11,hook,val
data/processed/poses/V7.mp4/uppercut_V7_012444_v002172.npy,2,V7.mp4,12444,11,uppercut,val
data/processed/poses/V7.mp4/hook_V7_012620_v002173.npy,1,V7.mp4,12620,11,hook,val
data/processed/poses/V7.mp4/uppercut_V7_012628_v002174.npy,2,V7.mp4,12628,11,uppercut,val
data/processed/poses/V7.mp4/straight_V7_012774_v002175.npy,0,V7.mp4,12774,11,straight,val
data/processed/poses/V7.mp4/uppercut_V7_012798_v002176.npy,2,V7.mp4,12798,11,uppercut,val
data/processed/poses/V7.mp4/straight_V7_012971_v002177.npy,0,V7.mp4,12971,11,straight,val
data/processed/poses/V7.mp4/straight_V7_012978_v002178.npy,0,V7.mp4,12978,11,straight,val
data/processed/poses/V7.mp4/straight_V7_012984_v002179.npy,0,V7.mp4,12984,11,straight,val
data/processed/poses/V7.mp4/uppercut_V7_013000_v002180.npy,2,V7.mp4,13000,11,uppercut,val
data/processed/poses/V7.mp4/straight_V7_013160_v002181.npy,0,V7.mp4,13160,11,straight,val
data/processed/poses/V7.mp4/uppercut_V7_013177_v002182.npy,2,V7.mp4,13177,11,uppercut,val
data/processed/poses/V7.mp4/straight_V7_013309_v002183.npy,0,V7.mp4,13309,11,straight,val
data/processed/poses/V7.mp4/hook_V7_013336_v002184.npy,1,V7.mp4,13336,11,hook,val
data/processed/poses/V7.mp4/uppercut_V7_013349_v002185.npy,2,V7.mp4,13349,11,uppercut,val
data/processed/poses/V7.mp4/uppercut_V7_013502_v002186.npy,2,V7.mp4,13502,11,uppercut,val
data/processed/poses/V7.mp4/straight_V7_013634_v002187.npy,0,V7.mp4,13634,11,straight,val
data/processed/poses/V7.mp4/uppercut_V7_013646_v002188.npy,2,V7.mp4,13646,11,uppercut,val
data/processed/poses/V7.mp4/straight_V7_013791_v002189.npy,0,V7.mp4,13791,11,straight,val
data/processed/poses/V7.mp4/straight_V7_013805_v002190.npy,0,V7.mp4,13805,11,straight,val
data/processed/poses/V7.mp4/hook_V7_013812_v002191.npy,1,V7.mp4,13812,11,hook,val
data/processed/poses/V7.mp4/uppercut_V7_013818_v002192.npy,2,V7.mp4,13818,11,uppercut,val
data/processed/poses/V7.mp4/hook_V7_013822_v002193.npy,1,V7.mp4,13822,11,hook,val
data/processed/poses/V7.mp4/straight_V7_013957_v002194.npy,0,V7.mp4,13957,11,straight,val
data/processed/poses/V7.mp4/straight_V7_013963_v002195.npy,0,V7.mp4,13963,11,straight,val
data/processed/poses/V7.mp4/uppercut_V7_013978_v002196.npy,2,V7.mp4,13978,11,uppercut,val
data/processed/poses/V7.mp4/straight_V7_014155_v002197.npy,0,V7.mp4,14155,11,straight,val
data/processed/poses/V7.mp4/hook_V7_014169_v002198.npy,1,V7.mp4,14169,11,hook,val
data/processed/poses/V7.mp4/uppercut_V7_014177_v002199.npy,2,V7.mp4,14177,11,uppercut,val
data/processed/poses/V7.mp4/uppercut_V7_014406_v002200.npy,2,V7.mp4,14406,11,uppercut,val
data/processed/poses/V7.mp4/straight_V7_014624_v002201.npy,0,V7.mp4,14624,11,straight,val
data/processed/poses/V7.mp4/uppercut_V7_014656_v002202.npy,2,V7.mp4,14656,11,uppercut,val
data/processed/poses/V7.mp4/straight_V7_014787_v002203.npy,0,V7.mp4,14787,11,straight,val
data/processed/poses/V7.mp4/uppercut_V7_014795_v002204.npy,2,V7.mp4,14795,11,uppercut,val
data/processed/poses/V7.mp4/straight_V7_015039_v002205.npy,0,V7.mp4,15039,11,straight,val
data/processed/poses/V7.mp4/uppercut_V7_015048_v002206.npy,2,V7.mp4,15048,11,uppercut,val
data/processed/poses/V7.mp4/uppercut_V7_015206_v002207.npy,2,V7.mp4,15206,11,uppercut,val
data/processed/poses/V7.mp4/uppercut_V7_015384_v002208.npy,2,V7.mp4,15384,11,uppercut,val
data/processed/poses/V7.mp4/uppercut_V7_015524_v002209.npy,2,V7.mp4,15524,11,uppercut,val
data/processed/poses/V7.mp4/straight_V7_015835_v002210.npy,0,V7.mp4,15835,11,straight,val
data/processed/poses/V7.mp4/straight_V7_016133_v002211.npy,0,V7.mp4,16133,11,straight,val
data/processed/poses/V7.mp4/straight_V7_016149_v002212.npy,0,V7.mp4,16149,11,straight,val
data/processed/poses/V7.mp4/straight_V7_016253_v002213.npy,0,V7.mp4,16253,11,straight,val
data/processed/poses/V7.mp4/straight_V7_016339_v002214.npy,0,V7.mp4,16339,11,straight,val
data/processed/poses/V7.mp4/straight_V7_016348_v002215.npy,0,V7.mp4,16348,11,straight,val
data/processed/poses/V7.mp4/hook_V7_016378_v002216.npy,1,V7.mp4,16378,11,hook,val
data/processed/poses/V7.mp4/straight_V7_016477_v002217.npy,0,V7.mp4,16477,11,straight,val
data/processed/poses/V7.mp4/uppercut_V7_016496_v002218.npy,2,V7.mp4,16496,11,uppercut,val
data/processed/poses/V7.mp4/uppercut_V7_016816_v002219.npy,2,V7.mp4,16816,11,uppercut,val
data/processed/poses/V7.mp4/straight_V7_016983_v002220.npy,0,V7.mp4,16983,11,straight,val
data/processed/poses/V7.mp4/uppercut_V7_016991_v002221.npy,2,V7.mp4,16991,11,uppercut,val
data/processed/poses/V7.mp4/uppercut_V7_017167_v002222.npy,2,V7.mp4,17167,11,uppercut,val
data/processed/poses/V7.mp4/uppercut_V7_017330_v002223.npy,2,V7.mp4,17330,11,uppercut,val
data/processed/poses/V7.mp4/hook_V7_017344_v002224.npy,1,V7.mp4,17344,11,hook,val
data/processed/poses/V7.mp4/straight_V7_017356_v002225.npy,0,V7.mp4,17356,11,straight,val
data/processed/poses/V7.mp4/straight_V7_017444_v002226.npy,0,V7.mp4,17444,11,straight,val
data/processed/poses/V7.mp4/straight_V7_017454_v002227.npy,0,V7.mp4,17454,11,straight,val
data/processed/poses/V7.mp4/uppercut_V7_017461_v002228.npy,2,V7.mp4,17461,11,uppercut,val
data/processed/poses/V7.mp4/uppercut_V7_017462_v002229.npy,2,V7.mp4,17462,11,uppercut,val
data/processed/poses/V7.mp4/hook_V7_017470_v002230.npy,1,V7.mp4,17470,11,hook,val
data/processed/poses/V7.mp4/straight_V7_017810_v002231.npy,0,V7.mp4,17810,11,straight,val
data/processed/poses/V7.mp4/straight_V7_017817_v002232.npy,0,V7.mp4,17817,11,straight,val
data/processed/poses/V7.mp4/none_V7_017929_v002233.npy,3,V7.mp4,17929,11,none,val
data/processed/poses/V7.mp4/none_V7_017932_v002234.npy,3,V7.mp4,17932,11,none,val
data/processed/poses/V7.mp4/none_V7_017933_v002235.npy,3,V7.mp4,17933,11,none,val
data/processed/poses/V7.mp4/straight_V7_018237_v002236.npy,0,V7.mp4,18237,11,straight,val
data/processed/poses/V7.mp4/uppercut_V7_018247_v002237.npy,2,V7.mp4,18247,11,uppercut,val
data/processed/poses/V7.mp4/straight_V7_018386_v002238.npy,0,V7.mp4,18386,11,straight,val
data/processed/poses/V7.mp4/straight_V7_018576_v002239.npy,0,V7.mp4,18576,11,straight,val
data/processed/poses/V7.mp4/uppercut_V7_018611_v002240.npy,2,V7.mp4,18611,11,uppercut,val
data/processed/poses/V7.mp4/none_V7_018646_v002241.npy,3,V7.mp4,18646,11,none,val
data/processed/poses/V7.mp4/none_V7_018662_v002242.npy,3,V7.mp4,18662,11,none,val
data/processed/poses/V7.mp4/none_V7_018667_v002243.npy,3,V7.mp4,18667,11,none,val
data/processed/poses/V7.mp4/none_V7_018668_v002244.npy,3,V7.mp4,18668,11,none,val
data/processed/poses/V7.mp4/none_V7_018670_v002245.npy,3,V7.mp4,18670,11,none,val
data/processed/poses/V7.mp4/none_V7_018671_v002246.npy,3,V7.mp4,18671,11,none,val
data/processed/poses/V7.mp4/none_V7_018676_v002247.npy,3,V7.mp4,18676,11,none,val
data/processed/poses/V7.mp4/none_V7_018677_v002248.npy,3,V7.mp4,18677,11,none,val
data/processed/poses/V7.mp4/none_V7_018681_v002249.npy,3,V7.mp4,18681,11,none,val
data/processed/poses/V7.mp4/none_V7_018682_v002250.npy,3,V7.mp4,18682,11,none,val
data/processed/poses/V7.mp4/none_V7_018685_v002251.npy,3,V7.mp4,18685,11,none,val
data/processed/poses/V7.mp4/none_V7_018690_v002252.npy,3,V7.mp4,18690,11,none,val
data/processed/poses/V7.mp4/none_V7_018697_v002253.npy,3,V7.mp4,18697,11,none,val
data/processed/poses/V7.mp4/none_V7_018698_v002254.npy,3,V7.mp4,18698,11,none,val
data/processed/poses/V7.mp4/straight_V7_018818_v002255.npy,0,V7.mp4,18818,11,straight,val
data/processed/poses/V7.mp4/uppercut_V7_018826_v002256.npy,2,V7.mp4,18826,11,uppercut,val
data/processed/poses/V7.mp4/uppercut_V7_019059_v002257.npy,2,V7.mp4,19059,11,uppercut,val
data/processed/poses/V7.mp4/none_V7_019105_v002258.npy,3,V7.mp4,19105,11,none,val
data/processed/poses/V7.mp4/none_V7_019106_v002259.npy,3,V7.mp4,19106,11,none,val
data/processed/poses/V7.mp4/none_V7_019110_v002260.npy,3,V7.mp4,19110,11,none,val
data/processed/poses/V7.mp4/none_V7_019115_v002261.npy,3,V7.mp4,19115,11,none,val
data/processed/poses/V7.mp4/none_V7_019116_v002262.npy,3,V7.mp4,19116,11,none,val
data/processed/poses/V7.mp4/none_V7_019117_v002263.npy,3,V7.mp4,19117,11,none,val
data/processed/poses/V7.mp4/none_V7_019118_v002264.npy,3,V7.mp4,19118,11,none,val
data/processed/poses/V7.mp4/none_V7_019119_v002265.npy,3,V7.mp4,19119,11,none,val
data/processed/poses/V7.mp4/none_V7_019123_v002266.npy,3,V7.mp4,19123,11,none,val
data/processed/poses/V7.mp4/none_V7_019125_v002267.npy,3,V7.mp4,19125,11,none,val
data/processed/poses/V7.mp4/none_V7_019127_v002268.npy,3,V7.mp4,19127,11,none,val
data/processed/poses/V7.mp4/none_V7_019129_v002269.npy,3,V7.mp4,19129,11,none,val
data/processed/poses/V7.mp4/straight_V7_019212_v002270.npy,0,V7.mp4,19212,11,straight,val
data/processed/poses/V7.mp4/straight_V7_019246_v002271.npy,0,V7.mp4,19246,11,straight,val
data/processed/poses/V7.mp4/uppercut_V7_019253_v002272.npy,2,V7.mp4,19253,11,uppercut,val
data/processed/poses/V7.mp4/hook_V7_019376_v002273.npy,1,V7.mp4,19376,11,hook,val
data/processed/poses/V7.mp4/straight_V7_019384_v002274.npy,0,V7.mp4,19384,11,straight,val
data/processed/poses/V7.mp4/uppercut_V7_019391_v002275.npy,2,V7.mp4,19391,11,uppercut,val
data/processed/poses/V7.mp4/straight_V7_019517_v002276.npy,0,V7.mp4,19517,11,straight,val
data/processed/poses/V7.mp4/uppercut_V7_019553_v002277.npy,2,V7.mp4,19553,11,uppercut,val
data/processed/poses/V7.mp4/straight_V7_019676_v002278.npy,0,V7.mp4,19676,11,straight,val
data/processed/poses/V7.mp4/uppercut_V7_019716_v002279.npy,2,V7.mp4,19716,11,uppercut,val
data/processed/poses/V7.mp4/straight_V7_019815_v002280.npy,0,V7.mp4,19815,11,straight,val
data/processed/poses/V7.mp4/straight_V7_019823_v002281.npy,0,V7.mp4,19823,11,straight,val
data/processed/poses/V7.mp4/hook_V7_019839_v002282.npy,1,V7.mp4,19839,11,hook,val
data/processed/poses/V7.mp4/uppercut_V7_019856_v002283.npy,2,V7.mp4,19856,11,uppercut,val
data/processed/poses/V7.mp4/hook_V7_020006_v002284.npy,1,V7.mp4,20006,11,hook,val
data/processed/poses/V7.mp4/hook_V7_020024_v002285.npy,1,V7.mp4,20024,11,hook,val
data/processed/poses/V7.mp4/uppercut_V7_020041_v002286.npy,2,V7.mp4,20041,11,uppercut,val
data/processed/poses/V7.mp4/uppercut_V7_020132_v002287.npy,2,V7.mp4,20132,11,uppercut,val
data/processed/poses/V7.mp4/uppercut_V7_020277_v002288.npy,2,V7.mp4,20277,11,uppercut,val
data/processed/poses/V7.mp4/none_V7_020510_v002289.npy,3,V7.mp4,20510,11,none,val
data/processed/poses/V7.mp4/none_V7_020512_v002290.npy,3,V7.mp4,20512,11,none,val
data/processed/poses/V7.mp4/none_V7_020513_v002291.npy,3,V7.mp4,20513,11,none,val
data/processed/poses/V7.mp4/none_V7_020514_v002292.npy,3,V7.mp4,20514,11,none,val
data/processed/poses/V7.mp4/none_V7_020518_v002293.npy,3,V7.mp4,20518,11,none,val
data/processed/poses/V7.mp4/none_V7_020520_v002294.npy,3,V7.mp4,20520,11,none,val
data/processed/poses/V7.mp4/none_V7_020524_v002295.npy,3,V7.mp4,20524,11,none,val
data/processed/poses/V7.mp4/none_V7_020526_v002296.npy,3,V7.mp4,20526,11,none,val
data/processed/poses/V7.mp4/none_V7_020529_v002297.npy,3,V7.mp4,20529,11,none,val
data/processed/poses/V7.mp4/none_V7_020532_v002298.npy,3,V7.mp4,20532,11,none,val
data/processed/poses/V7.mp4/none_V7_020537_v002299.npy,3,V7.mp4,20537,11,none,val
data/processed/poses/V7.mp4/none_V7_020539_v002300.npy,3,V7.mp4,20539,11,none,val
data/processed/poses/V7.mp4/none_V7_020541_v002301.npy,3,V7.mp4,20541,11,none,val
data/processed/poses/V7.mp4/none_V7_020542_v002302.npy,3,V7.mp4,20542,11,none,val
data/processed/poses/V7.mp4/none_V7_020543_v002303.npy,3,V7.mp4,20543,11,none,val
data/processed/poses/V7.mp4/none_V7_020592_v002304.npy,3,V7.mp4,20592,11,none,val
data/processed/poses/V7.mp4/none_V7_020593_v002305.npy,3,V7.mp4,20593,11,none,val
data/processed/poses/V7.mp4/none_V7_020598_v002306.npy,3,V7.mp4,20598,11,none,val
data/processed/poses/V7.mp4/none_V7_020599_v002307.npy,3,V7.mp4,20599,11,none,val
data/processed/poses/V7.mp4/uppercut_V7_020656_v002308.npy,2,V7.mp4,20656,11,uppercut,val
data/processed/poses/V7.mp4/hook_V7_020764_v002309.npy,1,V7.mp4,20764,11,hook,val
data/processed/poses/V7.mp4/hook_V7_020772_v002310.npy,1,V7.mp4,20772,11,hook,val
data/processed/poses/V7.mp4/uppercut_V7_020779_v002311.npy,2,V7.mp4,20779,11,uppercut,val
data/processed/poses/V7.mp4/uppercut_V7_020914_v002312.npy,2,V7.mp4,20914,11,uppercut,val
data/processed/poses/V7.mp4/hook_V7_021036_v002313.npy,1,V7.mp4,21036,11,hook,val
data/processed/poses/V7.mp4/uppercut_V7_021049_v002314.npy,2,V7.mp4,21049,11,uppercut,val
data/processed/poses/V7.mp4/hook_V7_021153_v002315.npy,1,V7.mp4,21153,11,hook,val
data/processed/poses/V7.mp4/uppercut_V7_021169_v002316.npy,2,V7.mp4,21169,11,uppercut,val
data/processed/poses/V7.mp4/hook_V7_021265_v002317.npy,1,V7.mp4,21265,11,hook,val
data/processed/poses/V7.mp4/uppercut_V7_021280_v002318.npy,2,V7.mp4,21280,11,uppercut,val
data/processed/poses/V7.mp4/hook_V7_021426_v002319.npy,1,V7.mp4,21426,11,hook,val
data/processed/poses/V7.mp4/uppercut_V7_021441_v002320.npy,2,V7.mp4,21441,11,uppercut,val
data/processed/poses/V7.mp4/hook_V7_021512_v002321.npy,1,V7.mp4,21512,11,hook,val
data/processed/poses/V7.mp4/uppercut_V7_021524_v002322.npy,2,V7.mp4,21524,11,uppercut,val
data/processed/poses/V7.mp4/uppercut_V7_021650_v002323.npy,2,V7.mp4,21650,11,uppercut,val
data/processed/poses/V7.mp4/uppercut_V7_021819_v002324.npy,2,V7.mp4,21819,11,uppercut,val
data/processed/poses/V7.mp4/hook_V7_021958_v002325.npy,1,V7.mp4,21958,11,hook,val
data/processed/poses/V7.mp4/uppercut_V7_021966_v002326.npy,2,V7.mp4,21966,11,uppercut,val
data/processed/poses/V7.mp4/hook_V7_021973_v002327.npy,1,V7.mp4,21973,11,hook,val
data/processed/poses/V7.mp4/uppercut_V7_022091_v002328.npy,2,V7.mp4,22091,11,uppercut,val
data/processed/poses/V7.mp4/hook_V7_022098_v002329.npy,1,V7.mp4,22098,11,hook,val
data/processed/poses/V7.mp4/hook_V7_022166_v002330.npy,1,V7.mp4,22166,11,hook,val
data/processed/poses/V7.mp4/uppercut_V7_022188_v002331.npy,2,V7.mp4,22188,11,uppercut,val
data/processed/poses/V7.mp4/uppercut_V7_022320_v002332.npy,2,V7.mp4,22320,11,uppercut,val
data/processed/poses/V7.mp4/uppercut_V7_022440_v002333.npy,2,V7.mp4,22440,11,uppercut,val
data/processed/poses/V7.mp4/hook_V7_022446_v002334.npy,1,V7.mp4,22446,11,hook,val
data/processed/poses/V7.mp4/uppercut_V7_022568_v002335.npy,2,V7.mp4,22568,11,uppercut,val
data/processed/poses/V7.mp4/hook_V7_022738_v002336.npy,1,V7.mp4,22738,11,hook,val
data/processed/poses/V7.mp4/uppercut_V7_022766_v002337.npy,2,V7.mp4,22766,11,uppercut,val
data/processed/poses/V7.mp4/hook_V7_022884_v002338.npy,1,V7.mp4,22884,11,hook,val
data/processed/poses/V7.mp4/straight_V7_022902_v002339.npy,0,V7.mp4,22902,11,straight,val
data/processed/poses/V7.mp4/uppercut_V7_023009_v002340.npy,2,V7.mp4,23009,11,uppercut,val
data/processed/poses/V7.mp4/uppercut_V7_023134_v002341.npy,2,V7.mp4,23134,11,uppercut,val
data/processed/poses/V7.mp4/hook_V7_023295_v002342.npy,1,V7.mp4,23295,11,hook,val
data/processed/poses/V7.mp4/hook_V7_023301_v002343.npy,1,V7.mp4,23301,11,hook,val
data/processed/poses/V7.mp4/uppercut_V7_023469_v002344.npy,2,V7.mp4,23469,11,uppercut,val
data/processed/poses/V7.mp4/straight_V7_023479_v002345.npy,0,V7.mp4,23479,11,straight,val
data/processed/poses/V7.mp4/uppercut_V7_023604_v002346.npy,2,V7.mp4,23604,11,uppercut,val
data/processed/poses/V7.mp4/hook_V7_023609_v002347.npy,1,V7.mp4,23609,11,hook,val
data/processed/poses/V7.mp4/hook_V7_023744_v002348.npy,1,V7.mp4,23744,11,hook,val
data/processed/poses/V7.mp4/hook_V7_023751_v002349.npy,1,V7.mp4,23751,11,hook,val
data/processed/poses/V7.mp4/uppercut_V7_023758_v002350.npy,2,V7.mp4,23758,11,uppercut,val
data/processed/poses/V7.mp4/hook_V7_023767_v002351.npy,1,V7.mp4,23767,11,hook,val
data/processed/poses/V7.mp4/hook_V7_023935_v002352.npy,1,V7.mp4,23935,11,hook,val
data/processed/poses/V7.mp4/uppercut_V7_023948_v002353.npy,2,V7.mp4,23948,11,uppercut,val
data/processed/poses/V7.mp4/uppercut_V7_023976_v002354.npy,2,V7.mp4,23976,11,uppercut,val
data/processed/poses/V7.mp4/uppercut_V7_024089_v002355.npy,2,V7.mp4,24089,11,uppercut,val
data/processed/poses/V7.mp4/hook_V7_024097_v002356.npy,1,V7.mp4,24097,11,hook,val
data/processed/poses/V7.mp4/straight_V7_024113_v002357.npy,0,V7.mp4,24113,11,straight,val
data/processed/poses/V7.mp4/uppercut_V7_024124_v002358.npy,2,V7.mp4,24124,11,uppercut,val
data/processed/poses/V7.mp4/hook_V7_024264_v002359.npy,1,V7.mp4,24264,11,hook,val
data/processed/poses/V7.mp4/uppercut_V7_024276_v002360.npy,2,V7.mp4,24276,11,uppercut,val
data/processed/poses/V7.mp4/uppercut_V7_024302_v002361.npy,2,V7.mp4,24302,11,uppercut,val
data/processed/poses/V7.mp4/hook_V7_024397_v002362.npy,1,V7.mp4,24397,11,hook,val
data/processed/poses/V7.mp4/hook_V7_024401_v002363.npy,1,V7.mp4,24401,11,hook,val
data/processed/poses/V7.mp4/uppercut_V7_024406_v002364.npy,2,V7.mp4,24406,11,uppercut,val
data/processed/poses/V7.mp4/straight_V7_024420_v002365.npy,0,V7.mp4,24420,11,straight,val
data/processed/poses/V7.mp4/uppercut_V7_024428_v002366.npy,2,V7.mp4,24428,11,uppercut,val
data/processed/poses/V7.mp4/uppercut_V7_024528_v002367.npy,2,V7.mp4,24528,11,uppercut,val
data/processed/poses/V7.mp4/hook_V7_024533_v002368.npy,1,V7.mp4,24533,11,hook,val
data/processed/poses/V7.mp4/uppercut_V7_024550_v002369.npy,2,V7.mp4,24550,11,uppercut,val
data/processed/poses/V7.mp4/hook_V7_024625_v002370.npy,1,V7.mp4,24625,11,hook,val
data/processed/poses/V7.mp4/uppercut_V7_024632_v002371.npy,2,V7.mp4,24632,11,uppercut,val
data/processed/poses/V7.mp4/uppercut_V7_024637_v002372.npy,2,V7.mp4,24637,11,uppercut,val
data/processed/poses/V7.mp4/hook_V7_024642_v002373.npy,1,V7.mp4,24642,11,hook,val
data/processed/poses/V7.mp4/uppercut_V7_024662_v002374.npy,2,V7.mp4,24662,11,uppercut,val
data/processed/poses/V7.mp4/uppercut_V7_024779_v002375.npy,2,V7.mp4,24779,11,uppercut,val
data/processed/poses/V7.mp4/uppercut_V7_024860_v002376.npy,2,V7.mp4,24860,11,uppercut,val
data/processed/poses/V7.mp4/hook_V7_024865_v002377.npy,1,V7.mp4,24865,11,hook,val
data/processed/poses/V7.mp4/uppercut_V7_024961_v002378.npy,2,V7.mp4,24961,11,uppercut,val
data/processed/poses/V7.mp4/uppercut_V7_024964_v002379.npy,2,V7.mp4,24964,11,uppercut,val
data/processed/poses/V7.mp4/uppercut_V7_024989_v002380.npy,2,V7.mp4,24989,11,uppercut,val
data/processed/poses/V7.mp4/hook_V7_025055_v002381.npy,1,V7.mp4,25055,11,hook,val
data/processed/poses/V7.mp4/uppercut_V7_025062_v002382.npy,2,V7.mp4,25062,11,uppercut,val
data/processed/poses/V7.mp4/uppercut_V7_025067_v002383.npy,2,V7.mp4,25067,11,uppercut,val
data/processed/poses/V7.mp4/hook_V7_025072_v002384.npy,1,V7.mp4,25072,11,hook,val
data/processed/poses/V7.mp4/straight_V7_025083_v002385.npy,0,V7.mp4,25083,11,straight,val
data/processed/poses/V7.mp4/uppercut_V7_025091_v002386.npy,2,V7.mp4,25091,11,uppercut,val
data/processed/poses/V7.mp4/hook_V7_025158_v002387.npy,1,V7.mp4,25158,11,hook,val
data/processed/poses/V7.mp4/uppercut_V7_025170_v002388.npy,2,V7.mp4,25170,11,uppercut,val
data/processed/poses/V7.mp4/uppercut_V7_025197_v002389.npy,2,V7.mp4,25197,11,uppercut,val
data/processed/poses/V7.mp4/hook_V7_025275_v002390.npy,1,V7.mp4,25275,11,hook,val
data/processed/poses/V7.mp4/straight_V7_025289_v002391.npy,0,V7.mp4,25289,11,straight,val
data/processed/poses/V7.mp4/uppercut_V7_025298_v002392.npy,2,V7.mp4,25298,11,uppercut,val
data/processed/poses/V7.mp4/none_V7_025358_v002393.npy,3,V7.mp4,25358,11,none,val
data/processed/poses/V7.mp4/none_V7_025368_v002394.npy,3,V7.mp4,25368,11,none,val
data/processed/poses/V7.mp4/none_V7_025369_v002395.npy,3,V7.mp4,25369,11,none,val
data/processed/poses/V7.mp4/none_V7_025371_v002396.npy,3,V7.mp4,25371,11,none,val
data/processed/poses/V7.mp4/none_V7_025372_v002397.npy,3,V7.mp4,25372,11,none,val
data/processed/poses/V7.mp4/none_V7_025373_v002398.npy,3,V7.mp4,25373,11,none,val
data/processed/poses/V7.mp4/none_V7_025374_v002399.npy,3,V7.mp4,25374,11,none,val
data/processed/poses/V7.mp4/none_V7_025375_v002400.npy,3,V7.mp4,25375,11,none,val
data/processed/poses/V7.mp4/none_V7_025376_v002401.npy,3,V7.mp4,25376,11,none,val
data/processed/poses/V7.mp4/none_V7_025378_v002402.npy,3,V7.mp4,25378,11,none,val
data/processed/poses/V7.mp4/none_V7_025380_v002403.npy,3,V7.mp4,25380,11,none,val
data/processed/poses/V7.mp4/none_V7_025381_v002404.npy,3,V7.mp4,25381,11,none,val
data/processed/poses/V7.mp4/none_V7_025386_v002405.npy,3,V7.mp4,25386,11,none,val
data/processed/poses/V7.mp4/none_V7_025389_v002406.npy,3,V7.mp4,25389,11,none,val
data/processed/poses/V7.mp4/none_V7_025390_v002407.npy,3,V7.mp4,25390,11,none,val
data/processed/poses/V7.mp4/none_V7_025396_v002408.npy,3,V7.mp4,25396,11,none,val
data/processed/poses/V7.mp4/none_V7_025398_v002409.npy,3,V7.mp4,25398,11,none,val
data/processed/poses/V7.mp4/none_V7_025399_v002410.npy,3,V7.mp4,25399,11,none,val
data/processed/poses/V7.mp4/none_V7_025403_v002411.npy,3,V7.mp4,25403,11,none,val
data/processed/poses/V7.mp4/none_V7_025404_v002412.npy,3,V7.mp4,25404,11,none,val
data/processed/poses/V7.mp4/none_V7_025405_v002413.npy,3,V7.mp4,25405,11,none,val
data/processed/poses/V7.mp4/none_V7_025405_v002414.npy,3,V7.mp4,25405,11,none,val
data/processed/poses/V7.mp4/none_V7_025407_v002415.npy,3,V7.mp4,25407,11,none,val
data/processed/poses/V7.mp4/none_V7_025409_v002416.npy,3,V7.mp4,25409,11,none,val
data/processed/poses/V7.mp4/none_V7_025410_v002417.npy,3,V7.mp4,25410,11,none,val
data/processed/poses/V7.mp4/none_V7_025411_v002418.npy,3,V7.mp4,25411,11,none,val
data/processed/poses/V7.mp4/none_V7_025413_v002419.npy,3,V7.mp4,25413,11,none,val
data/processed/poses/V7.mp4/none_V7_025415_v002420.npy,3,V7.mp4,25415,11,none,val
data/processed/poses/V7.mp4/none_V7_025419_v002421.npy,3,V7.mp4,25419,11,none,val
data/processed/poses/V7.mp4/none_V7_025423_v002422.npy,3,V7.mp4,25423,11,none,val
data/processed/poses/V7.mp4/none_V7_025424_v002423.npy,3,V7.mp4,25424,11,none,val
data/processed/poses/V7.mp4/none_V7_025425_v002424.npy,3,V7.mp4,25425,11,none,val
data/processed/poses/V7.mp4/none_V7_026179_v002425.npy,3,V7.mp4,26179,11,none,val
data/processed/poses/V7.mp4/none_V7_026183_v002426.npy,3,V7.mp4,26183,11,none,val
data/processed/poses/V7.mp4/none_V7_026184_v002427.npy,3,V7.mp4,26184,11,none,val
data/processed/poses/V7.mp4/none_V7_026185_v002428.npy,3,V7.mp4,26185,11,none,val
data/processed/poses/V7.mp4/none_V7_026189_v002429.npy,3,V7.mp4,26189,11,none,val
data/processed/poses/V7.mp4/none_V7_026190_v002430.npy,3,V7.mp4,26190,11,none,val
data/processed/poses/V7.mp4/none_V7_026191_v002431.npy,3,V7.mp4,26191,11,none,val
data/processed/poses/V7.mp4/none_V7_026198_v002432.npy,3,V7.mp4,26198,11,none,val
data/processed/poses/V7.mp4/none_V7_026201_v002433.npy,3,V7.mp4,26201,11,none,val
data/processed/poses/V7.mp4/none_V7_026204_v002434.npy,3,V7.mp4,26204,11,none,val
data/processed/poses/V7.mp4/none_V7_026206_v002435.npy,3,V7.mp4,26206,11,none,val
data/processed/poses/V7.mp4/none_V7_026207_v002436.npy,3,V7.mp4,26207,11,none,val
data/processed/poses/V7.mp4/none_V7_026214_v002437.npy,3,V7.mp4,26214,11,none,val
data/processed/poses/V7.mp4/none_V7_026215_v002438.npy,3,V7.mp4,26215,11,none,val
data/processed/poses/V7.mp4/straight_V7_026252_v002439.npy,0,V7.mp4,26252,11,straight,val
data/processed/poses/V7.mp4/none_V7_026289_v002440.npy,3,V7.mp4,26289,11,none,val
data/processed/poses/V7.mp4/none_V7_026293_v002441.npy,3,V7.mp4,26293,11,none,val
data/processed/poses/V7.mp4/none_V7_026294_v002442.npy,3,V7.mp4,26294,11,none,val
data/processed/poses/V7.mp4/none_V7_026297_v002443.npy,3,V7.mp4,26297,11,none,val
data/processed/poses/V7.mp4/none_V7_026300_v002444.npy,3,V7.mp4,26300,11,none,val
data/processed/poses/V7.mp4/none_V7_026305_v002445.npy,3,V7.mp4,26305,11,none,val
data/processed/poses/V9.mp4/straight_V9_000502_v002446.npy,0,V9.mp4,502,11,straight,train
data/processed/poses/V9.mp4/straight_V9_000529_v002447.npy,0,V9.mp4,529,11,straight,train
data/processed/poses/V9.mp4/straight_V9_000628_v002448.npy,0,V9.mp4,628,11,straight,train
data/processed/poses/V9.mp4/straight_V9_000658_v002449.npy,0,V9.mp4,658,11,straight,train
data/processed/poses/V9.mp4/straight_V9_000814_v002450.npy,0,V9.mp4,814,11,straight,train
data/processed/poses/V9.mp4/straight_V9_000845_v002451.npy,0,V9.mp4,845,11,straight,train
data/processed/poses/V9.mp4/straight_V9_000966_v002452.npy,0,V9.mp4,966,11,straight,train
data/processed/poses/V9.mp4/straight_V9_001110_v002453.npy,0,V9.mp4,1110,11,straight,train
data/processed/poses/V9.mp4/straight_V9_001150_v002454.npy,0,V9.mp4,1150,11,straight,train
data/processed/poses/V9.mp4/straight_V9_001177_v002455.npy,0,V9.mp4,1177,11,straight,train
data/processed/poses/V9.mp4/straight_V9_001259_v002456.npy,0,V9.mp4,1259,11,straight,train
data/processed/poses/V9.mp4/straight_V9_001331_v002457.npy,0,V9.mp4,1331,11,straight,train
data/processed/poses/V9.mp4/straight_V9_001622_v002458.npy,0,V9.mp4,1622,11,straight,train
data/processed/poses/V9.mp4/straight_V9_001695_v002459.npy,0,V9.mp4,1695,11,straight,train
data/processed/poses/V9.mp4/straight_V9_001772_v002460.npy,0,V9.mp4,1772,11,straight,train
data/processed/poses/V9.mp4/straight_V9_001778_v002461.npy,0,V9.mp4,1778,11,straight,train
data/processed/poses/V9.mp4/hook_V9_001988_v002462.npy,1,V9.mp4,1988,11,hook,train
data/processed/poses/V9.mp4/straight_V9_002040_v002463.npy,0,V9.mp4,2040,11,straight,train
data/processed/poses/V9.mp4/straight_V9_002144_v002464.npy,0,V9.mp4,2144,11,straight,train
data/processed/poses/V9.mp4/hook_V9_002154_v002465.npy,1,V9.mp4,2154,11,hook,train
data/processed/poses/V9.mp4/hook_V9_002204_v002466.npy,1,V9.mp4,2204,11,hook,train
data/processed/poses/V9.mp4/hook_V9_002255_v002467.npy,1,V9.mp4,2255,11,hook,train
data/processed/poses/V9.mp4/straight_V9_002293_v002468.npy,0,V9.mp4,2293,11,straight,train
data/processed/poses/V9.mp4/straight_V9_002349_v002469.npy,0,V9.mp4,2349,11,straight,train
data/processed/poses/V9.mp4/hook_V9_002359_v002470.npy,1,V9.mp4,2359,11,hook,train
data/processed/poses/V9.mp4/straight_V9_002502_v002471.npy,0,V9.mp4,2502,11,straight,train
data/processed/poses/V9.mp4/hook_V9_002520_v002472.npy,1,V9.mp4,2520,11,hook,train
data/processed/poses/V9.mp4/hook_V9_002529_v002473.npy,1,V9.mp4,2529,11,hook,train
data/processed/poses/V9.mp4/straight_V9_002565_v002474.npy,0,V9.mp4,2565,11,straight,train
data/processed/poses/V9.mp4/hook_V9_002583_v002475.npy,1,V9.mp4,2583,11,hook,train
data/processed/poses/V9.mp4/hook_V9_002591_v002476.npy,1,V9.mp4,2591,11,hook,train
data/processed/poses/V9.mp4/straight_V9_002630_v002477.npy,0,V9.mp4,2630,11,straight,train
data/processed/poses/V9.mp4/hook_V9_002648_v002478.npy,1,V9.mp4,2648,11,hook,train
data/processed/poses/V9.mp4/straight_V9_002678_v002479.npy,0,V9.mp4,2678,11,straight,train
data/processed/poses/V9.mp4/hook_V9_002710_v002480.npy,1,V9.mp4,2710,11,hook,train
data/processed/poses/V9.mp4/hook_V9_002719_v002481.npy,1,V9.mp4,2719,11,hook,train
data/processed/poses/V9.mp4/straight_V9_002769_v002482.npy,0,V9.mp4,2769,11,straight,train
data/processed/poses/V9.mp4/hook_V9_002787_v002483.npy,1,V9.mp4,2787,11,hook,train
data/processed/poses/V9.mp4/hook_V9_002795_v002484.npy,1,V9.mp4,2795,11,hook,train
data/processed/poses/V9.mp4/hook_V9_002804_v002485.npy,1,V9.mp4,2804,11,hook,train
data/processed/poses/V9.mp4/uppercut_V9_002881_v002486.npy,2,V9.mp4,2881,11,uppercut,train
data/processed/poses/V9.mp4/straight_V9_002919_v002487.npy,0,V9.mp4,2919,11,straight,train
data/processed/poses/V9.mp4/hook_V9_002938_v002488.npy,1,V9.mp4,2938,11,hook,train
data/processed/poses/V9.mp4/uppercut_V9_002955_v002489.npy,2,V9.mp4,2955,11,uppercut,train
data/processed/poses/V9.mp4/hook_V9_003017_v002490.npy,1,V9.mp4,3017,11,hook,train
data/processed/poses/V9.mp4/hook_V9_003025_v002491.npy,1,V9.mp4,3025,11,hook,train
data/processed/poses/V9.mp4/uppercut_V9_003035_v002492.npy,2,V9.mp4,3035,11,uppercut,train
data/processed/poses/V9.mp4/straight_V9_003076_v002493.npy,0,V9.mp4,3076,11,straight,train
data/processed/poses/V9.mp4/hook_V9_003093_v002494.npy,1,V9.mp4,3093,11,hook,train
data/processed/poses/V9.mp4/hook_V9_003101_v002495.npy,1,V9.mp4,3101,11,hook,train
data/processed/poses/V9.mp4/uppercut_V9_003110_v002496.npy,2,V9.mp4,3110,11,uppercut,train
data/processed/poses/V9.mp4/straight_V9_003153_v002497.npy,0,V9.mp4,3153,11,straight,train
data/processed/poses/V9.mp4/straight_V9_003160_v002498.npy,0,V9.mp4,3160,11,straight,train
data/processed/poses/V9.mp4/hook_V9_003171_v002499.npy,1,V9.mp4,3171,11,hook,train
data/processed/poses/V9.mp4/uppercut_V9_003187_v002500.npy,2,V9.mp4,3187,11,uppercut,train
data/processed/poses/V9.mp4/uppercut_V9_003196_v002501.npy,2,V9.mp4,3196,11,uppercut,train
data/processed/poses/V9.mp4/hook_V9_003265_v002502.npy,1,V9.mp4,3265,11,hook,train
data/processed/poses/V9.mp4/hook_V9_003274_v002503.npy,1,V9.mp4,3274,11,hook,train
data/processed/poses/V9.mp4/uppercut_V9_003283_v002504.npy,2,V9.mp4,3283,11,uppercut,train
data/processed/poses/V9.mp4/uppercut_V9_003290_v002505.npy,2,V9.mp4,3290,11,uppercut,train
data/processed/poses/V9.mp4/hook_V9_003488_v002506.npy,1,V9.mp4,3488,11,hook,train
data/processed/poses/V9.mp4/uppercut_V9_003524_v002507.npy,2,V9.mp4,3524,11,uppercut,train
data/processed/poses/V9.mp4/uppercut_V9_003561_v002508.npy,2,V9.mp4,3561,11,uppercut,train
data/processed/poses/V9.mp4/hook_V9_003689_v002509.npy,1,V9.mp4,3689,11,hook,train
data/processed/poses/V9.mp4/hook_V9_003725_v002510.npy,1,V9.mp4,3725,11,hook,train
data/processed/poses/V9.mp4/uppercut_V9_003759_v002511.npy,2,V9.mp4,3759,11,uppercut,train
data/processed/poses/V9.mp4/uppercut_V9_003791_v002512.npy,2,V9.mp4,3791,11,uppercut,train
data/processed/poses/V9.mp4/straight_V9_003910_v002513.npy,0,V9.mp4,3910,11,straight,train
data/processed/poses/V9.mp4/hook_V9_004228_v002514.npy,1,V9.mp4,4228,11,hook,train
data/processed/poses/V9.mp4/straight_V9_004312_v002515.npy,0,V9.mp4,4312,11,straight,train
data/processed/poses/V9.mp4/straight_V9_004320_v002516.npy,0,V9.mp4,4320,11,straight,train
data/processed/poses/V9.mp4/hook_V9_004330_v002517.npy,1,V9.mp4,4330,11,hook,train
data/processed/poses/V9.mp4/uppercut_V9_004352_v002518.npy,2,V9.mp4,4352,11,uppercut,train
data/processed/poses/V9.mp4/hook_V9_004433_v002519.npy,1,V9.mp4,4433,11,hook,train
data/processed/poses/V9.mp4/hook_V9_004445_v002520.npy,1,V9.mp4,4445,11,hook,train
data/processed/poses/V9.mp4/uppercut_V9_004455_v002521.npy,2,V9.mp4,4455,11,uppercut,train
data/processed/poses/V9.mp4/uppercut_V9_004465_v002522.npy,2,V9.mp4,4465,11,uppercut,train
data/processed/poses/V9.mp4/hook_V9_004523_v002523.npy,1,V9.mp4,4523,11,hook,train
data/processed/poses/V9.mp4/hook_V9_004535_v002524.npy,1,V9.mp4,4535,11,hook,train
data/processed/poses/V9.mp4/uppercut_V9_004544_v002525.npy,2,V9.mp4,4544,11,uppercut,train
data/processed/poses/V9.mp4/uppercut_V9_004555_v002526.npy,2,V9.mp4,4555,11,uppercut,train
data/processed/poses/V9.mp4/straight_V9_006035_v002527.npy,0,V9.mp4,6035,11,straight,train
data/processed/poses/V9.mp4/straight_V9_006042_v002528.npy,0,V9.mp4,6042,11,straight,train
data/processed/poses/V9.mp4/straight_V9_006086_v002529.npy,0,V9.mp4,6086,11,straight,train
data/processed/poses/V9.mp4/straight_V9_006304_v002530.npy,0,V9.mp4,6304,11,straight,train
data/processed/poses/V9.mp4/straight_V9_006346_v002531.npy,0,V9.mp4,6346,11,straight,train
data/processed/poses/V9.mp4/straight_V9_006384_v002532.npy,0,V9.mp4,6384,11,straight,train
data/processed/poses/V9.mp4/straight_V9_006438_v002533.npy,0,V9.mp4,6438,11,straight,train
data/processed/poses/V9.mp4/straight_V9_006535_v002534.npy,0,V9.mp4,6535,11,straight,train
data/processed/poses/V9.mp4/straight_V9_006730_v002535.npy,0,V9.mp4,6730,11,straight,train
data/processed/poses/V9.mp4/straight_V9_006823_v002536.npy,0,V9.mp4,6823,11,straight,train
data/processed/poses/V9.mp4/straight_V9_006831_v002537.npy,0,V9.mp4,6831,11,straight,train
data/processed/poses/V9.mp4/straight_V9_007046_v002538.npy,0,V9.mp4,7046,11,straight,train
data/processed/poses/V9.mp4/straight_V9_007055_v002539.npy,0,V9.mp4,7055,11,straight,train
data/processed/poses/V9.mp4/straight_V9_007227_v002540.npy,0,V9.mp4,7227,11,straight,train
data/processed/poses/V9.mp4/straight_V9_007274_v002541.npy,0,V9.mp4,7274,11,straight,train
data/processed/poses/V9.mp4/straight_V9_007473_v002542.npy,0,V9.mp4,7473,11,straight,train
data/processed/poses/V9.mp4/straight_V9_007532_v002543.npy,0,V9.mp4,7532,11,straight,train
data/processed/poses/V9.mp4/straight_V9_007808_v002544.npy,0,V9.mp4,7808,11,straight,train
data/processed/poses/V9.mp4/hook_V9_007920_v002545.npy,1,V9.mp4,7920,11,hook,train
data/processed/poses/V9.mp4/hook_V9_007980_v002546.npy,1,V9.mp4,7980,11,hook,train
data/processed/poses/V9.mp4/hook_V9_008104_v002547.npy,1,V9.mp4,8104,11,hook,train
data/processed/poses/V9.mp4/hook_V9_008174_v002548.npy,1,V9.mp4,8174,11,hook,train
data/processed/poses/V9.mp4/hook_V9_008228_v002549.npy,1,V9.mp4,8228,11,hook,train
data/processed/poses/V9.mp4/hook_V9_008356_v002550.npy,1,V9.mp4,8356,11,hook,train
data/processed/poses/V9.mp4/hook_V9_008448_v002551.npy,1,V9.mp4,8448,11,hook,train
data/processed/poses/V9.mp4/hook_V9_008457_v002552.npy,1,V9.mp4,8457,11,hook,train
data/processed/poses/V9.mp4/hook_V9_008501_v002553.npy,1,V9.mp4,8501,11,hook,train
data/processed/poses/V9.mp4/hook_V9_008619_v002554.npy,1,V9.mp4,8619,11,hook,train
data/processed/poses/V9.mp4/hook_V9_008627_v002555.npy,1,V9.mp4,8627,11,hook,train
data/processed/poses/V9.mp4/hook_V9_008801_v002556.npy,1,V9.mp4,8801,11,hook,train
data/processed/poses/V9.mp4/hook_V9_008808_v002557.npy,1,V9.mp4,8808,11,hook,train
data/processed/poses/V9.mp4/straight_V9_008880_v002558.npy,0,V9.mp4,8880,11,straight,train
data/processed/poses/V9.mp4/straight_V9_008968_v002559.npy,0,V9.mp4,8968,11,straight,train
data/processed/poses/V9.mp4/hook_V9_008980_v002560.npy,1,V9.mp4,8980,11,hook,train
data/processed/poses/V9.mp4/hook_V9_008987_v002561.npy,1,V9.mp4,8987,11,hook,train
data/processed/poses/V9.mp4/hook_V9_009051_v002562.npy,1,V9.mp4,9051,11,hook,train
data/processed/poses/V9.mp4/hook_V9_009058_v002563.npy,1,V9.mp4,9058,11,hook,train
data/processed/poses/V9.mp4/straight_V9_009126_v002564.npy,0,V9.mp4,9126,11,straight,train
data/processed/poses/V9.mp4/hook_V9_009137_v002565.npy,1,V9.mp4,9137,11,hook,train
data/processed/poses/V9.mp4/straight_V9_009199_v002566.npy,0,V9.mp4,9199,11,straight,train
data/processed/poses/V9.mp4/uppercut_V9_010268_v002567.npy,2,V9.mp4,10268,11,uppercut,train
data/processed/poses/V9.mp4/straight_V9_010274_v002568.npy,0,V9.mp4,10274,11,straight,train
data/processed/poses/V9.mp4/uppercut_V9_010387_v002569.npy,2,V9.mp4,10387,11,uppercut,train
data/processed/poses/V9.mp4/uppercut_V9_010476_v002570.npy,2,V9.mp4,10476,11,uppercut,train
data/processed/poses/V9.mp4/uppercut_V9_010561_v002571.npy,2,V9.mp4,10561,11,uppercut,train
data/processed/poses/V9.mp4/uppercut_V9_010634_v002572.npy,2,V9.mp4,10634,11,uppercut,train
data/processed/poses/V9.mp4/uppercut_V9_010703_v002573.npy,2,V9.mp4,10703,11,uppercut,train
data/processed/poses/V9.mp4/uppercut_V9_010802_v002574.npy,2,V9.mp4,10802,11,uppercut,train
data/processed/poses/V9.mp4/straight_V9_010808_v002575.npy,0,V9.mp4,10808,11,straight,train
data/processed/poses/V9.mp4/uppercut_V9_010867_v002576.npy,2,V9.mp4,10867,11,uppercut,train
data/processed/poses/V9.mp4/straight_V9_010872_v002577.npy,0,V9.mp4,10872,11,straight,train
data/processed/poses/V9.mp4/uppercut_V9_010913_v002578.npy,2,V9.mp4,10913,11,uppercut,train
data/processed/poses/V9.mp4/uppercut_V9_011030_v002579.npy,2,V9.mp4,11030,11,uppercut,train
data/processed/poses/V9.mp4/uppercut_V9_011079_v002580.npy,2,V9.mp4,11079,11,uppercut,train
data/processed/poses/V9.mp4/uppercut_V9_011187_v002581.npy,2,V9.mp4,11187,11,uppercut,train
data/processed/poses/V9.mp4/uppercut_V9_011270_v002582.npy,2,V9.mp4,11270,11,uppercut,train
data/processed/poses/V9.mp4/straight_V9_011277_v002583.npy,0,V9.mp4,11277,11,straight,train
data/processed/poses/V9.mp4/uppercut_V9_011355_v002584.npy,2,V9.mp4,11355,11,uppercut,train
data/processed/poses/V9.mp4/uppercut_V9_011441_v002585.npy,2,V9.mp4,11441,11,uppercut,train
data/processed/poses/V9.mp4/uppercut_V9_011514_v002586.npy,2,V9.mp4,11514,11,uppercut,train
data/processed/poses/V9.mp4/uppercut_V9_011577_v002587.npy,2,V9.mp4,11577,11,uppercut,train
data/processed/poses/V9.mp4/uppercut_V9_011733_v002588.npy,2,V9.mp4,11733,11,uppercut,train
data/processed/poses/V9.mp4/uppercut_V9_011828_v002589.npy,2,V9.mp4,11828,11,uppercut,train
data/processed/poses/V9.mp4/uppercut_V9_011863_v002590.npy,2,V9.mp4,11863,11,uppercut,train
data/processed/poses/V9.mp4/straight_V9_011870_v002591.npy,0,V9.mp4,11870,11,straight,train
data/processed/poses/V9.mp4/uppercut_V9_011947_v002592.npy,2,V9.mp4,11947,11,uppercut,train
data/processed/poses/V9.mp4/uppercut_V9_011976_v002593.npy,2,V9.mp4,11976,11,uppercut,train
data/processed/poses/V9.mp4/uppercut_V9_012079_v002594.npy,2,V9.mp4,12079,11,uppercut,train
data/processed/poses/V9.mp4/uppercut_V9_012116_v002595.npy,2,V9.mp4,12116,11,uppercut,train
data/processed/poses/V9.mp4/uppercut_V9_012187_v002596.npy,2,V9.mp4,12187,11,uppercut,train
data/processed/poses/V9.mp4/uppercut_V9_012291_v002597.npy,2,V9.mp4,12291,11,uppercut,train
data/processed/poses/V9.mp4/uppercut_V9_012343_v002598.npy,2,V9.mp4,12343,11,uppercut,train
data/processed/poses/V9.mp4/uppercut_V9_012402_v002599.npy,2,V9.mp4,12402,11,uppercut,train
data/processed/poses/V9.mp4/uppercut_V9_012455_v002600.npy,2,V9.mp4,12455,11,uppercut,train
data/processed/poses/V9.mp4/straight_V9_013186_v002601.npy,0,V9.mp4,13186,11,straight,train
data/processed/poses/V9.mp4/hook_V9_013186_v002602.npy,1,V9.mp4,13186,11,hook,train
data/processed/poses/V9.mp4/hook_V9_013196_v002603.npy,1,V9.mp4,13196,11,hook,train
data/processed/poses/V9.mp4/straight_V9_013334_v002604.npy,0,V9.mp4,13334,11,straight,train
data/processed/poses/V9.mp4/straight_V9_013366_v002605.npy,0,V9.mp4,13366,11,straight,train
data/processed/poses/V9.mp4/straight_V9_013445_v002606.npy,0,V9.mp4,13445,11,straight,train
data/processed/poses/V9.mp4/straight_V9_013549_v002607.npy,0,V9.mp4,13549,11,straight,train
data/processed/poses/V9.mp4/hook_V9_013608_v002608.npy,1,V9.mp4,13608,11,hook,train
data/processed/poses/V9.mp4/straight_V9_013674_v002609.npy,0,V9.mp4,13674,11,straight,train
data/processed/poses/V9.mp4/straight_V9_013977_v002610.npy,0,V9.mp4,13977,11,straight,train
data/processed/poses/V9.mp4/straight_V9_014074_v002611.npy,0,V9.mp4,14074,11,straight,train
data/processed/poses/V9.mp4/straight_V9_014080_v002612.npy,0,V9.mp4,14080,11,straight,train
data/processed/poses/V9.mp4/straight_V9_014123_v002613.npy,0,V9.mp4,14123,11,straight,train
data/processed/poses/V9.mp4/hook_V9_014134_v002614.npy,1,V9.mp4,14134,11,hook,train
data/processed/poses/V9.mp4/straight_V9_014227_v002615.npy,0,V9.mp4,14227,11,straight,train
data/processed/poses/V9.mp4/straight_V9_014298_v002616.npy,0,V9.mp4,14298,11,straight,train
data/processed/poses/V9.mp4/hook_V9_014349_v002617.npy,1,V9.mp4,14349,11,hook,train
data/processed/poses/V9.mp4/uppercut_V9_014826_v002618.npy,2,V9.mp4,14826,11,uppercut,train
data/processed/poses/V9.mp4/uppercut_V9_014871_v002619.npy,2,V9.mp4,14871,11,uppercut,train
data/processed/poses/V9.mp4/uppercut_V9_014878_v002620.npy,2,V9.mp4,14878,11,uppercut,train
data/processed/poses/V9.mp4/uppercut_V9_014921_v002621.npy,2,V9.mp4,14921,11,uppercut,train
data/processed/poses/V9.mp4/hook_V9_014978_v002622.npy,1,V9.mp4,14978,11,hook,train
data/processed/poses/V9.mp4/uppercut_V9_014985_v002623.npy,2,V9.mp4,14985,11,uppercut,train
data/processed/poses/V9.mp4/uppercut_V9_015100_v002624.npy,2,V9.mp4,15100,11,uppercut,train
data/processed/poses/V9.mp4/hook_V9_015211_v002625.npy,1,V9.mp4,15211,11,hook,train
data/processed/poses/V9.mp4/uppercut_V9_015257_v002626.npy,2,V9.mp4,15257,11,uppercut,train
data/processed/poses/V9.mp4/hook_V9_015266_v002627.npy,1,V9.mp4,15266,11,hook,train
data/processed/poses/V9.mp4/none_V9_015993_v002628.npy,3,V9.mp4,15993,11,none,train
data/processed/poses/V9.mp4/none_V9_015994_v002629.npy,3,V9.mp4,15994,11,none,train
data/processed/poses/V9.mp4/none_V9_015995_v002630.npy,3,V9.mp4,15995,11,none,train
data/processed/poses/V9.mp4/none_V9_015996_v002631.npy,3,V9.mp4,15996,11,none,train
data/processed/poses/V9.mp4/none_V9_015997_v002632.npy,3,V9.mp4,15997,11,none,train
data/processed/poses/V9.mp4/none_V9_015998_v002633.npy,3,V9.mp4,15998,11,none,train
data/processed/poses/V9.mp4/none_V9_016000_v002634.npy,3,V9.mp4,16000,11,none,train
data/processed/poses/V9.mp4/none_V9_016001_v002635.npy,3,V9.mp4,16001,11,none,train
data/processed/poses/V9.mp4/none_V9_016002_v002636.npy,3,V9.mp4,16002,11,none,train
data/processed/poses/V9.mp4/none_V9_016003_v002637.npy,3,V9.mp4,16003,11,none,train
data/processed/poses/V9.mp4/none_V9_016004_v002638.npy,3,V9.mp4,16004,11,none,train
data/processed/poses/V9.mp4/none_V9_016005_v002639.npy,3,V9.mp4,16005,11,none,train
data/processed/poses/V9.mp4/none_V9_016006_v002640.npy,3,V9.mp4,16006,11,none,train
data/processed/poses/V9.mp4/none_V9_016007_v002641.npy,3,V9.mp4,16007,11,none,train
data/processed/poses/V9.mp4/none_V9_016008_v002642.npy,3,V9.mp4,16008,11,none,train
data/processed/poses/V9.mp4/none_V9_016009_v002643.npy,3,V9.mp4,16009,11,none,train
data/processed/poses/V9.mp4/none_V9_016010_v002644.npy,3,V9.mp4,16010,11,none,train
data/processed/poses/V9.mp4/none_V9_016011_v002645.npy,3,V9.mp4,16011,11,none,train
data/processed/poses/V9.mp4/none_V9_016012_v002646.npy,3,V9.mp4,16012,11,none,train
data/processed/poses/V9.mp4/none_V9_016013_v002647.npy,3,V9.mp4,16013,11,none,train
data/processed/poses/V9.mp4/none_V9_016014_v002648.npy,3,V9.mp4,16014,11,none,train
data/processed/poses/V9.mp4/none_V9_016015_v002649.npy,3,V9.mp4,16015,11,none,train
data/processed/poses/V9.mp4/none_V9_016016_v002650.npy,3,V9.mp4,16016,11,none,train
data/processed/poses/V9.mp4/none_V9_016017_v002651.npy,3,V9.mp4,16017,11,none,train
data/processed/poses/V9.mp4/none_V9_016018_v002652.npy,3,V9.mp4,16018,11,none,train
data/processed/poses/V9.mp4/none_V9_016019_v002653.npy,3,V9.mp4,16019,11,none,train
data/processed/poses/V9.mp4/none_V9_016021_v002654.npy,3,V9.mp4,16021,11,none,train
data/processed/poses/V9.mp4/none_V9_016022_v002655.npy,3,V9.mp4,16022,11,none,train
data/processed/poses/V9.mp4/none_V9_016023_v002656.npy,3,V9.mp4,16023,11,none,train
data/processed/poses/V9.mp4/none_V9_016024_v002657.npy,3,V9.mp4,16024,11,none,train
data/processed/poses/V9.mp4/none_V9_016025_v002658.npy,3,V9.mp4,16025,11,none,train
data/processed/poses/V9.mp4/none_V9_016026_v002659.npy,3,V9.mp4,16026,11,none,train
data/processed/poses/V9.mp4/none_V9_016027_v002660.npy,3,V9.mp4,16027,11,none,train
data/processed/poses/V9.mp4/none_V9_016028_v002661.npy,3,V9.mp4,16028,11,none,train
data/processed/poses/V9.mp4/none_V9_016029_v002662.npy,3,V9.mp4,16029,11,none,train
data/processed/poses/V9.mp4/none_V9_016030_v002663.npy,3,V9.mp4,16030,11,none,train
data/processed/poses/V9.mp4/none_V9_016031_v002664.npy,3,V9.mp4,16031,11,none,train
data/processed/poses/V9.mp4/none_V9_016032_v002665.npy,3,V9.mp4,16032,11,none,train
data/processed/poses/V9.mp4/none_V9_016033_v002666.npy,3,V9.mp4,16033,11,none,train
data/processed/poses/V9.mp4/none_V9_016034_v002667.npy,3,V9.mp4,16034,11,none,train
data/processed/poses/V9.mp4/none_V9_016035_v002668.npy,3,V9.mp4,16035,11,none,train
data/processed/poses/V9.mp4/none_V9_016036_v002669.npy,3,V9.mp4,16036,11,none,train
data/processed/poses/V9.mp4/none_V9_016037_v002670.npy,3,V9.mp4,16037,11,none,train
data/processed/poses/V9.mp4/none_V9_016038_v002671.npy,3,V9.mp4,16038,11,none,train
data/processed/poses/V9.mp4/none_V9_016039_v002672.npy,3,V9.mp4,16039,11,none,train
data/processed/poses/V9.mp4/none_V9_016040_v002673.npy,3,V9.mp4,16040,11,none,train
data/processed/poses/V9.mp4/none_V9_016041_v002674.npy,3,V9.mp4,16041,11,none,train
data/processed/poses/V9.mp4/none_V9_016043_v002675.npy,3,V9.mp4,16043,11,none,train
data/processed/poses/V9.mp4/none_V9_016044_v002676.npy,3,V9.mp4,16044,11,none,train
data/processed/poses/V9.mp4/none_V9_016045_v002677.npy,3,V9.mp4,16045,11,none,train
data/processed/poses/V9.mp4/none_V9_016046_v002678.npy,3,V9.mp4,16046,11,none,train
data/processed/poses/V9.mp4/none_V9_016047_v002679.npy,3,V9.mp4,16047,11,none,train
data/processed/poses/V9.mp4/none_V9_016048_v002680.npy,3,V9.mp4,16048,11,none,train
data/processed/poses/V9.mp4/none_V9_016049_v002681.npy,3,V9.mp4,16049,11,none,train
data/processed/poses/V9.mp4/none_V9_016050_v002682.npy,3,V9.mp4,16050,11,none,train
data/processed/poses/V9.mp4/none_V9_016051_v002683.npy,3,V9.mp4,16051,11,none,train
data/processed/poses/V9.mp4/none_V9_016052_v002684.npy,3,V9.mp4,16052,11,none,train
data/processed/poses/V9.mp4/none_V9_016053_v002685.npy,3,V9.mp4,16053,11,none,train
data/processed/poses/V9.mp4/none_V9_016054_v002686.npy,3,V9.mp4,16054,11,none,train
data/processed/poses/V9.mp4/none_V9_016055_v002687.npy,3,V9.mp4,16055,11,none,train
data/processed/poses/V9.mp4/none_V9_016056_v002688.npy,3,V9.mp4,16056,11,none,train
data/processed/poses/V9.mp4/none_V9_016057_v002689.npy,3,V9.mp4,16057,11,none,train
data/processed/poses/V9.mp4/none_V9_016058_v002690.npy,3,V9.mp4,16058,11,none,train
data/processed/poses/V9.mp4/none_V9_016059_v002691.npy,3,V9.mp4,16059,11,none,train
data/processed/poses/V9.mp4/none_V9_016060_v002692.npy,3,V9.mp4,16060,11,none,train
data/processed/poses/V9.mp4/none_V9_016061_v002693.npy,3,V9.mp4,16061,11,none,train
data/processed/poses/V9.mp4/none_V9_016062_v002694.npy,3,V9.mp4,16062,11,none,train
data/processed/poses/V9.mp4/none_V9_016063_v002695.npy,3,V9.mp4,16063,11,none,train
data/processed/poses/V9.mp4/none_V9_016064_v002696.npy,3,V9.mp4,16064,11,none,train
data/processed/poses/V9.mp4/none_V9_016065_v002697.npy,3,V9.mp4,16065,11,none,train
data/processed/poses/V9.mp4/none_V9_016066_v002698.npy,3,V9.mp4,16066,11,none,train
data/processed/poses/V9.mp4/none_V9_016066_v002699.npy,3,V9.mp4,16066,11,none,train
data/processed/poses/V9.mp4/none_V9_016067_v002700.npy,3,V9.mp4,16067,11,none,train
data/processed/poses/V9.mp4/none_V9_016068_v002701.npy,3,V9.mp4,16068,11,none,train
data/processed/poses/V9.mp4/none_V9_016069_v002702.npy,3,V9.mp4,16069,11,none,train
data/processed/poses/V9.mp4/none_V9_016070_v002703.npy,3,V9.mp4,16070,11,none,train
data/processed/poses/V9.mp4/none_V9_016071_v002704.npy,3,V9.mp4,16071,11,none,train
data/processed/poses/V9.mp4/none_V9_016072_v002705.npy,3,V9.mp4,16072,11,none,train
data/processed/poses/V9.mp4/none_V9_016073_v002706.npy,3,V9.mp4,16073,11,none,train
data/processed/poses/V9.mp4/none_V9_016074_v002707.npy,3,V9.mp4,16074,11,none,train
data/processed/poses/V9.mp4/none_V9_016079_v002708.npy,3,V9.mp4,16079,11,none,train
data/processed/poses/V9.mp4/none_V9_016080_v002709.npy,3,V9.mp4,16080,11,none,train
data/processed/poses/V9.mp4/none_V9_016081_v002710.npy,3,V9.mp4,16081,11,none,train
data/processed/poses/V9.mp4/none_V9_016082_v002711.npy,3,V9.mp4,16082,11,none,train
data/processed/poses/V9.mp4/none_V9_016083_v002712.npy,3,V9.mp4,16083,11,none,train
data/processed/poses/V9.mp4/none_V9_016084_v002713.npy,3,V9.mp4,16084,11,none,train
data/processed/poses/V9.mp4/none_V9_016085_v002714.npy,3,V9.mp4,16085,11,none,train
data/processed/poses/V9.mp4/none_V9_016086_v002715.npy,3,V9.mp4,16086,11,none,train
data/processed/poses/IMG_3279.mp4/hook_IMG_3279_000887_v002716.npy,1,IMG_3279.mp4,887,11,hook,train
data/processed/poses/IMG_3279.mp4/uppercut_IMG_3279_000939_v002717.npy,2,IMG_3279.mp4,939,11,uppercut,train
data/processed/poses/IMG_3279.mp4/hook_IMG_3279_000985_v002718.npy,1,IMG_3279.mp4,985,11,hook,train
data/processed/poses/IMG_3279.mp4/hook_IMG_3279_001040_v002719.npy,1,IMG_3279.mp4,1040,11,hook,train
data/processed/poses/IMG_3279.mp4/uppercut_IMG_3279_001092_v002720.npy,2,IMG_3279.mp4,1092,11,uppercut,train
data/processed/poses/IMG_3279.mp4/hook_IMG_3279_001140_v002721.npy,1,IMG_3279.mp4,1140,11,hook,train
data/processed/poses/IMG_3279.mp4/hook_IMG_3279_001201_v002722.npy,1,IMG_3279.mp4,1201,11,hook,train
data/processed/poses/IMG_3279.mp4/uppercut_IMG_3279_001260_v002723.npy,2,IMG_3279.mp4,1260,11,uppercut,train
data/processed/poses/IMG_3279.mp4/hook_IMG_3279_001315_v002724.npy,1,IMG_3279.mp4,1315,11,hook,train
data/processed/poses/IMG_3279.mp4/hook_IMG_3279_001373_v002725.npy,1,IMG_3279.mp4,1373,11,hook,train
data/processed/poses/IMG_3279.mp4/uppercut_IMG_3279_001431_v002726.npy,2,IMG_3279.mp4,1431,11,uppercut,train
data/processed/poses/IMG_3279.mp4/hook_IMG_3279_001485_v002727.npy,1,IMG_3279.mp4,1485,11,hook,train
data/processed/poses/IMG_3279.mp4/hook_IMG_3279_001545_v002728.npy,1,IMG_3279.mp4,1545,11,hook,train
data/processed/poses/IMG_3279.mp4/uppercut_IMG_3279_001603_v002729.npy,2,IMG_3279.mp4,1603,11,uppercut,train
data/processed/poses/IMG_3279.mp4/hook_IMG_3279_001654_v002730.npy,1,IMG_3279.mp4,1654,11,hook,train
data/processed/poses/IMG_3279.mp4/hook_IMG_3279_001715_v002731.npy,1,IMG_3279.mp4,1715,11,hook,train
data/processed/poses/IMG_3279.mp4/uppercut_IMG_3279_001820_v002732.npy,2,IMG_3279.mp4,1820,11,uppercut,train
data/processed/poses/IMG_3279.mp4/hook_IMG_3279_001936_v002733.npy,1,IMG_3279.mp4,1936,11,hook,train
data/processed/poses/IMG_3279.mp4/uppercut_IMG_3279_001989_v002734.npy,2,IMG_3279.mp4,1989,11,uppercut,train
data/processed/poses/IMG_3279.mp4/hook_IMG_3279_002094_v002735.npy,1,IMG_3279.mp4,2094,11,hook,train
data/processed/poses/IMG_3279.mp4/hook_IMG_3279_002149_v002736.npy,1,IMG_3279.mp4,2149,11,hook,train
data/processed/poses/IMG_3279.mp4/uppercut_IMG_3279_002202_v002737.npy,2,IMG_3279.mp4,2202,11,uppercut,train
data/processed/poses/IMG_3279.mp4/hook_IMG_3279_002257_v002738.npy,1,IMG_3279.mp4,2257,11,hook,train
data/processed/poses/IMG_3279.mp4/hook_IMG_3279_002311_v002739.npy,1,IMG_3279.mp4,2311,11,hook,train
data/processed/poses/IMG_3279.mp4/hook_IMG_3279_002373_v002740.npy,1,IMG_3279.mp4,2373,11,hook,train
data/processed/poses/IMG_3279.mp4/uppercut_IMG_3279_002426_v002741.npy,2,IMG_3279.mp4,2426,11,uppercut,train
data/processed/poses/IMG_3279.mp4/uppercut_IMG_3279_002488_v002742.npy,2,IMG_3279.mp4,2488,11,uppercut,train
data/processed/poses/IMG_3279.mp4/uppercut_IMG_3279_002544_v002743.npy,2,IMG_3279.mp4,2544,11,uppercut,train
data/processed/poses/IMG_3279.mp4/uppercut_IMG_3279_002657_v002744.npy,2,IMG_3279.mp4,2657,11,uppercut,train
data/processed/poses/IMG_3279.mp4/hook_IMG_3279_002715_v002745.npy,1,IMG_3279.mp4,2715,11,hook,train
data/processed/poses/IMG_3279.mp4/hook_IMG_3279_002772_v002746.npy,1,IMG_3279.mp4,2772,11,hook,train
data/processed/poses/IMG_3279.mp4/uppercut_IMG_3279_002831_v002747.npy,2,IMG_3279.mp4,2831,11,uppercut,train
data/processed/poses/IMG_3279.mp4/uppercut_IMG_3279_002947_v002748.npy,2,IMG_3279.mp4,2947,11,uppercut,train
data/processed/poses/IMG_3279.mp4/hook_IMG_3279_003001_v002749.npy,1,IMG_3279.mp4,3001,11,hook,train
data/processed/poses/IMG_3279.mp4/hook_IMG_3279_003062_v002750.npy,1,IMG_3279.mp4,3062,11,hook,train
data/processed/poses/IMG_3279.mp4/uppercut_IMG_3279_003118_v002751.npy,2,IMG_3279.mp4,3118,11,uppercut,train
data/processed/poses/IMG_3279.mp4/hook_IMG_3279_003178_v002752.npy,1,IMG_3279.mp4,3178,11,hook,train
data/processed/poses/IMG_3279.mp4/hook_IMG_3279_003234_v002753.npy,1,IMG_3279.mp4,3234,11,hook,train
data/processed/poses/IMG_3279.mp4/hook_IMG_3279_003301_v002754.npy,1,IMG_3279.mp4,3301,11,hook,train
data/processed/poses/IMG_3279.mp4/hook_IMG_3279_003363_v002755.npy,1,IMG_3279.mp4,3363,11,hook,train
data/processed/poses/IMG_3280.mp4/hook_IMG_3280_000016_v002756.npy,1,IMG_3280.mp4,16,11,hook,train
data/processed/poses/IMG_3280.mp4/uppercut_IMG_3280_000061_v002757.npy,2,IMG_3280.mp4,61,11,uppercut,train
data/processed/poses/IMG_3280.mp4/hook_IMG_3280_000152_v002758.npy,1,IMG_3280.mp4,152,11,hook,train
data/processed/poses/IMG_3280.mp4/uppercut_IMG_3280_000201_v002759.npy,2,IMG_3280.mp4,201,11,uppercut,train
data/processed/poses/IMG_3280.mp4/uppercut_IMG_3280_000254_v002760.npy,2,IMG_3280.mp4,254,11,uppercut,train
data/processed/poses/IMG_3280.mp4/uppercut_IMG_3280_000303_v002761.npy,2,IMG_3280.mp4,303,11,uppercut,train
data/processed/poses/IMG_3280.mp4/uppercut_IMG_3280_000352_v002762.npy,2,IMG_3280.mp4,352,11,uppercut,train
data/processed/poses/IMG_3280.mp4/hook_IMG_3280_000401_v002763.npy,1,IMG_3280.mp4,401,11,hook,train
data/processed/poses/IMG_3280.mp4/uppercut_IMG_3280_000453_v002764.npy,2,IMG_3280.mp4,453,11,uppercut,train
data/processed/poses/IMG_3280.mp4/uppercut_IMG_3280_000503_v002765.npy,2,IMG_3280.mp4,503,11,uppercut,train
data/processed/poses/IMG_3280.mp4/uppercut_IMG_3280_000607_v002766.npy,2,IMG_3280.mp4,607,11,uppercut,train
data/processed/poses/IMG_3280.mp4/uppercut_IMG_3280_000653_v002767.npy,2,IMG_3280.mp4,653,11,uppercut,train
data/processed/poses/IMG_3280.mp4/uppercut_IMG_3280_000707_v002768.npy,2,IMG_3280.mp4,707,11,uppercut,train
data/processed/poses/IMG_3280.mp4/uppercut_IMG_3280_000759_v002769.npy,2,IMG_3280.mp4,759,11,uppercut,train
data/processed/poses/IMG_3280.mp4/uppercut_IMG_3280_000811_v002770.npy,2,IMG_3280.mp4,811,11,uppercut,train
data/processed/poses/IMG_3280.mp4/uppercut_IMG_3280_000884_v002771.npy,2,IMG_3280.mp4,884,11,uppercut,train
data/processed/poses/IMG_3280.mp4/uppercut_IMG_3280_000932_v002772.npy,2,IMG_3280.mp4,932,11,uppercut,train
data/processed/poses/IMG_3280.mp4/hook_IMG_3280_000985_v002773.npy,1,IMG_3280.mp4,985,11,hook,train
data/processed/poses/IMG_3280.mp4/hook_IMG_3280_001037_v002774.npy,1,IMG_3280.mp4,1037,11,hook,train
data/processed/poses/IMG_3280.mp4/hook_IMG_3280_001087_v002775.npy,1,IMG_3280.mp4,1087,11,hook,train
data/processed/poses/IMG_3280.mp4/uppercut_IMG_3280_001138_v002776.npy,2,IMG_3280.mp4,1138,11,uppercut,train
data/processed/poses/IMG_3280.mp4/uppercut_IMG_3280_001190_v002777.npy,2,IMG_3280.mp4,1190,11,uppercut,train
data/processed/poses/IMG_3280.mp4/uppercut_IMG_3280_001243_v002778.npy,2,IMG_3280.mp4,1243,11,uppercut,train
data/processed/poses/IMG_3280.mp4/uppercut_IMG_3280_001290_v002779.npy,2,IMG_3280.mp4,1290,11,uppercut,train
data/processed/poses/IMG_3280.mp4/hook_IMG_3280_001339_v002780.npy,1,IMG_3280.mp4,1339,11,hook,train
data/processed/poses/IMG_3280.mp4/hook_IMG_3280_001391_v002781.npy,1,IMG_3280.mp4,1391,11,hook,train
data/processed/poses/IMG_3280.mp4/hook_IMG_3280_001438_v002782.npy,1,IMG_3280.mp4,1438,11,hook,train
data/processed/poses/IMG_3280.mp4/hook_IMG_3280_001486_v002783.npy,1,IMG_3280.mp4,1486,11,hook,train
data/processed/poses/IMG_3280.mp4/hook_IMG_3280_001538_v002784.npy,1,IMG_3280.mp4,1538,11,hook,train
data/processed/poses/IMG_3280.mp4/uppercut_IMG_3280_001587_v002785.npy,2,IMG_3280.mp4,1587,11,uppercut,train
data/processed/poses/IMG_3280.mp4/hook_IMG_3280_001638_v002786.npy,1,IMG_3280.mp4,1638,11,hook,train
data/processed/poses/IMG_3280.mp4/uppercut_IMG_3280_001687_v002787.npy,2,IMG_3280.mp4,1687,11,uppercut,train
data/processed/poses/IMG_3280.mp4/uppercut_IMG_3280_001736_v002788.npy,2,IMG_3280.mp4,1736,11,uppercut,train
data/processed/poses/IMG_3280.mp4/uppercut_IMG_3280_001791_v002789.npy,2,IMG_3280.mp4,1791,11,uppercut,train
data/processed/poses/IMG_3280.mp4/uppercut_IMG_3280_001836_v002790.npy,2,IMG_3280.mp4,1836,11,uppercut,train
data/processed/poses/IMG_3280.mp4/hook_IMG_3280_001921_v002791.npy,1,IMG_3280.mp4,1921,11,hook,train
data/processed/poses/IMG_3280.mp4/hook_IMG_3280_001965_v002792.npy,1,IMG_3280.mp4,1965,11,hook,train
data/processed/poses/IMG_3280.mp4/hook_IMG_3280_002013_v002793.npy,1,IMG_3280.mp4,2013,11,hook,train
data/processed/poses/IMG_3280.mp4/hook_IMG_3280_002059_v002794.npy,1,IMG_3280.mp4,2059,11,hook,train
data/processed/poses/IMG_3280.mp4/hook_IMG_3280_002109_v002795.npy,1,IMG_3280.mp4,2109,11,hook,train
data/processed/poses/IMG_3280.mp4/uppercut_IMG_3280_002156_v002796.npy,2,IMG_3280.mp4,2156,11,uppercut,train
data/processed/poses/IMG_3280.mp4/uppercut_IMG_3280_002203_v002797.npy,2,IMG_3280.mp4,2203,11,uppercut,train
data/processed/poses/IMG_3280.mp4/hook_IMG_3280_002253_v002798.npy,1,IMG_3280.mp4,2253,11,hook,train
data/processed/poses/IMG_3280.mp4/hook_IMG_3280_002300_v002799.npy,1,IMG_3280.mp4,2300,11,hook,train
data/processed/poses/IMG_3280.mp4/hook_IMG_3280_002347_v002800.npy,1,IMG_3280.mp4,2347,11,hook,train
data/processed/poses/IMG_3280.mp4/uppercut_IMG_3280_002393_v002801.npy,2,IMG_3280.mp4,2393,11,uppercut,train
data/processed/poses/IMG_3280.mp4/uppercut_IMG_3280_002440_v002802.npy,2,IMG_3280.mp4,2440,11,uppercut,train
data/processed/poses/IMG_3280.mp4/uppercut_IMG_3280_002491_v002803.npy,2,IMG_3280.mp4,2491,11,uppercut,train
data/processed/poses/IMG_3281.mp4/uppercut_IMG_3281_000233_v002804.npy,2,IMG_3281.mp4,233,11,uppercut,train
data/processed/poses/IMG_3281.mp4/hook_IMG_3281_000267_v002805.npy,1,IMG_3281.mp4,267,11,hook,train
data/processed/poses/IMG_3281.mp4/uppercut_IMG_3281_000311_v002806.npy,2,IMG_3281.mp4,311,11,uppercut,train
data/processed/poses/IMG_3281.mp4/uppercut_IMG_3281_000360_v002807.npy,2,IMG_3281.mp4,360,11,uppercut,train
data/processed/poses/IMG_3281.mp4/hook_IMG_3281_000411_v002808.npy,1,IMG_3281.mp4,411,11,hook,train
data/processed/poses/IMG_3281.mp4/hook_IMG_3281_000466_v002809.npy,1,IMG_3281.mp4,466,11,hook,train
data/processed/poses/IMG_3281.mp4/uppercut_IMG_3281_000521_v002810.npy,2,IMG_3281.mp4,521,11,uppercut,train
data/processed/poses/IMG_3281.mp4/uppercut_IMG_3281_000569_v002811.npy,2,IMG_3281.mp4,569,11,uppercut,train
data/processed/poses/IMG_3281.mp4/hook_IMG_3281_000623_v002812.npy,1,IMG_3281.mp4,623,11,hook,train
data/processed/poses/IMG_3281.mp4/hook_IMG_3281_000679_v002813.npy,1,IMG_3281.mp4,679,11,hook,train
data/processed/poses/IMG_3281.mp4/uppercut_IMG_3281_000725_v002814.npy,2,IMG_3281.mp4,725,11,uppercut,train
data/processed/poses/IMG_3281.mp4/hook_IMG_3281_000769_v002815.npy,1,IMG_3281.mp4,769,11,hook,train
data/processed/poses/IMG_3281.mp4/hook_IMG_3281_000829_v002816.npy,1,IMG_3281.mp4,829,11,hook,train
data/processed/poses/IMG_3281.mp4/uppercut_IMG_3281_000884_v002817.npy,2,IMG_3281.mp4,884,11,uppercut,train
data/processed/poses/IMG_3281.mp4/hook_IMG_3281_000935_v002818.npy,1,IMG_3281.mp4,935,11,hook,train
data/processed/poses/IMG_3281.mp4/uppercut_IMG_3281_000988_v002819.npy,2,IMG_3281.mp4,988,11,uppercut,train
data/processed/poses/IMG_3281.mp4/hook_IMG_3281_001043_v002820.npy,1,IMG_3281.mp4,1043,11,hook,train
data/processed/poses/IMG_3281.mp4/hook_IMG_3281_001095_v002821.npy,1,IMG_3281.mp4,1095,11,hook,train
data/processed/poses/IMG_3281.mp4/hook_IMG_3281_001149_v002822.npy,1,IMG_3281.mp4,1149,11,hook,train
data/processed/poses/IMG_3281.mp4/uppercut_IMG_3281_001203_v002823.npy,2,IMG_3281.mp4,1203,11,uppercut,train
data/processed/poses/IMG_3281.mp4/uppercut_IMG_3281_001255_v002824.npy,2,IMG_3281.mp4,1255,11,uppercut,train
data/processed/poses/IMG_3281.mp4/uppercut_IMG_3281_001349_v002825.npy,2,IMG_3281.mp4,1349,11,uppercut,train
data/processed/poses/IMG_3281.mp4/uppercut_IMG_3281_001400_v002826.npy,2,IMG_3281.mp4,1400,11,uppercut,train
data/processed/poses/IMG_3281.mp4/hook_IMG_3281_001452_v002827.npy,1,IMG_3281.mp4,1452,11,hook,train
data/processed/poses/IMG_3281.mp4/uppercut_IMG_3281_001566_v002828.npy,2,IMG_3281.mp4,1566,11,uppercut,train
data/processed/poses/IMG_3281.mp4/hook_IMG_3281_001620_v002829.npy,1,IMG_3281.mp4,1620,11,hook,train
data/processed/poses/IMG_3281.mp4/uppercut_IMG_3281_001678_v002830.npy,2,IMG_3281.mp4,1678,11,uppercut,train
data/processed/poses/IMG_3281.mp4/hook_IMG_3281_001722_v002831.npy,1,IMG_3281.mp4,1722,11,hook,train
data/processed/poses/IMG_3281.mp4/hook_IMG_3281_001777_v002832.npy,1,IMG_3281.mp4,1777,11,hook,train
data/processed/poses/IMG_3281.mp4/hook_IMG_3281_001826_v002833.npy,1,IMG_3281.mp4,1826,11,hook,train
data/processed/poses/IMG_3281.mp4/hook_IMG_3281_001881_v002834.npy,1,IMG_3281.mp4,1881,11,hook,train
data/processed/poses/IMG_3281.mp4/uppercut_IMG_3281_001932_v002835.npy,2,IMG_3281.mp4,1932,11,uppercut,train
data/processed/poses/IMG_3281.mp4/uppercut_IMG_3281_001984_v002836.npy,2,IMG_3281.mp4,1984,11,uppercut,train
data/processed/poses/IMG_3281.mp4/hook_IMG_3281_002041_v002837.npy,1,IMG_3281.mp4,2041,11,hook,train
data/processed/poses/IMG_3281.mp4/uppercut_IMG_3281_002090_v002838.npy,2,IMG_3281.mp4,2090,11,uppercut,train
data/processed/poses/IMG_3281.mp4/hook_IMG_3281_002135_v002839.npy,1,IMG_3281.mp4,2135,11,hook,train
data/processed/poses/IMG_3281.mp4/uppercut_IMG_3281_002238_v002840.npy,2,IMG_3281.mp4,2238,11,uppercut,train
data/processed/poses/IMG_3281.mp4/hook_IMG_3281_002281_v002841.npy,1,IMG_3281.mp4,2281,11,hook,train
data/processed/poses/IMG_3281.mp4/uppercut_IMG_3281_002331_v002842.npy,2,IMG_3281.mp4,2331,11,uppercut,train
data/processed/poses/IMG_3281.mp4/hook_IMG_3281_002380_v002843.npy,1,IMG_3281.mp4,2380,11,hook,train
data/processed/poses/IMG_3282.mp4/hook_IMG_3282_000074_v002844.npy,1,IMG_3282.mp4,74,11,hook,train
data/processed/poses/IMG_3282.mp4/hook_IMG_3282_000122_v002845.npy,1,IMG_3282.mp4,122,11,hook,train
data/processed/poses/IMG_3282.mp4/hook_IMG_3282_000165_v002846.npy,1,IMG_3282.mp4,165,11,hook,train
data/processed/poses/IMG_3282.mp4/uppercut_IMG_3282_000211_v002847.npy,2,IMG_3282.mp4,211,11,uppercut,train
data/processed/poses/IMG_3282.mp4/uppercut_IMG_3282_000254_v002848.npy,2,IMG_3282.mp4,254,11,uppercut,train
data/processed/poses/IMG_3282.mp4/uppercut_IMG_3282_000294_v002849.npy,2,IMG_3282.mp4,294,11,uppercut,train
data/processed/poses/IMG_3282.mp4/uppercut_IMG_3282_000339_v002850.npy,2,IMG_3282.mp4,339,11,uppercut,train
data/processed/poses/IMG_3282.mp4/uppercut_IMG_3282_000380_v002851.npy,2,IMG_3282.mp4,380,11,uppercut,train
data/processed/poses/IMG_3282.mp4/uppercut_IMG_3282_000419_v002852.npy,2,IMG_3282.mp4,419,11,uppercut,train
data/processed/poses/IMG_3282.mp4/hook_IMG_3282_000463_v002853.npy,1,IMG_3282.mp4,463,11,hook,train
data/processed/poses/IMG_3282.mp4/hook_IMG_3282_000500_v002854.npy,1,IMG_3282.mp4,500,11,hook,train
data/processed/poses/IMG_3282.mp4/hook_IMG_3282_000539_v002855.npy,1,IMG_3282.mp4,539,11,hook,train
data/processed/poses/IMG_3282.mp4/hook_IMG_3282_000578_v002856.npy,1,IMG_3282.mp4,578,11,hook,train
data/processed/poses/IMG_3282.mp4/hook_IMG_3282_000618_v002857.npy,1,IMG_3282.mp4,618,11,hook,train
data/processed/poses/IMG_3282.mp4/hook_IMG_3282_000660_v002858.npy,1,IMG_3282.mp4,660,11,hook,train
data/processed/poses/IMG_3282.mp4/uppercut_IMG_3282_000700_v002859.npy,2,IMG_3282.mp4,700,11,uppercut,train
data/processed/poses/IMG_3282.mp4/uppercut_IMG_3282_000741_v002860.npy,2,IMG_3282.mp4,741,11,uppercut,train
data/processed/poses/IMG_3282.mp4/uppercut_IMG_3282_000781_v002861.npy,2,IMG_3282.mp4,781,11,uppercut,train
data/processed/poses/IMG_3282.mp4/uppercut_IMG_3282_000827_v002862.npy,2,IMG_3282.mp4,827,11,uppercut,train
data/processed/poses/IMG_3282.mp4/uppercut_IMG_3282_000864_v002863.npy,2,IMG_3282.mp4,864,11,uppercut,train
data/processed/poses/IMG_3282.mp4/uppercut_IMG_3282_000906_v002864.npy,2,IMG_3282.mp4,906,11,uppercut,train
data/processed/poses/IMG_3282.mp4/hook_IMG_3282_001037_v002865.npy,1,IMG_3282.mp4,1037,11,hook,train
data/processed/poses/IMG_3282.mp4/hook_IMG_3282_001078_v002866.npy,1,IMG_3282.mp4,1078,11,hook,train
data/processed/poses/IMG_3282.mp4/hook_IMG_3282_001119_v002867.npy,1,IMG_3282.mp4,1119,11,hook,train
data/processed/poses/IMG_3282.mp4/hook_IMG_3282_001160_v002868.npy,1,IMG_3282.mp4,1160,11,hook,train
data/processed/poses/IMG_3282.mp4/uppercut_IMG_3282_001206_v002869.npy,2,IMG_3282.mp4,1206,11,uppercut,train
data/processed/poses/IMG_3282.mp4/uppercut_IMG_3282_001244_v002870.npy,2,IMG_3282.mp4,1244,11,uppercut,train
data/processed/poses/IMG_3282.mp4/uppercut_IMG_3282_001281_v002871.npy,2,IMG_3282.mp4,1281,11,uppercut,train
data/processed/poses/IMG_3282.mp4/uppercut_IMG_3282_001319_v002872.npy,2,IMG_3282.mp4,1319,11,uppercut,train
data/processed/poses/IMG_3282.mp4/uppercut_IMG_3282_001360_v002873.npy,2,IMG_3282.mp4,1360,11,uppercut,train
data/processed/poses/IMG_3282.mp4/uppercut_IMG_3282_001402_v002874.npy,2,IMG_3282.mp4,1402,11,uppercut,train
data/processed/poses/IMG_3282.mp4/hook_IMG_3282_001442_v002875.npy,1,IMG_3282.mp4,1442,11,hook,train
data/processed/poses/IMG_3282.mp4/none_IMG_3282_001563_v002876.npy,3,IMG_3282.mp4,1563,11,none,train
data/processed/poses/IMG_3282.mp4/none_IMG_3282_001564_v002877.npy,3,IMG_3282.mp4,1564,11,none,train
data/processed/poses/IMG_3282.mp4/none_IMG_3282_001565_v002878.npy,3,IMG_3282.mp4,1565,11,none,train
data/processed/poses/IMG_3282.mp4/none_IMG_3282_001566_v002879.npy,3,IMG_3282.mp4,1566,11,none,train
data/processed/poses/IMG_3282.mp4/none_IMG_3282_001568_v002880.npy,3,IMG_3282.mp4,1568,11,none,train
data/processed/poses/IMG_3282.mp4/none_IMG_3282_001569_v002881.npy,3,IMG_3282.mp4,1569,11,none,train
data/processed/poses/IMG_3282.mp4/none_IMG_3282_001570_v002882.npy,3,IMG_3282.mp4,1570,11,none,train
data/processed/poses/IMG_3282.mp4/none_IMG_3282_001571_v002883.npy,3,IMG_3282.mp4,1571,11,none,train
data/processed/poses/IMG_3282.mp4/none_IMG_3282_001572_v002884.npy,3,IMG_3282.mp4,1572,11,none,train
data/processed/poses/IMG_3282.mp4/none_IMG_3282_001572_v002885.npy,3,IMG_3282.mp4,1572,11,none,train
data/processed/poses/IMG_3282.mp4/none_IMG_3282_001573_v002886.npy,3,IMG_3282.mp4,1573,11,none,train
data/processed/poses/IMG_3282.mp4/none_IMG_3282_001574_v002887.npy,3,IMG_3282.mp4,1574,11,none,train
data/processed/poses/IMG_3282.mp4/none_IMG_3282_001575_v002888.npy,3,IMG_3282.mp4,1575,11,none,train
data/processed/poses/IMG_3282.mp4/none_IMG_3282_001576_v002889.npy,3,IMG_3282.mp4,1576,11,none,train
data/processed/poses/IMG_3282.mp4/none_IMG_3282_001577_v002890.npy,3,IMG_3282.mp4,1577,11,none,train
data/processed/poses/IMG_3282.mp4/none_IMG_3282_001578_v002891.npy,3,IMG_3282.mp4,1578,11,none,train
data/processed/poses/IMG_3282.mp4/none_IMG_3282_001580_v002892.npy,3,IMG_3282.mp4,1580,11,none,train
data/processed/poses/IMG_3282.mp4/hook_IMG_3282_001638_v002893.npy,1,IMG_3282.mp4,1638,11,hook,train
data/processed/poses/IMG_3282.mp4/hook_IMG_3282_001672_v002894.npy,1,IMG_3282.mp4,1672,11,hook,train
data/processed/poses/IMG_3282.mp4/hook_IMG_3282_001709_v002895.npy,1,IMG_3282.mp4,1709,11,hook,train
data/processed/poses/IMG_3282.mp4/uppercut_IMG_3282_001745_v002896.npy,2,IMG_3282.mp4,1745,11,uppercut,train
data/processed/poses/IMG_3282.mp4/uppercut_IMG_3282_001785_v002897.npy,2,IMG_3282.mp4,1785,11,uppercut,train
data/processed/poses/IMG_3282.mp4/uppercut_IMG_3282_001843_v002898.npy,2,IMG_3282.mp4,1843,11,uppercut,train
data/processed/poses/IMG_3282.mp4/uppercut_IMG_3282_001885_v002899.npy,2,IMG_3282.mp4,1885,11,uppercut,train
data/processed/poses/IMG_3282.mp4/uppercut_IMG_3282_001934_v002900.npy,2,IMG_3282.mp4,1934,11,uppercut,train
data/processed/poses/IMG_3282.mp4/uppercut_IMG_3282_001978_v002901.npy,2,IMG_3282.mp4,1978,11,uppercut,train
data/processed/poses/IMG_3282.mp4/uppercut_IMG_3282_002022_v002902.npy,2,IMG_3282.mp4,2022,11,uppercut,train
data/processed/poses/IMG_3282.mp4/uppercut_IMG_3282_002066_v002903.npy,2,IMG_3282.mp4,2066,11,uppercut,train
data/processed/poses/IMG_3282.mp4/uppercut_IMG_3282_002107_v002904.npy,2,IMG_3282.mp4,2107,11,uppercut,train
data/processed/poses/IMG_3284.mp4/none_IMG_3284_000050_v002905.npy,3,IMG_3284.mp4,50,11,none,train
data/processed/poses/IMG_3284.mp4/none_IMG_3284_000080_v002906.npy,3,IMG_3284.mp4,80,11,none,train
data/processed/poses/IMG_3284.mp4/none_IMG_3284_000110_v002907.npy,3,IMG_3284.mp4,110,11,none,train
data/processed/poses/IMG_3284.mp4/none_IMG_3284_000140_v002908.npy,3,IMG_3284.mp4,140,11,none,train
data/processed/poses/IMG_3284.mp4/none_IMG_3284_000170_v002909.npy,3,IMG_3284.mp4,170,11,none,train
data/processed/poses/IMG_3284.mp4/none_IMG_3284_000200_v002910.npy,3,IMG_3284.mp4,200,11,none,train
data/processed/poses/IMG_3284.mp4/none_IMG_3284_000230_v002911.npy,3,IMG_3284.mp4,230,11,none,train
data/processed/poses/IMG_3284.mp4/none_IMG_3284_000260_v002912.npy,3,IMG_3284.mp4,260,11,none,train
data/processed/poses/IMG_3284.mp4/none_IMG_3284_000290_v002913.npy,3,IMG_3284.mp4,290,11,none,train
data/processed/poses/IMG_3284.mp4/none_IMG_3284_000320_v002914.npy,3,IMG_3284.mp4,320,11,none,train
data/processed/poses/IMG_3284.mp4/none_IMG_3284_000350_v002915.npy,3,IMG_3284.mp4,350,11,none,train
data/processed/poses/IMG_3284.mp4/none_IMG_3284_000380_v002916.npy,3,IMG_3284.mp4,380,11,none,train
data/processed/poses/IMG_3284.mp4/none_IMG_3284_000410_v002917.npy,3,IMG_3284.mp4,410,11,none,train
data/processed/poses/IMG_3284.mp4/none_IMG_3284_000440_v002918.npy,3,IMG_3284.mp4,440,11,none,train
data/processed/poses/IMG_3284.mp4/none_IMG_3284_000470_v002919.npy,3,IMG_3284.mp4,470,11,none,train
data/processed/poses/IMG_3284.mp4/none_IMG_3284_000500_v002920.npy,3,IMG_3284.mp4,500,11,none,train
data/processed/poses/IMG_3284.mp4/none_IMG_3284_000530_v002921.npy,3,IMG_3284.mp4,530,11,none,train
data/processed/poses/IMG_3284.mp4/none_IMG_3284_000560_v002922.npy,3,IMG_3284.mp4,560,11,none,train
data/processed/poses/IMG_3284.mp4/none_IMG_3284_000580_v002923.npy,3,IMG_3284.mp4,580,11,none,train
data/processed/poses/IMG_3284.mp4/none_IMG_3284_000620_v002924.npy,3,IMG_3284.mp4,620,11,none,train
