video_id,frame_index,punch_type,occluded,notes,timestamp
V1.mp4,195,straight,False,,2026-04-24T13:36:05
V1.mp4,204,straight,False,,2026-04-24T13:36:14
V1.mp4,209,straight,False,,2026-04-24T13:36:28
V1.mp4,214,hook,False,,2026-04-24T13:36:49
V1.mp4,226,hook,False,,2026-04-24T13:37:00
V1.mp4,234,straight,False,,2026-04-24T13:37:08
V1.mp4,239,straight,False,,2026-04-24T13:37:21
V1.mp4,234,hook,False,,2026-04-24T13:37:33
V1.mp4,239,straight,False,,2026-04-24T13:37:38
V1.mp4,244,hook,False,,2026-04-24T13:37:52
V1.mp4,261,straight,False,,2026-04-24T13:38:07
V1.mp4,265,straight,False,,2026-04-24T13:38:11
V1.mp4,270,straight,False,,2026-04-24T13:38:15
V1.mp4,348,straight,False,,2026-04-24T13:38:33
V1.mp4,352,straight,False,,2026-04-24T13:38:37
V1.mp4,356,straight,False,,2026-04-24T13:38:39
V1.mp4,361,straight,False,,2026-04-24T13:38:42
V1.mp4,449,straight,False,,2026-04-24T13:41:11
V1.mp4,517,straight,False,,2026-04-24T13:41:36
V1.mp4,1005,straight,False,,2026-04-24T13:42:02
V1.mp4,1013,straight,False,,2026-04-24T13:42:04
V1.mp4,1019,hook,False,,2026-04-24T13:42:08
V1.mp4,1033,straight,False,,2026-04-24T13:42:12
V1.mp4,1042,straight,False,,2026-04-24T13:42:17
V1.mp4,1047,straight,False,,2026-04-24T13:42:19
V1.mp4,1051,hook,False,,2026-04-24T13:42:25
V1.mp4,1063,straight,False,,2026-04-24T13:42:32
V1.mp4,1072,straight,False,,2026-04-24T13:42:36
V1.mp4,1076,straight,False,,2026-04-24T13:42:38
V1.mp4,1081,hook,False,,2026-04-24T13:42:41
V1.mp4,1093,straight,False,,2026-04-24T13:42:45
V1.mp4,1106,straight,False,,2026-04-24T13:42:51
V1.mp4,1111,hook,False,,2026-04-24T13:42:54
V1.mp4,1122,straight,False,,2026-04-24T13:42:58
V1.mp4,1132,straight,False,,2026-04-24T13:43:02
V1.mp4,1153,straight,False,,2026-04-24T13:43:13
V1.mp4,1162,straight,False,,2026-04-24T13:43:17
V1.mp4,1167,straight,False,,2026-04-24T13:43:20
V1.mp4,1172,hook,False,,2026-04-24T13:43:22
V1.mp4,1184,straight,False,,2026-04-24T13:43:29
V1.mp4,1199,straight,False,,2026-04-24T13:43:38
V1.mp4,1218,straight,False,,2026-04-24T13:43:44
V1.mp4,1231,straight,False,,2026-04-24T13:43:49
V1.mp4,1238,hook,False,,2026-04-24T13:43:56
V1.mp4,1340,straight,False,,2026-04-24T13:44:09
V1.mp4,1348,straight,False,,2026-04-24T13:44:12
V1.mp4,1353,straight,False,,2026-04-24T13:44:14
V1.mp4,1358,hook,False,,2026-04-24T13:44:17
V1.mp4,1372,straight,False,,2026-04-24T13:44:20
V1.mp4,1381,straight,False,,2026-04-24T13:44:26
V1.mp4,1386,straight,False,,2026-04-24T13:44:31
V1.mp4,1392,hook,False,,2026-04-24T13:44:35
V1.mp4,1406,straight,False,,2026-04-24T13:44:37
V1.mp4,1416,straight,False,,2026-04-24T13:44:39
V1.mp4,1420,straight,False,,2026-04-24T13:44:42
V1.mp4,1425,hook,False,,2026-04-24T13:44:45
V1.mp4,1438,straight,False,,2026-04-24T13:44:49
V1.mp4,1448,straight,False,,2026-04-24T13:44:53
V1.mp4,1452,straight,False,,2026-04-24T13:44:56
V1.mp4,1458,hook,False,,2026-04-24T13:44:59
V1.mp4,1470,straight,False,,2026-04-24T13:45:02
V1.mp4,1482,straight,False,,2026-04-24T13:45:05
V1.mp4,1487,straight,False,,2026-04-24T13:45:09
V1.mp4,1492,hook,False,,2026-04-24T13:45:14
V1.mp4,1505,straight,False,,2026-04-24T13:45:18
V1.mp4,1515,straight,False,,2026-04-24T13:45:21
V1.mp4,1519,straight,False,,2026-04-24T13:45:25
V1.mp4,1525,hook,False,,2026-04-24T13:45:28
V1.mp4,1539,straight,False,,2026-04-24T13:45:34
V1.mp4,1549,straight,False,,2026-04-24T13:45:36
V1.mp4,1553,straight,False,,2026-04-24T13:45:44
V1.mp4,1559,hook,False,,2026-04-24T13:45:47
V1.mp4,1571,straight,False,,2026-04-24T13:45:50
V1.mp4,1582,straight,False,,2026-04-24T13:45:52
V1.mp4,1592,hook,False,,2026-04-24T13:45:56
V1.mp4,1604,straight,False,,2026-04-24T13:45:59
V1.mp4,1615,straight,False,,2026-04-24T13:46:02
V1.mp4,1624,hook,False,,2026-04-24T13:46:09
V1.mp4,1638,straight,False,,2026-04-24T13:46:13
V1.mp4,1656,hook,False,,2026-04-24T13:46:20
V1.mp4,1669,straight,False,,2026-04-24T13:46:23
V1.mp4,1679,straight,False,,2026-04-24T13:46:26
V1.mp4,1689,hook,False,,2026-04-24T13:46:29
V1.mp4,1907,straight,False,,2026-04-24T13:47:40
V1.mp4,1942,straight,False,,2026-04-24T13:47:45
V1.mp4,1959,straight,False,,2026-04-24T13:47:50
V1.mp4,1975,straight,False,,2026-04-24T13:48:11
V1.mp4,1981,straight,False,,2026-04-24T13:48:13
V1.mp4,1994,straight,False,,2026-04-24T13:48:16
V1.mp4,2005,straight,False,,2026-04-24T13:48:19
V1.mp4,2010,straight,False,,2026-04-24T13:48:22
V1.mp4,2015,straight,False,,2026-04-24T13:48:24
V1.mp4,2028,straight,False,,2026-04-24T13:48:27
V1.mp4,2038,straight,False,,2026-04-24T13:48:28
V1.mp4,2043,straight,False,,2026-04-24T13:48:33
V1.mp4,2048,hook,False,,2026-04-24T13:48:36
V1.mp4,2061,straight,False,,2026-04-24T13:48:38
V1.mp4,2071,straight,False,,2026-04-24T13:48:40
V1.mp4,2076,straight,False,,2026-04-24T13:48:42
V1.mp4,2082,straight,False,,2026-04-24T13:48:56
V1.mp4,2094,straight,False,,2026-04-24T13:49:01
V1.mp4,2104,straight,False,,2026-04-24T13:49:03
V1.mp4,2109,straight,False,,2026-04-24T13:49:05
V1.mp4,2116,hook,False,,2026-04-24T13:49:07
V1.mp4,2128,straight,False,,2026-04-24T13:49:09
V1.mp4,2139,straight,False,,2026-04-24T13:49:11
V1.mp4,2143,straight,False,,2026-04-24T13:49:14
V1.mp4,2149,hook,False,,2026-04-24T13:49:18
V1.mp4,2162,straight,False,,2026-04-24T13:49:20
V1.mp4,2171,straight,False,,2026-04-24T13:49:22
V1.mp4,2177,straight,False,,2026-04-24T13:49:24
V1.mp4,2183,hook,False,,2026-04-24T13:49:26
V1.mp4,2196,straight,False,,2026-04-24T13:49:29
V1.mp4,2206,straight,False,,2026-04-24T13:49:31
V1.mp4,2211,straight,False,,2026-04-24T13:49:34
V1.mp4,2216,hook,False,,2026-04-24T13:49:37
V1.mp4,2229,straight,False,,2026-04-24T13:49:39
V1.mp4,2240,straight,False,,2026-04-24T13:49:42
V1.mp4,2244,straight,False,,2026-04-24T13:49:44
V1.mp4,2249,hook,False,,2026-04-24T13:49:46
V1.mp4,2262,straight,False,,2026-04-24T13:49:52
V1.mp4,2271,straight,False,,2026-04-24T13:49:54
V1.mp4,2276,straight,False,,2026-04-24T13:49:56
V1.mp4,2283,hook,False,,2026-04-24T13:49:59
V1.mp4,2305,straight,False,,2026-04-24T13:50:15
V1.mp4,2311,straight,False,,2026-04-24T13:50:18
V1.mp4,2330,straight,False,,2026-04-24T13:50:21
V1.mp4,2343,straight,False,,2026-04-24T13:50:28
V1.mp4,2383,hook,False,,2026-04-24T13:50:41
V1.mp4,2431,straight,False,,2026-04-24T13:50:53
V1.mp4,2441,straight,False,,2026-04-24T13:50:55
V1.mp4,2451,hook,False,,2026-04-24T13:50:59
V1.mp4,2465,straight,False,,2026-04-24T13:51:02
V1.mp4,2475,straight,False,,2026-04-24T13:51:05
V1.mp4,2479,straight,False,,2026-04-24T13:51:09
V1.mp4,2485,hook,False,,2026-04-24T13:51:12
V1.mp4,2497,straight,False,,2026-04-24T13:51:15
V1.mp4,2676,none,False,,2026-04-24T13:51:27
V1.mp4,2690,none,False,,2026-04-24T13:51:30
V1.mp4,2711,none,False,,2026-04-24T13:51:33
V1.mp4,2725,none,False,,2026-04-24T13:51:35
V1.mp4,2735,none,False,,2026-04-24T13:51:37
V1.mp4,2746,none,False,,2026-04-24T13:51:39
V1.mp4,2756,none,False,,2026-04-24T13:51:41
V1.mp4,2780,none,False,,2026-04-24T13:51:44
V1.mp4,2788,none,False,,2026-04-24T13:51:45
V1.mp4,2795,none,False,,2026-04-24T13:51:46
V1.mp4,2796,none,False,,2026-04-24T13:51:47
V1.mp4,2797,none,False,,2026-04-24T13:51:48
V1.mp4,2798,none,False,,2026-04-24T13:51:48
V1.mp4,2799,none,False,,2026-04-24T13:51:48
V1.mp4,2800,none,False,,2026-04-24T13:51:49
V1.mp4,2800,none,False,,2026-04-24T13:51:49
V1.mp4,2801,none,False,,2026-04-24T13:51:49
V1.mp4,2802,none,False,,2026-04-24T13:51:49
V1.mp4,2803,none,False,,2026-04-24T13:51:49
V1.mp4,2804,none,False,,2026-04-24T13:51:49
V1.mp4,2804,none,False,,2026-04-24T13:51:50
V1.mp4,2805,none,False,,2026-04-24T13:51:50
V1.mp4,2806,none,False,,2026-04-24T13:51:50
V1.mp4,2807,none,False,,2026-04-24T13:51:50
V1.mp4,2808,none,False,,2026-04-24T13:51:51
V1.mp4,2809,none,False,,2026-04-24T13:51:51
V1.mp4,2810,none,False,,2026-04-24T13:51:51
V1.mp4,2811,none,False,,2026-04-24T13:51:51
V1.mp4,2812,none,False,,2026-04-24T13:51:51
V1.mp4,2813,none,False,,2026-04-24T13:51:52
V1.mp4,2814,none,False,,2026-04-24T13:51:52
V1.mp4,2815,none,False,,2026-04-24T13:51:52
V1.mp4,2816,none,False,,2026-04-24T13:51:53
V1.mp4,2817,none,False,,2026-04-24T13:51:53
V1.mp4,2818,none,False,,2026-04-24T13:51:53
V1.mp4,2819,none,False,,2026-04-24T13:51:53
V1.mp4,2821,none,False,,2026-04-24T13:51:54
V1.mp4,2822,none,False,,2026-04-24T13:51:55
V1.mp4,2823,none,False,,2026-04-24T13:51:55
V1.mp4,2824,none,False,,2026-04-24T13:51:56
V1.mp4,2825,none,False,,2026-04-24T13:51:56
V1.mp4,2826,none,False,,2026-04-24T13:51:56
V1.mp4,2827,none,False,,2026-04-24T13:51:57
V1.mp4,2828,none,False,,2026-04-24T13:51:57
V1.mp4,2829,none,False,,2026-04-24T13:51:57
V1.mp4,2830,none,False,,2026-04-24T13:51:58
V1.mp4,2831,none,False,,2026-04-24T13:51:58
V1.mp4,2832,none,False,,2026-04-24T13:51:58
V1.mp4,2833,none,False,,2026-04-24T13:51:59
V1.mp4,2834,none,False,,2026-04-24T13:51:59
V1.mp4,2835,none,False,,2026-04-24T13:51:59
V1.mp4,2836,none,False,,2026-04-24T13:52:00
V1.mp4,2837,none,False,,2026-04-24T13:52:00
V1.mp4,2838,none,False,,2026-04-24T13:52:00
V1.mp4,2839,none,False,,2026-04-24T13:52:00
V1.mp4,2840,none,False,,2026-04-24T13:52:01
V1.mp4,2841,none,False,,2026-04-24T13:52:01
V1.mp4,2842,none,False,,2026-04-24T13:52:01
V1.mp4,2843,none,False,,2026-04-24T13:52:01
V1.mp4,2844,none,False,,2026-04-24T13:52:02
V1.mp4,2845,none,False,,2026-04-24T13:52:02
V1.mp4,2846,none,False,,2026-04-24T13:52:02
V1.mp4,2847,none,False,,2026-04-24T13:52:03
V1.mp4,2848,none,False,,2026-04-24T13:52:03
V1.mp4,2849,none,False,,2026-04-24T13:52:03
V1.mp4,2850,none,False,,2026-04-24T13:52:03
V1.mp4,2851,none,False,,2026-04-24T13:52:04
V1.mp4,2852,none,False,,2026-04-24T13:52:04
V1.mp4,2853,none,False,,2026-04-24T13:52:04
V1.mp4,2854,none,False,,2026-04-24T13:52:05
V1.mp4,2855,none,False,,2026-04-24T13:52:05
V1.mp4,2856,none,False,,2026-04-24T13:52:05
V1.mp4,2857,none,False,,2026-04-24T13:52:05
V1.mp4,2858,none,False,,2026-04-24T13:52:06
V1.mp4,2859,none,False,,2026-04-24T13:52:06
V1.mp4,2860,none,False,,2026-04-24T13:52:06
V1.mp4,2861,none,False,,2026-04-24T13:52:07
V1.mp4,2862,none,False,,2026-04-24T13:52:07
V1.mp4,2863,none,False,,2026-04-24T13:52:07
V1.mp4,2864,none,False,,2026-04-24T13:52:07
V1.mp4,2865,none,False,,2026-04-24T13:52:08
V1.mp4,2866,none,False,,2026-04-24T13:52:08
V1.mp4,2867,none,False,,2026-04-24T13:52:08
V1.mp4,2868,none,False,,2026-04-24T13:52:09
V1.mp4,2869,none,False,,2026-04-24T13:52:09
V1.mp4,2870,none,False,,2026-04-24T13:52:09
V1.mp4,2871,none,False,,2026-04-24T13:52:09
V1.mp4,2871,none,False,,2026-04-24T13:52:10
V1.mp4,2872,none,False,,2026-04-24T13:52:10
V1.mp4,2873,none,False,,2026-04-24T13:52:10
V1.mp4,2874,none,False,,2026-04-24T13:52:11
V1.mp4,2875,none,False,,2026-04-24T13:52:11
V1.mp4,2876,none,False,,2026-04-24T13:52:11
V1.mp4,2877,none,False,,2026-04-24T13:52:11
V1.mp4,2878,none,False,,2026-04-24T13:52:12
V1.mp4,2879,none,False,,2026-04-24T13:52:12
V1.mp4,2880,none,False,,2026-04-24T13:52:12
V1.mp4,2881,none,False,,2026-04-24T13:52:13
V1.mp4,2882,none,False,,2026-04-24T13:52:13
V1.mp4,2883,none,False,,2026-04-24T13:52:13
V1.mp4,2884,none,False,,2026-04-24T13:52:13
V1.mp4,2885,none,False,,2026-04-24T13:52:14
V1.mp4,2886,none,False,,2026-04-24T13:52:14
V1.mp4,2887,none,False,,2026-04-24T13:52:14
V1.mp4,2888,none,False,,2026-04-24T13:52:14
V1.mp4,2889,none,False,,2026-04-24T13:52:15
V1.mp4,2890,none,False,,2026-04-24T13:52:15
V1.mp4,2891,none,False,,2026-04-24T13:52:15
V1.mp4,2892,none,False,,2026-04-24T13:52:16
V1.mp4,2893,none,False,,2026-04-24T13:52:16
V1.mp4,2894,none,False,,2026-04-24T13:52:16
V1.mp4,2895,none,False,,2026-04-24T13:52:16
V1.mp4,2896,none,False,,2026-04-24T13:52:17
V1.mp4,2897,none,False,,2026-04-24T13:52:17
V1.mp4,2898,none,False,,2026-04-24T13:52:17
V1.mp4,2899,none,False,,2026-04-24T13:52:18
V1.mp4,2900,none,False,,2026-04-24T13:52:19
V1.mp4,3514,straight,False,,2026-04-24T13:52:33
V1.mp4,3518,straight,False,,2026-04-24T13:52:35
V1.mp4,3522,hook,False,,2026-04-24T13:52:37
V1.mp4,3534,straight,False,,2026-04-24T13:52:39
V1.mp4,3542,straight,False,,2026-04-24T13:52:41
V1.mp4,3546,straight,False,,2026-04-24T13:52:45
V1.mp4,3551,straight,False,,2026-04-24T13:52:47
V1.mp4,3563,straight,False,,2026-04-24T13:52:51
V1.mp4,3571,straight,False,,2026-04-24T13:52:53
V1.mp4,3576,straight,False,,2026-04-24T13:52:55
V1.mp4,3581,hook,False,,2026-04-24T13:52:57
V1.mp4,3593,straight,False,,2026-04-24T13:52:59
V1.mp4,3601,straight,False,,2026-04-24T13:53:01
V1.mp4,3606,straight,False,,2026-04-24T13:53:03
V1.mp4,3611,hook,False,,2026-04-24T13:53:05
V1.mp4,3623,straight,False,,2026-04-24T13:53:08
V1.mp4,3631,straight,False,,2026-04-24T13:53:11
V1.mp4,3642,hook,False,,2026-04-24T13:53:18
V1.mp4,3698,straight,False,,2026-04-24T13:53:30
V1.mp4,3703,hook,False,,2026-04-24T13:53:35
V1.mp4,3716,straight,False,,2026-04-24T13:53:40
V1.mp4,3724,straight,False,,2026-04-24T13:53:43
V1.mp4,3729,straight,False,,2026-04-24T13:53:46
V1.mp4,3735,hook,False,,2026-04-24T13:53:49
V1.mp4,3747,straight,False,,2026-04-24T13:53:51
V1.mp4,3756,straight,False,,2026-04-24T13:53:54
V1.mp4,3761,straight,False,,2026-04-24T13:53:57
V1.mp4,3767,hook,False,,2026-04-24T13:53:59
V1.mp4,3778,straight,False,,2026-04-24T13:54:02
V1.mp4,3787,straight,False,,2026-04-24T13:54:05
V1.mp4,3792,straight,False,,2026-04-24T13:54:07
V1.mp4,3797,hook,False,,2026-04-24T13:54:09
V1.mp4,3809,straight,False,,2026-04-24T13:54:11
V1.mp4,3818,straight,False,,2026-04-24T13:54:13
V1.mp4,3823,straight,False,,2026-04-24T13:54:15
V1.mp4,3830,hook,False,,2026-04-24T13:54:17
V1.mp4,3840,straight,False,,2026-04-24T13:54:19
V1.mp4,3855,straight,False,,2026-04-24T13:54:23
V1.mp4,3885,straight,False,,2026-04-24T13:54:30
V1.mp4,3950,straight,False,,2026-04-24T13:54:40
V1.mp4,3957,hook,False,,2026-04-24T13:54:48
V1.mp4,3969,straight,False,,2026-04-24T13:54:52
V1.mp4,3979,straight,False,,2026-04-24T13:54:55
V1.mp4,3983,straight,False,,2026-04-24T13:54:57
V1.mp4,3989,hook,False,,2026-04-24T13:54:59
V1.mp4,3999,straight,False,,2026-04-24T13:55:02
V1.mp4,4009,straight,False,,2026-04-24T13:55:04
V1.mp4,4014,straight,False,,2026-04-24T13:55:07
V1.mp4,4021,hook,False,,2026-04-24T13:55:09
V1.mp4,4030,straight,False,,2026-04-24T13:55:11
V1.mp4,4040,straight,False,,2026-04-24T13:55:14
V1.mp4,4045,straight,False,,2026-04-24T13:55:17
V1.mp4,4050,hook,False,,2026-04-24T13:55:20
V1.mp4,4063,straight,False,,2026-04-24T13:55:23
V1.mp4,4072,straight,False,,2026-04-24T13:55:30
V1.mp4,4077,straight,False,,2026-04-24T13:55:32
V1.mp4,4083,hook,False,,2026-04-24T13:55:34
V1.mp4,4095,straight,False,,2026-04-24T13:55:37
V1.mp4,4103,straight,False,,2026-04-24T13:55:40
V1.mp4,4109,straight,False,,2026-04-24T13:55:41
V1.mp4,4115,hook,False,,2026-04-24T13:55:44
V1.mp4,4127,straight,False,,2026-04-24T13:55:51
V1.mp4,4136,straight,False,,2026-04-24T13:55:53
V1.mp4,4142,straight,False,,2026-04-24T13:55:56
V1.mp4,4147,hook,False,,2026-04-24T13:55:58
V1.mp4,4159,straight,False,,2026-04-24T13:56:00
V1.mp4,4169,straight,False,,2026-04-24T13:56:03
V1.mp4,4173,straight,False,,2026-04-24T14:00:16
V1.mp4,4179,hook,False,,2026-04-24T14:00:19
V1.mp4,4191,straight,False,,2026-04-24T14:00:21
V1.mp4,4200,straight,False,,2026-04-24T14:00:24
V1.mp4,4206,straight,False,,2026-04-24T14:00:26
V1.mp4,4212,hook,False,,2026-04-24T14:00:29
V1.mp4,4224,straight,False,,2026-04-24T14:00:34
V1.mp4,4233,straight,False,,2026-04-24T14:00:37
V1.mp4,4238,straight,False,,2026-04-24T14:00:41
V1.mp4,4243,hook,False,,2026-04-24T14:00:44
V1.mp4,4255,straight,False,,2026-04-24T14:00:48
V1.mp4,4266,straight,False,,2026-04-24T14:00:50
V1.mp4,4271,straight,False,,2026-04-24T14:00:53
V1.mp4,4304,straight,False,,2026-04-24T14:01:16
V1.mp4,4409,hook,False,,2026-04-24T14:01:26
V1.mp4,4423,straight,False,,2026-04-24T14:01:29
V1.mp4,4433,straight,False,,2026-04-24T14:01:31
V1.mp4,4438,straight,False,,2026-04-24T14:01:34
V1.mp4,4444,hook,False,,2026-04-24T14:01:37
V1.mp4,4457,straight,False,,2026-04-24T14:01:42
V1.mp4,4467,straight,False,,2026-04-24T14:01:44
V1.mp4,4472,straight,False,,2026-04-24T14:01:46
V1.mp4,4477,hook,False,,2026-04-24T14:01:48
V1.mp4,4492,straight,False,,2026-04-24T14:01:51
V1.mp4,4502,straight,False,,2026-04-24T14:01:54
V1.mp4,4506,straight,False,,2026-04-24T14:02:05
V1.mp4,4513,hook,False,,2026-04-24T14:02:09
V1.mp4,4526,straight,False,,2026-04-24T14:02:12
V1.mp4,4537,straight,False,,2026-04-24T14:02:14
V1.mp4,4542,straight,False,,2026-04-24T14:02:18
V1.mp4,4546,hook,False,,2026-04-24T14:02:22
V1.mp4,4562,straight,False,,2026-04-24T14:02:25
V1.mp4,4573,straight,False,,2026-04-24T14:02:28
V1.mp4,4582,hook,False,,2026-04-24T14:02:39
V1.mp4,4598,straight,False,,2026-04-24T14:02:43
V1.mp4,4617,hook,False,,2026-04-24T14:03:40
V1.mp4,4633,straight,False,,2026-04-24T14:03:43
V1.mp4,4644,straight,False,,2026-04-24T14:03:45
V1.mp4,4649,straight,False,,2026-04-24T14:03:47
V1.mp4,4654,hook,False,,2026-04-24T14:03:49
V1.mp4,4668,straight,False,,2026-04-24T14:03:52
V1.mp4,4678,straight,False,,2026-04-24T14:03:54
V1.mp4,4687,hook,False,,2026-04-24T14:04:11
V1.mp4,4702,straight,False,,2026-04-24T14:04:14
V1.mp4,4712,straight,False,,2026-04-24T14:04:17
V1.mp4,4717,straight,False,,2026-04-24T14:04:21
V1.mp4,4722,hook,False,,2026-04-24T14:04:27
V1.mp4,4737,straight,False,,2026-04-24T14:04:30
V1.mp4,4746,straight,False,,2026-04-24T14:04:33
V1.mp4,4751,hook,False,,2026-04-24T14:04:39
V1.mp4,4755,hook,False,,2026-04-24T14:04:41
V1.mp4,4769,straight,False,,2026-04-24T14:04:47
V1.mp4,4780,straight,False,,2026-04-24T14:04:50
V1.mp4,4786,straight,False,,2026-04-24T14:04:53
V1.mp4,4790,hook,False,,2026-04-24T14:04:57
V1.mp4,4790,hook,False,,2026-04-24T14:05:45
V1.mp4,4804,straight,False,,2026-04-24T14:05:48
V1.mp4,4815,straight,False,,2026-04-24T14:05:50
V1.mp4,4820,straight,False,,2026-04-24T14:05:54
V1.mp4,4824,hook,False,,2026-04-24T14:05:56
V1.mp4,4840,straight,False,,2026-04-24T14:05:58
V1.mp4,4851,straight,False,,2026-04-24T14:06:00
V1.mp4,4856,straight,False,,2026-04-24T14:06:02
V1.mp4,4861,hook,False,,2026-04-24T14:06:05
V1.mp4,4875,straight,False,,2026-04-24T14:06:08
V1.mp4,4886,straight,False,,2026-04-24T14:06:11
V1.mp4,4891,straight,False,,2026-04-24T14:06:12
V1.mp4,4896,hook,False,,2026-04-24T14:06:15
V1.mp4,4910,straight,False,,2026-04-24T14:06:17
V1.mp4,4921,straight,False,,2026-04-24T14:06:19
V1.mp4,4925,straight,False,,2026-04-24T14:06:21
V1.mp4,6036,straight,False,,2026-04-24T14:08:03
V1.mp4,6047,straight,False,,2026-04-24T14:08:06
V1.mp4,6051,straight,False,,2026-04-24T14:08:08
V1.mp4,6056,hook,False,,2026-04-24T14:08:10
V1.mp4,6068,straight,False,,2026-04-24T14:08:13
V1.mp4,6075,straight,False,,2026-04-24T14:08:15
V1.mp4,6080,straight,False,,2026-04-24T14:08:16
V1.mp4,6085,hook,False,,2026-04-24T14:08:18
V1.mp4,6095,straight,False,,2026-04-24T14:08:20
V1.mp4,6103,straight,False,,2026-04-24T14:08:22
V1.mp4,6107,straight,False,,2026-04-24T14:08:27
V1.mp4,6113,hook,False,,2026-04-24T14:08:28
V1.mp4,6122,straight,False,,2026-04-24T14:08:30
V1.mp4,6128,straight,False,,2026-04-24T14:08:32
V1.mp4,6133,straight,False,,2026-04-24T14:08:34
V1.mp4,6243,hook,False,,2026-04-24T14:08:57
V1.mp4,6255,straight,False,,2026-04-24T14:09:01
V1.mp4,6262,straight,False,,2026-04-24T14:09:03
V1.mp4,6266,straight,False,,2026-04-24T14:09:07
V1.mp4,6271,hook,False,,2026-04-24T14:09:09
V1.mp4,6281,straight,False,,2026-04-24T14:09:12
V1.mp4,6289,straight,False,,2026-04-24T14:09:14
V1.mp4,6293,straight,False,,2026-04-24T14:09:18
V1.mp4,6298,hook,False,,2026-04-24T14:09:20
V1.mp4,6309,straight,False,,2026-04-24T14:09:22
V1.mp4,6315,straight,False,,2026-04-24T14:09:24
V1.mp4,6320,straight,False,,2026-04-24T14:09:28
V1.mp4,6325,hook,False,,2026-04-24T14:09:37
V1.mp4,6336,straight,False,,2026-04-24T14:09:41
V1.mp4,6343,straight,False,,2026-04-24T14:09:43
V1.mp4,6347,straight,False,,2026-04-24T14:09:45
V1.mp4,6352,hook,False,,2026-04-24T14:09:48
V1.mp4,6364,straight,False,,2026-04-24T14:09:51
V1.mp4,6372,straight,False,,2026-04-24T14:09:52
V1.mp4,6380,hook,False,,2026-04-24T14:09:56
V1.mp4,6459,straight,False,,2026-04-24T14:10:05
V1.mp4,6487,straight,False,,2026-04-24T14:10:13
V1.mp4,6504,straight,False,,2026-04-24T14:10:17
V1.mp4,6510,straight,False,,2026-04-24T14:10:19
V1.mp4,6514,straight,False,,2026-04-24T14:10:22
V1.mp4,6519,hook,False,,2026-04-24T14:10:24
V1.mp4,6531,straight,False,,2026-04-24T14:10:26
V1.mp4,6539,straight,False,,2026-04-24T14:10:28
V1.mp4,6543,straight,False,,2026-04-24T14:10:30
V1.mp4,6548,hook,False,,2026-04-24T14:10:32
V1.mp4,6560,straight,False,,2026-04-24T14:10:34
V1.mp4,6568,straight,False,,2026-04-24T14:10:36
V1.mp4,6573,straight,False,,2026-04-24T14:10:39
V1.mp4,6577,hook,False,,2026-04-24T14:10:41
V1.mp4,6588,straight,False,,2026-04-24T14:10:45
V1.mp4,6596,straight,False,,2026-04-24T14:10:48
V1.mp4,6601,hook,False,,2026-04-24T14:10:53
V1.mp4,6606,straight,False,,2026-04-24T14:11:00
V1.mp4,6616,straight,False,,2026-04-24T14:11:02
V1.mp4,6623,straight,False,,2026-04-24T14:11:04
V1.mp4,6628,hook,False,,2026-04-24T14:11:06
V1.mp4,6633,straight,False,,2026-04-24T14:11:08
V1.mp4,6643,straight,False,,2026-04-24T14:11:11
V1.mp4,6651,straight,False,,2026-04-24T14:11:13
V1.mp4,6656,straight,False,,2026-04-24T14:11:16
V1.mp4,6661,straight,False,,2026-04-24T14:11:19
V1.mp4,6673,straight,False,,2026-04-24T14:11:23
V1.mp4,6680,straight,False,,2026-04-24T14:11:25
V1.mp4,6685,straight,False,,2026-04-24T14:11:27
V1.mp4,6690,straight,False,,2026-04-24T14:11:30
V1.mp4,6701,straight,False,,2026-04-24T14:11:33
V1.mp4,6707,straight,False,,2026-04-24T14:11:36
V1.mp4,6712,straight,False,,2026-04-24T14:11:41
V1.mp4,6741,straight,False,,2026-04-24T14:11:58
V1.mp4,6768,straight,False,,2026-04-24T14:12:03
V1.mp4,6830,hook,False,,2026-04-24T14:12:19
V1.mp4,6841,straight,False,,2026-04-24T14:12:24
V1.mp4,6848,straight,False,,2026-04-24T14:12:26
V1.mp4,6859,hook,False,,2026-04-24T14:12:29
V1.mp4,6870,straight,False,,2026-04-24T14:12:31
V1.mp4,6877,straight,False,,2026-04-24T14:12:33
V1.mp4,6886,hook,False,,2026-04-24T14:12:36
V1.mp4,6898,straight,False,,2026-04-24T14:12:39
V1.mp4,6906,straight,False,,2026-04-24T14:12:41
V1.mp4,6915,hook,False,,2026-04-24T14:12:45
V1.mp4,6928,straight,False,,2026-04-24T14:12:48
V1.mp4,6936,straight,False,,2026-04-24T15:57:18
V1.mp4,6944,hook,False,,2026-04-24T15:57:22
V1.mp4,6956,straight,False,,2026-04-24T15:57:25
V1.mp4,7030,straight,False,,2026-04-24T15:57:35
V1.mp4,7060,straight,False,,2026-04-24T15:57:44
V1.mp4,7076,straight,False,,2026-04-24T15:57:49
V1.mp4,7085,straight,False,,2026-04-24T15:57:51
V1.mp4,7090,straight,False,,2026-04-24T15:57:53
V1.mp4,7106,straight,False,,2026-04-24T15:57:59
V1.mp4,7114,straight,False,,2026-04-24T15:58:00
V1.mp4,7118,straight,False,,2026-04-24T15:58:03
V1.mp4,7134,straight,False,,2026-04-24T15:58:07
V1.mp4,7143,straight,False,,2026-04-24T15:58:10
V1.mp4,7148,straight,False,,2026-04-24T15:58:13
V1.mp4,7154,straight,False,,2026-04-24T15:58:15
V1.mp4,7164,straight,False,,2026-04-24T15:58:17
V1.mp4,7172,straight,False,,2026-04-24T15:58:19
V1.mp4,7176,straight,False,,2026-04-24T15:58:21
V1.mp4,7182,straight,False,,2026-04-24T15:58:22
V1.mp4,7193,straight,False,,2026-04-24T15:58:25
V1.mp4,7202,straight,False,,2026-04-24T15:58:35
V1.mp4,7207,straight,False,,2026-04-24T15:58:38
V1.mp4,7211,straight,False,,2026-04-24T15:58:44
V1.mp4,7224,straight,False,,2026-04-24T15:58:47
V1.mp4,7232,straight,False,,2026-04-24T15:58:50
V1.mp4,7236,straight,False,,2026-04-24T15:58:52
V1.mp4,7241,straight,False,,2026-04-24T15:58:54
V1.mp4,7254,straight,False,,2026-04-24T15:58:56
V1.mp4,7263,straight,False,,2026-04-24T15:58:58
V1.mp4,7268,straight,False,,2026-04-24T15:59:00
V1.mp4,7273,hook,False,,2026-04-24T15:59:04
V1.mp4,7284,straight,False,,2026-04-24T15:59:10
V1.mp4,7293,straight,False,,2026-04-24T15:59:13
V1.mp4,7298,straight,False,,2026-04-24T15:59:15
V1.mp4,7303,hook,False,,2026-04-24T15:59:20
V1.mp4,7315,straight,False,,2026-04-24T15:59:25
V1.mp4,7323,straight,False,,2026-04-24T15:59:37
V1.mp4,7328,straight,False,,2026-04-24T15:59:41
V1.mp4,7358,straight,False,,2026-04-24T15:59:48
V1.mp4,7500,straight,False,,2026-04-24T19:35:28
V1.mp4,7507,straight,False,,2026-04-24T19:35:32
V1.mp4,7518,hook,False,,2026-04-24T19:35:37
V1.mp4,7530,none,False,,2026-04-24T19:35:41
V1.mp4,7531,none,False,,2026-04-24T19:35:41
V1.mp4,7532,none,False,,2026-04-24T19:35:42
V1.mp4,7533,none,False,,2026-04-24T19:35:42
V1.mp4,7534,none,False,,2026-04-24T19:35:42
V1.mp4,7535,none,False,,2026-04-24T19:35:42
V1.mp4,7536,none,False,,2026-04-24T19:35:43
V1.mp4,7537,none,False,,2026-04-24T19:35:43
V1.mp4,7538,none,False,,2026-04-24T19:35:43
V1.mp4,7539,none,False,,2026-04-24T19:35:43
V1.mp4,7540,none,False,,2026-04-24T19:35:43
V1.mp4,7541,none,False,,2026-04-24T19:35:44
V1.mp4,7542,none,False,,2026-04-24T19:35:44
V1.mp4,7543,none,False,,2026-04-24T19:35:44
V1.mp4,7544,none,False,,2026-04-24T19:35:44
V1.mp4,7545,none,False,,2026-04-24T19:35:45
V1.mp4,7546,none,False,,2026-04-24T19:35:45
V1.mp4,7547,none,False,,2026-04-24T19:35:45
V1.mp4,7688,none,False,,2026-04-24T19:35:52
V1.mp4,7689,none,False,,2026-04-24T19:35:53
V1.mp4,7690,none,False,,2026-04-24T19:35:53
V1.mp4,7691,none,False,,2026-04-24T19:35:53
V1.mp4,7692,none,False,,2026-04-24T19:35:53
V1.mp4,7693,none,False,,2026-04-24T19:35:53
V1.mp4,7694,none,False,,2026-04-24T19:35:54
V1.mp4,7695,none,False,,2026-04-24T19:35:54
V1.mp4,7696,none,False,,2026-04-24T19:35:54
V1.mp4,7697,none,False,,2026-04-24T19:35:54
V1.mp4,7698,none,False,,2026-04-24T19:35:55
V1.mp4,7699,none,False,,2026-04-24T19:35:55
V1.mp4,7700,none,False,,2026-04-24T19:35:55
V1.mp4,7701,none,False,,2026-04-24T19:35:55
V1.mp4,7702,none,False,,2026-04-24T19:35:55
V1.mp4,7703,none,False,,2026-04-24T19:35:56
V1.mp4,7704,none,False,,2026-04-24T19:35:56
V1.mp4,7705,none,False,,2026-04-24T19:35:56
V1.mp4,7706,none,False,,2026-04-24T19:35:56
V1.mp4,7736,none,False,,2026-04-24T19:36:03
V1.mp4,7737,none,False,,2026-04-24T19:36:03
V1.mp4,7738,none,False,,2026-04-24T19:36:03
V1.mp4,7739,none,False,,2026-04-24T19:36:04
V1.mp4,7740,none,False,,2026-04-24T19:36:04
V1.mp4,7740,none,False,,2026-04-24T19:36:04
V1.mp4,7741,none,False,,2026-04-24T19:36:04
V1.mp4,7742,none,False,,2026-04-24T19:36:05
V1.mp4,7743,none,False,,2026-04-24T19:36:05
V1.mp4,7744,none,False,,2026-04-24T19:36:05
V1.mp4,7745,none,False,,2026-04-24T19:36:05
V1.mp4,7746,none,False,,2026-04-24T19:36:05
V1.mp4,7747,none,False,,2026-04-24T19:36:06
V1.mp4,7748,none,False,,2026-04-24T19:36:06
V1.mp4,7748,none,False,,2026-04-24T19:36:07
V1.mp4,7749,none,False,,2026-04-24T19:36:07
V1.mp4,7779,none,False,,2026-04-24T19:36:12
V1.mp4,7780,none,False,,2026-04-24T19:36:12
V1.mp4,7781,none,False,,2026-04-24T19:36:12
V1.mp4,7782,none,False,,2026-04-24T19:36:12
V1.mp4,7783,none,False,,2026-04-24T19:36:12
V1.mp4,7784,none,False,,2026-04-24T19:36:12
V1.mp4,7785,none,False,,2026-04-24T19:36:13
V1.mp4,8115,none,False,,2026-04-24T19:36:27
V1.mp4,8116,none,False,,2026-04-24T19:36:28
V1.mp4,8117,none,False,,2026-04-24T19:36:28
V1.mp4,8118,none,False,,2026-04-24T19:36:28
V1.mp4,8119,none,False,,2026-04-24T19:36:28
V1.mp4,8120,none,False,,2026-04-24T19:36:29
V1.mp4,8121,none,False,,2026-04-24T19:36:29
V1.mp4,8122,none,False,,2026-04-24T19:36:29
V1.mp4,8123,none,False,,2026-04-24T19:36:29
V1.mp4,9030,straight,False,,2026-04-24T19:36:53
V1.mp4,9051,straight,False,,2026-04-24T19:36:58
V1.mp4,9061,straight,False,,2026-04-24T19:37:03
V1.mp4,9086,straight,False,,2026-04-24T19:37:07
V1.mp4,9097,straight,False,,2026-04-24T19:37:13
V1.mp4,9120,straight,False,,2026-04-24T19:37:18
V1.mp4,9133,straight,False,,2026-04-24T19:37:22
V1.mp4,9154,straight,False,,2026-04-24T19:37:26
V1.mp4,9167,straight,False,,2026-04-24T19:37:30
V1.mp4,9189,straight,False,,2026-04-24T19:37:35
V1.mp4,9201,straight,False,,2026-04-24T19:37:37
V1.mp4,9225,straight,False,,2026-04-24T19:37:41
V1.mp4,9237,straight,False,,2026-04-24T19:37:44
V1.mp4,9262,straight,False,,2026-04-24T19:37:48
V1.mp4,9275,straight,False,,2026-04-24T19:37:51
V1.mp4,9301,straight,False,,2026-04-24T19:37:56
V1.mp4,9315,straight,False,,2026-04-24T19:37:58
V1.mp4,9338,straight,False,,2026-04-24T19:38:03
V1.mp4,9351,straight,False,,2026-04-24T19:38:05
V1.mp4,9490,straight,False,,2026-04-24T19:38:24
V1.mp4,9503,straight,False,,2026-04-24T19:38:27
V1.mp4,9528,straight,False,,2026-04-24T19:38:31
V1.mp4,9541,straight,False,,2026-04-24T19:38:35
V1.mp4,9564,straight,False,,2026-04-24T19:38:39
V1.mp4,9577,straight,False,,2026-04-24T19:38:41
V1.mp4,9712,straight,False,,2026-04-24T19:38:53
V1.mp4,9726,straight,False,,2026-04-24T19:38:58
V1.mp4,9753,straight,False,,2026-04-24T19:39:02
V1.mp4,9767,straight,False,,2026-04-24T19:39:05
V1.mp4,9794,straight,False,,2026-04-24T19:39:09
V1.mp4,9807,straight,False,,2026-04-24T19:39:11
V1.mp4,9833,straight,False,,2026-04-24T19:39:17
V1.mp4,9845,straight,False,,2026-04-24T19:39:21
V1.mp4,9964,straight,False,,2026-04-24T19:39:36
V1.mp4,10031,straight,False,,2026-04-24T19:39:45
V1.mp4,10045,straight,False,,2026-04-24T19:39:47
V1.mp4,10071,straight,False,,2026-04-24T19:39:52
V1.mp4,10083,straight,False,,2026-04-24T19:39:54
V1.mp4,10109,straight,False,,2026-04-24T19:39:58
V1.mp4,10122,straight,False,,2026-04-24T19:40:00
V1.mp4,10149,straight,False,,2026-04-24T19:40:04
V1.mp4,10264,straight,False,,2026-04-24T19:40:17
V1.mp4,10277,straight,False,,2026-04-24T19:40:20
V1.mp4,10303,straight,False,,2026-04-24T19:40:23
V1.mp4,10316,straight,False,,2026-04-24T19:40:27
V1.mp4,10342,straight,False,,2026-04-24T19:40:32
V1.mp4,10356,straight,False,,2026-04-24T19:40:34
V1.mp4,10380,straight,False,,2026-04-24T19:40:38
V1.mp4,10474,none,False,,2026-04-24T19:40:50
V1.mp4,10475,none,False,,2026-04-24T19:40:50
V1.mp4,10476,none,False,,2026-04-24T19:40:50
V1.mp4,10477,none,False,,2026-04-24T19:40:50
V1.mp4,10478,none,False,,2026-04-24T19:40:51
V1.mp4,10479,none,False,,2026-04-24T19:40:51
V1.mp4,10480,none,False,,2026-04-24T19:40:51
V1.mp4,10481,none,False,,2026-04-24T19:40:51
V1.mp4,10482,none,False,,2026-04-24T19:40:51
V1.mp4,10483,none,False,,2026-04-24T19:40:52
V1.mp4,10484,none,False,,2026-04-24T19:40:52
V1.mp4,10485,none,False,,2026-04-24T19:40:52
V1.mp4,10486,none,False,,2026-04-24T19:40:52
V1.mp4,10487,none,False,,2026-04-24T19:40:53
V1.mp4,10488,none,False,,2026-04-24T19:40:53
V1.mp4,10489,none,False,,2026-04-24T19:40:53
V1.mp4,10490,none,False,,2026-04-24T19:40:53
V1.mp4,10491,none,False,,2026-04-24T19:40:54
V1.mp4,10682,none,False,,2026-04-24T19:41:05
V1.mp4,10683,none,False,,2026-04-24T19:41:05
V1.mp4,10684,none,False,,2026-04-24T19:41:05
V1.mp4,10685,none,False,,2026-04-24T19:41:05
V1.mp4,10686,none,False,,2026-04-24T19:41:05
V1.mp4,10686,none,False,,2026-04-24T19:41:06
V1.mp4,10686,none,False,,2026-04-24T19:41:06
V1.mp4,10687,none,False,,2026-04-24T19:41:06
V1.mp4,10688,none,False,,2026-04-24T19:41:06
V1.mp4,10689,none,False,,2026-04-24T19:41:06
V1.mp4,10690,none,False,,2026-04-24T19:41:07
V1.mp4,10691,none,False,,2026-04-24T19:41:07
V1.mp4,10692,none,False,,2026-04-24T19:41:07
V1.mp4,10693,none,False,,2026-04-24T19:41:07
V1.mp4,10694,none,False,,2026-04-24T19:41:07
V1.mp4,10695,none,False,,2026-04-24T19:41:08
V1.mp4,10696,none,False,,2026-04-24T19:41:08
V1.mp4,10697,none,False,,2026-04-24T19:41:08
V1.mp4,10698,none,False,,2026-04-24T19:41:09
V1.mp4,10718,hook,False,,2026-04-24T19:41:18
V1.mp4,10727,straight,False,,2026-04-24T19:41:22
V1.mp4,10793,straight,False,,2026-04-24T19:41:34
V1.mp4,10863,straight,False,,2026-04-24T19:41:43
V1.mp4,10913,hook,False,,2026-04-24T19:41:49
V1.mp4,10934,straight,False,,2026-04-24T19:41:53
V1.mp4,10990,hook,False,,2026-04-24T19:42:06
V1.mp4,11009,straight,False,,2026-04-24T19:42:09
V1.mp4,11058,hook,False,,2026-04-24T19:42:14
V1.mp4,11082,straight,False,,2026-04-24T19:42:18
V1.mp4,11157,straight,False,,2026-04-24T19:42:26
V1.mp4,11228,hook,False,,2026-04-24T19:42:34
V1.mp4,11249,straight,False,,2026-04-24T19:42:37
V1.mp4,11274,hook,False,,2026-04-24T19:42:41
V1.mp4,11280,hook,False,,2026-04-24T19:42:42
V1.mp4,11281,hook,False,,2026-04-24T19:42:43
V1.mp4,11282,hook,False,,2026-04-24T19:42:43
V1.mp4,11283,hook,False,,2026-04-24T19:42:43
V1.mp4,11284,hook,False,,2026-04-24T19:42:43
V1.mp4,11285,hook,False,,2026-04-24T19:42:43
V1.mp4,11286,hook,False,,2026-04-24T19:42:44
V1.mp4,11287,hook,False,,2026-04-24T19:42:44
V1.mp4,11288,hook,False,,2026-04-24T19:42:44
V1.mp4,11289,hook,False,,2026-04-24T19:42:44
V1.mp4,11290,hook,False,,2026-04-24T19:42:44
V1.mp4,11291,hook,False,,2026-04-24T19:42:45
V1.mp4,11292,hook,False,,2026-04-24T19:42:45
V1.mp4,11293,hook,False,,2026-04-24T19:42:45
V1.mp4,11294,hook,False,,2026-04-24T19:42:45
V1.mp4,11295,hook,False,,2026-04-24T19:42:46
V1.mp4,11296,hook,False,,2026-04-24T19:42:46
V1.mp4,11297,hook,False,,2026-04-24T19:42:46
V1.mp4,11298,hook,False,,2026-04-24T19:42:46
V1.mp4,11299,hook,False,,2026-04-24T19:42:47
V1.mp4,11300,hook,False,,2026-04-24T19:42:47
V1.mp4,11301,hook,False,,2026-04-24T19:42:47
V1.mp4,11302,hook,False,,2026-04-24T19:42:47
V1.mp4,11304,none,False,,2026-04-24T19:42:49
V1.mp4,11305,none,False,,2026-04-24T19:42:49
V1.mp4,11306,none,False,,2026-04-24T19:42:49
V1.mp4,11307,none,False,,2026-04-24T19:42:50
V1.mp4,11308,none,False,,2026-04-24T19:42:50
V1.mp4,11309,none,False,,2026-04-24T19:42:50
V1.mp4,11310,none,False,,2026-04-24T19:42:50
V1.mp4,11311,none,False,,2026-04-24T19:42:50
V1.mp4,11312,none,False,,2026-04-24T19:42:51
V1.mp4,11313,none,False,,2026-04-24T19:42:51
V1.mp4,11314,none,False,,2026-04-24T19:42:51
V1.mp4,11315,none,False,,2026-04-24T19:42:51
V1.mp4,11316,none,False,,2026-04-24T19:42:52
V1.mp4,11317,none,False,,2026-04-24T19:42:52
V1.mp4,11318,none,False,,2026-04-24T19:42:52
V1.mp4,11319,none,False,,2026-04-24T19:42:52
V1.mp4,11320,none,False,,2026-04-24T19:42:53
V1.mp4,11321,none,False,,2026-04-24T19:42:53
V1.mp4,11322,none,False,,2026-04-24T19:42:53
V1.mp4,11323,none,False,,2026-04-24T19:42:53
V1.mp4,11324,none,False,,2026-04-24T19:42:53
V1.mp4,11325,none,False,,2026-04-24T19:42:54
V1.mp4,11326,none,False,,2026-04-24T19:42:54
V1.mp4,11327,none,False,,2026-04-24T19:42:54
V1.mp4,11328,none,False,,2026-04-24T19:42:54
V1.mp4,11329,none,False,,2026-04-24T19:42:55
V1.mp4,11330,none,False,,2026-04-24T19:42:55
V1.mp4,11331,none,False,,2026-04-24T19:42:55
V1.mp4,11332,none,False,,2026-04-24T19:42:55
V6.mp4,85,none,False,,2026-04-24T19:47:28
V6.mp4,86,none,False,,2026-04-24T19:47:28
V6.mp4,87,none,False,,2026-04-24T19:47:28
V6.mp4,88,none,False,,2026-04-24T19:47:28
V6.mp4,89,none,False,,2026-04-24T19:47:29
V6.mp4,90,none,False,,2026-04-24T19:47:29
V6.mp4,91,none,False,,2026-04-24T19:47:29
V6.mp4,92,none,False,,2026-04-24T19:47:29
V6.mp4,93,none,False,,2026-04-24T19:47:29
V6.mp4,94,none,False,,2026-04-24T19:47:29
V6.mp4,95,none,False,,2026-04-24T19:47:30
V6.mp4,96,none,False,,2026-04-24T19:47:30
V6.mp4,97,none,False,,2026-04-24T19:47:30
V6.mp4,98,none,False,,2026-04-24T19:47:30
V6.mp4,99,none,False,,2026-04-24T19:47:31
V6.mp4,100,none,False,,2026-04-24T19:47:31
V6.mp4,101,none,False,,2026-04-24T19:47:31
V6.mp4,102,none,False,,2026-04-24T19:47:31
V6.mp4,103,none,False,,2026-04-24T19:47:31
V6.mp4,104,none,False,,2026-04-24T19:47:32
V6.mp4,105,none,False,,2026-04-24T19:47:32
V6.mp4,106,none,False,,2026-04-24T19:47:32
V6.mp4,107,none,False,,2026-04-24T19:47:32
V6.mp4,108,none,False,,2026-04-24T19:47:32
V6.mp4,109,none,False,,2026-04-24T19:47:33
V6.mp4,110,none,False,,2026-04-24T19:47:33
V6.mp4,111,none,False,,2026-04-24T19:47:33
V6.mp4,112,none,False,,2026-04-24T19:47:33
V6.mp4,113,none,False,,2026-04-24T19:47:33
V6.mp4,114,none,False,,2026-04-24T19:47:34
V6.mp4,115,none,False,,2026-04-24T19:47:34
V6.mp4,116,none,False,,2026-04-24T19:47:34
V6.mp4,117,none,False,,2026-04-24T19:47:34
V6.mp4,118,none,False,,2026-04-24T19:47:35
V6.mp4,119,none,False,,2026-04-24T19:47:35
V6.mp4,120,none,False,,2026-04-24T19:47:35
V6.mp4,121,none,False,,2026-04-24T19:47:35
V6.mp4,122,none,False,,2026-04-24T19:47:35
V6.mp4,123,none,False,,2026-04-24T19:47:36
V6.mp4,124,none,False,,2026-04-24T19:47:36
V6.mp4,125,none,False,,2026-04-24T19:47:36
V6.mp4,126,none,False,,2026-04-24T19:47:36
V6.mp4,127,none,False,,2026-04-24T19:47:37
V6.mp4,128,none,False,,2026-04-24T19:47:37
V6.mp4,129,none,False,,2026-04-24T19:47:37
V6.mp4,130,none,False,,2026-04-24T19:47:37
V6.mp4,131,none,False,,2026-04-24T19:47:37
V6.mp4,132,none,False,,2026-04-24T19:47:38
V6.mp4,133,none,False,,2026-04-24T19:47:38
V6.mp4,134,none,False,,2026-04-24T19:47:38
V6.mp4,135,none,False,,2026-04-24T19:47:38
V6.mp4,136,none,False,,2026-04-24T19:47:39
V6.mp4,137,none,False,,2026-04-24T19:47:39
V6.mp4,138,none,False,,2026-04-24T19:47:39
V6.mp4,139,none,False,,2026-04-24T19:47:39
V6.mp4,141,none,False,,2026-04-24T19:47:40
V6.mp4,142,none,False,,2026-04-24T19:47:40
V6.mp4,143,none,False,,2026-04-24T19:47:40
V6.mp4,144,none,False,,2026-04-24T19:47:40
V6.mp4,145,none,False,,2026-04-24T19:47:41
V6.mp4,146,none,False,,2026-04-24T19:47:41
V6.mp4,147,none,False,,2026-04-24T19:47:41
V6.mp4,148,none,False,,2026-04-24T19:47:41
V6.mp4,149,none,False,,2026-04-24T19:47:42
V6.mp4,150,none,False,,2026-04-24T19:47:42
V6.mp4,151,none,False,,2026-04-24T19:47:42
V6.mp4,152,none,False,,2026-04-24T19:47:42
V6.mp4,153,none,False,,2026-04-24T19:47:43
V6.mp4,154,none,False,,2026-04-24T19:47:43
V6.mp4,155,none,False,,2026-04-24T19:47:43
V6.mp4,167,uppercut,False,,2026-04-24T19:47:59
V6.mp4,174,straight,False,,2026-04-24T19:48:02
V6.mp4,190,straight,False,,2026-04-24T19:48:05
V6.mp4,197,straight,False,,2026-04-24T19:48:07
V6.mp4,238,none,False,,2026-04-24T19:48:14
V6.mp4,239,none,False,,2026-04-24T19:48:14
V6.mp4,240,none,False,,2026-04-24T19:48:14
V6.mp4,241,none,False,,2026-04-24T19:48:14
V6.mp4,242,none,False,,2026-04-24T19:48:15
V6.mp4,243,none,False,,2026-04-24T19:48:15
V6.mp4,244,none,False,,2026-04-24T19:48:15
V6.mp4,245,none,False,,2026-04-24T19:48:15
V6.mp4,281,none,False,,2026-04-24T19:48:21
V6.mp4,282,none,False,,2026-04-24T19:48:21
V6.mp4,283,none,False,,2026-04-24T19:48:21
V6.mp4,284,none,False,,2026-04-24T19:48:21
V6.mp4,285,none,False,,2026-04-24T19:48:21
V6.mp4,286,none,False,,2026-04-24T19:48:22
V6.mp4,287,none,False,,2026-04-24T19:48:22
V6.mp4,288,none,False,,2026-04-24T19:48:22
V6.mp4,289,none,False,,2026-04-24T19:48:22
V6.mp4,315,uppercut,False,,2026-04-24T19:48:28
V6.mp4,322,straight,False,,2026-04-24T19:48:31
V6.mp4,337,straight,False,,2026-04-24T19:48:34
V6.mp4,342,straight,False,,2026-04-24T19:48:35
V6.mp4,353,uppercut,False,,2026-04-24T19:48:39
V6.mp4,359,straight,False,,2026-04-24T19:48:41
V6.mp4,376,straight,False,,2026-04-24T19:48:54
V6.mp4,385,straight,False,,2026-04-24T19:48:57
V6.mp4,395,hook,False,,2026-04-24T19:49:01
V6.mp4,407,hook,False,,2026-04-24T19:49:04
V6.mp4,474,straight,False,,2026-04-24T19:49:14
V6.mp4,481,straight,False,,2026-04-24T19:49:15
V6.mp4,491,hook,False,,2026-04-24T19:49:18
V6.mp4,500,hook,False,,2026-04-24T19:49:20
V6.mp4,503,uppercut,False,,2026-04-24T19:49:26
V6.mp4,536,straight,False,,2026-04-24T19:49:35
V6.mp4,547,uppercut,False,,2026-04-24T19:49:38
V6.mp4,561,straight,False,,2026-04-24T19:49:41
V6.mp4,571,uppercut,False,,2026-04-24T19:49:44
V6.mp4,599,straight,False,,2026-04-24T19:50:09
V6.mp4,686,none,False,,2026-04-24T19:50:15
V6.mp4,687,none,False,,2026-04-24T19:50:15
V6.mp4,688,none,False,,2026-04-24T19:50:15
V6.mp4,689,none,False,,2026-04-24T19:50:15
V6.mp4,690,none,False,,2026-04-24T19:50:16
V6.mp4,691,none,False,,2026-04-24T19:50:16
V6.mp4,692,none,False,,2026-04-24T19:50:16
V6.mp4,693,none,False,,2026-04-24T19:50:16
V6.mp4,694,none,False,,2026-04-24T19:50:17
V6.mp4,695,none,False,,2026-04-24T19:50:17
V6.mp4,696,none,False,,2026-04-24T19:50:17
V6.mp4,698,none,False,,2026-04-24T19:50:17
V6.mp4,699,none,False,,2026-04-24T19:50:17
V6.mp4,700,none,False,,2026-04-24T19:50:18
V6.mp4,701,none,False,,2026-04-24T19:50:18
V6.mp4,702,none,False,,2026-04-24T19:50:18
V6.mp4,703,none,False,,2026-04-24T19:50:18
V6.mp4,704,none,False,,2026-04-24T19:50:19
V6.mp4,705,none,False,,2026-04-24T19:50:19
V6.mp4,706,none,False,,2026-04-24T19:50:19
V6.mp4,707,none,False,,2026-04-24T19:50:19
V6.mp4,708,none,False,,2026-04-24T19:50:19
V6.mp4,709,none,False,,2026-04-24T19:50:20
V6.mp4,710,none,False,,2026-04-24T19:50:20
V6.mp4,711,none,False,,2026-04-24T19:50:20
V6.mp4,712,none,False,,2026-04-24T19:50:20
V6.mp4,713,none,False,,2026-04-24T19:50:20
V6.mp4,714,none,False,,2026-04-24T19:50:21
V6.mp4,715,none,False,,2026-04-24T19:50:21
V6.mp4,716,none,False,,2026-04-24T19:50:21
V6.mp4,717,none,False,,2026-04-24T19:50:21
V6.mp4,718,none,False,,2026-04-24T19:50:21
V6.mp4,719,none,False,,2026-04-24T19:50:22
V6.mp4,720,none,False,,2026-04-24T19:50:22
V6.mp4,721,none,False,,2026-04-24T19:50:22
V6.mp4,722,none,False,,2026-04-24T19:50:22
V6.mp4,723,none,False,,2026-04-24T19:50:23
V6.mp4,724,none,False,,2026-04-24T19:50:23
V6.mp4,725,none,False,,2026-04-24T19:50:23
V6.mp4,726,none,False,,2026-04-24T19:50:23
V6.mp4,727,none,False,,2026-04-24T19:50:23
V6.mp4,728,none,False,,2026-04-24T19:50:24
V6.mp4,729,none,False,,2026-04-24T19:50:24
V6.mp4,730,none,False,,2026-04-24T19:50:24
V6.mp4,731,none,False,,2026-04-24T19:50:24
V6.mp4,731,none,False,,2026-04-24T19:50:25
V6.mp4,732,none,False,,2026-04-24T19:50:25
V6.mp4,733,none,False,,2026-04-24T19:50:25
V6.mp4,734,none,False,,2026-04-24T19:50:25
V6.mp4,735,none,False,,2026-04-24T19:50:25
V6.mp4,736,none,False,,2026-04-24T19:50:26
V6.mp4,737,none,False,,2026-04-24T19:50:26
V6.mp4,738,none,False,,2026-04-24T19:50:26
V6.mp4,739,none,False,,2026-04-24T19:50:26
V6.mp4,740,none,False,,2026-04-24T19:50:26
V6.mp4,741,none,False,,2026-04-24T19:50:27
V6.mp4,742,none,False,,2026-04-24T19:50:27
V6.mp4,743,none,False,,2026-04-24T19:50:27
V6.mp4,744,none,False,,2026-04-24T19:50:27
V6.mp4,744,none,False,,2026-04-24T19:50:28
V6.mp4,745,none,False,,2026-04-24T19:50:28
V6.mp4,746,none,False,,2026-04-24T19:50:28
V6.mp4,747,none,False,,2026-04-24T19:50:28
V6.mp4,748,none,False,,2026-04-24T19:50:29
V6.mp4,749,none,False,,2026-04-24T19:50:29
V6.mp4,750,none,False,,2026-04-24T19:50:29
V6.mp4,751,none,False,,2026-04-24T19:50:29
V6.mp4,752,none,False,,2026-04-24T19:50:29
V6.mp4,753,none,False,,2026-04-24T19:50:30
V6.mp4,754,none,False,,2026-04-24T19:50:30
V6.mp4,755,none,False,,2026-04-24T19:50:30
V6.mp4,756,none,False,,2026-04-24T19:50:30
V6.mp4,757,none,False,,2026-04-24T19:50:31
V6.mp4,758,none,False,,2026-04-24T19:50:31
V6.mp4,759,none,False,,2026-04-24T19:50:31
V6.mp4,760,none,False,,2026-04-24T19:50:31
V6.mp4,761,none,False,,2026-04-24T19:50:31
V6.mp4,761,none,False,,2026-04-24T19:50:32
V6.mp4,762,none,False,,2026-04-24T19:50:32
V6.mp4,763,none,False,,2026-04-24T19:50:32
V6.mp4,764,none,False,,2026-04-24T19:50:32
V6.mp4,764,none,False,,2026-04-24T19:50:32
V6.mp4,765,none,False,,2026-04-24T19:50:33
V6.mp4,766,none,False,,2026-04-24T19:50:33
V6.mp4,767,none,False,,2026-04-24T19:50:33
V6.mp4,768,none,False,,2026-04-24T19:50:33
V6.mp4,769,none,False,,2026-04-24T19:50:34
V6.mp4,770,none,False,,2026-04-24T19:50:34
V6.mp4,771,none,False,,2026-04-24T19:50:34
V6.mp4,772,none,False,,2026-04-24T19:50:34
V6.mp4,773,none,False,,2026-04-24T19:50:34
V6.mp4,774,none,False,,2026-04-24T19:50:35
V6.mp4,775,none,False,,2026-04-24T19:50:35
V6.mp4,775,none,False,,2026-04-24T19:50:35
V6.mp4,776,none,False,,2026-04-24T19:50:35
V6.mp4,777,none,False,,2026-04-24T19:50:36
V6.mp4,778,none,False,,2026-04-24T19:50:36
V6.mp4,779,none,False,,2026-04-24T19:50:36
V6.mp4,780,none,False,,2026-04-24T19:50:36
V6.mp4,781,none,False,,2026-04-24T19:50:36
V6.mp4,782,none,False,,2026-04-24T19:50:37
V6.mp4,783,none,False,,2026-04-24T19:50:37
V6.mp4,784,none,False,,2026-04-24T19:50:37
V6.mp4,786,none,False,,2026-04-24T19:50:37
V6.mp4,786,none,False,,2026-04-24T19:50:38
V6.mp4,786,none,False,,2026-04-24T19:50:38
V6.mp4,787,none,False,,2026-04-24T19:50:38
V6.mp4,788,none,False,,2026-04-24T19:50:38
V6.mp4,789,none,False,,2026-04-24T19:50:39
V6.mp4,790,none,False,,2026-04-24T19:50:39
V6.mp4,791,none,False,,2026-04-24T19:50:39
V6.mp4,792,none,False,,2026-04-24T19:50:39
V6.mp4,793,none,False,,2026-04-24T19:50:39
V6.mp4,794,none,False,,2026-04-24T19:50:40
V6.mp4,794,none,False,,2026-04-24T19:50:40
V6.mp4,795,none,False,,2026-04-24T19:50:40
V6.mp4,796,none,False,,2026-04-24T19:50:40
V6.mp4,797,none,False,,2026-04-24T19:50:40
V6.mp4,798,none,False,,2026-04-24T19:50:41
V6.mp4,800,none,False,,2026-04-24T19:50:41
V6.mp4,801,none,False,,2026-04-24T19:50:41
V6.mp4,801,none,False,,2026-04-24T19:50:41
V6.mp4,802,none,False,,2026-04-24T19:50:41
V6.mp4,803,none,False,,2026-04-24T19:50:41
V6.mp4,804,none,False,,2026-04-24T19:50:42
V6.mp4,805,none,False,,2026-04-24T19:50:42
V6.mp4,806,none,False,,2026-04-24T19:50:42
V6.mp4,807,none,False,,2026-04-24T19:50:42
V6.mp4,808,none,False,,2026-04-24T19:50:42
V6.mp4,809,none,False,,2026-04-24T19:50:42
V6.mp4,810,none,False,,2026-04-24T19:50:42
V6.mp4,811,none,False,,2026-04-24T19:50:43
V6.mp4,812,none,False,,2026-04-24T19:50:43
V6.mp4,812,none,False,,2026-04-24T19:50:43
V6.mp4,814,none,False,,2026-04-24T19:50:43
V6.mp4,815,none,False,,2026-04-24T19:50:43
V6.mp4,816,none,False,,2026-04-24T19:50:43
V6.mp4,817,none,False,,2026-04-24T19:50:44
V6.mp4,818,none,False,,2026-04-24T19:50:44
V6.mp4,819,none,False,,2026-04-24T19:50:44
V6.mp4,820,none,False,,2026-04-24T19:50:44
V6.mp4,820,none,False,,2026-04-24T19:50:44
V6.mp4,821,none,False,,2026-04-24T19:50:44
V6.mp4,823,none,False,,2026-04-24T19:50:45
V6.mp4,823,none,False,,2026-04-24T19:50:45
V6.mp4,824,none,False,,2026-04-24T19:50:45
V6.mp4,826,none,False,,2026-04-24T19:50:45
V6.mp4,827,none,False,,2026-04-24T19:50:45
V6.mp4,828,none,False,,2026-04-24T19:50:45
V6.mp4,829,none,False,,2026-04-24T19:50:46
V6.mp4,830,none,False,,2026-04-24T19:50:46
V6.mp4,831,none,False,,2026-04-24T19:50:46
V6.mp4,832,none,False,,2026-04-24T19:50:46
V6.mp4,833,none,False,,2026-04-24T19:50:46
V6.mp4,833,none,False,,2026-04-24T19:50:46
V6.mp4,834,none,False,,2026-04-24T19:50:46
V6.mp4,836,none,False,,2026-04-24T19:50:47
V6.mp4,837,none,False,,2026-04-24T19:50:47
V6.mp4,838,none,False,,2026-04-24T19:50:47
V6.mp4,839,none,False,,2026-04-24T19:50:47
V6.mp4,840,none,False,,2026-04-24T19:50:47
V6.mp4,841,none,False,,2026-04-24T19:50:47
V6.mp4,841,none,False,,2026-04-24T19:50:47
V6.mp4,843,none,False,,2026-04-24T19:50:48
V6.mp4,845,none,False,,2026-04-24T19:50:48
V6.mp4,846,none,False,,2026-04-24T19:50:48
V6.mp4,848,none,False,,2026-04-24T19:50:48
V6.mp4,849,none,False,,2026-04-24T19:50:48
V6.mp4,850,none,False,,2026-04-24T19:50:49
V6.mp4,851,none,False,,2026-04-24T19:50:49
V6.mp4,851,none,False,,2026-04-24T19:50:49
V6.mp4,853,none,False,,2026-04-24T19:50:49
V6.mp4,853,none,False,,2026-04-24T19:50:49
V6.mp4,855,none,False,,2026-04-24T19:50:50
V6.mp4,856,none,False,,2026-04-24T19:50:50
V6.mp4,857,none,False,,2026-04-24T19:50:50
V6.mp4,858,none,False,,2026-04-24T19:50:50
V6.mp4,859,none,False,,2026-04-24T19:50:50
V6.mp4,860,none,False,,2026-04-24T19:50:50
V6.mp4,861,none,False,,2026-04-24T19:50:51
V6.mp4,862,none,False,,2026-04-24T19:50:51
V6.mp4,863,none,False,,2026-04-24T19:50:51
V6.mp4,864,none,False,,2026-04-24T19:50:51
V6.mp4,865,none,False,,2026-04-24T19:50:51
V6.mp4,866,none,False,,2026-04-24T19:50:51
V6.mp4,867,none,False,,2026-04-24T19:50:52
V6.mp4,867,none,False,,2026-04-24T19:50:52
V6.mp4,867,none,False,,2026-04-24T19:50:52
V6.mp4,868,none,False,,2026-04-24T19:50:52
V6.mp4,869,none,False,,2026-04-24T19:50:52
V6.mp4,870,none,False,,2026-04-24T19:50:52
V6.mp4,871,none,False,,2026-04-24T19:50:53
V6.mp4,872,none,False,,2026-04-24T19:50:53
V6.mp4,873,none,False,,2026-04-24T19:50:53
V6.mp4,874,none,False,,2026-04-24T19:50:53
V6.mp4,875,none,False,,2026-04-24T19:50:53
V6.mp4,876,none,False,,2026-04-24T19:50:53
V6.mp4,877,none,False,,2026-04-24T19:50:54
V6.mp4,878,none,False,,2026-04-24T19:50:54
V6.mp4,879,none,False,,2026-04-24T19:50:54
V6.mp4,880,none,False,,2026-04-24T19:50:54
V6.mp4,881,none,False,,2026-04-24T19:50:54
V6.mp4,882,none,False,,2026-04-24T19:50:54
V6.mp4,883,none,False,,2026-04-24T19:50:54
V6.mp4,884,none,False,,2026-04-24T19:50:55
V6.mp4,885,none,False,,2026-04-24T19:50:55
V6.mp4,886,none,False,,2026-04-24T19:50:55
V6.mp4,887,none,False,,2026-04-24T19:50:55
V6.mp4,888,none,False,,2026-04-24T19:50:55
V6.mp4,889,none,False,,2026-04-24T19:50:55
V6.mp4,890,none,False,,2026-04-24T19:50:56
V6.mp4,891,none,False,,2026-04-24T19:50:56
V6.mp4,892,none,False,,2026-04-24T19:50:56
V6.mp4,893,none,False,,2026-04-24T19:50:56
V6.mp4,894,none,False,,2026-04-24T19:50:56
V6.mp4,895,none,False,,2026-04-24T19:50:56
V6.mp4,896,none,False,,2026-04-24T19:50:57
V6.mp4,896,none,False,,2026-04-24T19:50:57
V6.mp4,897,none,False,,2026-04-24T19:50:57
V6.mp4,898,none,False,,2026-04-24T19:50:57
V6.mp4,1318,none,False,,2026-04-24T19:51:20
V6.mp4,1319,none,False,,2026-04-24T19:51:20
V6.mp4,1320,none,False,,2026-04-24T19:51:20
V6.mp4,1321,none,False,,2026-04-24T19:51:21
V6.mp4,1322,none,False,,2026-04-24T19:51:21
V6.mp4,1323,none,False,,2026-04-24T19:51:21
V6.mp4,1323,none,False,,2026-04-24T19:51:21
V6.mp4,1324,none,False,,2026-04-24T19:51:21
V6.mp4,1325,none,False,,2026-04-24T19:51:22
V6.mp4,1326,none,False,,2026-04-24T19:51:22
V6.mp4,1327,none,False,,2026-04-24T19:51:22
V6.mp4,1328,none,False,,2026-04-24T19:51:22
V6.mp4,1329,none,False,,2026-04-24T19:51:22
V6.mp4,1329,none,False,,2026-04-24T19:51:23
V6.mp4,1330,none,False,,2026-04-24T19:51:23
V6.mp4,1331,none,False,,2026-04-24T19:51:23
V6.mp4,1332,none,False,,2026-04-24T19:51:23
V6.mp4,1333,none,False,,2026-04-24T19:51:23
V6.mp4,1334,none,False,,2026-04-24T19:51:24
V6.mp4,1335,none,False,,2026-04-24T19:51:24
V6.mp4,1336,none,False,,2026-04-24T19:51:24
V6.mp4,1336,none,False,,2026-04-24T19:51:24
V6.mp4,1337,none,False,,2026-04-24T19:51:24
V6.mp4,1338,none,False,,2026-04-24T19:51:24
V6.mp4,1339,none,False,,2026-04-24T19:51:25
V6.mp4,1340,none,False,,2026-04-24T19:51:25
V6.mp4,1341,none,False,,2026-04-24T19:51:25
V6.mp4,1342,none,False,,2026-04-24T19:51:25
V6.mp4,1342,none,False,,2026-04-24T19:51:25
V6.mp4,1343,none,False,,2026-04-24T19:51:26
V6.mp4,1344,none,False,,2026-04-24T19:51:26
V6.mp4,1345,none,False,,2026-04-24T19:51:26
V6.mp4,1346,none,False,,2026-04-24T19:51:26
V6.mp4,1347,none,False,,2026-04-24T19:51:27
V6.mp4,1348,none,False,,2026-04-24T19:51:27
V6.mp4,1348,none,False,,2026-04-24T19:51:27
V6.mp4,1349,none,False,,2026-04-24T19:51:27
V6.mp4,1351,none,False,,2026-04-24T19:51:28
V6.mp4,1351,none,False,,2026-04-24T19:51:29
V6.mp4,1352,none,False,,2026-04-24T19:51:29
V6.mp4,1353,none,False,,2026-04-24T19:51:29
V6.mp4,1354,none,False,,2026-04-24T19:51:29
V6.mp4,1355,none,False,,2026-04-24T19:51:29
V6.mp4,1356,none,False,,2026-04-24T19:51:30
V6.mp4,1357,none,False,,2026-04-24T19:51:30
V6.mp4,1358,none,False,,2026-04-24T19:51:30
V6.mp4,1359,none,False,,2026-04-24T19:51:30
V6.mp4,1360,none,False,,2026-04-24T19:51:30
V6.mp4,1360,none,False,,2026-04-24T19:51:31
V6.mp4,2637,straight,False,,2026-04-24T19:52:34
V6.mp4,2699,straight,False,,2026-04-24T19:52:40
V6.mp4,2753,straight,False,,2026-04-24T19:52:46
V6.mp4,2802,straight,False,,2026-04-24T19:52:52
V6.mp4,2853,straight,False,,2026-04-24T19:52:59
V6.mp4,2883,straight,False,,2026-04-24T19:53:03
V6.mp4,2935,straight,False,,2026-04-24T19:53:08
V6.mp4,2968,straight,False,,2026-04-24T19:53:12
V6.mp4,3052,straight,False,,2026-04-24T19:53:20
V6.mp4,3110,straight,False,,2026-04-24T19:53:27
V6.mp4,3166,straight,False,,2026-04-24T19:53:34
V6.mp4,3228,straight,False,,2026-04-24T19:53:41
V6.mp4,3258,straight,False,,2026-04-24T19:53:45
V6.mp4,3308,straight,False,,2026-04-24T19:53:51
V6.mp4,3357,straight,False,,2026-04-24T19:53:56
V6.mp4,3369,straight,False,,2026-04-24T19:53:59
V6.mp4,3417,straight,False,,2026-04-24T19:54:04
V6.mp4,3434,straight,False,,2026-04-24T19:54:07
V6.mp4,3498,straight,False,,2026-04-24T19:54:14
V6.mp4,3512,straight,False,,2026-04-24T19:54:16
V6.mp4,3572,straight,False,,2026-04-24T19:54:22
V6.mp4,3589,straight,False,,2026-04-24T19:54:27
V6.mp4,3653,straight,False,,2026-04-24T19:54:34
V6.mp4,3667,straight,False,,2026-04-24T19:54:37
V6.mp4,3725,straight,False,,2026-04-24T19:54:44
V6.mp4,3740,straight,False,,2026-04-24T19:54:47
V6.mp4,3796,straight,False,,2026-04-24T19:54:53
V6.mp4,3811,straight,False,,2026-04-24T19:54:55
V6.mp4,3867,straight,False,,2026-04-24T19:55:01
V6.mp4,3881,straight,False,,2026-04-24T19:55:04
V6.mp4,3927,straight,False,,2026-04-24T19:55:11
V6.mp4,3941,straight,False,,2026-04-24T19:55:14
V6.mp4,3988,straight,False,,2026-04-24T19:55:20
V6.mp4,4005,straight,False,,2026-04-24T19:55:22
V6.mp4,4075,straight,False,,2026-04-24T19:55:30
V6.mp4,4088,straight,False,,2026-04-24T19:55:32
V6.mp4,4150,straight,False,,2026-04-24T19:55:39
V6.mp4,4164,straight,False,,2026-04-24T19:55:41
V6.mp4,4229,straight,False,,2026-04-24T19:55:48
V6.mp4,4243,straight,False,,2026-04-24T19:55:50
V6.mp4,4301,straight,False,,2026-04-24T19:55:56
V6.mp4,4314,straight,False,,2026-04-24T19:55:58
V6.mp4,4391,straight,False,,2026-04-24T19:56:06
V6.mp4,4404,straight,False,,2026-04-24T19:56:08
V6.mp4,4463,straight,False,,2026-04-24T19:57:11
V6.mp4,4477,straight,False,,2026-04-24T19:57:14
V6.mp4,4532,straight,False,,2026-04-24T19:57:20
V6.mp4,4546,straight,False,,2026-04-24T19:57:22
V6.mp4,4643,straight,False,,2026-04-24T19:57:33
V6.mp4,4657,straight,False,,2026-04-24T19:57:35
V6.mp4,4749,straight,False,,2026-04-24T19:57:45
V6.mp4,4763,straight,False,,2026-04-24T19:57:48
V6.mp4,4828,straight,False,,2026-04-24T19:57:56
V6.mp4,4843,straight,False,,2026-04-24T19:57:59
V6.mp4,4916,straight,False,,2026-04-24T19:58:07
V6.mp4,4927,straight,False,,2026-04-24T19:58:10
V6.mp4,4940,hook,False,,2026-04-24T19:58:14
V6.mp4,5010,straight,False,,2026-04-24T19:58:21
V6.mp4,5025,straight,False,,2026-04-24T19:58:24
V6.mp4,5043,hook,False,,2026-04-24T19:58:28
V6.mp4,5070,hook,False,,2026-04-24T19:58:32
V6.mp4,5112,hook,False,,2026-04-24T19:58:38
V6.mp4,5168,hook,False,,2026-04-24T19:58:45
V6.mp4,5272,straight,False,,2026-04-24T19:59:00
V6.mp4,5280,straight,False,,2026-04-24T19:59:02
V6.mp4,5291,hook,False,,2026-04-24T19:59:05
V6.mp4,5367,straight,False,,2026-04-24T19:59:13
V6.mp4,5376,straight,False,,2026-04-24T19:59:14
V6.mp4,5384,hook,False,,2026-04-24T19:59:17
V6.mp4,5436,straight,False,,2026-04-24T19:59:23
V6.mp4,5443,straight,False,,2026-04-24T19:59:24
V6.mp4,5453,hook,False,,2026-04-24T19:59:27
V6.mp4,5508,straight,False,,2026-04-24T19:59:34
V6.mp4,5516,straight,False,,2026-04-24T19:59:36
V6.mp4,5526,hook,False,,2026-04-24T19:59:39
V6.mp4,5583,straight,False,,2026-04-24T19:59:45
V6.mp4,5590,straight,False,,2026-04-24T19:59:46
V6.mp4,5601,hook,False,,2026-04-24T19:59:48
V6.mp4,5656,straight,False,,2026-04-24T19:59:54
V6.mp4,5664,straight,False,,2026-04-24T19:59:56
V6.mp4,5674,hook,False,,2026-04-24T19:59:59
V6.mp4,5729,straight,False,,2026-04-24T20:00:04
V6.mp4,5739,straight,False,,2026-04-24T20:00:07
V6.mp4,5749,hook,False,,2026-04-24T20:00:10
V6.mp4,5807,straight,False,,2026-04-24T20:00:17
V6.mp4,5816,straight,False,,2026-04-24T20:00:19
V6.mp4,5828,hook,False,,2026-04-24T20:00:22
V6.mp4,5883,straight,False,,2026-04-24T20:00:28
V6.mp4,5890,straight,False,,2026-04-24T20:00:30
V6.mp4,5904,hook,False,,2026-04-24T20:00:33
V6.mp4,5962,straight,False,,2026-04-24T20:00:39
V6.mp4,5973,straight,False,,2026-04-24T20:00:41
V6.mp4,5985,hook,False,,2026-04-24T20:00:45
V6.mp4,6041,straight,False,,2026-04-24T20:00:51
V6.mp4,6050,straight,False,,2026-04-24T20:00:53
V6.mp4,6061,hook,False,,2026-04-24T20:00:55
V6.mp4,6118,straight,False,,2026-04-24T20:01:00
V6.mp4,6126,straight,False,,2026-04-24T20:01:02
V6.mp4,6136,hook,False,,2026-04-24T20:01:05
V6.mp4,6190,straight,False,,2026-04-24T20:01:11
V6.mp4,6198,straight,False,,2026-04-24T20:01:14
V6.mp4,6208,hook,False,,2026-04-24T20:01:16
V6.mp4,6271,straight,False,,2026-04-24T20:01:23
V6.mp4,6281,straight,False,,2026-04-24T20:01:25
V6.mp4,6297,hook,False,,2026-04-24T20:01:28
V6.mp4,6369,straight,False,,2026-04-24T20:01:35
V6.mp4,6378,straight,False,,2026-04-24T20:01:37
V6.mp4,6391,hook,False,,2026-04-24T20:01:39
V6.mp4,6457,straight,False,,2026-04-24T20:01:46
V6.mp4,6466,straight,False,,2026-04-24T20:01:48
V6.mp4,6477,hook,False,,2026-04-24T20:01:50
V6.mp4,6533,straight,False,,2026-04-24T20:01:59
V6.mp4,6554,straight,False,,2026-04-24T20:02:02
V6.mp4,6578,hook,False,,2026-04-24T20:02:05
V6.mp4,6662,straight,False,,2026-04-24T20:02:13
V6.mp4,6672,straight,False,,2026-04-24T20:02:16
V6.mp4,6683,hook,False,,2026-04-24T20:02:19
V6.mp4,6735,straight,False,,2026-04-24T20:02:24
V6.mp4,6742,straight,False,,2026-04-24T20:02:26
V6.mp4,6751,hook,False,,2026-04-24T20:02:27
V6.mp4,6806,straight,False,,2026-04-24T20:02:33
V6.mp4,6814,straight,False,,2026-04-24T20:02:35
V6.mp4,6825,hook,False,,2026-04-24T20:02:36
V6.mp4,6878,straight,False,,2026-04-24T20:02:42
V6.mp4,6885,straight,False,,2026-04-24T20:02:45
V6.mp4,6896,hook,False,,2026-04-24T20:02:47
V6.mp4,6956,straight,False,,2026-04-24T20:02:53
V6.mp4,6964,straight,False,,2026-04-24T20:02:55
V6.mp4,6974,hook,False,,2026-04-24T20:02:56
V6.mp4,7036,straight,False,,2026-04-24T20:03:04
V6.mp4,7045,straight,False,,2026-04-24T20:03:05
V6.mp4,7056,hook,False,,2026-04-24T20:03:07
V6.mp4,7117,straight,False,,2026-04-24T20:03:16
V6.mp4,7126,straight,False,,2026-04-24T20:03:19
V6.mp4,7137,hook,False,,2026-04-24T20:03:21
V6.mp4,7199,straight,False,,2026-04-24T20:03:28
V6.mp4,7206,straight,False,,2026-04-24T20:03:29
V6.mp4,7216,hook,False,,2026-04-24T20:03:31
V6.mp4,7274,straight,False,,2026-04-24T20:03:38
V6.mp4,7283,straight,False,,2026-04-24T20:03:40
V6.mp4,7293,hook,False,,2026-04-24T20:03:42
V6.mp4,7386,straight,False,,2026-04-24T20:03:52
V6.mp4,7393,straight,False,,2026-04-24T20:03:54
V6.mp4,7403,hook,False,,2026-04-24T20:03:56
V6.mp4,7459,straight,False,,2026-04-24T20:04:03
V6.mp4,7466,straight,False,,2026-04-24T20:04:05
V6.mp4,7477,hook,False,,2026-04-24T20:04:06
V6.mp4,7535,straight,False,,2026-04-24T20:05:01
V6.mp4,7543,straight,False,,2026-04-24T20:05:03
V6.mp4,7553,hook,False,,2026-04-24T20:05:05
V6.mp4,7614,straight,False,,2026-04-24T20:05:13
V6.mp4,7626,hook,False,,2026-04-24T20:05:16
V6.mp4,7682,straight,False,,2026-04-24T20:05:21
V6.mp4,7692,straight,False,,2026-04-24T20:05:23
V6.mp4,7702,hook,False,,2026-04-24T20:05:25
V6.mp4,7916,hook,False,,2026-04-24T20:05:46
V6.mp4,7988,hook,False,,2026-04-24T20:05:53
V6.mp4,8120,hook,False,,2026-04-24T20:06:05
V6.mp4,8195,hook,False,,2026-04-24T20:06:13
V6.mp4,8255,hook,False,,2026-04-24T20:06:20
V6.mp4,8315,hook,False,,2026-04-24T20:06:26
V6.mp4,8375,hook,False,,2026-04-24T20:06:32
V6.mp4,8459,hook,False,,2026-04-24T20:06:40
V6.mp4,8525,hook,False,,2026-04-24T20:06:47
V6.mp4,8587,hook,False,,2026-04-24T20:06:53
V6.mp4,8649,hook,False,,2026-04-24T20:06:59
V6.mp4,8712,hook,False,,2026-04-24T20:07:06
V6.mp4,8776,hook,False,,2026-04-24T20:07:13
V6.mp4,8834,hook,False,,2026-04-24T20:07:18
V6.mp4,8896,hook,False,,2026-04-24T20:07:25
V6.mp4,8961,hook,False,,2026-04-24T20:07:31
V6.mp4,9020,hook,False,,2026-04-24T20:08:29
V6.mp4,9080,hook,False,,2026-04-24T20:08:36
V6.mp4,9156,straight,False,,2026-04-24T20:08:45
V6.mp4,9164,straight,False,,2026-04-24T20:08:47
V6.mp4,9178,hook,False,,2026-04-24T20:08:49
V6.mp4,9215,hook,False,,2026-04-24T20:08:53
V6.mp4,9242,hook,False,,2026-04-24T20:08:57
V6.mp4,9270,straight,False,,2026-04-24T20:09:01
V6.mp4,9280,straight,False,,2026-04-24T20:09:03
V6.mp4,9292,hook,False,,2026-04-24T20:09:04
V6.mp4,9329,hook,False,,2026-04-24T20:09:08
V6.mp4,9370,hook,False,,2026-04-24T20:09:13
V6.mp4,9403,straight,False,,2026-04-24T20:09:18
V6.mp4,9414,straight,False,,2026-04-24T20:09:20
V6.mp4,9428,hook,False,,2026-04-24T20:09:23
V6.mp4,9471,hook,False,,2026-04-24T20:09:27
V6.mp4,9515,straight,False,,2026-04-24T20:09:31
V6.mp4,9550,straight,False,,2026-04-24T20:09:36
V6.mp4,9557,straight,False,,2026-04-24T20:09:38
V6.mp4,9567,hook,False,,2026-04-24T20:09:40
V6.mp4,9589,hook,False,,2026-04-24T20:09:42
V6.mp4,9621,hook,False,,2026-04-24T20:09:46
V6.mp4,9648,straight,False,,2026-04-24T20:09:53
V6.mp4,9655,straight,False,,2026-04-24T20:09:55
V6.mp4,9665,hook,False,,2026-04-24T20:09:58
V6.mp4,9691,hook,False,,2026-04-24T20:10:01
V6.mp4,9724,hook,False,,2026-04-24T20:10:05
V6.mp4,9782,straight,False,,2026-04-24T20:10:11
V6.mp4,9790,straight,False,,2026-04-24T20:10:13
V6.mp4,9800,hook,False,,2026-04-24T20:10:15
V6.mp4,9829,hook,False,,2026-04-24T20:10:19
V6.mp4,9861,hook,False,,2026-04-24T20:10:23
V6.mp4,9896,hook,False,,2026-04-24T20:10:27
V6.mp4,9939,straight,False,,2026-04-24T20:10:33
V6.mp4,9947,straight,False,,2026-04-24T20:10:35
V6.mp4,9958,hook,False,,2026-04-24T20:10:37
V6.mp4,9981,hook,False,,2026-04-24T20:10:40
V6.mp4,10003,hook,False,,2026-04-24T20:10:43
V6.mp4,10037,straight,False,,2026-04-24T20:10:48
V6.mp4,10044,straight,False,,2026-04-24T20:10:50
V6.mp4,10056,hook,False,,2026-04-24T20:10:54
V6.mp4,10084,hook,False,,2026-04-24T20:10:59
V6.mp4,10107,hook,False,,2026-04-24T20:11:04
V6.mp4,10191,straight,False,,2026-04-24T20:11:12
V6.mp4,10199,straight,False,,2026-04-24T20:11:14
V6.mp4,10209,hook,False,,2026-04-24T20:11:16
V6.mp4,10233,hook,False,,2026-04-24T20:11:19
V6.mp4,10250,straight,False,,2026-04-24T20:11:22
V6.mp4,10315,straight,False,,2026-04-24T20:11:30
V6.mp4,10322,straight,False,,2026-04-24T20:11:34
V6.mp4,10331,hook,False,,2026-04-24T20:11:37
V6.mp4,10351,hook,False,,2026-04-24T20:11:40
V6.mp4,10366,hook,False,,2026-04-24T20:11:43
V6.mp4,10432,straight,False,,2026-04-24T20:11:50
V6.mp4,10439,straight,False,,2026-04-24T20:11:52
V6.mp4,10449,hook,False,,2026-04-24T20:11:54
V6.mp4,10469,hook,False,,2026-04-24T20:11:56
V6.mp4,10483,hook,False,,2026-04-24T20:11:59
V6.mp4,10537,straight,False,,2026-04-24T20:12:05
V6.mp4,10545,straight,False,,2026-04-24T20:12:07
V6.mp4,10558,hook,False,,2026-04-24T20:12:09
V6.mp4,10578,hook,False,,2026-04-24T20:12:12
V6.mp4,10597,hook,False,,2026-04-24T20:12:16
V6.mp4,10665,straight,False,,2026-04-24T20:12:23
V6.mp4,10674,straight,False,,2026-04-24T20:12:25
V6.mp4,10685,hook,False,,2026-04-24T20:12:27
V6.mp4,10707,hook,False,,2026-04-24T20:12:31
V6.mp4,10723,hook,False,,2026-04-24T20:12:33
V6.mp4,10766,straight,False,,2026-04-24T20:12:39
V6.mp4,10775,straight,False,,2026-04-24T20:12:40
V6.mp4,10787,hook,False,,2026-04-24T20:12:42
V6.mp4,10807,hook,False,,2026-04-24T20:12:45
V6.mp4,10826,hook,False,,2026-04-24T20:12:52
V6.mp4,10844,hook,False,,2026-04-24T20:12:58
V6.mp4,12820,straight,False,,2026-04-24T20:17:41
V6.mp4,12830,straight,False,,2026-04-24T20:17:43
V6.mp4,12842,hook,False,,2026-04-24T20:19:28
V6.mp4,12853,hook,False,,2026-04-24T20:19:34
V6.mp4,13042,straight,False,,2026-04-24T20:20:09
V6.mp4,13043,straight,False,,2026-04-25T10:22:08
V6.mp4,13052,straight,False,,2026-04-25T10:22:12
V6.mp4,13065,hook,False,,2026-04-25T10:22:16
V6.mp4,13081,hook,False,,2026-04-25T10:22:18
V6.mp4,13139,straight,False,,2026-04-25T10:22:25
V6.mp4,13147,straight,False,,2026-04-25T10:22:31
V6.mp4,13157,hook,False,,2026-04-25T10:22:35
V6.mp4,13165,hook,False,,2026-04-25T10:22:36
V6.mp4,13208,straight,False,,2026-04-25T10:22:41
V6.mp4,13217,straight,False,,2026-04-25T10:22:44
V6.mp4,13280,straight,False,,2026-04-25T10:22:55
V6.mp4,13288,straight,False,,2026-04-25T10:22:57
V6.mp4,13353,straight,False,,2026-04-25T10:23:06
V6.mp4,13360,straight,False,,2026-04-25T10:23:08
V6.mp4,13429,straight,False,,2026-04-25T10:23:16
V6.mp4,13437,straight,False,,2026-04-25T10:23:24
V6.mp4,13447,hook,False,,2026-04-25T10:23:26
V6.mp4,13457,hook,False,,2026-04-25T10:23:28
V6.mp4,13502,straight,False,,2026-04-25T10:23:34
V6.mp4,13511,straight,False,,2026-04-25T10:23:36
V6.mp4,13520,hook,False,,2026-04-25T10:23:37
V6.mp4,13529,hook,False,,2026-04-25T10:23:39
V6.mp4,13573,straight,False,,2026-04-25T10:23:44
V6.mp4,13579,straight,False,,2026-04-25T10:23:45
V6.mp4,13589,hook,False,,2026-04-25T10:23:47
V6.mp4,13599,hook,False,,2026-04-25T10:23:50
V6.mp4,13649,straight,False,,2026-04-25T10:23:55
V6.mp4,13656,straight,False,,2026-04-25T10:23:57
V6.mp4,13666,hook,False,,2026-04-25T10:23:59
V6.mp4,13678,hook,False,,2026-04-25T10:24:01
V6.mp4,13724,straight,False,,2026-04-25T10:24:06
V6.mp4,13732,straight,False,,2026-04-25T10:24:08
V6.mp4,13742,hook,False,,2026-04-25T10:24:10
V6.mp4,13753,hook,False,,2026-04-25T10:24:12
V6.mp4,13808,straight,False,,2026-04-25T10:24:18
V6.mp4,13816,straight,False,,2026-04-25T10:24:20
V6.mp4,13826,hook,False,,2026-04-25T10:24:22
V6.mp4,13836,hook,False,,2026-04-25T10:24:24
V6.mp4,13883,straight,False,,2026-04-25T10:24:29
V6.mp4,13892,straight,False,,2026-04-25T10:24:30
V6.mp4,13903,hook,False,,2026-04-25T10:24:32
V6.mp4,13912,hook,False,,2026-04-25T10:24:34
V6.mp4,13962,straight,False,,2026-04-25T10:24:39
V6.mp4,13969,straight,False,,2026-04-25T10:24:41
V6.mp4,13980,hook,False,,2026-04-25T10:24:42
V6.mp4,13987,hook,False,,2026-04-25T10:24:44
V6.mp4,14032,straight,False,,2026-04-25T10:24:50
V6.mp4,14039,straight,False,,2026-04-25T10:24:52
V6.mp4,14048,hook,False,,2026-04-25T10:24:54
V6.mp4,14058,hook,False,,2026-04-25T10:24:55
V6.mp4,14097,straight,False,,2026-04-25T10:24:59
V6.mp4,14104,straight,False,,2026-04-25T10:25:01
V6.mp4,14113,hook,False,,2026-04-25T10:25:02
V6.mp4,14121,hook,False,,2026-04-25T10:25:04
V6.mp4,14160,straight,False,,2026-04-25T10:25:13
V6.mp4,14167,straight,False,,2026-04-25T10:25:15
V6.mp4,14177,hook,False,,2026-04-25T10:25:17
V6.mp4,14186,hook,False,,2026-04-25T10:25:18
V6.mp4,14225,straight,False,,2026-04-25T10:25:22
V6.mp4,14231,straight,False,,2026-04-25T10:25:24
V6.mp4,14242,hook,False,,2026-04-25T10:25:26
V6.mp4,14250,hook,False,,2026-04-25T10:25:28
V6.mp4,14289,straight,False,,2026-04-25T10:25:33
V6.mp4,14296,straight,False,,2026-04-25T10:25:35
V6.mp4,14307,hook,False,,2026-04-25T10:25:36
V6.mp4,14313,hook,False,,2026-04-25T10:25:38
V6.mp4,14355,straight,False,,2026-04-25T10:25:44
V6.mp4,14362,straight,False,,2026-04-25T10:25:46
V6.mp4,14371,hook,False,,2026-04-25T10:25:47
V6.mp4,14379,hook,False,,2026-04-25T10:25:49
V6.mp4,14417,straight,False,,2026-04-25T10:25:53
V6.mp4,14425,straight,False,,2026-04-25T10:25:55
V6.mp4,14435,hook,False,,2026-04-25T10:25:57
V6.mp4,14443,hook,False,,2026-04-25T10:25:59
V6.mp4,14485,straight,False,,2026-04-25T10:26:04
V6.mp4,14492,straight,False,,2026-04-25T10:26:06
V6.mp4,14502,hook,False,,2026-04-25T10:26:07
V6.mp4,14511,hook,False,,2026-04-25T10:26:09
V6.mp4,14789,uppercut,False,,2026-04-25T10:26:32
V6.mp4,14860,uppercut,False,,2026-04-25T10:26:39
V6.mp4,15175,uppercut,False,,2026-04-25T10:27:13
V6.mp4,15224,uppercut,False,,2026-04-25T10:27:21
V6.mp4,15288,uppercut,False,,2026-04-25T10:27:28
V6.mp4,15351,uppercut,False,,2026-04-25T10:27:34
V6.mp4,15411,uppercut,False,,2026-04-25T10:27:41
V6.mp4,15458,uppercut,False,,2026-04-25T10:27:47
V6.mp4,15485,uppercut,False,,2026-04-25T10:27:51
V6.mp4,15537,uppercut,False,,2026-04-25T10:27:56
V6.mp4,15565,uppercut,False,,2026-04-25T10:28:00
V6.mp4,15626,uppercut,False,,2026-04-25T10:28:06
V6.mp4,15651,uppercut,False,,2026-04-25T10:28:10
V6.mp4,15719,uppercut,False,,2026-04-25T10:28:27
V6.mp4,15739,uppercut,False,,2026-04-25T10:28:30
V6.mp4,15809,uppercut,False,,2026-04-25T10:28:37
V6.mp4,15820,uppercut,False,,2026-04-25T10:28:39
V6.mp4,15910,uppercut,False,,2026-04-25T10:28:50
V6.mp4,15979,uppercut,False,,2026-04-25T10:29:09
V6.mp4,16033,uppercut,False,,2026-04-25T10:29:16
V6.mp4,16117,uppercut,False,,2026-04-25T10:29:32
V6.mp4,16261,uppercut,False,,2026-04-25T10:29:47
V6.mp4,16270,uppercut,False,,2026-04-25T10:29:49
V6.mp4,16293,uppercut,False,,2026-04-25T10:29:53
V6.mp4,16332,uppercut,False,,2026-04-25T10:29:58
V6.mp4,16341,uppercut,False,,2026-04-25T10:30:00
V6.mp4,16376,uppercut,False,,2026-04-25T10:30:05
V6.mp4,16384,uppercut,False,,2026-04-25T10:30:23
V6.mp4,16421,uppercut,False,,2026-04-25T10:30:28
V6.mp4,16478,uppercut,False,,2026-04-25T10:30:35
V6.mp4,16489,uppercut,False,,2026-04-25T10:30:36
V6.mp4,16532,uppercut,False,,2026-04-25T10:30:42
V6.mp4,16542,uppercut,False,,2026-04-25T10:30:44
V6.mp4,16589,uppercut,False,,2026-04-25T10:30:49
V6.mp4,16601,uppercut,False,,2026-04-25T10:30:51
V6.mp4,16679,uppercut,False,,2026-04-25T10:31:00
V6.mp4,16690,uppercut,False,,2026-04-25T10:31:02
V6.mp4,16735,uppercut,False,,2026-04-25T10:31:07
V6.mp4,16747,uppercut,False,,2026-04-25T10:31:10
V6.mp4,16815,uppercut,False,,2026-04-25T10:31:16
V6.mp4,16824,uppercut,False,,2026-04-25T10:31:18
V6.mp4,16868,uppercut,False,,2026-04-25T10:31:24
V6.mp4,16878,uppercut,False,,2026-04-25T10:31:51
V6.mp4,16944,straight,False,,2026-04-25T10:32:01
V6.mp4,16997,uppercut,False,,2026-04-25T10:32:07
V6.mp4,17004,uppercut,False,,2026-04-25T10:32:08
V6.mp4,17016,straight,False,,2026-04-25T10:32:11
V6.mp4,17059,uppercut,False,,2026-04-25T10:32:18
V6.mp4,17065,uppercut,False,,2026-04-25T10:32:19
V6.mp4,17076,straight,False,,2026-04-25T10:32:22
V6.mp4,17147,uppercut,False,,2026-04-25T10:32:32
V6.mp4,17154,uppercut,False,,2026-04-25T10:32:33
V6.mp4,17165,straight,False,,2026-04-25T10:32:37
V6.mp4,17223,uppercut,False,,2026-04-25T10:32:43
V6.mp4,17229,uppercut,False,,2026-04-25T10:32:44
V6.mp4,17237,straight,False,,2026-04-25T10:32:47
V6.mp4,17284,uppercut,False,,2026-04-25T10:32:56
V6.mp4,17290,uppercut,False,,2026-04-25T10:32:57
V6.mp4,17302,straight,False,,2026-04-25T10:33:01
V6.mp4,17342,uppercut,False,,2026-04-25T10:33:08
V6.mp4,17349,uppercut,False,,2026-04-25T10:33:10
V6.mp4,17360,straight,False,,2026-04-25T10:33:13
V6.mp4,17402,uppercut,False,,2026-04-25T10:33:25
V6.mp4,17411,uppercut,False,,2026-04-25T10:33:27
V6.mp4,17421,straight,False,,2026-04-25T10:33:29
V6.mp4,17497,uppercut,False,,2026-04-25T10:33:37
V6.mp4,17503,uppercut,False,,2026-04-25T10:33:39
V6.mp4,17513,straight,False,,2026-04-25T10:33:41
V6.mp4,17553,uppercut,False,,2026-04-25T10:33:45
V6.mp4,17560,uppercut,False,,2026-04-25T10:33:47
V6.mp4,17570,straight,False,,2026-04-25T10:33:50
V6.mp4,17610,uppercut,False,,2026-04-25T10:33:58
V6.mp4,17617,uppercut,False,,2026-04-25T10:34:00
V6.mp4,17628,straight,False,,2026-04-25T10:34:02
V6.mp4,17691,uppercut,False,,2026-04-25T10:34:11
V6.mp4,17700,uppercut,False,,2026-04-25T10:34:13
V6.mp4,17710,straight,False,,2026-04-25T10:34:15
V6.mp4,17755,uppercut,False,,2026-04-25T10:34:21
V6.mp4,17763,uppercut,False,,2026-04-25T10:34:23
V6.mp4,17778,straight,False,,2026-04-25T10:34:26
V6.mp4,17820,uppercut,False,,2026-04-25T10:34:31
V6.mp4,17828,uppercut,False,,2026-04-25T10:34:32
V6.mp4,17844,straight,False,,2026-04-25T10:34:36
V6.mp4,17886,uppercut,False,,2026-04-25T10:34:41
V6.mp4,17894,uppercut,False,,2026-04-25T10:34:43
V6.mp4,17909,straight,False,,2026-04-25T10:34:46
V6.mp4,17953,uppercut,False,,2026-04-25T10:34:51
V6.mp4,17961,uppercut,False,,2026-04-25T10:34:53
V6.mp4,17978,straight,False,,2026-04-25T10:34:55
V6.mp4,18023,uppercut,False,,2026-04-25T10:35:00
V6.mp4,18032,uppercut,False,,2026-04-25T10:35:02
V6.mp4,18048,straight,False,,2026-04-25T10:35:05
V6.mp4,18106,uppercut,False,,2026-04-25T10:35:19
V6.mp4,18115,uppercut,False,,2026-04-25T10:35:21
V6.mp4,18125,straight,False,,2026-04-25T10:35:23
V6.mp4,18134,straight,False,,2026-04-25T10:35:26
V6.mp4,18193,uppercut,False,,2026-04-25T10:35:34
V6.mp4,18203,uppercut,False,,2026-04-25T10:35:36
V6.mp4,18218,straight,False,,2026-04-25T10:35:39
V6.mp4,18286,straight,False,,2026-04-25T10:35:52
V6.mp4,18329,uppercut,False,,2026-04-25T10:36:00
V6.mp4,18337,uppercut,False,,2026-04-25T10:36:01
V6.mp4,18346,straight,False,,2026-04-25T10:36:04
V6.mp4,18354,straight,False,,2026-04-25T10:36:06
V6.mp4,18421,uppercut,False,,2026-04-25T10:36:15
V6.mp4,18428,uppercut,False,,2026-04-25T10:36:16
V6.mp4,18441,straight,False,,2026-04-25T10:36:20
V6.mp4,18456,straight,False,,2026-04-25T10:36:23
V6.mp4,18495,uppercut,False,,2026-04-25T10:36:28
V6.mp4,18503,uppercut,False,,2026-04-25T10:36:30
V6.mp4,18514,straight,False,,2026-04-25T10:36:32
V6.mp4,18525,straight,False,,2026-04-25T10:36:34
V6.mp4,18592,uppercut,False,,2026-04-25T10:36:41
V6.mp4,18600,uppercut,False,,2026-04-25T10:36:43
V6.mp4,18612,straight,False,,2026-04-25T10:36:46
V6.mp4,18620,straight,False,,2026-04-25T10:36:48
V6.mp4,18699,uppercut,False,,2026-04-25T10:36:55
V6.mp4,18707,uppercut,False,,2026-04-25T10:36:57
V6.mp4,18717,straight,False,,2026-04-25T10:36:59
V6.mp4,18788,uppercut,False,,2026-04-25T10:38:23
V6.mp4,18796,uppercut,False,,2026-04-25T10:38:25
V6.mp4,18808,straight,False,,2026-04-25T10:38:28
V6.mp4,18814,straight,False,,2026-04-25T10:38:29
V6.mp4,18876,uppercut,False,,2026-04-25T10:38:36
V6.mp4,18884,uppercut,False,,2026-04-25T10:38:38
V6.mp4,18896,straight,False,,2026-04-25T10:38:41
V6.mp4,18904,straight,False,,2026-04-25T10:38:42
V6.mp4,18959,uppercut,False,,2026-04-25T10:38:48
V6.mp4,18967,uppercut,False,,2026-04-25T10:38:50
V6.mp4,18980,straight,False,,2026-04-25T10:38:52
V6.mp4,18987,straight,False,,2026-04-25T10:38:54
V6.mp4,19096,uppercut,False,,2026-04-25T10:39:05
V6.mp4,19103,uppercut,False,,2026-04-25T10:39:06
V6.mp4,19112,straight,False,,2026-04-25T10:39:08
V6.mp4,19118,straight,False,,2026-04-25T10:39:10
V6.mp4,19246,uppercut,False,,2026-04-25T10:39:25
V6.mp4,19253,uppercut,False,,2026-04-25T10:39:30
V6.mp4,19263,straight,False,,2026-04-25T10:39:33
V6.mp4,19268,straight,False,,2026-04-25T10:39:35
V6.mp4,19355,uppercut,False,,2026-04-25T10:39:56
V6.mp4,19362,uppercut,False,,2026-04-25T10:39:58
V6.mp4,19370,straight,False,,2026-04-25T10:40:00
V6.mp4,19376,straight,False,,2026-04-25T10:40:02
V6.mp4,19430,uppercut,False,,2026-04-25T10:40:07
V6.mp4,19437,uppercut,False,,2026-04-25T10:40:09
V6.mp4,19445,straight,False,,2026-04-25T10:40:11
V6.mp4,19452,straight,False,,2026-04-25T10:40:13
V6.mp4,21414,straight,False,,2026-04-25T10:42:25
V6.mp4,21462,straight,False,,2026-04-25T10:42:38
V6.mp4,21531,straight,False,,2026-04-25T10:42:46
V6.mp4,21648,straight,False,,2026-04-25T10:43:19
V6.mp4,21686,straight,False,,2026-04-25T10:43:23
V6.mp4,21787,straight,False,,2026-04-25T10:43:33
V6.mp4,21901,straight,False,,2026-04-25T10:43:46
V6.mp4,22038,straight,False,,2026-04-25T10:43:58
V6.mp4,22048,straight,False,,2026-04-25T10:44:01
V6.mp4,22165,straight,False,,2026-04-25T10:44:16
V6.mp4,22176,straight,False,,2026-04-25T10:44:18
V6.mp4,22243,straight,False,,2026-04-25T10:44:25
V6.mp4,22254,straight,False,,2026-04-25T10:44:27
V6.mp4,22264,straight,False,,2026-04-25T10:44:29
V6.mp4,22454,straight,False,,2026-04-25T10:44:46
V6.mp4,22463,straight,False,,2026-04-25T10:45:10
V6.mp4,22575,straight,False,,2026-04-25T10:45:22
V6.mp4,22586,straight,False,,2026-04-25T10:45:24
V6.mp4,22618,straight,False,,2026-04-25T10:45:28
V6.mp4,22632,straight,False,,2026-04-25T10:45:30
V6.mp4,22673,straight,False,,2026-04-25T10:45:35
V6.mp4,22689,straight,False,,2026-04-25T10:45:37
V6.mp4,22734,straight,False,,2026-04-25T10:45:42
V6.mp4,22750,straight,False,,2026-04-25T10:45:44
V6.mp4,22787,straight,False,,2026-04-25T10:45:48
V6.mp4,22802,straight,False,,2026-04-25T10:45:51
V6.mp4,22841,straight,False,,2026-04-25T10:45:55
V6.mp4,22856,straight,False,,2026-04-25T10:45:58
V6.mp4,22899,straight,False,,2026-04-25T10:46:02
V6.mp4,22915,straight,False,,2026-04-25T10:46:05
V6.mp4,22946,straight,False,,2026-04-25T10:46:09
V6.mp4,22962,straight,False,,2026-04-25T10:46:11
V6.mp4,23082,straight,False,,2026-04-25T10:46:25
V6.mp4,23103,straight,False,,2026-04-25T10:46:28
V6.mp4,23222,uppercut,False,,2026-04-25T10:46:39
V6.mp4,23231,straight,False,,2026-04-25T10:46:41
V6.mp4,23284,uppercut,False,,2026-04-25T10:46:47
V6.mp4,23291,straight,False,,2026-04-25T10:46:49
V6.mp4,23358,uppercut,False,,2026-04-25T10:46:55
V6.mp4,23364,straight,False,,2026-04-25T10:46:58
V6.mp4,23428,uppercut,False,,2026-04-25T10:47:05
V6.mp4,23436,straight,False,,2026-04-25T10:47:06
V6.mp4,23484,uppercut,False,,2026-04-25T10:47:11
V6.mp4,23491,straight,False,,2026-04-25T10:47:13
V6.mp4,23560,uppercut,False,,2026-04-25T10:47:19
V6.mp4,23569,straight,False,,2026-04-25T10:47:21
V6.mp4,23609,uppercut,False,,2026-04-25T10:47:26
V6.mp4,23618,straight,False,,2026-04-25T10:47:28
V6.mp4,23658,uppercut,False,,2026-04-25T10:47:33
V6.mp4,23666,straight,False,,2026-04-25T10:47:36
V6.mp4,23704,uppercut,False,,2026-04-25T10:47:43
V6.mp4,23711,straight,False,,2026-04-25T10:47:45
V6.mp4,23747,uppercut,False,,2026-04-25T10:47:49
V6.mp4,23754,straight,False,,2026-04-25T10:47:50
V6.mp4,23793,uppercut,False,,2026-04-25T10:48:00
V6.mp4,23800,straight,False,,2026-04-25T10:48:02
V6.mp4,23840,uppercut,False,,2026-04-25T10:48:06
V6.mp4,23846,straight,False,,2026-04-25T10:48:08
V6.mp4,23907,uppercut,False,,2026-04-25T10:48:14
V6.mp4,23912,straight,False,,2026-04-25T10:48:15
V6.mp4,23955,uppercut,False,,2026-04-25T10:48:20
V6.mp4,23962,straight,False,,2026-04-25T10:48:22
V6.mp4,23998,uppercut,False,,2026-04-25T10:48:28
V6.mp4,24007,straight,False,,2026-04-25T10:48:30
V6.mp4,24047,uppercut,False,,2026-04-25T10:48:35
V6.mp4,24055,straight,False,,2026-04-25T10:48:37
V6.mp4,24099,uppercut,False,,2026-04-25T10:48:41
V6.mp4,24108,straight,False,,2026-04-25T10:48:43
V6.mp4,24123,straight,False,,2026-04-25T10:48:48
V6.mp4,24130,straight,False,,2026-04-25T10:48:50
V6.mp4,24166,uppercut,False,,2026-04-25T10:48:57
V6.mp4,24173,straight,False,,2026-04-25T10:48:59
V6.mp4,24190,straight,False,,2026-04-25T10:49:01
V6.mp4,24198,straight,False,,2026-04-25T10:49:03
V6.mp4,24236,uppercut,False,,2026-04-25T10:49:08
V6.mp4,24247,straight,False,,2026-04-25T10:49:10
V6.mp4,24261,straight,False,,2026-04-25T10:49:12
V6.mp4,24269,straight,False,,2026-04-25T10:49:14
V6.mp4,24333,uppercut,False,,2026-04-25T10:49:20
V6.mp4,24339,straight,False,,2026-04-25T10:49:22
V6.mp4,24356,straight,False,,2026-04-25T10:49:24
V6.mp4,24362,straight,False,,2026-04-25T10:49:26
V6.mp4,24414,uppercut,False,,2026-04-25T10:49:31
V6.mp4,24422,straight,False,,2026-04-25T10:49:33
V6.mp4,24437,straight,False,,2026-04-25T10:49:35
V6.mp4,24445,straight,False,,2026-04-25T10:49:37
V6.mp4,24507,uppercut,False,,2026-04-25T10:49:44
V6.mp4,24515,straight,False,,2026-04-25T10:49:46
V6.mp4,24533,straight,False,,2026-04-25T10:49:49
V6.mp4,24541,straight,False,,2026-04-25T10:49:50
V6.mp4,24611,uppercut,False,,2026-04-25T10:49:57
V6.mp4,24618,straight,False,,2026-04-25T10:49:58
V6.mp4,24634,straight,False,,2026-04-25T10:50:01
V6.mp4,24642,straight,False,,2026-04-25T10:50:02
V6.mp4,24726,uppercut,False,,2026-04-25T10:50:10
V6.mp4,24731,straight,False,,2026-04-25T10:50:11
V6.mp4,24746,straight,False,,2026-04-25T10:50:14
V6.mp4,24753,straight,False,,2026-04-25T10:50:16
V6.mp4,24834,uppercut,False,,2026-04-25T10:50:24
V6.mp4,24842,straight,False,,2026-04-25T10:50:25
V6.mp4,24858,straight,False,,2026-04-25T10:50:28
V6.mp4,24867,straight,False,,2026-04-25T10:50:30
V6.mp4,24914,uppercut,False,,2026-04-25T10:50:35
V6.mp4,24931,straight,False,,2026-04-25T10:50:37
V6.mp4,24955,straight,False,,2026-04-25T10:50:40
V6.mp4,24964,straight,False,,2026-04-25T10:50:42
V6.mp4,25027,uppercut,False,,2026-04-25T10:50:48
V6.mp4,25034,straight,False,,2026-04-25T10:50:50
V6.mp4,25048,straight,False,,2026-04-25T10:50:52
V6.mp4,25056,straight,False,,2026-04-25T10:50:53
V6.mp4,25103,uppercut,False,,2026-04-25T10:50:58
V6.mp4,25110,straight,False,,2026-04-25T10:50:59
V6.mp4,25125,straight,False,,2026-04-25T10:51:02
V6.mp4,25133,straight,False,,2026-04-25T10:51:04
V6.mp4,25198,uppercut,False,,2026-04-25T10:51:10
V6.mp4,25204,straight,False,,2026-04-25T10:51:11
V6.mp4,25219,straight,False,,2026-04-25T10:51:13
V6.mp4,25226,straight,False,,2026-04-25T10:51:15
V6.mp4,25271,uppercut,False,,2026-04-25T10:51:30
V6.mp4,25284,straight,False,,2026-04-25T10:51:35
V6.mp4,25310,straight,False,,2026-04-25T10:51:39
V6.mp4,25323,straight,False,,2026-04-25T10:51:41
V6.mp4,25373,uppercut,False,,2026-04-25T10:51:46
V6.mp4,25386,straight,False,,2026-04-25T10:51:48
V6.mp4,25407,straight,False,,2026-04-25T10:51:50
V6.mp4,25417,straight,False,,2026-04-25T10:51:52
V6.mp4,25467,uppercut,False,,2026-04-25T10:51:57
V6.mp4,25478,straight,False,,2026-04-25T10:52:00
V6.mp4,25500,straight,False,,2026-04-25T10:52:02
V6.mp4,25508,straight,False,,2026-04-25T10:52:04
V6.mp4,25595,uppercut,False,,2026-04-25T10:52:13
V6.mp4,25601,straight,False,,2026-04-25T10:52:15
V6.mp4,25617,straight,False,,2026-04-25T10:52:17
V6.mp4,25624,straight,False,,2026-04-25T10:52:19
V6.mp4,25636,uppercut,False,,2026-04-25T10:52:21
V6.mp4,25642,straight,False,,2026-04-25T10:52:22
V6.mp4,25652,straight,False,,2026-04-25T10:52:24
V6.mp4,25659,straight,False,,2026-04-25T10:52:25
V6.mp4,25720,uppercut,False,,2026-04-25T10:52:31
V6.mp4,25727,straight,False,,2026-04-25T10:52:33
V6.mp4,25738,straight,False,,2026-04-25T10:52:35
V6.mp4,25745,straight,False,,2026-04-25T10:52:36
V6.mp4,25778,uppercut,False,,2026-04-25T10:52:40
V6.mp4,25784,straight,False,,2026-04-25T10:52:45
V6.mp4,25796,straight,False,,2026-04-25T10:52:47
V6.mp4,25803,straight,False,,2026-04-25T10:52:49
V6.mp4,25838,uppercut,False,,2026-04-25T10:52:52
V6.mp4,25844,straight,False,,2026-04-25T10:52:55
V6.mp4,25856,straight,False,,2026-04-25T10:52:57
V6.mp4,25864,straight,False,,2026-04-25T10:52:59
V6.mp4,25901,uppercut,False,,2026-04-25T10:53:02
V6.mp4,25908,straight,False,,2026-04-25T10:53:04
V6.mp4,25920,straight,False,,2026-04-25T10:53:06
V6.mp4,25927,straight,False,,2026-04-25T10:53:08
V6.mp4,25959,uppercut,False,,2026-04-25T10:53:12
V6.mp4,25966,straight,False,,2026-04-25T10:53:13
V6.mp4,25979,straight,False,,2026-04-25T10:53:16
V6.mp4,25987,straight,False,,2026-04-25T10:53:18
V6.mp4,27544,straight,False,,2026-04-25T10:53:53
V6.mp4,27553,straight,False,,2026-04-25T10:53:55
V6.mp4,27561,straight,False,,2026-04-25T10:53:57
V6.mp4,27569,straight,False,,2026-04-25T10:53:59
V6.mp4,27577,straight,False,,2026-04-25T10:54:01
V6.mp4,27585,straight,False,,2026-04-25T10:54:02
V6.mp4,29952,straight,False,,2026-04-25T10:54:36
V6.mp4,29967,straight,False,,2026-04-25T10:54:39
V6.mp4,29987,hook,False,,2026-04-25T10:54:44
V6.mp4,30010,hook,False,,2026-04-25T10:54:47
V6.mp4,30044,uppercut,False,,2026-04-25T10:54:51
V6.mp4,30071,uppercut,False,,2026-04-25T10:54:54
V6.mp4,30246,straight,False,,2026-04-25T10:55:11
V6.mp4,30257,straight,False,,2026-04-25T10:55:13
V6.mp4,30283,straight,False,,2026-04-25T10:55:18
V6.mp4,30474,straight,False,,2026-04-25T10:55:37
V6.mp4,30495,straight,False,,2026-04-25T10:55:40
V6.mp4,30524,hook,False,,2026-04-25T10:55:45
V6.mp4,30546,hook,False,,2026-04-25T10:55:48
V6.mp4,30575,uppercut,False,,2026-04-25T10:55:51
V6.mp4,30607,uppercut,False,,2026-04-25T10:55:55
V6.mp4,30713,straight,False,,2026-04-25T10:56:05
V6.mp4,30728,straight,False,,2026-04-25T10:56:07
V6.mp4,30749,hook,False,,2026-04-25T10:56:10
V6.mp4,30765,hook,False,,2026-04-25T10:56:12
V6.mp4,30789,uppercut,False,,2026-04-25T10:56:15
V6.mp4,30815,uppercut,False,,2026-04-25T10:56:18
V6.mp4,30847,straight,False,,2026-04-25T10:56:22
V6.mp4,30857,straight,False,,2026-04-25T10:56:25
V6.mp4,30870,hook,False,,2026-04-25T10:56:27
V6.mp4,30884,hook,False,,2026-04-25T10:56:29
V6.mp4,30907,uppercut,False,,2026-04-25T10:56:32
V6.mp4,30933,uppercut,False,,2026-04-25T10:56:35
V6.mp4,30956,straight,False,,2026-04-25T10:56:38
V6.mp4,30989,straight,False,,2026-04-25T10:56:42
V6.mp4,31030,hook,False,,2026-04-25T10:56:46
V6.mp4,31060,hook,False,,2026-04-25T10:56:49
V6.mp4,31109,uppercut,False,,2026-04-25T10:56:54
V6.mp4,31150,uppercut,False,,2026-04-25T10:56:59
V6.mp4,31217,straight,False,,2026-04-25T10:57:06
V6.mp4,31232,straight,False,,2026-04-25T10:57:08
V6.mp4,31256,hook,False,,2026-04-25T10:57:12
V6.mp4,31278,hook,False,,2026-04-25T10:57:15
V6.mp4,31304,uppercut,False,,2026-04-25T10:57:17
V6.mp4,31329,uppercut,False,,2026-04-25T10:57:20
V6.mp4,31358,straight,False,,2026-04-25T10:57:24
V6.mp4,31370,straight,False,,2026-04-25T10:57:26
V6.mp4,31385,hook,False,,2026-04-25T10:57:28
V6.mp4,31400,hook,False,,2026-04-25T10:57:30
V6.mp4,31422,uppercut,False,,2026-04-25T10:57:32
V6.mp4,31448,uppercut,False,,2026-04-25T10:57:35
V6.mp4,31473,straight,False,,2026-04-25T10:58:05
V6.mp4,31486,straight,False,,2026-04-25T10:58:06
V6.mp4,31500,hook,False,,2026-04-25T10:58:08
V6.mp4,31513,hook,False,,2026-04-25T10:58:10
V6.mp4,31538,uppercut,False,,2026-04-25T10:58:13
V6.mp4,31549,uppercut,False,,2026-04-25T10:58:15
V6.mp4,31583,straight,False,,2026-04-25T10:58:19
V6.mp4,31594,straight,False,,2026-04-25T10:58:21
V6.mp4,31607,hook,False,,2026-04-25T10:58:23
V6.mp4,31620,hook,False,,2026-04-25T10:58:24
V6.mp4,31641,uppercut,False,,2026-04-25T10:58:27
V6.mp4,31652,uppercut,False,,2026-04-25T10:58:29
V6.mp4,31671,straight,False,,2026-04-25T10:58:31
V6.mp4,31680,straight,False,,2026-04-25T10:58:33
V6.mp4,31692,hook,False,,2026-04-25T10:58:35
V6.mp4,31704,hook,False,,2026-04-25T10:58:36
V6.mp4,31732,uppercut,False,,2026-04-25T10:58:39
V6.mp4,31755,uppercut,False,,2026-04-25T10:58:42
V6.mp4,31792,straight,False,,2026-04-25T10:58:46
V6.mp4,31803,straight,False,,2026-04-25T10:58:48
V6.mp4,31815,hook,False,,2026-04-25T10:58:50
V6.mp4,31827,hook,False,,2026-04-25T10:58:51
V6.mp4,31845,uppercut,False,,2026-04-25T10:58:53
V6.mp4,31855,uppercut,False,,2026-04-25T10:58:55
V6.mp4,31884,straight,False,,2026-04-25T10:58:58
V6.mp4,31894,straight,False,,2026-04-25T10:59:00
V6.mp4,31907,hook,False,,2026-04-25T10:59:02
V6.mp4,31920,hook,False,,2026-04-25T10:59:03
V6.mp4,31937,uppercut,False,,2026-04-25T10:59:05
V6.mp4,31949,uppercut,False,,2026-04-25T10:59:07
V6.mp4,31987,straight,False,,2026-04-25T10:59:11
V6.mp4,31997,straight,False,,2026-04-25T10:59:13
V6.mp4,32013,hook,False,,2026-04-25T10:59:15
V6.mp4,32023,hook,False,,2026-04-25T10:59:16
V6.mp4,32038,uppercut,False,,2026-04-25T10:59:18
V6.mp4,32049,uppercut,False,,2026-04-25T10:59:20
V6.mp4,32286,straight,False,,2026-04-25T11:00:08
V6.mp4,32294,straight,False,,2026-04-25T11:00:10
V6.mp4,32303,hook,False,,2026-04-25T11:00:12
V6.mp4,32314,hook,False,,2026-04-25T11:00:14
V6.mp4,32700,straight,False,,2026-04-25T11:00:36
V6.mp4,32709,straight,False,,2026-04-25T11:00:38
V6.mp4,32718,hook,False,,2026-04-25T11:00:39
V6.mp4,32727,hook,False,,2026-04-25T11:00:41
V6.mp4,32814,straight,False,,2026-04-25T11:00:57
V6.mp4,32821,straight,False,,2026-04-25T11:00:59
V6.mp4,32832,hook,False,,2026-04-25T11:01:01
V6.mp4,32843,hook,False,,2026-04-25T11:01:03
V6.mp4,32898,straight,False,,2026-04-25T11:01:09
V6.mp4,32904,straight,False,,2026-04-25T11:01:11
V6.mp4,32914,hook,False,,2026-04-25T11:01:13
V6.mp4,32922,hook,False,,2026-04-25T11:01:14
V6.mp4,32988,straight,False,,2026-04-25T11:01:22
V6.mp4,32995,straight,False,,2026-04-25T11:01:23
V6.mp4,33004,hook,False,,2026-04-25T11:01:24
V6.mp4,33013,hook,False,,2026-04-25T11:01:26
V6.mp4,33076,straight,False,,2026-04-25T11:01:32
V6.mp4,33085,straight,False,,2026-04-25T11:01:34
V6.mp4,33094,hook,False,,2026-04-25T11:01:35
V6.mp4,33104,hook,False,,2026-04-25T11:01:37
V6.mp4,33164,straight,False,,2026-04-25T11:01:43
V6.mp4,33171,straight,False,,2026-04-25T11:01:44
V6.mp4,33182,hook,False,,2026-04-25T11:01:46
V6.mp4,33193,hook,False,,2026-04-25T11:01:47
V6.mp4,33253,straight,False,,2026-04-25T11:01:53
V6.mp4,33261,straight,False,,2026-04-25T11:01:54
V6.mp4,33270,hook,False,,2026-04-25T11:01:56
V6.mp4,33282,hook,False,,2026-04-25T11:01:58
V6.mp4,33345,straight,False,,2026-04-25T11:02:04
V6.mp4,33352,straight,False,,2026-04-25T11:02:05
V6.mp4,33362,hook,False,,2026-04-25T11:02:07
V6.mp4,33372,hook,False,,2026-04-25T11:02:08
V6.mp4,33432,straight,False,,2026-04-25T11:02:14
V6.mp4,33439,straight,False,,2026-04-25T11:02:16
V6.mp4,33450,hook,False,,2026-04-25T11:02:17
V6.mp4,33461,hook,False,,2026-04-25T11:02:19
V6.mp4,33525,straight,False,,2026-04-25T11:02:25
V6.mp4,33535,straight,False,,2026-04-25T11:02:27
V6.mp4,33547,hook,False,,2026-04-25T11:02:28
V6.mp4,33559,hook,False,,2026-04-25T11:02:30
V6.mp4,33629,straight,False,,2026-04-25T11:02:36
V6.mp4,33635,straight,False,,2026-04-25T11:02:38
V6.mp4,33648,hook,False,,2026-04-25T11:02:40
V6.mp4,33658,hook,False,,2026-04-25T11:02:41
V6.mp4,33727,straight,False,,2026-04-25T11:02:48
V6.mp4,33735,straight,False,,2026-04-25T11:02:49
V6.mp4,33745,hook,False,,2026-04-25T11:02:51
V6.mp4,33756,hook,False,,2026-04-25T11:02:52
V6.mp4,33813,straight,False,,2026-04-25T11:03:01
V6.mp4,33822,straight,False,,2026-04-25T11:03:03
V6.mp4,33832,hook,False,,2026-04-25T11:03:04
V6.mp4,33842,hook,False,,2026-04-25T11:03:07
V6.mp4,33900,straight,False,,2026-04-25T11:03:13
V6.mp4,33908,straight,False,,2026-04-25T11:03:15
V6.mp4,33920,hook,False,,2026-04-25T11:03:17
V6.mp4,33934,straight,False,,2026-04-25T11:03:19
V6.mp4,33981,straight,False,,2026-04-25T11:03:29
V6.mp4,34052,straight,False,,2026-04-25T11:03:40
V6.mp4,34061,straight,False,,2026-04-25T11:03:42
V6.mp4,34073,hook,False,,2026-04-25T11:03:43
V6.mp4,34083,hook,False,,2026-04-25T11:03:45
V6.mp4,34150,straight,False,,2026-04-25T11:03:53
V6.mp4,34157,straight,False,,2026-04-25T11:03:54
V6.mp4,34168,hook,False,,2026-04-25T11:03:56
V6.mp4,34178,hook,False,,2026-04-25T11:03:58
V6.mp4,34236,straight,False,,2026-04-25T11:04:03
V6.mp4,34244,straight,False,,2026-04-25T11:04:05
V6.mp4,34255,hook,False,,2026-04-25T11:04:06
V6.mp4,34265,hook,False,,2026-04-25T11:04:08
V6.mp4,34323,straight,False,,2026-04-25T11:04:15
V6.mp4,34331,straight,False,,2026-04-25T11:04:16
V6.mp4,34343,hook,False,,2026-04-25T11:04:18
V6.mp4,34354,hook,False,,2026-04-25T11:04:20
V6.mp4,34409,straight,False,,2026-04-25T11:04:27
V6.mp4,34418,straight,False,,2026-04-25T11:04:29
V6.mp4,34430,hook,False,,2026-04-25T11:04:31
V6.mp4,34441,hook,False,,2026-04-25T11:04:32
V6.mp4,34499,straight,False,,2026-04-25T11:04:38
V6.mp4,34509,straight,False,,2026-04-25T11:04:39
V6.mp4,34520,hook,False,,2026-04-25T11:04:41
V6.mp4,34531,hook,False,,2026-04-25T11:04:43
V6.mp4,34591,straight,False,,2026-04-25T11:04:51
V6.mp4,34599,straight,False,,2026-04-25T11:04:53
V6.mp4,34610,hook,False,,2026-04-25T11:04:55
V6.mp4,34621,hook,False,,2026-04-25T11:04:56
V5.mp4,26,straight,False,,2026-04-25T11:15:23
V5.mp4,35,straight,False,,2026-04-25T11:15:25
V5.mp4,73,straight,False,,2026-04-25T11:15:32
V5.mp4,82,straight,False,,2026-04-25T11:15:33
V5.mp4,119,straight,False,,2026-04-25T11:15:43
V5.mp4,129,straight,False,,2026-04-25T11:15:46
V5.mp4,168,straight,False,,2026-04-25T11:15:52
V5.mp4,168,straight,False,,2026-04-25T11:15:53
V5.mp4,177,straight,False,,2026-04-25T11:15:56
V5.mp4,234,straight,False,,2026-04-25T11:16:02
V5.mp4,243,straight,False,,2026-04-25T11:16:04
V5.mp4,262,uppercut,False,,2026-04-25T11:16:08
V5.mp4,299,straight,False,,2026-04-25T11:16:13
V5.mp4,306,straight,False,,2026-04-25T11:16:14
V5.mp4,327,uppercut,False,,2026-04-25T11:16:17
V5.mp4,362,straight,False,,2026-04-25T11:16:23
V5.mp4,369,straight,False,,2026-04-25T11:16:25
V5.mp4,385,uppercut,False,,2026-04-25T11:16:27
V5.mp4,422,straight,False,,2026-04-25T11:16:31
V5.mp4,428,straight,False,,2026-04-25T11:16:33
V5.mp4,446,uppercut,False,,2026-04-25T11:16:35
V5.mp4,469,straight,False,,2026-04-25T11:16:38
V5.mp4,485,uppercut,False,,2026-04-25T11:16:41
V5.mp4,497,straight,False,,2026-04-25T11:16:44
V5.mp4,507,straight,False,,2026-04-25T11:16:46
V5.mp4,549,straight,False,,2026-04-25T11:16:50
V5.mp4,566,uppercut,False,,2026-04-25T11:16:53
V5.mp4,578,straight,False,,2026-04-25T11:16:54
V5.mp4,592,straight,False,,2026-04-25T11:16:57
V5.mp4,631,straight,False,,2026-04-25T11:17:02
V5.mp4,647,uppercut,False,,2026-04-25T11:17:04
V5.mp4,659,straight,False,,2026-04-25T11:17:06
V5.mp4,671,straight,False,,2026-04-25T11:17:09
V5.mp4,705,straight,False,,2026-04-25T11:17:13
V5.mp4,718,uppercut,False,,2026-04-25T11:17:16
V5.mp4,727,straight,False,,2026-04-25T11:17:18
V5.mp4,736,straight,False,,2026-04-25T11:17:20
V5.mp4,774,straight,False,,2026-04-25T11:17:25
V5.mp4,781,straight,False,,2026-04-25T11:17:27
V5.mp4,798,straight,False,,2026-04-25T11:17:30
V5.mp4,850,straight,False,,2026-04-25T11:17:36
V5.mp4,857,straight,False,,2026-04-25T11:17:38
V5.mp4,873,straight,False,,2026-04-25T11:17:40
V5.mp4,924,straight,False,,2026-04-25T11:17:45
V5.mp4,931,straight,False,,2026-04-25T11:17:47
V5.mp4,950,straight,False,,2026-04-25T11:17:50
V5.mp4,993,straight,False,,2026-04-25T11:17:55
V5.mp4,1000,straight,False,,2026-04-25T11:17:56
V5.mp4,1016,straight,False,,2026-04-25T11:17:58
V5.mp4,1058,straight,False,,2026-04-25T11:18:03
V5.mp4,1064,straight,False,,2026-04-25T11:18:06
V5.mp4,1074,uppercut,False,,2026-04-25T11:18:09
V5.mp4,1113,straight,False,,2026-04-25T11:18:14
V5.mp4,1120,straight,False,,2026-04-25T11:18:15
V5.mp4,1131,uppercut,False,,2026-04-25T11:18:17
V5.mp4,1170,straight,False,,2026-04-25T11:18:22
V5.mp4,1177,straight,False,,2026-04-25T11:18:23
V5.mp4,1187,uppercut,False,,2026-04-25T11:18:25
V5.mp4,1226,straight,False,,2026-04-25T11:18:31
V5.mp4,1233,straight,False,,2026-04-25T11:18:33
V5.mp4,1243,uppercut,False,,2026-04-25T11:18:35
V5.mp4,1280,straight,False,,2026-04-25T11:18:39
V5.mp4,1286,straight,False,,2026-04-25T11:18:41
V5.mp4,1295,uppercut,False,,2026-04-25T11:18:42
V5.mp4,1334,straight,False,,2026-04-25T11:18:47
V5.mp4,1340,straight,False,,2026-04-25T11:18:48
V5.mp4,1361,uppercut,False,,2026-04-25T11:18:51
V5.mp4,1392,straight,False,,2026-04-25T11:18:58
V5.mp4,1398,straight,False,,2026-04-25T11:18:59
V5.mp4,1404,straight,False,,2026-04-25T11:19:02
V5.mp4,1414,uppercut,False,,2026-04-25T11:19:04
V5.mp4,1443,straight,False,,2026-04-25T11:19:07
V5.mp4,1449,straight,False,,2026-04-25T11:19:09
V5.mp4,1456,straight,False,,2026-04-25T11:19:11
V5.mp4,1464,uppercut,False,,2026-04-25T11:19:14
V5.mp4,1502,straight,False,,2026-04-25T11:19:18
V5.mp4,1507,straight,False,,2026-04-25T11:19:20
V5.mp4,1514,straight,False,,2026-04-25T11:19:23
V5.mp4,1524,uppercut,False,,2026-04-25T11:19:25
V5.mp4,1549,straight,False,,2026-04-25T11:19:28
V5.mp4,1554,straight,False,,2026-04-25T11:19:30
V5.mp4,1561,straight,False,,2026-04-25T11:19:32
V5.mp4,1570,uppercut,False,,2026-04-25T11:19:34
V5.mp4,1595,straight,False,,2026-04-25T11:19:37
V5.mp4,1601,straight,False,,2026-04-25T11:19:39
V5.mp4,1608,straight,False,,2026-04-25T11:19:40
V5.mp4,1616,uppercut,False,,2026-04-25T11:19:42
V5.mp4,1639,straight,False,,2026-04-25T11:20:10
V5.mp4,1645,straight,False,,2026-04-25T11:20:12
V5.mp4,1651,straight,False,,2026-04-25T11:20:18
V5.mp4,1660,uppercut,False,,2026-04-25T11:20:20
V5.mp4,1702,straight,False,,2026-04-25T11:20:25
V5.mp4,1709,straight,False,,2026-04-25T11:20:27
V5.mp4,1804,straight,False,,2026-04-25T11:20:40
V5.mp4,1834,hook,False,,2026-04-25T11:20:45
V5.mp4,1890,straight,False,,2026-04-25T11:20:52
V5.mp4,1897,straight,False,,2026-04-25T11:20:53
V5.mp4,1925,hook,False,,2026-04-25T11:20:57
V5.mp4,1983,straight,False,,2026-04-25T11:21:06
V5.mp4,2009,hook,False,,2026-04-25T11:21:10
V5.mp4,2079,straight,False,,2026-04-25T11:21:17
V5.mp4,2088,uppercut,False,,2026-04-25T11:21:23
V5.mp4,2096,uppercut,False,,2026-04-25T11:21:24
V5.mp4,2103,straight,False,,2026-04-25T11:21:25
V5.mp4,2144,straight,False,,2026-04-25T11:21:30
V5.mp4,2152,uppercut,False,,2026-04-25T11:21:34
V5.mp4,2158,uppercut,False,,2026-04-25T11:21:36
V5.mp4,2166,straight,False,,2026-04-25T11:21:38
V5.mp4,2226,straight,False,,2026-04-25T11:21:45
V5.mp4,2234,uppercut,False,,2026-04-25T11:21:47
V5.mp4,2240,uppercut,False,,2026-04-25T11:21:48
V5.mp4,2248,straight,False,,2026-04-25T11:21:50
V5.mp4,2274,straight,False,,2026-04-25T11:21:53
V5.mp4,2282,uppercut,False,,2026-04-25T11:21:55
V5.mp4,2289,uppercut,False,,2026-04-25T11:21:57
V5.mp4,2294,straight,False,,2026-04-25T11:21:58
V5.mp4,2336,straight,False,,2026-04-25T11:22:04
V5.mp4,2344,uppercut,False,,2026-04-25T11:22:06
V5.mp4,2352,uppercut,False,,2026-04-25T11:22:07
V5.mp4,2359,straight,False,,2026-04-25T11:22:09
V5.mp4,2413,straight,False,,2026-04-25T11:22:15
V5.mp4,2421,uppercut,False,,2026-04-25T11:22:17
V5.mp4,2427,uppercut,False,,2026-04-25T11:22:19
V5.mp4,2431,straight,False,,2026-04-25T11:22:20
V5.mp4,2448,straight,False,,2026-04-25T11:22:23
V5.mp4,2455,uppercut,False,,2026-04-25T11:22:25
V5.mp4,2461,uppercut,False,,2026-04-25T11:22:26
V5.mp4,2467,straight,False,,2026-04-25T11:22:28
V5.mp4,2506,straight,False,,2026-04-25T11:22:32
V5.mp4,2517,uppercut,False,,2026-04-25T11:22:34
V5.mp4,2555,straight,False,,2026-04-25T11:22:39
V5.mp4,2564,uppercut,False,,2026-04-25T11:22:41
V5.mp4,2596,straight,False,,2026-04-25T11:22:46
V5.mp4,2606,uppercut,False,,2026-04-25T11:22:48
V5.mp4,2642,straight,False,,2026-04-25T11:22:54
V5.mp4,2652,uppercut,False,,2026-04-25T11:22:55
V5.mp4,2677,straight,False,,2026-04-25T11:22:59
V5.mp4,2686,uppercut,False,,2026-04-25T11:23:01
V5.mp4,2731,straight,False,,2026-04-25T11:23:16
V5.mp4,2742,uppercut,False,,2026-04-25T11:23:17
V5.mp4,2776,straight,False,,2026-04-25T11:23:22
V5.mp4,2785,uppercut,False,,2026-04-25T11:23:23
V5.mp4,2828,straight,False,,2026-04-25T11:23:29
V5.mp4,2839,uppercut,False,,2026-04-25T11:23:31
V5.mp4,2859,straight,False,,2026-04-25T11:23:33
V5.mp4,2869,uppercut,False,,2026-04-25T11:23:36
V5.mp4,2907,straight,False,,2026-04-25T11:23:40
V5.mp4,2914,straight,False,,2026-04-25T11:23:42
V5.mp4,2922,straight,False,,2026-04-25T11:23:45
V5.mp4,2983,straight,False,,2026-04-25T11:23:52
V5.mp4,2990,straight,False,,2026-04-25T11:23:54
V5.mp4,2997,straight,False,,2026-04-25T11:23:56
V5.mp4,3047,straight,False,,2026-04-25T11:24:01
V5.mp4,3054,straight,False,,2026-04-25T11:24:02
V5.mp4,3059,straight,False,,2026-04-25T11:24:05
V5.mp4,3092,straight,False,,2026-04-25T11:24:13
V5.mp4,3099,straight,False,,2026-04-25T11:24:14
V5.mp4,3107,straight,False,,2026-04-25T11:24:16
V5.mp4,3156,straight,False,,2026-04-25T11:24:22
V5.mp4,3163,straight,False,,2026-04-25T11:24:23
V5.mp4,3171,straight,False,,2026-04-25T11:24:25
V5.mp4,3220,straight,False,,2026-04-25T11:24:30
V5.mp4,3228,straight,False,,2026-04-25T11:24:32
V5.mp4,3236,straight,False,,2026-04-25T11:24:34
V5.mp4,3300,straight,False,,2026-04-25T11:24:42
V5.mp4,3314,hook,False,,2026-04-25T11:24:45
V5.mp4,3326,straight,False,,2026-04-25T11:24:47
V5.mp4,3455,straight,False,,2026-04-25T11:25:00
V5.mp4,3465,hook,False,,2026-04-25T11:25:02
V5.mp4,3476,straight,False,,2026-04-25T11:25:04
V5.mp4,3543,straight,False,,2026-04-25T11:25:12
V5.mp4,3553,hook,False,,2026-04-25T11:25:14
V5.mp4,3563,straight,False,,2026-04-25T11:25:16
V5.mp4,3638,straight,False,,2026-04-25T11:25:24
V5.mp4,3648,hook,False,,2026-04-25T11:25:31
V5.mp4,3655,straight,False,,2026-04-25T11:25:33
V5.mp4,3729,straight,False,,2026-04-25T11:25:51
V5.mp4,3738,hook,False,,2026-04-25T11:25:53
V5.mp4,3746,straight,False,,2026-04-25T11:25:58
V5.mp4,3805,straight,False,,2026-04-25T11:26:04
V5.mp4,3815,hook,False,,2026-04-25T11:26:06
V5.mp4,3823,straight,False,,2026-04-25T11:26:07
V5.mp4,3872,straight,False,,2026-04-25T11:26:13
V5.mp4,3901,straight,False,,2026-04-25T11:26:16
V5.mp4,3930,straight,False,,2026-04-25T11:26:19
V5.mp4,3964,straight,False,,2026-04-25T11:26:23
V5.mp4,3986,straight,False,,2026-04-25T11:26:27
V5.mp4,4002,straight,False,,2026-04-25T11:26:30
V5.mp4,4016,uppercut,False,,2026-04-25T11:26:40
V5.mp4,4027,hook,False,,2026-04-25T11:26:42
V5.mp4,4078,straight,False,,2026-04-25T11:26:49
V5.mp4,4090,uppercut,False,,2026-04-25T11:26:51
V5.mp4,4101,hook,False,,2026-04-25T11:26:52
V5.mp4,4154,straight,False,,2026-04-25T11:27:00
V5.mp4,4166,uppercut,False,,2026-04-25T11:27:02
V5.mp4,4177,hook,False,,2026-04-25T11:27:04
V5.mp4,4208,straight,False,,2026-04-25T11:27:08
V5.mp4,4221,uppercut,False,,2026-04-25T11:27:10
V5.mp4,4230,hook,False,,2026-04-25T11:27:12
V5.mp4,4259,straight,False,,2026-04-25T11:27:18
V5.mp4,4272,uppercut,False,,2026-04-25T11:27:22
V5.mp4,4283,hook,False,,2026-04-25T11:27:24
V5.mp4,4339,straight,False,,2026-04-25T11:27:29
V5.mp4,4348,straight,False,,2026-04-25T11:27:32
V5.mp4,4356,uppercut,False,,2026-04-25T11:27:35
V5.mp4,4367,hook,False,,2026-04-25T11:27:37
V5.mp4,4398,straight,False,,2026-04-25T11:27:41
V5.mp4,4404,straight,False,,2026-04-25T11:27:42
V5.mp4,4412,uppercut,False,,2026-04-25T11:27:43
V5.mp4,4421,hook,False,,2026-04-25T11:27:45
V5.mp4,4450,straight,False,,2026-04-25T11:27:53
V5.mp4,4456,straight,False,,2026-04-25T11:27:55
V5.mp4,4464,uppercut,False,,2026-04-25T11:27:56
V5.mp4,4472,hook,False,,2026-04-25T11:27:58
V5.mp4,4500,straight,False,,2026-04-25T11:28:01
V5.mp4,4507,straight,False,,2026-04-25T11:28:04
V5.mp4,4514,uppercut,False,,2026-04-25T11:28:06
V5.mp4,4522,hook,False,,2026-04-25T11:28:07
V5.mp4,4549,straight,False,,2026-04-25T11:28:12
V5.mp4,4554,straight,False,,2026-04-25T11:28:13
V5.mp4,4562,uppercut,False,,2026-04-25T11:28:15
V5.mp4,4571,hook,False,,2026-04-25T11:28:16
V5.mp4,4596,straight,False,,2026-04-25T11:28:19
V5.mp4,4602,straight,False,,2026-04-25T11:28:21
V5.mp4,4610,uppercut,False,,2026-04-25T11:28:22
V5.mp4,4619,hook,False,,2026-04-25T11:28:24
V5.mp4,4646,straight,False,,2026-04-25T11:28:27
V5.mp4,4651,straight,False,,2026-04-25T11:28:28
V5.mp4,4658,uppercut,False,,2026-04-25T11:28:30
V5.mp4,4668,hook,False,,2026-04-25T11:28:32
V5.mp4,4726,straight,False,,2026-04-25T11:28:45
V5.mp4,4733,straight,False,,2026-04-25T11:28:47
V5.mp4,4741,straight,False,,2026-04-25T11:28:49
V5.mp4,4775,straight,False,,2026-04-25T11:28:53
V5.mp4,4782,straight,False,,2026-04-25T11:28:55
V5.mp4,4789,straight,False,,2026-04-25T11:28:57
V5.mp4,4825,straight,False,,2026-04-25T11:29:01
V5.mp4,4832,straight,False,,2026-04-25T11:29:03
V5.mp4,4839,straight,False,,2026-04-25T11:29:04
V5.mp4,4874,straight,False,,2026-04-25T11:29:08
V5.mp4,4882,straight,False,,2026-04-25T11:29:10
V5.mp4,4888,straight,False,,2026-04-25T11:29:12
V5.mp4,4923,straight,False,,2026-04-25T11:29:17
V5.mp4,4930,straight,False,,2026-04-25T11:29:18
V5.mp4,4937,straight,False,,2026-04-25T11:29:20
V5.mp4,4974,straight,False,,2026-04-25T11:29:25
V5.mp4,4980,straight,False,,2026-04-25T11:29:26
V5.mp4,5000,uppercut,False,,2026-04-25T11:29:29
V5.mp4,5041,straight,False,,2026-04-25T11:29:33
V5.mp4,5048,straight,False,,2026-04-25T11:29:35
V5.mp4,5070,uppercut,False,,2026-04-25T11:29:37
V5.mp4,5112,straight,False,,2026-04-25T11:29:42
V5.mp4,5119,straight,False,,2026-04-25T11:29:43
V5.mp4,5139,uppercut,False,,2026-04-25T11:29:45
V5.mp4,5157,straight,False,,2026-04-25T11:29:49
V5.mp4,5164,straight,False,,2026-04-25T11:29:50
V5.mp4,5184,uppercut,False,,2026-04-25T11:29:52
V5.mp4,5204,straight,False,,2026-04-25T11:29:55
V5.mp4,5211,straight,False,,2026-04-25T11:29:56
V5.mp4,5228,uppercut,False,,2026-04-25T11:29:58
V5.mp4,5246,straight,False,,2026-04-25T11:30:01
V5.mp4,5253,straight,False,,2026-04-25T11:30:02
V5.mp4,5271,uppercut,False,,2026-04-25T11:30:05
V5.mp4,5287,straight,False,,2026-04-25T11:30:08
V5.mp4,5294,straight,False,,2026-04-25T11:30:10
V5.mp4,5315,uppercut,False,,2026-04-25T11:30:13
V5.mp4,5364,straight,False,,2026-04-25T11:30:19
V5.mp4,5372,straight,False,,2026-04-25T11:30:21
V5.mp4,5380,straight,False,,2026-04-25T11:30:24
V5.mp4,5389,straight,False,,2026-04-25T11:30:26
V5.mp4,5396,straight,False,,2026-04-25T11:30:28
V5.mp4,5405,straight,False,,2026-04-25T11:30:30
V5.mp4,5414,straight,False,,2026-04-25T11:30:31
V5.mp4,5423,straight,False,,2026-04-25T11:30:33
V5.mp4,5429,straight,False,,2026-04-25T11:30:34
V5.mp4,5439,straight,False,,2026-04-25T11:30:36
V5.mp4,5450,straight,False,,2026-04-25T11:30:38
V5.mp4,5458,straight,False,,2026-04-25T11:30:41
V5.mp4,5464,straight,False,,2026-04-25T11:30:42
V5.mp4,5472,straight,False,,2026-04-25T11:30:44
V5.mp4,5481,straight,False,,2026-04-25T11:30:45
V5.mp4,5488,straight,False,,2026-04-25T11:30:47
V5.mp4,5495,straight,False,,2026-04-25T11:30:48
V5.mp4,5502,straight,False,,2026-04-25T11:30:50
V5.mp4,5509,straight,False,,2026-04-25T11:30:51
V5.mp4,5517,straight,False,,2026-04-25T11:30:52
V5.mp4,5525,straight,False,,2026-04-25T11:30:54
V5.mp4,5583,straight,False,,2026-04-25T11:31:00
V5.mp4,5590,straight,False,,2026-04-25T11:31:01
V5.mp4,5613,hook,False,,2026-04-25T11:31:04
V5.mp4,5669,straight,False,,2026-04-25T11:31:11
V5.mp4,5675,straight,False,,2026-04-25T11:31:12
V5.mp4,5697,hook,False,,2026-04-25T11:31:14
V5.mp4,5735,straight,False,,2026-04-25T11:31:19
V5.mp4,5741,straight,False,,2026-04-25T11:31:20
V5.mp4,5762,hook,False,,2026-04-25T11:31:23
V5.mp4,5830,straight,False,,2026-04-25T11:32:18
V5.mp4,5835,straight,False,,2026-04-25T11:32:23
V5.mp4,5857,hook,False,,2026-04-25T11:32:25
V5.mp4,5893,straight,False,,2026-04-25T11:32:29
V5.mp4,5898,straight,False,,2026-04-25T11:32:31
V5.mp4,5920,hook,False,,2026-04-25T11:32:39
V5.mp4,5940,straight,False,,2026-04-25T11:32:42
V5.mp4,5945,straight,False,,2026-04-25T11:32:44
V5.mp4,5968,hook,False,,2026-04-25T11:32:47
V5.mp4,6018,straight,False,,2026-04-25T11:32:54
V5.mp4,6023,straight,False,,2026-04-25T11:32:56
V5.mp4,6042,uppercut,False,,2026-04-25T11:32:59
V5.mp4,6080,straight,False,,2026-04-25T11:33:04
V5.mp4,6085,straight,False,,2026-04-25T11:33:05
V5.mp4,6107,uppercut,False,,2026-04-25T11:33:08
V5.mp4,6142,straight,False,,2026-04-25T11:33:12
V5.mp4,6148,straight,False,,2026-04-25T11:33:14
V5.mp4,6170,uppercut,False,,2026-04-25T11:33:18
V5.mp4,6204,straight,False,,2026-04-25T11:33:22
V5.mp4,6209,straight,False,,2026-04-25T11:33:24
V5.mp4,6230,uppercut,False,,2026-04-25T11:33:27
V5.mp4,6260,straight,False,,2026-04-25T11:33:30
V5.mp4,6266,straight,False,,2026-04-25T11:33:32
V5.mp4,6287,uppercut,False,,2026-04-25T11:33:34
V5.mp4,6308,straight,False,,2026-04-25T11:33:41
V5.mp4,6314,straight,False,,2026-04-25T11:33:43
V5.mp4,6334,uppercut,False,,2026-04-25T11:33:47
V5.mp4,6366,straight,False,,2026-04-25T11:33:52
V5.mp4,6374,straight,False,,2026-04-25T11:33:53
V5.mp4,6380,straight,False,,2026-04-25T11:33:55
V5.mp4,6442,straight,False,,2026-04-25T11:34:01
V5.mp4,6449,straight,False,,2026-04-25T11:34:04
V5.mp4,6458,straight,False,,2026-04-25T11:34:06
V5.mp4,6578,straight,False,,2026-04-25T11:34:19
V5.mp4,6586,straight,False,,2026-04-25T11:34:21
V5.mp4,6594,straight,False,,2026-04-25T11:34:23
V5.mp4,6641,straight,False,,2026-04-25T11:34:29
V5.mp4,6648,straight,False,,2026-04-25T11:34:31
V5.mp4,6657,straight,False,,2026-04-25T11:34:33
V5.mp4,6722,uppercut,False,,2026-04-25T11:34:41
V5.mp4,6730,hook,False,,2026-04-25T11:34:44
V5.mp4,6737,straight,False,,2026-04-25T11:34:51
V5.mp4,6761,uppercut,False,,2026-04-25T11:34:54
V5.mp4,6770,hook,False,,2026-04-25T11:34:56
V5.mp4,6820,straight,False,,2026-04-25T11:35:01
V5.mp4,6828,uppercut,False,,2026-04-25T11:35:03
V5.mp4,6835,hook,False,,2026-04-25T11:35:04
V5.mp4,6843,straight,False,,2026-04-25T11:35:06
V5.mp4,6865,uppercut,False,,2026-04-25T11:35:10
V5.mp4,6873,hook,False,,2026-04-25T11:35:11
V5.mp4,6926,straight,False,,2026-04-25T11:35:18
V5.mp4,6933,uppercut,False,,2026-04-25T11:35:19
V5.mp4,6940,hook,False,,2026-04-25T11:35:21
V5.mp4,6948,straight,False,,2026-04-25T11:35:23
V5.mp4,6971,uppercut,False,,2026-04-25T11:35:36
V5.mp4,6978,hook,False,,2026-04-25T11:35:38
V5.mp4,7034,straight,False,,2026-04-25T11:35:44
V5.mp4,7042,uppercut,False,,2026-04-25T11:35:45
V5.mp4,7049,hook,False,,2026-04-25T11:35:47
V5.mp4,7058,straight,False,,2026-04-25T11:35:48
V5.mp4,7079,uppercut,False,,2026-04-25T11:35:52
V5.mp4,7087,hook,False,,2026-04-25T11:35:54
V5.mp4,7139,straight,False,,2026-04-25T11:36:00
V5.mp4,7146,uppercut,False,,2026-04-25T11:36:01
V5.mp4,7154,hook,False,,2026-04-25T11:36:03
V5.mp4,7163,straight,False,,2026-04-25T11:36:05
V5.mp4,7187,uppercut,False,,2026-04-25T11:36:08
V5.mp4,7193,hook,False,,2026-04-25T11:36:10
V5.mp4,7258,straight,False,,2026-04-25T11:36:17
V5.mp4,7267,uppercut,False,,2026-04-25T11:36:19
V5.mp4,7322,straight,False,,2026-04-25T11:36:25
V5.mp4,7332,uppercut,False,,2026-04-25T11:36:27
V5.mp4,7440,straight,False,,2026-04-25T11:36:38
V5.mp4,7450,uppercut,False,,2026-04-25T11:36:40
V5.mp4,7504,straight,False,,2026-04-25T11:36:46
V5.mp4,7514,uppercut,False,,2026-04-25T11:36:47
V5.mp4,7538,straight,False,,2026-04-25T11:36:50
V5.mp4,7547,uppercut,False,,2026-04-25T11:36:52
V5.mp4,7608,uppercut,False,,2026-04-25T11:36:58
V5.mp4,7617,uppercut,False,,2026-04-25T11:37:00
V5.mp4,7649,uppercut,False,,2026-04-25T11:37:04
V5.mp4,7658,uppercut,False,,2026-04-25T11:37:18
V5.mp4,7704,hook,False,,2026-04-25T11:37:23
V5.mp4,7713,uppercut,False,,2026-04-25T11:37:25
V5.mp4,7757,hook,False,,2026-04-25T11:37:30
V5.mp4,7766,uppercut,False,,2026-04-25T11:37:32
V5.mp4,7804,hook,False,,2026-04-25T11:37:35
V5.mp4,7812,uppercut,False,,2026-04-25T11:37:37
V5.mp4,7838,hook,False,,2026-04-25T11:37:41
V5.mp4,7848,uppercut,False,,2026-04-25T11:37:42
V5.mp4,7869,hook,False,,2026-04-25T11:37:45
V5.mp4,7876,uppercut,False,,2026-04-25T11:37:46
V5.mp4,7896,hook,False,,2026-04-25T11:37:48
V5.mp4,7904,uppercut,False,,2026-04-25T11:37:50
V5.mp4,8011,straight,False,,2026-04-25T11:38:04
V5.mp4,8020,straight,False,,2026-04-25T11:38:07
V5.mp4,8143,straight,False,,2026-04-25T11:38:19
V5.mp4,8151,straight,False,,2026-04-25T11:38:21
V5.mp4,8225,straight,False,,2026-04-25T11:38:30
V5.mp4,8234,straight,False,,2026-04-25T11:38:33
V5.mp4,8311,straight,False,,2026-04-25T11:38:41
V5.mp4,8319,straight,False,,2026-04-25T11:38:42
V5.mp4,8395,straight,False,,2026-04-25T11:38:54
V5.mp4,8403,straight,False,,2026-04-25T11:38:56
V5.mp4,8535,straight,False,,2026-04-25T11:39:08
V5.mp4,8547,straight,False,,2026-04-25T11:39:11
V5.mp4,8629,straight,False,,2026-04-25T11:39:19
V5.mp4,8637,straight,False,,2026-04-25T11:39:20
V5.mp4,8711,straight,False,,2026-04-25T11:39:31
V5.mp4,8718,straight,False,,2026-04-25T11:39:32
V5.mp4,8816,straight,False,,2026-04-25T11:39:41
V5.mp4,8825,straight,False,,2026-04-25T11:39:43
V5.mp4,8960,straight,False,,2026-04-25T11:39:57
V5.mp4,8967,straight,False,,2026-04-25T11:39:59
V5.mp4,9079,straight,False,,2026-04-25T11:40:10
V5.mp4,9087,uppercut,False,,2026-04-25T11:40:12
V5.mp4,9096,straight,False,,2026-04-25T11:40:14
V5.mp4,9105,straight,False,,2026-04-25T11:40:16
V5.mp4,9207,straight,False,,2026-04-25T11:40:26
V5.mp4,9216,uppercut,False,,2026-04-25T11:40:29
V5.mp4,9225,straight,False,,2026-04-25T11:40:32
V5.mp4,9233,straight,False,,2026-04-25T11:40:34
V5.mp4,9345,straight,False,,2026-04-25T11:40:48
V5.mp4,9353,uppercut,False,,2026-04-25T11:40:50
V5.mp4,9360,straight,False,,2026-04-25T11:40:52
V5.mp4,9367,straight,False,,2026-04-25T11:40:53
V5.mp4,9512,straight,False,,2026-04-25T11:41:09
V5.mp4,9519,uppercut,False,,2026-04-25T11:41:11
V5.mp4,9526,straight,False,,2026-04-25T11:41:13
V5.mp4,9534,straight,False,,2026-04-25T11:41:15
V5.mp4,9715,straight,False,,2026-04-25T11:41:32
V5.mp4,9724,uppercut,False,,2026-04-25T11:41:34
V5.mp4,9732,straight,False,,2026-04-25T11:41:36
V5.mp4,9741,straight,False,,2026-04-25T11:41:39
V5.mp4,9789,hook,False,,2026-04-25T11:41:48
V5.mp4,9849,straight,False,,2026-04-25T11:41:55
V5.mp4,9857,hook,False,,2026-04-25T11:41:57
V5.mp4,9976,straight,False,,2026-04-25T11:42:11
V5.mp4,9987,hook,False,,2026-04-25T11:42:14
V5.mp4,10039,straight,False,,2026-04-25T11:42:20
V5.mp4,10049,hook,False,,2026-04-25T11:42:24
V5.mp4,10100,straight,False,,2026-04-25T11:42:29
V5.mp4,10110,hook,False,,2026-04-25T11:42:31
V5.mp4,10161,straight,False,,2026-04-25T11:42:37
V5.mp4,10173,hook,False,,2026-04-25T11:42:39
V5.mp4,10223,straight,False,,2026-04-25T11:42:45
V5.mp4,10235,hook,False,,2026-04-25T11:42:47
V5.mp4,10277,straight,False,,2026-04-25T11:42:52
V5.mp4,10288,hook,False,,2026-04-25T11:42:54
V5.mp4,10366,straight,False,,2026-04-25T11:43:02
V5.mp4,10385,uppercut,False,,2026-04-25T11:43:04
V5.mp4,10399,straight,False,,2026-04-25T11:43:06
V5.mp4,10619,straight,False,,2026-04-25T11:43:26
V5.mp4,10636,uppercut,False,,2026-04-25T11:43:28
V5.mp4,10650,straight,False,,2026-04-25T11:43:31
V5.mp4,10721,straight,False,,2026-04-25T11:43:41
V5.mp4,10729,uppercut,False,,2026-04-25T11:43:43
V5.mp4,10738,hook,False,,2026-04-25T11:43:46
V5.mp4,10747,straight,False,,2026-04-25T11:43:48
V5.mp4,10791,straight,False,,2026-04-25T11:43:58
V5.mp4,10799,uppercut,False,,2026-04-25T11:44:00
V5.mp4,10810,hook,False,,2026-04-25T11:44:01
V5.mp4,10820,straight,False,,2026-04-25T11:44:03
V5.mp4,10832,hook,False,,2026-04-25T11:44:05
V5.mp4,10887,straight,False,,2026-04-25T11:44:11
V5.mp4,10895,uppercut,False,,2026-04-25T11:44:12
V5.mp4,10904,hook,False,,2026-04-25T11:44:13
V5.mp4,10911,straight,False,,2026-04-25T11:44:16
V5.mp4,10921,hook,False,,2026-04-25T11:44:18
V5.mp4,10974,straight,False,,2026-04-25T11:44:24
V5.mp4,10982,uppercut,False,,2026-04-25T11:44:25
V5.mp4,10989,hook,False,,2026-04-25T11:44:26
V5.mp4,10997,straight,False,,2026-04-25T11:44:28
V5.mp4,11006,hook,False,,2026-04-25T11:44:29
V5.mp4,11063,straight,False,,2026-04-25T11:44:39
V5.mp4,11072,uppercut,False,,2026-04-25T11:44:40
V5.mp4,11080,hook,False,,2026-04-25T11:44:41
V5.mp4,11086,straight,False,,2026-04-25T11:44:43
V5.mp4,11093,hook,False,,2026-04-25T11:44:45
V5.mp4,11149,straight,False,,2026-04-25T11:44:51
V5.mp4,11157,uppercut,False,,2026-04-25T11:44:55
V5.mp4,11165,hook,False,,2026-04-25T11:44:59
V5.mp4,11172,straight,False,,2026-04-25T11:45:01
V5.mp4,11179,hook,False,,2026-04-25T11:45:02
V5.mp4,11204,straight,False,,2026-04-25T11:45:06
V5.mp4,11212,uppercut,False,,2026-04-25T11:45:08
V5.mp4,11219,hook,False,,2026-04-25T11:45:09
V5.mp4,11228,straight,False,,2026-04-25T11:45:11
V5.mp4,11235,hook,False,,2026-04-25T11:45:12
V5.mp4,11264,straight,False,,2026-04-25T11:45:16
V5.mp4,11272,uppercut,False,,2026-04-25T11:45:18
V5.mp4,11279,hook,False,,2026-04-25T11:45:20
V5.mp4,11286,straight,False,,2026-04-25T11:45:21
V5.mp4,11295,hook,False,,2026-04-25T11:45:23
V5.mp4,11325,straight,False,,2026-04-25T11:45:26
V5.mp4,11333,uppercut,False,,2026-04-25T11:45:28
V5.mp4,11340,hook,False,,2026-04-25T11:45:30
V5.mp4,11349,straight,False,,2026-04-25T11:45:31
V5.mp4,11359,hook,False,,2026-04-25T11:45:33
V5.mp4,11384,straight,False,,2026-04-25T11:45:37
V5.mp4,11392,uppercut,False,,2026-04-25T11:45:39
V5.mp4,11399,hook,False,,2026-04-25T11:45:40
V5.mp4,11408,straight,False,,2026-04-25T11:45:43
V5.mp4,11417,hook,False,,2026-04-25T11:45:45
V5.mp4,11449,straight,False,,2026-04-25T11:45:49
V5.mp4,11457,uppercut,False,,2026-04-25T11:45:51
V5.mp4,11464,hook,False,,2026-04-25T11:45:52
V5.mp4,11473,straight,False,,2026-04-25T11:45:54
V5.mp4,11481,hook,False,,2026-04-25T11:45:55
V5.mp4,11519,straight,False,,2026-04-25T11:46:00
V5.mp4,11564,straight,False,,2026-04-25T11:46:06
V5.mp4,11571,straight,False,,2026-04-25T11:46:08
V5.mp4,11618,straight,False,,2026-04-25T11:46:14
V5.mp4,11623,straight,False,,2026-04-25T11:46:18
V5.mp4,11670,straight,False,,2026-04-25T11:46:24
V5.mp4,11676,straight,False,,2026-04-25T11:46:26
V5.mp4,11715,straight,False,,2026-04-25T11:46:32
V5.mp4,11723,straight,False,,2026-04-25T11:46:35
V5.mp4,11766,straight,False,,2026-04-25T11:46:41
V5.mp4,11774,straight,False,,2026-04-25T11:46:43
V5.mp4,11812,straight,False,,2026-04-25T11:46:47
V5.mp4,11823,uppercut,False,,2026-04-25T11:46:50
V5.mp4,11834,hook,False,,2026-04-25T11:46:52
V5.mp4,11885,straight,False,,2026-04-25T11:46:57
V5.mp4,11895,uppercut,False,,2026-04-25T11:46:59
V5.mp4,11906,hook,False,,2026-04-25T11:47:01
V5.mp4,11950,straight,False,,2026-04-25T11:47:06
V5.mp4,11998,straight,False,,2026-04-25T11:47:13
V5.mp4,12011,uppercut,False,,2026-04-25T11:47:16
V5.mp4,12017,hook,False,,2026-04-25T11:47:18
V5.mp4,12044,straight,False,,2026-04-25T11:47:22
V5.mp4,12055,uppercut,False,,2026-04-25T11:47:25
V5.mp4,12064,hook,False,,2026-04-25T11:47:27
V5.mp4,12089,straight,False,,2026-04-25T11:47:30
V5.mp4,12100,uppercut,False,,2026-04-25T11:47:33
V5.mp4,12108,hook,False,,2026-04-25T11:47:34
V5.mp4,12130,straight,False,,2026-04-25T11:47:38
V5.mp4,12141,uppercut,False,,2026-04-25T11:47:40
V5.mp4,12149,hook,False,,2026-04-25T11:47:41
V5.mp4,12171,straight,False,,2026-04-25T11:47:44
V5.mp4,12180,uppercut,False,,2026-04-25T11:47:46
V5.mp4,12189,hook,False,,2026-04-25T11:47:47
V5.mp4,12248,straight,False,,2026-04-25T11:47:54
V5.mp4,12257,hook,False,,2026-04-25T11:47:57
V5.mp4,12267,uppercut,False,,2026-04-25T11:48:03
V5.mp4,12276,hook,False,,2026-04-25T11:48:05
V5.mp4,12311,hook,False,,2026-04-25T11:48:09
V5.mp4,12369,straight,False,,2026-04-25T11:48:52
V5.mp4,12377,hook,False,,2026-04-25T11:48:55
V5.mp4,12382,uppercut,False,,2026-04-25T11:48:57
V5.mp4,12388,hook,False,,2026-04-25T11:48:58
V5.mp4,12411,hook,False,,2026-04-25T11:49:02
V5.mp4,12453,straight,False,,2026-04-25T11:49:06
V5.mp4,12460,hook,False,,2026-04-25T11:49:08
V5.mp4,12467,uppercut,False,,2026-04-25T11:49:09
V5.mp4,12475,hook,False,,2026-04-25T11:49:10
V5.mp4,12498,hook,False,,2026-04-25T11:49:13
V5.mp4,12558,straight,False,,2026-04-25T11:49:19
V5.mp4,12564,hook,False,,2026-04-25T11:49:21
V5.mp4,12571,uppercut,False,,2026-04-25T11:49:22
V5.mp4,12579,hook,False,,2026-04-25T11:49:24
V5.mp4,12604,hook,False,,2026-04-25T11:49:26
V5.mp4,12655,straight,False,,2026-04-25T11:49:32
V5.mp4,12666,hook,False,,2026-04-25T11:49:34
V5.mp4,12680,uppercut,False,,2026-04-25T11:49:37
V5.mp4,12727,straight,False,,2026-04-25T11:49:43
V5.mp4,12736,hook,False,,2026-04-25T11:49:45
V5.mp4,12748,uppercut,False,,2026-04-25T11:49:47
V5.mp4,12782,straight,False,,2026-04-25T11:49:51
V5.mp4,12792,hook,False,,2026-04-25T11:49:53
V5.mp4,12803,uppercut,False,,2026-04-25T11:49:55
V5.mp4,12824,straight,False,,2026-04-25T11:49:59
V5.mp4,12834,hook,False,,2026-04-25T11:50:01
V5.mp4,12846,uppercut,False,,2026-04-25T11:50:03
V5.mp4,12860,straight,False,,2026-04-25T11:50:07
V5.mp4,12870,hook,False,,2026-04-25T11:50:08
V5.mp4,12882,uppercut,False,,2026-04-25T11:50:10
V5.mp4,12896,straight,False,,2026-04-25T11:50:13
V5.mp4,12906,hook,False,,2026-04-25T11:50:15
V5.mp4,12918,uppercut,False,,2026-04-25T11:50:16
V5.mp4,12930,straight,False,,2026-04-25T11:50:20
V5.mp4,12939,hook,False,,2026-04-25T11:50:21
V5.mp4,12951,uppercut,False,,2026-04-25T11:50:23
V5.mp4,13102,straight,False,,2026-04-25T11:50:40
V5.mp4,13256,straight,False,,2026-04-25T11:50:59
V5.mp4,13442,straight,False,,2026-04-25T11:51:08
V5.mp4,13641,straight,False,,2026-04-25T11:51:16
V5.mp4,13684,straight,False,,2026-04-25T11:51:28
V5.mp4,13696,uppercut,False,,2026-04-25T11:51:31
V5.mp4,13741,uppercut,False,,2026-04-25T11:51:40
V5.mp4,13790,straight,False,,2026-04-25T11:51:45
V5.mp4,13802,uppercut,False,,2026-04-25T11:51:47
V5.mp4,13880,straight,False,,2026-04-25T11:51:55
V5.mp4,13894,uppercut,False,,2026-04-25T11:51:58
V5.mp4,13953,straight,False,,2026-04-25T11:52:07
V5.mp4,13997,straight,False,,2026-04-25T11:52:17
V5.mp4,14005,straight,False,,2026-04-25T11:52:18
V5.mp4,14022,uppercut,False,,2026-04-25T11:52:20
V5.mp4,14034,straight,False,,2026-04-25T11:52:22
V5.mp4,14133,straight,False,,2026-04-25T11:52:36
V5.mp4,14179,straight,False,,2026-04-25T11:52:41
V5.mp4,14213,straight,False,,2026-04-25T11:52:46
V5.mp4,14249,straight,False,,2026-04-25T11:52:57
V5.mp4,14284,straight,False,,2026-04-25T11:53:01
V5.mp4,14310,straight,False,,2026-04-25T11:53:05
V5.mp4,14320,straight,False,,2026-04-25T11:53:07
V5.mp4,14360,straight,False,,2026-04-25T11:53:12
V5.mp4,14391,straight,False,,2026-04-25T11:53:15
V5.mp4,14426,straight,False,,2026-04-25T11:53:19
V5.mp4,14463,straight,False,,2026-04-25T11:53:24
V5.mp4,14496,straight,False,,2026-04-25T11:53:27
V5.mp4,14540,straight,False,,2026-04-25T11:53:32
V5.mp4,14609,straight,False,,2026-04-25T11:53:39
V5.mp4,14774,straight,False,,2026-04-25T11:53:57
V5.mp4,14782,straight,False,,2026-04-25T11:53:58
V5.mp4,14825,straight,False,,2026-04-25T11:54:03
V5.mp4,14855,straight,False,,2026-04-25T11:54:07
V5.mp4,14864,straight,False,,2026-04-25T11:54:09
V5.mp4,14935,straight,False,,2026-04-25T11:54:16
V5.mp4,14952,straight,False,,2026-04-25T11:54:18
V7.mp4,1574,straight,False,,2026-04-25T11:59:37
V7.mp4,2063,straight,False,,2026-04-25T12:00:08
V7.mp4,2073,straight,False,,2026-04-25T12:00:10
V7.mp4,2086,hook,False,,2026-04-25T12:00:12
V7.mp4,2101,hook,False,,2026-04-25T12:00:15
V7.mp4,2160,uppercut,False,,2026-04-25T12:00:21
V7.mp4,2228,uppercut,False,,2026-04-25T12:00:28
V7.mp4,2305,uppercut,False,,2026-04-25T12:00:35
V7.mp4,2426,uppercut,False,,2026-04-25T12:00:56
V7.mp4,2507,uppercut,False,,2026-04-25T12:01:14
V7.mp4,2555,straight,False,,2026-04-25T12:01:20
V7.mp4,4550,straight,False,,2026-04-25T12:01:42
V7.mp4,4566,straight,False,,2026-04-25T12:01:44
V7.mp4,4581,straight,False,,2026-04-25T12:01:46
V7.mp4,4675,hook,False,,2026-04-25T12:01:56
V7.mp4,4698,uppercut,False,,2026-04-25T12:02:05
V7.mp4,4723,hook,False,,2026-04-25T12:02:07
V7.mp4,4762,straight,False,,2026-04-25T12:02:11
V7.mp4,4776,straight,False,,2026-04-25T12:02:13
V7.mp4,4792,straight,False,,2026-04-25T12:02:15
V7.mp4,4830,hook,False,,2026-04-25T12:02:19
V7.mp4,4846,uppercut,False,,2026-04-25T12:02:21
V7.mp4,4863,hook,False,,2026-04-25T12:02:23
V7.mp4,4991,straight,False,,2026-04-25T12:02:35
V7.mp4,4997,straight,False,,2026-04-25T12:02:37
V7.mp4,5005,straight,False,,2026-04-25T12:02:39
V7.mp4,5098,straight,False,,2026-04-25T12:02:49
V7.mp4,5105,straight,False,,2026-04-25T12:02:53
V7.mp4,5113,straight,False,,2026-04-25T12:02:54
V7.mp4,5273,straight,False,,2026-04-25T12:03:09
V7.mp4,5282,straight,False,,2026-04-25T12:03:11
V7.mp4,5288,straight,False,,2026-04-25T12:03:13
V7.mp4,5394,straight,False,,2026-04-25T12:03:26
V7.mp4,5401,straight,False,,2026-04-25T12:03:28
V7.mp4,5407,straight,False,,2026-04-25T12:03:30
V7.mp4,5414,straight,False,,2026-04-25T12:03:32
V7.mp4,5421,straight,False,,2026-04-25T12:03:33
V7.mp4,5608,straight,False,,2026-04-25T12:03:41
V7.mp4,5654,straight,False,,2026-04-25T12:03:46
V7.mp4,5705,uppercut,False,,2026-04-25T12:03:51
V7.mp4,5740,hook,False,,2026-04-25T12:04:00
V7.mp4,5858,hook,False,,2026-04-25T12:04:07
V7.mp4,5924,straight,False,,2026-04-25T12:04:13
V7.mp4,5948,straight,False,,2026-04-25T12:04:16
V7.mp4,5971,uppercut,False,,2026-04-25T12:04:19
V7.mp4,5997,hook,False,,2026-04-25T12:04:23
V7.mp4,6028,straight,False,,2026-04-25T12:04:28
V7.mp4,6060,uppercut,False,,2026-04-25T12:04:31
V7.mp4,6127,straight,False,,2026-04-25T12:04:39
V7.mp4,6154,straight,False,,2026-04-25T12:04:44
V7.mp4,6189,uppercut,False,,2026-04-25T12:04:47
V7.mp4,6215,hook,False,,2026-04-25T12:04:50
V7.mp4,6237,straight,False,,2026-04-25T12:04:53
V7.mp4,6259,uppercut,False,,2026-04-25T12:04:55
V7.mp4,6359,straight,False,,2026-04-25T12:05:05
V7.mp4,6370,straight,False,,2026-04-25T12:05:07
V7.mp4,6384,uppercut,False,,2026-04-25T12:05:09
V7.mp4,6478,straight,False,,2026-04-25T12:05:21
V7.mp4,6490,straight,False,,2026-04-25T12:05:23
V7.mp4,6516,hook,False,,2026-04-25T12:05:27
V7.mp4,6923,hook,False,,2026-04-25T12:05:39
V7.mp4,7036,straight,False,,2026-04-25T12:05:51
V7.mp4,7080,straight,False,,2026-04-25T12:05:57
V7.mp4,7128,uppercut,False,,2026-04-25T12:06:01
V7.mp4,7170,straight,False,,2026-04-25T12:06:06
V7.mp4,7216,straight,False,,2026-04-25T12:06:11
V7.mp4,7267,uppercut,False,,2026-04-25T12:06:16
V7.mp4,7385,hook,False,,2026-04-25T12:06:29
V7.mp4,7415,hook,False,,2026-04-25T12:06:32
V7.mp4,7445,uppercut,False,,2026-04-25T14:42:30
V7.mp4,7485,hook,False,,2026-04-25T14:42:36
V7.mp4,7515,straight,False,,2026-04-25T14:42:41
V7.mp4,7570,straight,False,,2026-04-25T14:42:46
V7.mp4,7624,uppercut,False,,2026-04-25T14:42:53
V7.mp4,7753,hook,False,,2026-04-25T14:43:09
V7.mp4,7770,uppercut,False,,2026-04-25T14:43:12
V7.mp4,7831,hook,False,,2026-04-25T14:43:20
V7.mp4,7844,uppercut,False,,2026-04-25T14:43:29
V7.mp4,7852,hook,False,,2026-04-25T14:43:33
V7.mp4,7952,hook,False,,2026-04-25T14:43:44
V7.mp4,7977,hook,False,,2026-04-25T14:43:52
V7.mp4,7985,straight,False,,2026-04-25T14:43:54
V7.mp4,8119,hook,False,,2026-04-25T14:44:18
V7.mp4,8142,hook,False,,2026-04-25T14:44:22
V7.mp4,8156,straight,False,,2026-04-25T14:44:24
V7.mp4,8167,uppercut,False,,2026-04-25T14:44:25
V7.mp4,9237,straight,False,,2026-04-25T14:44:53
V7.mp4,9251,straight,False,,2026-04-25T14:44:56
V7.mp4,9400,straight,False,,2026-04-25T14:45:10
V7.mp4,9415,straight,False,,2026-04-25T14:45:15
V7.mp4,9578,straight,False,,2026-04-25T14:45:30
V7.mp4,9593,straight,False,,2026-04-25T14:45:34
V7.mp4,9800,straight,False,,2026-04-25T14:45:53
V7.mp4,9816,straight,False,,2026-04-25T14:46:00
V7.mp4,10026,straight,False,,2026-04-25T14:46:11
V7.mp4,10200,straight,False,,2026-04-25T14:46:25
V7.mp4,10208,straight,False,,2026-04-25T14:46:27
V7.mp4,10216,straight,False,,2026-04-25T14:46:29
V7.mp4,10393,straight,False,,2026-04-25T14:46:46
V7.mp4,10401,straight,False,,2026-04-25T14:46:49
V7.mp4,10409,straight,False,,2026-04-25T14:46:51
V7.mp4,10603,straight,False,,2026-04-25T14:47:23
V7.mp4,10616,hook,False,,2026-04-25T14:47:25
V7.mp4,10763,straight,False,,2026-04-25T14:47:38
V7.mp4,10771,straight,False,,2026-04-25T14:47:41
V7.mp4,10779,straight,False,,2026-04-25T14:47:43
V7.mp4,10786,hook,False,,2026-04-25T14:47:46
V7.mp4,10960,straight,False,,2026-04-25T14:48:05
V7.mp4,10967,straight,False,,2026-04-25T14:48:07
V7.mp4,10975,straight,False,,2026-04-25T14:48:11
V7.mp4,10981,hook,False,,2026-04-25T14:48:15
V7.mp4,11120,straight,False,,2026-04-25T14:48:30
V7.mp4,11128,straight,False,,2026-04-25T14:48:32
V7.mp4,11135,straight,False,,2026-04-25T14:48:34
V7.mp4,11146,hook,False,,2026-04-25T14:48:36
V7.mp4,11269,straight,False,,2026-04-25T14:48:48
V7.mp4,11277,straight,False,,2026-04-25T14:48:52
V7.mp4,11284,straight,False,,2026-04-25T14:48:55
V7.mp4,11461,straight,False,,2026-04-25T14:49:10
V7.mp4,11469,straight,False,,2026-04-25T14:49:12
V7.mp4,11476,hook,False,,2026-04-25T14:49:14
V7.mp4,11617,straight,False,,2026-04-25T14:49:27
V7.mp4,11626,straight,False,,2026-04-25T14:49:29
V7.mp4,11633,straight,False,,2026-04-25T14:49:32
V7.mp4,11640,hook,False,,2026-04-25T14:49:35
V7.mp4,11815,straight,False,,2026-04-25T14:49:48
V7.mp4,11822,straight,False,,2026-04-25T14:49:50
V7.mp4,11829,straight,False,,2026-04-25T14:49:52
V7.mp4,11838,hook,False,,2026-04-25T14:49:54
V7.mp4,11954,straight,False,,2026-04-25T14:50:02
V7.mp4,11962,straight,False,,2026-04-25T14:50:04
V7.mp4,11970,straight,False,,2026-04-25T14:50:06
V7.mp4,11976,hook,False,,2026-04-25T14:50:09
V7.mp4,11988,uppercut,False,,2026-04-25T14:50:12
V7.mp4,12162,straight,False,,2026-04-25T14:50:24
V7.mp4,12169,straight,False,,2026-04-25T14:50:26
V7.mp4,12177,straight,False,,2026-04-25T14:50:28
V7.mp4,12184,hook,False,,2026-04-25T14:50:30
V7.mp4,12193,uppercut,False,,2026-04-25T14:50:32
V7.mp4,12415,straight,False,,2026-04-25T14:50:55
V7.mp4,12423,straight,False,,2026-04-25T14:50:57
V7.mp4,12429,straight,False,,2026-04-25T14:50:59
V7.mp4,12437,hook,False,,2026-04-25T14:51:01
V7.mp4,12444,uppercut,False,,2026-04-25T14:51:04
V7.mp4,12599,straight,False,,2026-04-25T14:51:24
V7.mp4,12606,straight,False,,2026-04-25T14:51:29
V7.mp4,12614,straight,False,,2026-04-25T14:51:32
V7.mp4,12620,hook,False,,2026-04-25T14:51:35
V7.mp4,12628,uppercut,False,,2026-04-25T14:51:38
V7.mp4,12766,straight,False,,2026-04-25T14:51:51
V7.mp4,12774,straight,False,,2026-04-25T14:51:54
V7.mp4,12781,straight,False,,2026-04-25T14:51:55
V7.mp4,12790,hook,False,,2026-04-25T14:52:14
V7.mp4,12798,uppercut,False,,2026-04-25T14:52:17
V7.mp4,12971,straight,False,,2026-04-25T14:52:28
V7.mp4,12978,straight,False,,2026-04-25T14:52:30
V7.mp4,12984,straight,False,,2026-04-25T14:52:31
V7.mp4,12991,hook,False,,2026-04-25T14:52:32
V7.mp4,13000,uppercut,False,,2026-04-25T14:52:34
V7.mp4,13146,straight,False,,2026-04-25T14:52:46
V7.mp4,13153,straight,False,,2026-04-25T14:52:49
V7.mp4,13160,straight,False,,2026-04-25T14:52:51
V7.mp4,13168,hook,False,,2026-04-25T14:52:53
V7.mp4,13177,uppercut,False,,2026-04-25T14:52:55
V7.mp4,13309,straight,False,,2026-04-25T14:53:06
V7.mp4,13316,straight,False,,2026-04-25T14:53:08
V7.mp4,13325,straight,False,,2026-04-25T14:53:11
V7.mp4,13336,hook,False,,2026-04-25T14:53:14
V7.mp4,13349,uppercut,False,,2026-04-25T14:53:17
V7.mp4,13358,hook,False,,2026-04-25T14:53:19
V7.mp4,13471,straight,False,,2026-04-25T14:53:30
V7.mp4,13485,straight,False,,2026-04-25T14:53:34
V7.mp4,13495,hook,False,,2026-04-25T14:53:36
V7.mp4,13502,uppercut,False,,2026-04-25T14:53:46
V7.mp4,13506,hook,False,,2026-04-25T14:53:50
V7.mp4,13620,straight,False,,2026-04-25T14:53:59
V7.mp4,13627,straight,False,,2026-04-25T14:54:01
V7.mp4,13634,straight,False,,2026-04-25T14:54:03
V7.mp4,13646,uppercut,False,,2026-04-25T14:54:07
V7.mp4,13653,hook,False,,2026-04-25T14:54:08
V7.mp4,13791,straight,False,,2026-04-25T14:54:43
V7.mp4,13799,straight,False,,2026-04-25T14:54:45
V7.mp4,13805,straight,False,,2026-04-25T14:54:46
V7.mp4,13812,hook,False,,2026-04-25T14:54:51
V7.mp4,13818,uppercut,False,,2026-04-25T14:54:53
V7.mp4,13822,hook,False,,2026-04-25T14:54:56
V7.mp4,13957,straight,False,,2026-04-25T14:55:09
V7.mp4,13963,straight,False,,2026-04-25T14:55:13
V7.mp4,13971,hook,False,,2026-04-25T14:55:15
V7.mp4,13978,uppercut,False,,2026-04-25T14:55:17
V7.mp4,13985,hook,False,,2026-04-25T14:55:19
V7.mp4,14147,straight,False,,2026-04-25T14:55:34
V7.mp4,14155,straight,False,,2026-04-25T14:55:36
V7.mp4,14161,straight,False,,2026-04-25T14:55:37
V7.mp4,14169,hook,False,,2026-04-25T14:55:39
V7.mp4,14177,uppercut,False,,2026-04-25T14:55:41
V7.mp4,14183,hook,False,,2026-04-25T14:55:52
V7.mp4,14379,straight,False,,2026-04-25T14:56:00
V7.mp4,14386,straight,False,,2026-04-25T14:56:02
V7.mp4,14393,straight,False,,2026-04-25T14:56:04
V7.mp4,14400,hook,False,,2026-04-25T14:56:06
V7.mp4,14406,uppercut,False,,2026-04-25T14:56:07
V7.mp4,14412,hook,False,,2026-04-25T14:56:11
V7.mp4,14624,straight,False,,2026-04-25T14:56:48
V7.mp4,14640,straight,False,,2026-04-25T14:56:51
V7.mp4,14656,uppercut,False,,2026-04-25T14:56:58
V7.mp4,14787,straight,False,,2026-04-25T14:57:10
V7.mp4,14795,uppercut,False,,2026-04-25T14:57:12
V7.mp4,14889,straight,False,,2026-04-25T14:57:23
V7.mp4,14901,straight,False,,2026-04-25T14:57:26
V7.mp4,14916,straight,False,,2026-04-25T14:57:30
V7.mp4,15032,straight,False,,2026-04-25T14:57:47
V7.mp4,15039,straight,False,,2026-04-25T14:57:49
V7.mp4,15048,uppercut,False,,2026-04-25T14:57:51
V7.mp4,15188,straight,False,,2026-04-25T14:57:59
V7.mp4,15196,straight,False,,2026-04-25T14:58:01
V7.mp4,15206,uppercut,False,,2026-04-25T14:58:03
V7.mp4,15375,straight,False,,2026-04-25T14:58:12
V7.mp4,15384,uppercut,False,,2026-04-25T14:58:16
V7.mp4,15516,straight,False,,2026-04-25T14:58:31
V7.mp4,15524,uppercut,False,,2026-04-25T14:58:33
V7.mp4,15835,straight,False,,2026-04-25T14:58:46
V7.mp4,15842,straight,False,,2026-04-25T14:58:48
V7.mp4,16000,straight,False,,2026-04-25T14:59:02
V7.mp4,16009,straight,False,,2026-04-25T14:59:05
V7.mp4,16031,hook,False,,2026-04-25T14:59:09
V7.mp4,16124,straight,False,,2026-04-25T14:59:19
V7.mp4,16133,straight,False,,2026-04-25T14:59:21
V7.mp4,16149,straight,False,,2026-04-25T14:59:24
V7.mp4,16161,hook,False,,2026-04-25T14:59:26
V7.mp4,16253,straight,False,,2026-04-25T14:59:43
V7.mp4,16339,straight,False,,2026-04-25T14:59:52
V7.mp4,16348,straight,False,,2026-04-25T14:59:54
V7.mp4,16378,hook,False,,2026-04-25T15:00:05
V7.mp4,16477,straight,False,,2026-04-25T15:00:18
V7.mp4,16486,straight,False,,2026-04-25T15:00:20
V7.mp4,16496,uppercut,False,,2026-04-25T15:00:24
V7.mp4,16505,hook,False,,2026-04-25T15:00:35
V7.mp4,16798,straight,False,,2026-04-25T15:00:49
V7.mp4,16806,straight,False,,2026-04-25T15:00:51
V7.mp4,16816,uppercut,False,,2026-04-25T15:00:53
V7.mp4,16824,straight,False,,2026-04-25T15:00:57
V7.mp4,16827,hook,False,,2026-04-25T15:01:00
V7.mp4,16975,straight,False,,2026-04-25T15:01:10
V7.mp4,16983,straight,False,,2026-04-25T15:01:11
V7.mp4,16991,uppercut,False,,2026-04-25T15:01:14
V7.mp4,17151,straight,False,,2026-04-25T15:01:22
V7.mp4,17159,straight,False,,2026-04-25T15:01:24
V7.mp4,17167,uppercut,False,,2026-04-25T15:01:27
V7.mp4,17176,hook,False,,2026-04-25T15:01:29
V7.mp4,17217,straight,False,,2026-04-25T15:01:40
V7.mp4,17306,straight,False,,2026-04-25T15:01:49
V7.mp4,17318,straight,False,,2026-04-25T15:01:53
V7.mp4,17330,uppercut,False,,2026-04-25T15:01:55
V7.mp4,17344,hook,False,,2026-04-25T15:01:59
V7.mp4,17356,straight,False,,2026-04-25T15:02:01
V7.mp4,17444,straight,False,,2026-04-25T15:02:11
V7.mp4,17454,straight,False,,2026-04-25T15:02:13
V7.mp4,17461,uppercut,False,,2026-04-25T15:02:20
V7.mp4,17454,straight,False,,2026-04-25T15:02:29
V7.mp4,17462,uppercut,False,,2026-04-25T15:02:30
V7.mp4,17470,hook,False,,2026-04-25T15:02:33
V7.mp4,17478,straight,False,,2026-04-25T15:02:35
V7.mp4,17617,straight,False,,2026-04-25T15:02:48
V7.mp4,17641,straight,False,,2026-04-25T15:02:55
V7.mp4,17801,straight,False,,2026-04-25T15:03:05
V7.mp4,17810,straight,False,,2026-04-25T15:03:08
V7.mp4,17817,straight,False,,2026-04-25T15:03:10
V7.mp4,17833,hook,False,,2026-04-26T14:46:02
V7.mp4,17841,straight,False,,2026-04-26T14:46:11
V7.mp4,17927,none,False,,2026-04-26T14:46:24
V7.mp4,17928,none,False,,2026-04-26T14:46:24
V7.mp4,17929,none,False,,2026-04-26T14:46:25
V7.mp4,17930,none,False,,2026-04-26T14:46:25
V7.mp4,17931,none,False,,2026-04-26T14:46:25
V7.mp4,17932,none,False,,2026-04-26T14:46:25
V7.mp4,17933,none,False,,2026-04-26T14:46:26
V7.mp4,17990,straight,False,,2026-04-26T14:46:33
V7.mp4,17999,straight,False,,2026-04-26T14:46:38
V7.mp4,18015,hook,False,,2026-04-26T14:46:41
V7.mp4,18024,straight,False,,2026-04-26T14:46:44
V7.mp4,18132,straight,False,,2026-04-26T14:46:55
V7.mp4,18140,straight,False,,2026-04-26T14:46:58
V7.mp4,18155,hook,False,,2026-04-26T14:47:02
V7.mp4,18163,straight,False,,2026-04-26T14:47:03
V7.mp4,18228,straight,False,,2026-04-26T14:47:12
V7.mp4,18237,straight,False,,2026-04-26T14:47:15
V7.mp4,18247,uppercut,False,,2026-04-26T14:47:17
V7.mp4,18260,hook,False,,2026-04-26T14:47:24
V7.mp4,18355,straight,False,,2026-04-26T14:47:37
V7.mp4,18363,straight,False,,2026-04-26T14:47:38
V7.mp4,18380,hook,False,,2026-04-26T14:47:41
V7.mp4,18386,straight,False,,2026-04-26T14:47:43
V7.mp4,18576,straight,False,,2026-04-26T14:47:56
V7.mp4,18593,hook,False,,2026-04-26T14:48:00
V7.mp4,18603,straight,False,,2026-04-26T14:48:04
V7.mp4,18611,uppercut,False,,2026-04-26T14:48:07
V7.mp4,18644,none,False,,2026-04-26T14:48:15
V7.mp4,18645,none,False,,2026-04-26T14:48:16
V7.mp4,18646,none,False,,2026-04-26T14:48:16
V7.mp4,18662,none,False,,2026-04-26T14:48:19
V7.mp4,18663,none,False,,2026-04-26T14:48:19
V7.mp4,18664,none,False,,2026-04-26T14:48:19
V7.mp4,18665,none,False,,2026-04-26T14:48:19
V7.mp4,18666,none,False,,2026-04-26T14:48:19
V7.mp4,18667,none,False,,2026-04-26T14:48:20
V7.mp4,18668,none,False,,2026-04-26T14:48:20
V7.mp4,18669,none,False,,2026-04-26T14:48:20
V7.mp4,18670,none,False,,2026-04-26T14:48:20
V7.mp4,18671,none,False,,2026-04-26T14:48:21
V7.mp4,18672,none,False,,2026-04-26T14:48:21
V7.mp4,18673,none,False,,2026-04-26T14:48:21
V7.mp4,18674,none,False,,2026-04-26T14:48:21
V7.mp4,18675,none,False,,2026-04-26T14:48:21
V7.mp4,18676,none,False,,2026-04-26T14:48:22
V7.mp4,18677,none,False,,2026-04-26T14:48:22
V7.mp4,18678,none,False,,2026-04-26T14:48:22
V7.mp4,18679,none,False,,2026-04-26T14:48:22
V7.mp4,18680,none,False,,2026-04-26T14:48:23
V7.mp4,18681,none,False,,2026-04-26T14:48:23
V7.mp4,18682,none,False,,2026-04-26T14:48:23
V7.mp4,18683,none,False,,2026-04-26T14:48:23
V7.mp4,18684,none,False,,2026-04-26T14:48:24
V7.mp4,18685,none,False,,2026-04-26T14:48:24
V7.mp4,18686,none,False,,2026-04-26T14:48:24
V7.mp4,18687,none,False,,2026-04-26T14:48:24
V7.mp4,18688,none,False,,2026-04-26T14:48:25
V7.mp4,18689,none,False,,2026-04-26T14:48:25
V7.mp4,18690,none,False,,2026-04-26T14:48:25
V7.mp4,18691,none,False,,2026-04-26T14:48:25
V7.mp4,18692,none,False,,2026-04-26T14:48:25
V7.mp4,18693,none,False,,2026-04-26T14:48:26
V7.mp4,18694,none,False,,2026-04-26T14:48:26
V7.mp4,18695,none,False,,2026-04-26T14:48:26
V7.mp4,18696,none,False,,2026-04-26T14:48:26
V7.mp4,18697,none,False,,2026-04-26T14:48:27
V7.mp4,18698,none,False,,2026-04-26T14:48:27
V7.mp4,18699,none,False,,2026-04-26T14:48:27
V7.mp4,18700,none,False,,2026-04-26T14:48:27
V7.mp4,18701,none,False,,2026-04-26T14:48:28
V7.mp4,18702,none,False,,2026-04-26T14:48:28
V7.mp4,18703,none,False,,2026-04-26T14:48:28
V7.mp4,18704,none,False,,2026-04-26T14:48:29
V7.mp4,18785,straight,False,,2026-04-26T14:48:38
V7.mp4,18794,straight,False,,2026-04-26T14:48:40
V7.mp4,18809,hook,False,,2026-04-26T14:48:44
V7.mp4,18818,straight,False,,2026-04-26T14:48:46
V7.mp4,18826,uppercut,False,,2026-04-26T14:48:48
V7.mp4,18977,straight,False,,2026-04-26T14:49:03
V7.mp4,18987,straight,False,,2026-04-26T14:49:05
V7.mp4,19043,straight,False,,2026-04-26T14:49:12
V7.mp4,19059,uppercut,False,,2026-04-26T14:49:16
V7.mp4,19103,none,False,,2026-04-26T14:49:22
V7.mp4,19104,none,False,,2026-04-26T14:49:22
V7.mp4,19105,none,False,,2026-04-26T14:49:22
V7.mp4,19106,none,False,,2026-04-26T14:49:23
V7.mp4,19107,none,False,,2026-04-26T14:49:23
V7.mp4,19108,none,False,,2026-04-26T14:49:23
V7.mp4,19109,none,False,,2026-04-26T14:49:23
V7.mp4,19110,none,False,,2026-04-26T14:49:23
V7.mp4,19111,none,False,,2026-04-26T14:49:24
V7.mp4,19112,none,False,,2026-04-26T14:49:24
V7.mp4,19113,none,False,,2026-04-26T14:49:24
V7.mp4,19114,none,False,,2026-04-26T14:49:24
V7.mp4,19115,none,False,,2026-04-26T14:49:25
V7.mp4,19116,none,False,,2026-04-26T14:49:25
V7.mp4,19117,none,False,,2026-04-26T14:49:25
V7.mp4,19118,none,False,,2026-04-26T14:49:25
V7.mp4,19119,none,False,,2026-04-26T14:49:26
V7.mp4,19120,none,False,,2026-04-26T14:49:26
V7.mp4,19121,none,False,,2026-04-26T14:49:26
V7.mp4,19122,none,False,,2026-04-26T14:49:26
V7.mp4,19123,none,False,,2026-04-26T14:49:26
V7.mp4,19124,none,False,,2026-04-26T14:49:27
V7.mp4,19125,none,False,,2026-04-26T14:49:27
V7.mp4,19126,none,False,,2026-04-26T14:49:27
V7.mp4,19127,none,False,,2026-04-26T14:49:27
V7.mp4,19128,none,False,,2026-04-26T14:49:28
V7.mp4,19129,none,False,,2026-04-26T14:49:28
V7.mp4,19130,none,False,,2026-04-26T14:49:28
V7.mp4,19131,none,False,,2026-04-26T14:49:28
V7.mp4,19202,straight,False,,2026-04-26T14:49:36
V7.mp4,19212,straight,False,,2026-04-26T14:49:39
V7.mp4,19230,hook,False,,2026-04-26T14:49:41
V7.mp4,19246,straight,False,,2026-04-26T14:49:45
V7.mp4,19253,uppercut,False,,2026-04-26T14:49:49
V7.mp4,19354,straight,False,,2026-04-26T14:49:58
V7.mp4,19361,straight,False,,2026-04-26T14:50:00
V7.mp4,19376,hook,False,,2026-04-26T14:50:03
V7.mp4,19384,straight,False,,2026-04-26T14:50:05
V7.mp4,19391,uppercut,False,,2026-04-26T14:50:07
V7.mp4,19517,straight,False,,2026-04-26T14:50:17
V7.mp4,19525,straight,False,,2026-04-26T14:50:21
V7.mp4,19546,straight,False,,2026-04-26T14:50:26
V7.mp4,19553,uppercut,False,,2026-04-26T14:50:28
V7.mp4,19676,straight,False,,2026-04-26T14:50:41
V7.mp4,19683,straight,False,,2026-04-26T14:50:43
V7.mp4,19699,hook,False,,2026-04-26T14:50:46
V7.mp4,19708,straight,False,,2026-04-26T14:50:48
V7.mp4,19716,uppercut,False,,2026-04-26T14:50:50
V7.mp4,19815,straight,False,,2026-04-26T14:50:56
V7.mp4,19823,straight,False,,2026-04-26T14:50:58
V7.mp4,19839,hook,False,,2026-04-26T14:51:01
V7.mp4,19848,straight,False,,2026-04-26T14:51:03
V7.mp4,19856,uppercut,False,,2026-04-26T14:51:05
V7.mp4,20006,hook,False,,2026-04-26T14:51:20
V7.mp4,20024,hook,False,,2026-04-26T14:51:22
V7.mp4,20041,uppercut,False,,2026-04-26T14:51:25
V7.mp4,20119,hook,False,,2026-04-26T14:51:30
V7.mp4,20132,uppercut,False,,2026-04-26T14:51:34
V7.mp4,20262,hook,False,,2026-04-26T14:51:47
V7.mp4,20269,hook,False,,2026-04-26T14:51:49
V7.mp4,20277,uppercut,False,,2026-04-26T14:51:51
V7.mp4,20380,hook,False,,2026-04-26T14:52:06
V7.mp4,20510,none,False,,2026-04-26T14:52:22
V7.mp4,20511,none,False,,2026-04-26T14:52:22
V7.mp4,20512,none,False,,2026-04-26T14:52:22
V7.mp4,20513,none,False,,2026-04-26T14:52:22
V7.mp4,20514,none,False,,2026-04-26T14:52:22
V7.mp4,20515,none,False,,2026-04-26T14:52:23
V7.mp4,20516,none,False,,2026-04-26T14:52:23
V7.mp4,20517,none,False,,2026-04-26T14:52:23
V7.mp4,20518,none,False,,2026-04-26T14:52:23
V7.mp4,20519,none,False,,2026-04-26T14:52:23
V7.mp4,20520,none,False,,2026-04-26T14:52:24
V7.mp4,20522,none,False,,2026-04-26T14:52:24
V7.mp4,20522,none,False,,2026-04-26T14:52:24
V7.mp4,20523,none,False,,2026-04-26T14:52:24
V7.mp4,20524,none,False,,2026-04-26T14:52:24
V7.mp4,20526,none,False,,2026-04-26T14:52:25
V7.mp4,20527,none,False,,2026-04-26T14:52:25
V7.mp4,20527,none,False,,2026-04-26T14:52:25
V7.mp4,20528,none,False,,2026-04-26T14:52:25
V7.mp4,20529,none,False,,2026-04-26T14:52:25
V7.mp4,20530,none,False,,2026-04-26T14:52:26
V7.mp4,20531,none,False,,2026-04-26T14:52:26
V7.mp4,20532,none,False,,2026-04-26T14:52:26
V7.mp4,20533,none,False,,2026-04-26T14:52:26
V7.mp4,20534,none,False,,2026-04-26T14:52:26
V7.mp4,20535,none,False,,2026-04-26T14:52:27
V7.mp4,20536,none,False,,2026-04-26T14:52:27
V7.mp4,20537,none,False,,2026-04-26T14:52:27
V7.mp4,20538,none,False,,2026-04-26T14:52:27
V7.mp4,20539,none,False,,2026-04-26T14:52:27
V7.mp4,20540,none,False,,2026-04-26T14:52:28
V7.mp4,20541,none,False,,2026-04-26T14:52:28
V7.mp4,20542,none,False,,2026-04-26T14:52:28
V7.mp4,20543,none,False,,2026-04-26T14:52:28
V7.mp4,20544,none,False,,2026-04-26T14:52:29
V7.mp4,20545,none,False,,2026-04-26T14:52:29
V7.mp4,20546,none,False,,2026-04-26T14:52:29
V7.mp4,20592,none,False,,2026-04-26T14:52:32
V7.mp4,20593,none,False,,2026-04-26T14:52:33
V7.mp4,20594,none,False,,2026-04-26T14:52:33
V7.mp4,20595,none,False,,2026-04-26T14:52:33
V7.mp4,20596,none,False,,2026-04-26T14:52:33
V7.mp4,20597,none,False,,2026-04-26T14:52:33
V7.mp4,20598,none,False,,2026-04-26T14:52:34
V7.mp4,20599,none,False,,2026-04-26T14:52:34
V7.mp4,20643,hook,False,,2026-04-26T14:52:40
V7.mp4,20656,uppercut,False,,2026-04-26T14:52:43
V7.mp4,20764,hook,False,,2026-04-26T14:52:57
V7.mp4,20772,hook,False,,2026-04-26T14:52:59
V7.mp4,20779,uppercut,False,,2026-04-26T14:53:01
V7.mp4,20900,hook,False,,2026-04-26T14:53:09
V7.mp4,20914,uppercut,False,,2026-04-26T14:53:12
V7.mp4,21036,hook,False,,2026-04-26T14:53:20
V7.mp4,21049,uppercut,False,,2026-04-26T14:53:24
V7.mp4,21153,hook,False,,2026-04-26T14:53:33
V7.mp4,21161,hook,False,,2026-04-26T14:53:34
V7.mp4,21169,uppercut,False,,2026-04-26T14:53:36
V7.mp4,21265,hook,False,,2026-04-26T14:53:42
V7.mp4,21273,hook,False,,2026-04-26T14:53:43
V7.mp4,21280,uppercut,False,,2026-04-26T14:53:45
V7.mp4,21413,hook,False,,2026-04-26T14:53:51
V7.mp4,21426,hook,False,,2026-04-26T14:53:53
V7.mp4,21441,uppercut,False,,2026-04-26T14:53:56
V7.mp4,21449,hook,False,,2026-04-26T14:53:58
V7.mp4,21512,hook,False,,2026-04-26T14:54:06
V7.mp4,21517,hook,False,,2026-04-26T14:54:09
V7.mp4,21524,uppercut,False,,2026-04-26T14:54:12
V7.mp4,21530,hook,False,,2026-04-26T14:54:14
V7.mp4,21639,hook,False,,2026-04-26T14:54:22
V7.mp4,21650,uppercut,False,,2026-04-26T14:54:26
V7.mp4,21658,hook,False,,2026-04-26T14:54:28
V7.mp4,21808,hook,False,,2026-04-26T14:54:38
V7.mp4,21815,hook,False,,2026-04-26T14:54:40
V7.mp4,21819,uppercut,False,,2026-04-26T14:54:42
V7.mp4,21951,hook,False,,2026-04-26T14:54:51
V7.mp4,21958,hook,False,,2026-04-26T14:54:53
V7.mp4,21966,uppercut,False,,2026-04-26T14:54:55
V7.mp4,21973,hook,False,,2026-04-26T14:54:56
V7.mp4,22076,hook,False,,2026-04-26T14:55:04
V7.mp4,22091,uppercut,False,,2026-04-26T14:55:08
V7.mp4,22098,hook,False,,2026-04-26T14:55:12
V7.mp4,22166,hook,False,,2026-04-26T14:55:20
V7.mp4,22179,hook,False,,2026-04-26T14:55:22
V7.mp4,22188,uppercut,False,,2026-04-26T14:55:24
V7.mp4,22197,hook,False,,2026-04-26T14:55:26
V7.mp4,22307,hook,False,,2026-04-26T14:57:53
V7.mp4,22313,hook,False,,2026-04-26T14:57:59
V7.mp4,22320,uppercut,False,,2026-04-26T14:58:02
V7.mp4,22325,hook,False,,2026-04-26T14:58:03
V7.mp4,22426,hook,False,,2026-04-26T14:58:14
V7.mp4,22440,uppercut,False,,2026-04-26T14:58:17
V7.mp4,22446,hook,False,,2026-04-26T14:58:18
V7.mp4,22556,hook,False,,2026-04-26T14:58:26
V7.mp4,22562,hook,False,,2026-04-26T14:58:29
V7.mp4,22568,uppercut,False,,2026-04-26T14:58:30
V7.mp4,22738,hook,False,,2026-04-26T14:58:41
V7.mp4,22753,hook,False,,2026-04-26T14:58:43
V7.mp4,22766,uppercut,False,,2026-04-26T14:58:46
V7.mp4,22774,hook,False,,2026-04-26T14:58:47
V7.mp4,22789,straight,False,,2026-04-26T14:58:51
V7.mp4,22884,hook,False,,2026-04-26T14:59:06
V7.mp4,22890,straight,False,,2026-04-26T14:59:10
V7.mp4,22902,straight,False,,2026-04-26T14:59:14
V7.mp4,22909,straight,False,,2026-04-26T14:59:16
V7.mp4,22994,hook,False,,2026-04-26T14:59:26
V7.mp4,23002,hook,False,,2026-04-26T14:59:28
V7.mp4,23009,uppercut,False,,2026-04-26T14:59:32
V7.mp4,23014,hook,False,,2026-04-26T14:59:34
V7.mp4,23023,straight,False,,2026-04-26T14:59:37
V7.mp4,23122,hook,False,,2026-04-26T14:59:44
V7.mp4,23128,hook,False,,2026-04-26T14:59:45
V7.mp4,23134,uppercut,False,,2026-04-26T14:59:47
V7.mp4,23139,hook,False,,2026-04-26T14:59:53
V7.mp4,23147,straight,False,,2026-04-26T14:59:55
V7.mp4,23295,hook,False,,2026-04-26T15:00:10
V7.mp4,23301,hook,False,,2026-04-26T15:00:11
V7.mp4,23456,hook,False,,2026-04-26T15:01:46
V7.mp4,23469,uppercut,False,,2026-04-26T15:01:50
V7.mp4,23472,hook,False,,2026-04-26T15:01:52
V7.mp4,23479,straight,False,,2026-04-26T15:01:53
V7.mp4,23591,hook,False,,2026-04-26T15:02:06
V7.mp4,23597,hook,False,,2026-04-26T15:02:07
V7.mp4,23604,uppercut,False,,2026-04-26T15:02:09
V7.mp4,23609,hook,False,,2026-04-26T15:02:11
V7.mp4,23621,straight,False,,2026-04-26T15:02:16
V7.mp4,23744,hook,False,,2026-04-26T15:02:21
V7.mp4,23751,hook,False,,2026-04-26T15:02:22
V7.mp4,23758,uppercut,False,,2026-04-26T15:02:24
V7.mp4,23767,hook,False,,2026-04-26T15:02:27
V7.mp4,23774,straight,False,,2026-04-26T15:02:29
V7.mp4,23935,hook,False,,2026-04-26T15:02:42
V7.mp4,23942,hook,False,,2026-04-26T15:02:44
V7.mp4,23948,uppercut,False,,2026-04-26T15:02:46
V7.mp4,23965,straight,False,,2026-04-26T15:02:50
V7.mp4,23976,uppercut,False,,2026-04-26T15:02:53
V7.mp4,24063,hook,False,,2026-04-26T15:02:59
V7.mp4,24075,hook,False,,2026-04-26T15:03:01
V7.mp4,24089,uppercut,False,,2026-04-26T15:03:05
V7.mp4,24097,hook,False,,2026-04-26T15:03:09
V7.mp4,24113,straight,False,,2026-04-26T15:03:14
V7.mp4,24124,uppercut,False,,2026-04-26T15:03:16
V7.mp4,24264,hook,False,,2026-04-26T15:03:25
V7.mp4,24276,uppercut,False,,2026-04-26T15:03:30
V7.mp4,24282,hook,False,,2026-04-26T15:03:31
V7.mp4,24291,straight,False,,2026-04-26T15:03:33
V7.mp4,24302,uppercut,False,,2026-04-26T15:03:36
V7.mp4,24397,hook,False,,2026-04-26T15:03:46
V7.mp4,24401,hook,False,,2026-04-26T15:03:48
V7.mp4,24406,uppercut,False,,2026-04-26T15:03:50
V7.mp4,24420,straight,False,,2026-04-26T15:03:55
V7.mp4,24428,uppercut,False,,2026-04-26T15:04:00
V7.mp4,24515,hook,False,,2026-04-26T15:04:08
V7.mp4,24528,uppercut,False,,2026-04-26T15:04:13
V7.mp4,24533,hook,False,,2026-04-26T15:04:14
V7.mp4,24541,straight,False,,2026-04-26T15:04:16
V7.mp4,24550,uppercut,False,,2026-04-26T15:04:19
V7.mp4,24625,hook,False,,2026-04-26T15:04:26
V7.mp4,24632,uppercut,False,,2026-04-26T15:04:27
V7.mp4,24637,uppercut,False,,2026-04-26T15:04:30
V7.mp4,24642,hook,False,,2026-04-26T15:04:32
V7.mp4,24653,straight,False,,2026-04-26T15:04:34
V7.mp4,24662,uppercut,False,,2026-04-26T15:04:35
V7.mp4,24743,hook,False,,2026-04-26T15:04:45
V7.mp4,24750,hook,False,,2026-04-26T15:04:47
V7.mp4,24763,hook,False,,2026-04-26T15:04:55
V7.mp4,24770,straight,False,,2026-04-26T15:04:57
V7.mp4,24779,uppercut,False,,2026-04-26T15:04:58
V7.mp4,24846,hook,False,,2026-04-26T15:05:06
V7.mp4,24860,uppercut,False,,2026-04-26T15:05:10
V7.mp4,24865,hook,False,,2026-04-26T15:05:12
V7.mp4,24953,hook,False,,2026-04-26T15:05:22
V7.mp4,24961,uppercut,False,,2026-04-26T15:05:23
V7.mp4,24964,uppercut,False,,2026-04-26T15:05:25
V7.mp4,24972,hook,False,,2026-04-26T15:05:29
V7.mp4,24979,straight,False,,2026-04-26T15:05:31
V7.mp4,24989,uppercut,False,,2026-04-26T15:05:39
V7.mp4,25055,hook,False,,2026-04-26T15:05:44
V7.mp4,25062,uppercut,False,,2026-04-26T15:05:48
V7.mp4,25067,uppercut,False,,2026-04-26T15:05:52
V7.mp4,25072,hook,False,,2026-04-26T15:05:53
V7.mp4,25083,straight,False,,2026-04-26T15:05:56
V7.mp4,25091,uppercut,False,,2026-04-26T15:05:58
V7.mp4,25158,hook,False,,2026-04-26T15:06:19
V7.mp4,25164,hook,False,,2026-04-26T15:06:20
V7.mp4,25170,uppercut,False,,2026-04-26T15:06:23
V7.mp4,25174,hook,False,,2026-04-26T15:06:24
V7.mp4,25188,straight,False,,2026-04-26T15:06:26
V7.mp4,25197,uppercut,False,,2026-04-26T15:06:28
V7.mp4,25261,hook,False,,2026-04-26T15:06:36
V7.mp4,25267,hook,False,,2026-04-26T15:06:38
V7.mp4,25275,hook,False,,2026-04-26T15:06:40
V7.mp4,25289,straight,False,,2026-04-26T15:06:43
V7.mp4,25298,uppercut,False,,2026-04-26T15:06:44
V7.mp4,25358,none,False,,2026-04-26T15:06:48
V7.mp4,25359,none,False,,2026-04-26T15:06:48
V7.mp4,25360,none,False,,2026-04-26T15:06:48
V7.mp4,25361,none,False,,2026-04-26T15:06:49
V7.mp4,25362,none,False,,2026-04-26T15:06:49
V7.mp4,25363,none,False,,2026-04-26T15:06:49
V7.mp4,25365,none,False,,2026-04-26T15:06:49
V7.mp4,25366,none,False,,2026-04-26T15:06:49
V7.mp4,25367,none,False,,2026-04-26T15:06:49
V7.mp4,25368,none,False,,2026-04-26T15:06:50
V7.mp4,25369,none,False,,2026-04-26T15:06:50
V7.mp4,25370,none,False,,2026-04-26T15:06:50
V7.mp4,25371,none,False,,2026-04-26T15:06:50
V7.mp4,25372,none,False,,2026-04-26T15:06:50
V7.mp4,25373,none,False,,2026-04-26T15:06:51
V7.mp4,25374,none,False,,2026-04-26T15:06:51
V7.mp4,25375,none,False,,2026-04-26T15:06:51
V7.mp4,25376,none,False,,2026-04-26T15:06:51
V7.mp4,25377,none,False,,2026-04-26T15:06:51
V7.mp4,25378,none,False,,2026-04-26T15:06:51
V7.mp4,25379,none,False,,2026-04-26T15:06:52
V7.mp4,25380,none,False,,2026-04-26T15:06:52
V7.mp4,25380,none,False,,2026-04-26T15:06:52
V7.mp4,25381,none,False,,2026-04-26T15:06:52
V7.mp4,25382,none,False,,2026-04-26T15:06:52
V7.mp4,25383,none,False,,2026-04-26T15:06:53
V7.mp4,25384,none,False,,2026-04-26T15:06:53
V7.mp4,25386,none,False,,2026-04-26T15:06:53
V7.mp4,25387,none,False,,2026-04-26T15:06:53
V7.mp4,25387,none,False,,2026-04-26T15:06:54
V7.mp4,25388,none,False,,2026-04-26T15:06:54
V7.mp4,25389,none,False,,2026-04-26T15:06:54
V7.mp4,25390,none,False,,2026-04-26T15:06:54
V7.mp4,25391,none,False,,2026-04-26T15:06:54
V7.mp4,25392,none,False,,2026-04-26T15:06:54
V7.mp4,25393,none,False,,2026-04-26T15:06:55
V7.mp4,25394,none,False,,2026-04-26T15:06:55
V7.mp4,25395,none,False,,2026-04-26T15:06:55
V7.mp4,25396,none,False,,2026-04-26T15:06:55
V7.mp4,25397,none,False,,2026-04-26T15:06:55
V7.mp4,25398,none,False,,2026-04-26T15:06:56
V7.mp4,25399,none,False,,2026-04-26T15:06:56
V7.mp4,25400,none,False,,2026-04-26T15:06:56
V7.mp4,25401,none,False,,2026-04-26T15:06:56
V7.mp4,25402,none,False,,2026-04-26T15:06:57
V7.mp4,25403,none,False,,2026-04-26T15:06:57
V7.mp4,25404,none,False,,2026-04-26T15:06:57
V7.mp4,25405,none,False,,2026-04-26T15:06:57
V7.mp4,25405,none,False,,2026-04-26T15:06:58
V7.mp4,25405,none,False,,2026-04-26T15:06:58
V7.mp4,25405,none,False,,2026-04-26T15:06:58
V7.mp4,25406,none,False,,2026-04-26T15:06:58
V7.mp4,25407,none,False,,2026-04-26T15:06:58
V7.mp4,25408,none,False,,2026-04-26T15:06:59
V7.mp4,25409,none,False,,2026-04-26T15:06:59
V7.mp4,25410,none,False,,2026-04-26T15:06:59
V7.mp4,25411,none,False,,2026-04-26T15:06:59
V7.mp4,25412,none,False,,2026-04-26T15:07:00
V7.mp4,25413,none,False,,2026-04-26T15:07:00
V7.mp4,25415,none,False,,2026-04-26T15:07:00
V7.mp4,25416,none,False,,2026-04-26T15:07:01
V7.mp4,25417,none,False,,2026-04-26T15:07:01
V7.mp4,25418,none,False,,2026-04-26T15:07:01
V7.mp4,25419,none,False,,2026-04-26T15:07:01
V7.mp4,25420,none,False,,2026-04-26T15:07:02
V7.mp4,25421,none,False,,2026-04-26T15:07:02
V7.mp4,25422,none,False,,2026-04-26T15:07:02
V7.mp4,25423,none,False,,2026-04-26T15:07:02
V7.mp4,25424,none,False,,2026-04-26T15:07:03
V7.mp4,25425,none,False,,2026-04-26T15:07:03
V7.mp4,25426,none,False,,2026-04-26T15:07:03
V7.mp4,25427,none,False,,2026-04-26T15:07:03
V7.mp4,25428,none,False,,2026-04-26T15:07:04
V7.mp4,26178,none,False,,2026-04-26T15:07:12
V7.mp4,26179,none,False,,2026-04-26T15:07:13
V7.mp4,26180,none,False,,2026-04-26T15:07:13
V7.mp4,26182,none,False,,2026-04-26T15:07:13
V7.mp4,26183,none,False,,2026-04-26T15:07:13
V7.mp4,26184,none,False,,2026-04-26T15:07:13
V7.mp4,26185,none,False,,2026-04-26T15:07:14
V7.mp4,26186,none,False,,2026-04-26T15:07:14
V7.mp4,26186,none,False,,2026-04-26T15:07:14
V7.mp4,26187,none,False,,2026-04-26T15:07:14
V7.mp4,26188,none,False,,2026-04-26T15:07:14
V7.mp4,26189,none,False,,2026-04-26T15:07:15
V7.mp4,26190,none,False,,2026-04-26T15:07:15
V7.mp4,26191,none,False,,2026-04-26T15:07:15
V7.mp4,26192,none,False,,2026-04-26T15:07:15
V7.mp4,26193,none,False,,2026-04-26T15:07:16
V7.mp4,26194,none,False,,2026-04-26T15:07:16
V7.mp4,26195,none,False,,2026-04-26T15:07:16
V7.mp4,26196,none,False,,2026-04-26T15:07:16
V7.mp4,26197,none,False,,2026-04-26T15:07:17
V7.mp4,26198,none,False,,2026-04-26T15:07:17
V7.mp4,26199,none,False,,2026-04-26T15:07:17
V7.mp4,26200,none,False,,2026-04-26T15:07:17
V7.mp4,26201,none,False,,2026-04-26T15:07:18
V7.mp4,26202,none,False,,2026-04-26T15:07:18
V7.mp4,26203,none,False,,2026-04-26T15:07:18
V7.mp4,26204,none,False,,2026-04-26T15:07:19
V7.mp4,26205,none,False,,2026-04-26T15:07:19
V7.mp4,26206,none,False,,2026-04-26T15:07:19
V7.mp4,26207,none,False,,2026-04-26T15:07:19
V7.mp4,26208,none,False,,2026-04-26T15:07:20
V7.mp4,26209,none,False,,2026-04-26T15:07:20
V7.mp4,26210,none,False,,2026-04-26T15:07:20
V7.mp4,26211,none,False,,2026-04-26T15:07:20
V7.mp4,26212,none,False,,2026-04-26T15:07:21
V7.mp4,26213,none,False,,2026-04-26T15:07:21
V7.mp4,26214,none,False,,2026-04-26T15:07:21
V7.mp4,26215,none,False,,2026-04-26T15:07:22
V7.mp4,26216,none,False,,2026-04-26T15:07:22
V7.mp4,26217,none,False,,2026-04-26T15:07:22
V7.mp4,26252,straight,False,,2026-04-26T15:07:32
V7.mp4,26263,straight,False,,2026-04-26T15:07:34
V7.mp4,26276,hook,False,,2026-04-26T22:21:38
V7.mp4,26287,none,False,,2026-04-26T22:21:53
V7.mp4,26288,none,False,,2026-04-26T22:21:53
V7.mp4,26289,none,False,,2026-04-26T22:21:54
V7.mp4,26290,none,False,,2026-04-26T22:21:54
V7.mp4,26291,none,False,,2026-04-26T22:21:54
V7.mp4,26292,none,False,,2026-04-26T22:21:54
V7.mp4,26293,none,False,,2026-04-26T22:21:55
V7.mp4,26294,none,False,,2026-04-26T22:21:55
V7.mp4,26295,none,False,,2026-04-26T22:21:55
V7.mp4,26296,none,False,,2026-04-26T22:21:55
V7.mp4,26297,none,False,,2026-04-26T22:21:56
V7.mp4,26298,none,False,,2026-04-26T22:21:56
V7.mp4,26299,none,False,,2026-04-26T22:21:56
V7.mp4,26300,none,False,,2026-04-26T22:21:56
V7.mp4,26301,none,False,,2026-04-26T22:21:56
V7.mp4,26302,none,False,,2026-04-26T22:21:57
V7.mp4,26303,none,False,,2026-04-26T22:21:57
V7.mp4,26304,none,False,,2026-04-26T22:21:57
V7.mp4,26305,none,False,,2026-04-26T22:21:57
V7.mp4,26306,none,False,,2026-04-26T22:21:58
V2.mp4,4199,straight,False,,2026-04-29T19:03:36
V2.mp4,4214,straight,False,,2026-04-29T19:03:45
V2.mp4,4333,straight,False,,2026-04-29T19:04:06
V2.mp4,4344,straight,False,,2026-04-29T19:04:14
V2.mp4,4359,straight,False,,2026-04-29T19:04:26
V2.mp4,4372,straight,False,,2026-04-29T19:04:32
V2.mp4,4452,straight,False,,2026-04-29T19:11:32
V2.mp4,4463,straight,False,,2026-04-29T19:11:38
V2.mp4,4517,straight,False,,2026-04-29T19:11:55
V2.mp4,4570,straight,False,,2026-04-29T19:12:04
V2.mp4,4732,hook,False,,2026-04-29T19:16:39
V2.mp4,4749,hook,False,,2026-04-29T19:16:50
V2.mp4,6394,hook,False,,2026-04-29T19:19:14
V2.mp4,6419,straight,False,,2026-04-29T19:19:22
V2.mp4,6460,straight,False,,2026-04-29T19:19:33
V2.mp4,6515,straight,False,,2026-04-29T19:19:45
V2.mp4,6556,hook,False,,2026-04-29T19:20:02
V2.mp4,6595,straight,False,,2026-04-29T19:20:09
V2.mp4,6645,straight,False,,2026-04-29T19:20:20
V2.mp4,6724,straight,False,,2026-04-29T19:20:40
V2.mp4,6757,straight,False,,2026-04-29T19:20:49
V2.mp4,6854,hook,False,,2026-04-29T19:21:09
V2.mp4,6908,straight,False,,2026-04-29T19:21:21
V2.mp4,7029,straight,False,,2026-04-29T19:21:39
V2.mp4,7196,straight,False,,2026-04-29T19:21:59
V2.mp4,7370,straight,False,,2026-04-29T19:22:26
V2.mp4,7461,straight,False,,2026-04-29T19:24:14
V2.mp4,7628,straight,False,,2026-04-29T19:24:46
V2.mp4,7655,straight,False,,2026-04-29T19:24:53
V2.mp4,7752,straight,False,,2026-04-29T19:25:07
V2.mp4,7815,hook,False,,2026-04-29T19:25:29
V2.mp4,7839,hook,False,,2026-04-29T19:25:39
V2.mp4,7865,hook,False,,2026-04-29T19:28:14
V2.mp4,7904,hook,False,,2026-04-29T19:28:25
V2.mp4,7933,hook,False,,2026-04-29T19:28:33
V2.mp4,7968,hook,False,,2026-04-29T19:28:47
V2.mp4,7992,hook,False,,2026-04-29T19:28:55
V2.mp4,8029,hook,False,,2026-04-29T19:29:06
V2.mp4,8068,hook,False,,2026-04-29T19:29:16
V2.mp4,8099,hook,False,,2026-04-29T19:29:25
V2.mp4,8138,hook,False,,2026-04-29T19:31:12
V2.mp4,8178,hook,False,,2026-04-29T19:31:24
V2.mp4,8216,hook,False,,2026-04-29T19:31:32
V2.mp4,8255,hook,False,,2026-04-29T19:31:49
V2.mp4,8294,hook,False,,2026-04-29T19:32:06
V2.mp4,8332,hook,False,,2026-04-29T19:32:14
V2.mp4,8368,hook,False,,2026-04-29T19:32:21
V2.mp4,8395,hook,False,,2026-04-29T19:32:31
V2.mp4,8419,hook,False,,2026-04-29T19:32:40
V2.mp4,8444,hook,False,,2026-04-29T19:32:55
V2.mp4,8468,hook,False,,2026-04-29T19:33:05
V2.mp4,8513,hook,False,,2026-04-29T19:33:13
V2.mp4,9767,straight,False,,2026-04-29T19:34:34
V2.mp4,9794,hook,False,,2026-04-29T19:34:40
V2.mp4,9916,hook,False,,2026-04-29T19:35:01
V2.mp4,10188,straight,False,,2026-04-29T19:35:38
V2.mp4,10215,straight,False,,2026-04-29T19:35:47
V2.mp4,10247,hook,False,,2026-04-29T19:35:52
V2.mp4,10269,straight,False,,2026-04-29T19:35:58
V2.mp4,10365,straight,False,,2026-04-29T19:36:12
V2.mp4,10442,hook,False,,2026-04-29T19:36:23
V2.mp4,10499,straight,False,,2026-04-29T19:36:33
V2.mp4,10539,hook,False,,2026-04-29T19:36:46
V2.mp4,10691,straight,False,,2026-04-29T19:37:18
V2.mp4,10703,hook,False,,2026-04-29T19:37:25
V2.mp4,10756,hook,False,,2026-04-29T19:37:33
V2.mp4,10807,straight,False,,2026-04-29T19:37:46
V2.mp4,10825,hook,False,,2026-04-29T19:37:51
V2.mp4,10887,hook,False,,2026-04-29T19:38:00
V2.mp4,10962,hook,False,,2026-04-29T19:38:13
V2.mp4,10999,hook,False,,2026-04-29T19:38:19
V2.mp4,11060,hook,False,,2026-04-29T19:38:31
V2.mp4,11106,hook,False,,2026-04-29T19:38:37
V2.mp4,11175,hook,False,,2026-04-29T19:38:50
V2.mp4,11208,hook,False,,2026-04-29T19:38:59
V2.mp4,11267,hook,False,,2026-04-29T19:39:08
V2.mp4,11305,hook,False,,2026-04-29T19:39:15
V2.mp4,11373,hook,False,,2026-04-29T19:39:28
V2.mp4,11411,hook,False,,2026-04-29T19:39:41
V2.mp4,11472,hook,False,,2026-04-29T19:39:52
V2.mp4,11510,hook,False,,2026-04-29T19:40:05
V2.mp4,11571,hook,False,,2026-04-29T19:40:14
V2.mp4,11621,hook,False,,2026-04-29T19:40:25
V2.mp4,11678,hook,False,,2026-04-29T19:40:31
V2.mp4,11713,hook,False,,2026-04-29T19:40:37
V2.mp4,11876,hook,False,,2026-04-29T19:41:00
V2.mp4,11911,hook,False,,2026-04-29T19:41:07
V2.mp4,11967,hook,False,,2026-04-29T19:41:19
V2.mp4,12001,hook,False,,2026-04-29T19:41:26
V2.mp4,12076,hook,False,,2026-04-29T19:41:38
V2.mp4,12943,hook,False,,2026-04-29T19:42:31
V2.mp4,13031,hook,False,,2026-04-29T19:42:41
V2.mp4,13047,straight,False,,2026-04-29T19:42:50
V2.mp4,13116,hook,False,,2026-04-29T19:42:58
V2.mp4,13127,straight,False,,2026-04-29T19:43:04
V2.mp4,13197,hook,False,,2026-04-29T19:43:13
V2.mp4,13209,straight,False,,2026-04-29T19:43:20
V2.mp4,13679,straight,False,,2026-04-29T19:44:16
V2.mp4,13739,hook,False,,2026-04-29T19:44:29
V2.mp4,13748,straight,False,,2026-04-29T19:44:34
V2.mp4,13820,straight,False,,2026-04-29T19:44:44
V2.mp4,13867,straight,False,,2026-04-29T19:44:53
V2.mp4,13904,straight,False,,2026-04-29T19:45:05
V2.mp4,13964,hook,False,,2026-04-29T19:45:14
V2.mp4,13974,straight,False,,2026-04-29T19:45:17
V2.mp4,14037,hook,False,,2026-04-29T19:45:27
V2.mp4,14047,straight,False,,2026-04-29T19:45:30
V2.mp4,14189,straight,False,,2026-04-29T19:45:46
V2.mp4,14243,straight,False,,2026-04-29T19:45:56
V2.mp4,15882,hook,False,,2026-04-29T19:47:10
V2.mp4,15897,hook,False,,2026-04-29T19:47:14
V2.mp4,15995,straight,False,,2026-04-29T19:47:26
V2.mp4,16551,hook,False,,2026-04-29T19:48:19
V2.mp4,16567,hook,False,,2026-04-29T19:48:31
V2.mp4,16637,straight,False,,2026-04-29T19:48:42
V2.mp4,16708,hook,False,,2026-04-29T19:48:54
V2.mp4,16811,hook,False,,2026-04-29T19:49:07
V2.mp4,16823,hook,False,,2026-04-29T19:49:11
V2.mp4,17035,hook,False,,2026-04-29T19:49:35
V2.mp4,17047,hook,False,,2026-04-29T19:49:41
V2.mp4,17167,hook,False,,2026-04-29T19:49:55
V2.mp4,17197,hook,False,,2026-04-29T19:50:00
V2.mp4,17310,hook,False,,2026-04-29T19:50:12
V2.mp4,17403,hook,False,,2026-04-29T19:50:24
V2.mp4,17419,hook,False,,2026-04-29T19:50:28
V2.mp4,17603,hook,False,,2026-04-29T19:50:54
V2.mp4,17616,hook,False,,2026-04-29T19:51:04
V2.mp4,17729,hook,False,,2026-04-29T19:51:18
V2.mp4,17808,hook,False,,2026-04-29T19:51:52
V2.mp4,17850,hook,False,,2026-04-29T19:52:03
V2.mp4,17862,hook,False,,2026-04-29T19:52:07
V2.mp4,17904,straight,False,,2026-04-29T19:52:14
V2.mp4,17894,straight,False,,2026-04-29T19:52:19
V2.mp4,17950,straight,False,,2026-04-29T19:52:29
V2.mp4,18050,straight,False,,2026-04-29T19:52:42
V2.mp4,18103,straight,False,,2026-04-29T19:52:50
V2.mp4,18167,straight,False,,2026-04-29T19:52:58
V2.mp4,18183,straight,False,,2026-04-29T19:53:01
V2.mp4,18284,straight,False,,2026-04-29T19:53:11
V2.mp4,18312,straight,False,,2026-04-29T19:53:17
V2.mp4,18366,straight,False,,2026-04-29T19:53:26
V2.mp4,18378,straight,False,,2026-04-29T19:53:29
V2.mp4,18441,straight,False,,2026-04-29T19:53:39
V2.mp4,18417,straight,False,,2026-04-29T19:53:44
V2.mp4,18442,straight,False,,2026-04-29T19:53:48
V2.mp4,18495,straight,False,,2026-04-29T19:53:56
V2.mp4,18549,straight,False,,2026-04-29T19:54:06
V2.mp4,18860,hook,False,,2026-04-29T19:54:37
V2.mp4,19045,hook,False,,2026-04-29T19:54:58
V2.mp4,19145,hook,False,,2026-04-29T19:55:11
V2.mp4,19379,straight,False,,2026-04-29T19:55:35
V2.mp4,19589,hook,False,,2026-04-29T19:56:03
V2.mp4,19694,hook,False,,2026-04-29T19:56:18
V2.mp4,19734,hook,False,,2026-04-29T19:56:25
V2.mp4,19964,hook,False,,2026-04-29T19:57:01
V2.mp4,20039,straight,False,,2026-04-29T19:57:17
V2.mp4,20058,straight,False,,2026-04-29T19:57:21
V2.mp4,20095,straight,False,,2026-04-29T19:57:26
V2.mp4,20120,straight,False,,2026-04-29T19:57:35
V2.mp4,20159,straight,False,,2026-04-29T19:57:41
V2.mp4,20184,straight,False,,2026-04-29T19:57:45
V2.mp4,20223,straight,False,,2026-04-29T19:57:50
V2.mp4,20249,straight,False,,2026-04-29T19:57:57
V2.mp4,20289,straight,False,,2026-04-29T19:58:04
V2.mp4,20374,straight,False,,2026-04-29T19:58:19
V2.mp4,20405,straight,False,,2026-04-29T19:58:24
V2.mp4,20428,straight,False,,2026-04-29T19:58:28
V2.mp4,20468,straight,False,,2026-04-29T19:58:33
V2.mp4,20492,straight,False,,2026-04-29T19:58:36
V2.mp4,20529,straight,False,,2026-04-29T19:58:41
V2.mp4,20552,straight,False,,2026-04-29T19:58:44
V2.mp4,20588,straight,False,,2026-04-29T19:58:49
V2.mp4,20614,straight,False,,2026-04-29T19:59:12
V2.mp4,20654,straight,False,,2026-04-29T19:59:18
V2.mp4,20676,straight,False,,2026-04-29T19:59:21
V2.mp4,20706,straight,False,,2026-04-29T19:59:27
V2.mp4,20730,straight,False,,2026-04-29T19:59:31
V2.mp4,21743,straight,False,,2026-04-29T20:00:06
V2.mp4,21756,straight,False,,2026-04-29T20:00:09
V2.mp4,21771,straight,False,,2026-04-29T20:00:15
V10.mp4,11,straight,False,,2026-04-30T17:09:08
V10.mp4,16,straight,False,,2026-04-30T17:09:11
V10.mp4,23,straight,False,,2026-04-30T17:09:13
V10.mp4,31,straight,False,,2026-04-30T17:09:16
V10.mp4,42,hook,False,,2026-04-30T17:09:19
V10.mp4,723,straight,False,,2026-04-30T17:09:51
V10.mp4,742,straight,False,,2026-04-30T17:09:54
V10.mp4,760,hook,False,,2026-04-30T17:09:58
V10.mp4,781,uppercut,False,,2026-04-30T17:10:12
V10.mp4,842,straight,False,,2026-04-30T17:10:19
V10.mp4,847,straight,False,,2026-04-30T17:10:23
V10.mp4,862,hook,False,,2026-04-30T17:10:26
V10.mp4,883,uppercut,False,,2026-04-30T17:10:30
V10.mp4,958,straight,False,,2026-04-30T17:10:38
V10.mp4,966,straight,False,,2026-04-30T17:10:42
V10.mp4,979,hook,False,,2026-04-30T17:10:46
V10.mp4,998,uppercut,False,,2026-04-30T17:10:50
V10.mp4,1050,straight,False,,2026-04-30T17:10:55
V10.mp4,1057,straight,False,,2026-04-30T17:10:59
V10.mp4,1070,hook,False,,2026-04-30T17:11:02
V10.mp4,1089,uppercut,False,,2026-04-30T17:11:05
V10.mp4,1143,straight,False,,2026-04-30T17:11:11
V10.mp4,1150,straight,False,,2026-04-30T17:11:14
V10.mp4,1165,hook,False,,2026-04-30T17:11:18
V10.mp4,1184,uppercut,False,,2026-04-30T17:11:25
V10.mp4,1328,straight,False,,2026-04-30T17:11:38
V10.mp4,1338,straight,False,,2026-04-30T17:11:41
V10.mp4,1355,hook,False,,2026-04-30T17:11:44
V10.mp4,1378,uppercut,False,,2026-04-30T17:11:48
V10.mp4,1408,uppercut,False,,2026-04-30T17:11:54
V10.mp4,1460,straight,False,,2026-04-30T17:11:59
V10.mp4,1467,straight,False,,2026-04-30T17:12:04
V10.mp4,1483,hook,False,,2026-04-30T17:12:07
V10.mp4,1504,uppercut,False,,2026-04-30T17:12:10
V10.mp4,1568,straight,False,,2026-04-30T17:12:17
V10.mp4,1579,straight,False,,2026-04-30T17:12:20
V10.mp4,1585,straight,False,,2026-04-30T17:12:22
V10.mp4,1601,hook,False,,2026-04-30T17:12:25
V10.mp4,1623,uppercut,False,,2026-04-30T17:12:29
V10.mp4,1691,uppercut,False,,2026-04-30T17:12:37
V10.mp4,1716,uppercut,False,,2026-04-30T17:12:40
V10.mp4,1760,straight,False,,2026-04-30T17:12:46
V10.mp4,1791,straight,False,,2026-04-30T17:12:49
V10.mp4,1804,straight,False,,2026-04-30T17:12:52
V10.mp4,1824,hook,False,,2026-04-30T17:12:55
V10.mp4,1849,uppercut,False,,2026-04-30T17:12:59
V10.mp4,1875,uppercut,False,,2026-04-30T17:13:06
V10.mp4,1920,straight,False,,2026-04-30T17:13:11
V10.mp4,1952,straight,False,,2026-04-30T17:13:15
V10.mp4,1959,straight,False,,2026-04-30T17:13:17
V10.mp4,1973,hook,False,,2026-04-30T17:13:20
V10.mp4,1996,uppercut,False,,2026-04-30T17:13:25
V10.mp4,2030,uppercut,False,,2026-04-30T17:13:31
V10.mp4,2088,straight,False,,2026-04-30T17:13:37
V10.mp4,2117,straight,False,,2026-04-30T17:13:43
V10.mp4,2123,straight,False,,2026-04-30T17:13:44
V10.mp4,2139,hook,False,,2026-04-30T17:13:53
V10.mp4,2161,uppercut,False,,2026-04-30T17:13:56
V10.mp4,2249,straight,False,,2026-04-30T17:14:06
V10.mp4,2279,straight,False,,2026-04-30T17:14:11
V10.mp4,2286,straight,False,,2026-04-30T17:14:15
V10.mp4,2300,hook,False,,2026-04-30T17:14:18
V10.mp4,2322,uppercut,False,,2026-04-30T17:14:26
V10.mp4,2398,straight,False,,2026-04-30T17:14:33
V10.mp4,2418,straight,False,,2026-04-30T17:14:39
V10.mp4,2438,hook,False,,2026-04-30T17:14:43
V10.mp4,2467,uppercut,False,,2026-04-30T17:14:48
V10.mp4,2494,straight,False,,2026-04-30T17:14:58
V10.mp4,2504,straight,False,,2026-04-30T17:15:01
V10.mp4,2557,straight,False,,2026-04-30T17:15:07
V10.mp4,2563,straight,False,,2026-04-30T17:15:08
V10.mp4,2576,hook,False,,2026-04-30T17:15:12
V10.mp4,2598,uppercut,False,,2026-04-30T17:15:16
V10.mp4,2674,straight,False,,2026-04-30T17:16:08
V10.mp4,2681,straight,False,,2026-04-30T17:16:12
V10.mp4,2696,hook,False,,2026-04-30T17:16:16
V10.mp4,2718,uppercut,False,,2026-04-30T17:16:20
V10.mp4,2751,uppercut,False,,2026-04-30T17:16:25
V10.mp4,2801,straight,False,,2026-04-30T17:16:31
V10.mp4,2819,straight,False,,2026-04-30T17:16:33
V10.mp4,2825,straight,False,,2026-04-30T17:16:36
V10.mp4,2839,hook,False,,2026-04-30T17:16:39
V10.mp4,2860,uppercut,False,,2026-04-30T17:16:42
V10.mp4,2936,straight,False,,2026-04-30T17:16:50
V10.mp4,2943,straight,False,,2026-04-30T17:16:51
V10.mp4,2958,hook,False,,2026-04-30T17:17:05
V10.mp4,2979,uppercut,False,,2026-04-30T17:17:09
V10.mp4,3055,straight,False,,2026-04-30T17:17:18
V10.mp4,3062,straight,False,,2026-04-30T17:17:22
V10.mp4,3077,hook,False,,2026-04-30T17:17:27
V10.mp4,3098,uppercut,False,,2026-04-30T17:17:31
V10.mp4,3129,uppercut,False,,2026-04-30T17:17:35
V10.mp4,3156,uppercut,False,,2026-04-30T17:17:39
V10.mp4,3228,straight,False,,2026-04-30T17:17:47
V10.mp4,3234,straight,False,,2026-04-30T17:17:49
V10.mp4,3250,hook,False,,2026-04-30T17:17:53
V10.mp4,3270,uppercut,False,,2026-04-30T17:17:56
V10.mp4,3357,straight,False,,2026-04-30T17:18:10
V10.mp4,3490,straight,False,,2026-04-30T17:18:23
V10.mp4,3497,straight,False,,2026-04-30T17:18:24
V10.mp4,3514,hook,False,,2026-04-30T17:18:27
V10.mp4,3537,uppercut,False,,2026-04-30T17:18:31
V10.mp4,3569,uppercut,False,,2026-04-30T17:18:39
V10.mp4,3624,straight,False,,2026-04-30T17:18:46
V10.mp4,3630,straight,False,,2026-04-30T17:18:48
V10.mp4,3647,hook,False,,2026-04-30T17:18:52
V10.mp4,3669,uppercut,False,,2026-04-30T17:18:57
V10.mp4,3696,uppercut,False,,2026-04-30T17:23:23
V10.mp4,3749,straight,False,,2026-04-30T17:47:55
V10.mp4,3755,straight,False,,2026-04-30T17:47:58
V10.mp4,3772,hook,False,,2026-04-30T17:48:01
V10.mp4,3793,uppercut,False,,2026-04-30T17:48:34
V10.mp4,3869,straight,False,,2026-04-30T17:48:48
V10.mp4,3877,straight,False,,2026-04-30T17:48:51
V10.mp4,3896,hook,False,,2026-04-30T17:48:54
V10.mp4,3923,uppercut,False,,2026-04-30T17:48:57
V10.mp4,3955,uppercut,False,,2026-04-30T17:49:23
V10.mp4,4033,straight,False,,2026-04-30T17:49:30
V10.mp4,4038,straight,False,,2026-04-30T17:49:32
V10.mp4,4052,hook,False,,2026-04-30T17:49:35
V10.mp4,4105,uppercut,False,,2026-04-30T17:49:45
V10.mp4,4183,straight,False,,2026-04-30T17:49:53
V10.mp4,4206,straight,False,,2026-04-30T17:49:57
V10.mp4,4230,straight,False,,2026-04-30T17:50:01
V10.mp4,4239,straight,False,,2026-05-02T11:10:08
V10.mp4,4256,hook,False,,2026-05-02T11:10:13
V10.mp4,4286,uppercut,False,,2026-05-02T11:10:17
V10.mp4,4314,straight,False,,2026-05-02T11:10:21
V10.mp4,4363,straight,False,,2026-05-02T11:10:29
V10.mp4,4380,straight,False,,2026-05-02T11:10:50
V10.mp4,4400,hook,False,,2026-05-02T11:10:54
V10.mp4,4424,uppercut,False,,2026-05-02T11:11:03
V10.mp4,4455,uppercut,False,,2026-05-02T11:11:10
V10.mp4,4482,none,False,,2026-05-02T11:11:19
V10.mp4,4483,none,False,,2026-05-02T11:11:20
V10.mp4,4484,none,False,,2026-05-02T11:11:20
V10.mp4,4485,none,False,,2026-05-02T11:11:20
V10.mp4,4509,straight,False,,2026-05-02T11:11:25
V10.mp4,4516,straight,False,,2026-05-02T11:11:28
V10.mp4,4532,hook,False,,2026-05-02T11:11:31
V10.mp4,4552,uppercut,False,,2026-05-02T11:11:35
V10.mp4,4622,uppercut,False,,2026-05-02T11:11:43
V10.mp4,4678,straight,False,,2026-05-02T11:11:50
V10.mp4,4685,straight,False,,2026-05-02T11:11:53
V10.mp4,4704,hook,False,,2026-05-02T11:11:57
V10.mp4,4725,uppercut,False,,2026-05-02T11:12:02
V10.mp4,4792,straight,False,,2026-05-02T11:12:10
V10.mp4,4797,straight,False,,2026-05-02T11:12:13
V10.mp4,4809,hook,False,,2026-05-02T11:12:16
V10.mp4,4934,none,False,,2026-05-02T11:12:33
V10.mp4,4935,none,False,,2026-05-02T11:12:34
V10.mp4,4936,none,False,,2026-05-02T11:12:34
V10.mp4,4937,none,False,,2026-05-02T11:12:34
V10.mp4,4938,none,False,,2026-05-02T11:12:34
V10.mp4,4939,none,False,,2026-05-02T11:12:35
V10.mp4,4940,none,False,,2026-05-02T11:12:35
V10.mp4,4941,none,False,,2026-05-02T11:12:35
V10.mp4,4942,none,False,,2026-05-02T11:12:35
V10.mp4,4943,none,False,,2026-05-02T11:12:36
V10.mp4,4944,none,False,,2026-05-02T11:12:36
V10.mp4,4945,none,False,,2026-05-02T11:12:36
V10.mp4,4946,none,False,,2026-05-02T11:12:37
V10.mp4,4947,none,False,,2026-05-02T11:12:37
V10.mp4,4948,none,False,,2026-05-02T11:12:37
V10.mp4,4949,none,False,,2026-05-02T11:12:37
V10.mp4,4950,none,False,,2026-05-02T11:12:37
V10.mp4,4951,none,False,,2026-05-02T11:12:38
V10.mp4,4952,none,False,,2026-05-02T11:12:38
V10.mp4,4953,none,False,,2026-05-02T11:12:38
V10.mp4,4954,none,False,,2026-05-02T11:12:39
V10.mp4,4955,none,False,,2026-05-02T11:12:40
V10.mp4,4956,none,False,,2026-05-02T11:12:40
V10.mp4,4957,none,False,,2026-05-02T11:12:41
V10.mp4,4958,none,False,,2026-05-02T11:12:41
V10.mp4,4959,none,False,,2026-05-02T11:12:41
V10.mp4,4960,none,False,,2026-05-02T11:12:41
V10.mp4,4961,none,False,,2026-05-02T11:12:42
V10.mp4,4962,none,False,,2026-05-02T11:12:42
V10.mp4,4963,none,False,,2026-05-02T11:12:42
V10.mp4,4964,none,False,,2026-05-02T11:12:42
V10.mp4,4965,none,False,,2026-05-02T11:12:43
V10.mp4,4966,none,False,,2026-05-02T11:12:43
V10.mp4,4967,none,False,,2026-05-02T11:12:43
V10.mp4,4968,none,False,,2026-05-02T11:12:43
V10.mp4,4969,none,False,,2026-05-02T11:12:44
V10.mp4,4970,none,False,,2026-05-02T11:12:44
V10.mp4,4971,none,False,,2026-05-02T11:12:44
V10.mp4,4972,none,False,,2026-05-02T11:12:45
V10.mp4,4973,none,False,,2026-05-02T11:12:45
V10.mp4,4974,none,False,,2026-05-02T11:12:45
V10.mp4,4975,none,False,,2026-05-02T11:12:46
V10.mp4,4976,none,False,,2026-05-02T11:12:46
V10.mp4,4977,none,False,,2026-05-02T11:12:46
V10.mp4,4978,none,False,,2026-05-02T11:12:46
V10.mp4,4979,none,False,,2026-05-02T11:12:47
V10.mp4,4980,none,False,,2026-05-02T11:12:47
V10.mp4,4981,none,False,,2026-05-02T11:12:47
V10.mp4,4982,none,False,,2026-05-02T11:12:47
V10.mp4,4983,none,False,,2026-05-02T11:12:48
V10.mp4,4984,none,False,,2026-05-02T11:12:48
V10.mp4,4985,none,False,,2026-05-02T11:12:48
V10.mp4,4986,none,False,,2026-05-02T11:12:49
V10.mp4,4987,none,False,,2026-05-02T11:12:49
V10.mp4,4988,none,False,,2026-05-02T11:12:49
V10.mp4,4989,none,False,,2026-05-02T11:12:49
V10.mp4,4990,none,False,,2026-05-02T11:12:50
V10.mp4,4991,none,False,,2026-05-02T11:12:50
V10.mp4,4992,none,False,,2026-05-02T11:12:50
V10.mp4,4993,none,False,,2026-05-02T11:12:51
V10.mp4,4994,none,False,,2026-05-02T11:12:51
V10.mp4,5052,none,False,,2026-05-02T11:13:09
V10.mp4,5052,none,False,,2026-05-02T11:13:09
V10.mp4,5053,none,False,,2026-05-02T11:13:10
V10.mp4,5054,none,False,,2026-05-02T11:13:10
V10.mp4,5055,none,False,,2026-05-02T11:13:10
V10.mp4,5056,none,False,,2026-05-02T11:13:10
V10.mp4,5057,none,False,,2026-05-02T11:13:11
V10.mp4,5058,none,False,,2026-05-02T11:13:11
V10.mp4,5059,none,False,,2026-05-02T11:13:11
V10.mp4,5060,none,False,,2026-05-02T11:13:11
V10.mp4,5061,none,False,,2026-05-02T11:13:12
V10.mp4,5062,none,False,,2026-05-02T11:13:12
V10.mp4,5063,none,False,,2026-05-02T11:13:12
V10.mp4,5064,none,False,,2026-05-02T11:13:12
V10.mp4,5065,none,False,,2026-05-02T11:13:13
V10.mp4,5066,none,False,,2026-05-02T11:13:13
V10.mp4,5067,none,False,,2026-05-02T11:13:13
V10.mp4,5068,none,False,,2026-05-02T11:13:13
V10.mp4,5069,none,False,,2026-05-02T11:13:13
V10.mp4,5070,none,False,,2026-05-02T11:13:14
V10.mp4,5071,none,False,,2026-05-02T11:13:14
V10.mp4,5072,none,False,,2026-05-02T11:13:14
V10.mp4,5073,none,False,,2026-05-02T11:13:15
V10.mp4,5074,none,False,,2026-05-02T11:13:15
V10.mp4,5075,none,False,,2026-05-02T11:13:15
V10.mp4,5076,none,False,,2026-05-02T11:13:15
V10.mp4,5077,none,False,,2026-05-02T11:13:16
V10.mp4,5078,none,False,,2026-05-02T11:13:16
V10.mp4,5079,none,False,,2026-05-02T11:13:16
V10.mp4,5080,none,False,,2026-05-02T11:13:16
V10.mp4,5081,none,False,,2026-05-02T11:13:17
V10.mp4,5082,none,False,,2026-05-02T11:13:17
V10.mp4,5083,none,False,,2026-05-02T11:13:17
V10.mp4,5084,none,False,,2026-05-02T11:13:17
V10.mp4,5085,none,False,,2026-05-02T11:13:18
V10.mp4,5086,none,False,,2026-05-02T11:13:18
V10.mp4,5087,none,False,,2026-05-02T11:13:18
V10.mp4,5088,none,False,,2026-05-02T11:13:18
V10.mp4,5089,none,False,,2026-05-02T11:13:19
V10.mp4,5090,none,False,,2026-05-02T11:13:19
V10.mp4,5091,none,False,,2026-05-02T11:13:19
V10.mp4,5092,none,False,,2026-05-02T11:13:20
V10.mp4,5093,none,False,,2026-05-02T11:13:20
V10.mp4,5094,none,False,,2026-05-02T11:13:20
V10.mp4,5290,none,False,,2026-05-02T11:13:34
V10.mp4,5291,none,False,,2026-05-02T11:13:34
V10.mp4,5292,none,False,,2026-05-02T11:13:34
V10.mp4,5293,none,False,,2026-05-02T11:13:35
V10.mp4,5294,none,False,,2026-05-02T11:13:35
V10.mp4,5295,none,False,,2026-05-02T11:13:35
V10.mp4,5296,none,False,,2026-05-02T11:13:35
V10.mp4,5297,none,False,,2026-05-02T11:13:36
V10.mp4,5298,none,False,,2026-05-02T11:13:36
V10.mp4,5299,none,False,,2026-05-02T11:13:36
V10.mp4,5300,none,False,,2026-05-02T11:13:36
V10.mp4,5301,none,False,,2026-05-02T11:13:37
V10.mp4,5302,none,False,,2026-05-02T11:13:37
V10.mp4,5303,none,False,,2026-05-02T11:13:37
V10.mp4,5304,none,False,,2026-05-02T11:13:37
V10.mp4,5305,none,False,,2026-05-02T11:13:38
V10.mp4,5306,none,False,,2026-05-02T11:13:38
V10.mp4,5307,none,False,,2026-05-02T11:13:38
V10.mp4,5308,none,False,,2026-05-02T11:13:38
V10.mp4,5309,none,False,,2026-05-02T11:13:39
V10.mp4,5310,none,False,,2026-05-02T11:13:39
V10.mp4,5311,none,False,,2026-05-02T11:13:39
V10.mp4,5312,none,False,,2026-05-02T11:13:40
V10.mp4,5313,none,False,,2026-05-02T11:13:40
V10.mp4,5314,none,False,,2026-05-02T11:13:40
V10.mp4,5315,none,False,,2026-05-02T11:13:40
V10.mp4,5316,none,False,,2026-05-02T11:13:41
V10.mp4,5317,none,False,,2026-05-02T11:13:41
V10.mp4,5318,none,False,,2026-05-02T11:13:41
V10.mp4,5319,none,False,,2026-05-02T11:13:41
V10.mp4,5320,none,False,,2026-05-02T11:13:42
V10.mp4,5321,none,False,,2026-05-02T11:13:42
V10.mp4,5322,none,False,,2026-05-02T11:13:42
V10.mp4,5323,none,False,,2026-05-02T11:13:42
V10.mp4,5324,none,False,,2026-05-02T11:13:43
V10.mp4,5325,none,False,,2026-05-02T11:13:43
V10.mp4,5326,none,False,,2026-05-02T11:13:43
V10.mp4,5327,none,False,,2026-05-02T11:13:44
V10.mp4,5328,none,False,,2026-05-02T11:13:44
V10.mp4,5329,none,False,,2026-05-02T11:13:44
V10.mp4,5330,none,False,,2026-05-02T11:13:44
V10.mp4,5331,none,False,,2026-05-02T11:13:45
V10.mp4,5332,none,False,,2026-05-02T11:13:45
V10.mp4,5333,none,False,,2026-05-02T11:13:45
V10.mp4,5334,none,False,,2026-05-02T11:13:46
V10.mp4,5335,none,False,,2026-05-02T11:13:46
V10.mp4,5336,none,False,,2026-05-02T11:13:46
V10.mp4,5337,none,False,,2026-05-02T11:13:46
V10.mp4,5338,none,False,,2026-05-02T11:13:47
V10.mp4,5339,none,False,,2026-05-02T11:13:47
V10.mp4,5340,none,False,,2026-05-02T11:13:47
V10.mp4,5341,none,False,,2026-05-02T11:13:48
V10.mp4,5342,none,False,,2026-05-02T11:13:48
V10.mp4,5343,none,False,,2026-05-02T11:13:48
V10.mp4,5344,none,False,,2026-05-02T11:13:49
V10.mp4,5345,none,False,,2026-05-02T11:13:49
V10.mp4,5346,none,False,,2026-05-02T11:13:49
V10.mp4,5347,none,False,,2026-05-02T11:13:50
V10.mp4,5348,none,False,,2026-05-02T11:13:50
V10.mp4,5349,none,False,,2026-05-02T11:13:50
V10.mp4,5350,none,False,,2026-05-02T11:13:51
V10.mp4,5351,none,False,,2026-05-02T11:13:51
V10.mp4,5352,none,False,,2026-05-02T11:13:51
V10.mp4,5353,none,False,,2026-05-02T11:13:51
V10.mp4,5383,none,False,,2026-05-02T11:13:54
V10.mp4,5384,none,False,,2026-05-02T11:13:54
V10.mp4,5385,none,False,,2026-05-02T11:13:55
V10.mp4,5386,none,False,,2026-05-02T11:13:55
V10.mp4,5387,none,False,,2026-05-02T11:13:55
V10.mp4,5388,none,False,,2026-05-02T11:13:55
V10.mp4,5389,none,False,,2026-05-02T11:13:55
V10.mp4,5390,none,False,,2026-05-02T11:13:56
V10.mp4,5391,none,False,,2026-05-02T11:13:56
V10.mp4,5392,none,False,,2026-05-02T11:13:56
V10.mp4,5393,none,False,,2026-05-02T11:13:56
V10.mp4,5394,none,False,,2026-05-02T11:13:57
V10.mp4,5395,none,False,,2026-05-02T11:13:57
V10.mp4,5396,none,False,,2026-05-02T11:13:57
V10.mp4,5397,none,False,,2026-05-02T11:13:57
V10.mp4,5398,none,False,,2026-05-02T11:13:58
V10.mp4,5399,none,False,,2026-05-02T11:13:58
V10.mp4,5400,none,False,,2026-05-02T11:13:58
V10.mp4,5401,none,False,,2026-05-02T11:13:58
V10.mp4,5402,none,False,,2026-05-02T11:13:59
V10.mp4,5403,none,False,,2026-05-02T11:13:59
V10.mp4,5404,none,False,,2026-05-02T11:13:59
V10.mp4,5405,none,False,,2026-05-02T11:14:00
V10.mp4,5406,none,False,,2026-05-02T11:14:00
V10.mp4,5407,none,False,,2026-05-02T11:14:00
V10.mp4,5458,none,False,,2026-05-02T11:14:03
V10.mp4,5459,none,False,,2026-05-02T11:14:04
V10.mp4,5460,none,False,,2026-05-02T11:14:04
V10.mp4,5461,none,False,,2026-05-02T11:14:04
V10.mp4,5462,none,False,,2026-05-02T11:14:04
V10.mp4,5463,none,False,,2026-05-02T11:14:04
V10.mp4,5464,none,False,,2026-05-02T11:14:05
V10.mp4,5465,none,False,,2026-05-02T11:14:05
V10.mp4,5466,none,False,,2026-05-02T11:14:05
V10.mp4,5467,none,False,,2026-05-02T11:14:05
V10.mp4,5468,none,False,,2026-05-02T11:14:05
V10.mp4,5469,none,False,,2026-05-02T11:14:06
V10.mp4,5470,none,False,,2026-05-02T11:14:06
V10.mp4,5471,none,False,,2026-05-02T11:14:06
V10.mp4,5472,none,False,,2026-05-02T11:14:06
V10.mp4,5473,none,False,,2026-05-02T11:14:06
V10.mp4,5474,none,False,,2026-05-02T11:14:06
V10.mp4,5475,none,False,,2026-05-02T11:14:06
V10.mp4,5476,none,False,,2026-05-02T11:14:07
V10.mp4,5476,none,False,,2026-05-02T11:14:07
V10.mp4,5478,none,False,,2026-05-02T11:14:07
V10.mp4,5479,none,False,,2026-05-02T11:14:07
V10.mp4,5480,none,False,,2026-05-02T11:14:07
V10.mp4,5481,none,False,,2026-05-02T11:14:08
V10.mp4,5482,none,False,,2026-05-02T11:14:08
V10.mp4,5483,none,False,,2026-05-02T11:14:08
V10.mp4,5485,none,False,,2026-05-02T11:14:08
V10.mp4,5486,none,False,,2026-05-02T11:14:09
V10.mp4,5487,none,False,,2026-05-02T11:14:09
V10.mp4,5488,none,False,,2026-05-02T11:14:09
V10.mp4,5489,none,False,,2026-05-02T11:14:09
V10.mp4,5490,none,False,,2026-05-02T11:14:09
V10.mp4,5491,none,False,,2026-05-02T11:14:10
V10.mp4,5492,none,False,,2026-05-02T11:14:10
V10.mp4,5493,none,False,,2026-05-02T11:14:10
V10.mp4,5494,none,False,,2026-05-02T11:14:10
V10.mp4,5495,none,False,,2026-05-02T11:14:10
V10.mp4,5496,none,False,,2026-05-02T11:14:11
V10.mp4,5497,none,False,,2026-05-02T11:14:11
V10.mp4,5498,none,False,,2026-05-02T11:14:11
V10.mp4,5499,none,False,,2026-05-02T11:14:11
V10.mp4,5500,none,False,,2026-05-02T11:14:11
V10.mp4,5501,none,False,,2026-05-02T11:14:12
V10.mp4,5502,none,False,,2026-05-02T11:14:12
V10.mp4,5503,none,False,,2026-05-02T11:14:12
V10.mp4,5504,none,False,,2026-05-02T11:14:13
V10.mp4,6388,straight,False,,2026-05-02T11:14:31
V10.mp4,6396,straight,False,,2026-05-02T11:14:33
V10.mp4,6425,straight,False,,2026-05-02T11:14:37
V10.mp4,6448,uppercut,False,,2026-05-02T11:14:45
V10.mp4,6512,uppercut,False,,2026-05-02T11:14:58
V10.mp4,6566,straight,False,,2026-05-02T11:15:04
V10.mp4,6572,straight,False,,2026-05-02T11:15:06
V10.mp4,6593,straight,False,,2026-05-02T11:15:09
V10.mp4,6614,uppercut,False,,2026-05-02T11:15:15
V10.mp4,6682,straight,False,,2026-05-02T11:15:27
V10.mp4,6687,straight,False,,2026-05-02T11:15:29
V10.mp4,6713,straight,False,,2026-05-02T11:15:33
V10.mp4,6733,uppercut,False,,2026-05-02T11:15:37
V10.mp4,6753,straight,False,,2026-05-02T11:15:47
V10.mp4,6768,straight,False,,2026-05-02T11:15:49
V10.mp4,6784,straight,False,,2026-05-02T11:15:52
V10.mp4,6805,uppercut,False,,2026-05-02T11:16:12
V10.mp4,6818,straight,False,,2026-05-02T11:16:15
V10.mp4,6825,straight,False,,2026-05-02T11:16:18
V10.mp4,6894,straight,False,,2026-05-02T11:16:25
V10.mp4,6900,straight,False,,2026-05-02T11:16:27
V10.mp4,6921,straight,False,,2026-05-02T11:16:30
V10.mp4,6939,hook,False,,2026-05-02T11:16:34
V10.mp4,6973,hook,False,,2026-05-02T11:16:44
V10.mp4,7007,uppercut,False,,2026-05-02T11:16:49
V10.mp4,7024,hook,False,,2026-05-02T11:17:00
V10.mp4,7099,straight,False,,2026-05-02T11:17:06
V10.mp4,7106,straight,False,,2026-05-02T11:17:08
V10.mp4,7128,straight,False,,2026-05-02T11:17:12
V10.mp4,7148,hook,False,,2026-05-02T11:17:15
V10.mp4,7231,straight,False,,2026-05-02T11:17:24
V10.mp4,7237,straight,False,,2026-05-02T11:17:26
V10.mp4,7258,straight,False,,2026-05-02T11:17:29
V10.mp4,7277,hook,False,,2026-05-02T11:17:35
V10.mp4,7359,straight,False,,2026-05-02T11:17:43
V10.mp4,7366,straight,False,,2026-05-02T11:17:45
V10.mp4,7387,straight,False,,2026-05-02T11:17:49
V10.mp4,7406,hook,False,,2026-05-02T11:17:53
V10.mp4,7493,straight,False,,2026-05-02T11:18:02
V10.mp4,7499,straight,False,,2026-05-02T11:18:05
V10.mp4,7523,straight,False,,2026-05-02T11:18:08
V10.mp4,7541,hook,False,,2026-05-02T11:18:11
V10.mp4,7619,straight,False,,2026-05-02T11:18:20
V10.mp4,7639,straight,False,,2026-05-02T11:18:23
V10.mp4,7669,straight,False,,2026-05-02T11:18:27
V10.mp4,7689,hook,False,,2026-05-02T11:18:30
V10.mp4,7735,straight,False,,2026-05-02T11:18:36
V10.mp4,7742,straight,False,,2026-05-02T11:18:37
V10.mp4,7764,straight,False,,2026-05-02T11:18:41
V10.mp4,7779,hook,False,,2026-05-02T11:18:45
V10.mp4,7865,straight,False,,2026-05-02T11:18:55
V10.mp4,7870,straight,False,,2026-05-02T11:18:57
V10.mp4,7897,straight,False,,2026-05-02T11:19:01
V10.mp4,7916,hook,False,,2026-05-02T11:19:04
V10.mp4,7966,uppercut,False,,2026-05-02T11:19:11
V10.mp4,7985,uppercut,False,,2026-05-02T11:19:13
V10.mp4,8036,straight,False,,2026-05-02T11:19:18
V10.mp4,8042,straight,False,,2026-05-02T11:19:20
V10.mp4,8065,straight,False,,2026-05-02T11:19:23
V10.mp4,8084,hook,False,,2026-05-02T11:19:29
V10.mp4,8160,hook,False,,2026-05-02T11:19:39
V10.mp4,8191,straight,False,,2026-05-02T11:19:44
V10.mp4,8245,straight,False,,2026-05-02T11:19:49
V10.mp4,8250,straight,False,,2026-05-02T11:19:51
V10.mp4,8275,straight,False,,2026-05-02T11:19:54
V10.mp4,8293,hook,False,,2026-05-02T11:19:57
V10.mp4,8433,straight,False,,2026-05-02T11:20:10
V10.mp4,8439,straight,False,,2026-05-02T11:20:12
V10.mp4,8462,straight,False,,2026-05-02T11:20:17
V10.mp4,8482,hook,False,,2026-05-02T11:20:20
V10.mp4,8564,straight,False,,2026-05-02T11:20:28
V10.mp4,8570,straight,False,,2026-05-02T11:20:29
V10.mp4,8592,straight,False,,2026-05-02T11:20:33
V10.mp4,8609,hook,False,,2026-05-02T11:20:35
V10.mp4,8694,straight,False,,2026-05-02T11:20:43
V10.mp4,8701,straight,False,,2026-05-02T11:20:47
V10.mp4,8726,straight,False,,2026-05-02T11:20:51
V10.mp4,8744,hook,False,,2026-05-02T11:20:54
V10.mp4,8777,straight,False,,2026-05-02T11:20:59
V10.mp4,8822,straight,False,,2026-05-02T11:21:05
V10.mp4,8835,straight,False,,2026-05-02T11:21:08
V10.mp4,8842,straight,False,,2026-05-02T11:21:10
V10.mp4,8856,straight,False,,2026-05-02T11:21:13
V10.mp4,8864,straight,False,,2026-05-02T11:21:15
V10.mp4,8880,hook,False,,2026-05-02T11:21:18
V10.mp4,8913,uppercut,False,,2026-05-02T11:21:23
V10.mp4,8984,straight,False,,2026-05-02T11:27:02
V10.mp4,8990,straight,False,,2026-05-02T11:27:04
V10.mp4,9017,straight,False,,2026-05-02T11:27:07
V10.mp4,9038,hook,False,,2026-05-02T11:27:10
V10.mp4,9101,straight,False,,2026-05-02T11:27:21
V10.mp4,9124,straight,False,,2026-05-02T11:27:27
V10.mp4,9171,hook,False,,2026-05-02T11:27:34
V10.mp4,9221,straight,False,,2026-05-02T11:27:39
V10.mp4,9227,straight,False,,2026-05-02T11:27:41
V10.mp4,9250,straight,False,,2026-05-02T11:27:44
V10.mp4,9269,hook,False,,2026-05-02T11:27:46
V10.mp4,9347,hook,False,,2026-05-02T11:27:54
V10.mp4,9376,straight,False,,2026-05-02T11:27:59
V10.mp4,9434,straight,False,,2026-05-02T11:28:05
V10.mp4,9440,straight,False,,2026-05-02T11:28:07
V10.mp4,9461,straight,False,,2026-05-02T11:28:10
V10.mp4,9478,hook,False,,2026-05-02T11:28:13
V10.mp4,9521,straight,False,,2026-05-02T11:28:18
V10.mp4,9561,hook,False,,2026-05-02T11:28:23
V10.mp4,9590,straight,False,,2026-05-02T11:28:29
V10.mp4,9647,straight,False,,2026-05-02T11:28:35
V10.mp4,9652,straight,False,,2026-05-02T11:28:36
V10.mp4,9677,straight,False,,2026-05-02T11:28:41
V10.mp4,9692,hook,False,,2026-05-02T11:28:43
V10.mp4,9752,straight,False,,2026-05-02T11:28:51
V10.mp4,9808,straight,False,,2026-05-02T11:28:58
V10.mp4,9815,straight,False,,2026-05-02T11:29:00
V10.mp4,9842,straight,False,,2026-05-02T11:29:03
V10.mp4,9884,hook,False,,2026-05-02T11:29:09
V10.mp4,9963,straight,False,,2026-05-02T11:29:16
V10.mp4,9980,straight,False,,2026-05-02T11:29:20
V10.mp4,10011,straight,False,,2026-05-02T11:29:24
V10.mp4,10032,hook,False,,2026-05-02T11:29:27
V10.mp4,10096,straight,False,,2026-05-02T11:29:35
V10.mp4,10107,straight,False,,2026-05-02T11:29:37
V10.mp4,10117,straight,False,,2026-05-02T11:29:40
V10.mp4,10124,straight,False,,2026-05-02T11:29:44
V10.mp4,10157,straight,False,,2026-05-02T11:29:48
V10.mp4,10163,straight,False,,2026-05-02T11:29:49
V10.mp4,10185,straight,False,,2026-05-02T11:29:53
V10.mp4,10206,hook,False,,2026-05-02T11:29:55
V10.mp4,10258,straight,False,,2026-05-02T11:30:01
V10.mp4,10281,hook,False,,2026-05-02T11:30:07
V10.mp4,10364,straight,False,,2026-05-02T11:30:17
V10.mp4,10370,straight,False,,2026-05-02T11:30:20
V10.mp4,10390,straight,False,,2026-05-02T11:30:24
V10.mp4,10407,hook,False,,2026-05-02T11:30:27
V10.mp4,10447,straight,False,,2026-05-02T11:30:33
V10.mp4,10486,straight,False,,2026-05-02T11:30:38
V10.mp4,10493,straight,False,,2026-05-02T11:30:40
V10.mp4,10516,straight,False,,2026-05-02T11:30:44
V10.mp4,10533,hook,False,,2026-05-02T11:30:47
V10.mp4,10589,straight,False,,2026-05-02T11:30:53
V10.mp4,10594,straight,False,,2026-05-02T11:30:55
V10.mp4,10602,straight,False,,2026-05-02T11:30:56
V10.mp4,10609,straight,False,,2026-05-02T11:30:58
V10.mp4,10620,hook,False,,2026-05-02T11:31:00
V10.mp4,10704,none,False,,2026-05-02T11:31:09
V10.mp4,10705,none,False,,2026-05-02T11:31:09
V10.mp4,10706,none,False,,2026-05-02T11:31:10
V10.mp4,10707,none,False,,2026-05-02T11:31:10
V10.mp4,10708,none,False,,2026-05-02T11:31:10
V10.mp4,10709,none,False,,2026-05-02T11:31:10
V10.mp4,10710,none,False,,2026-05-02T11:31:11
V10.mp4,10711,none,False,,2026-05-02T11:31:11
V10.mp4,10712,none,False,,2026-05-02T11:31:11
V10.mp4,10713,none,False,,2026-05-02T11:31:11
V10.mp4,10714,none,False,,2026-05-02T11:31:11
V10.mp4,10715,none,False,,2026-05-02T11:31:12
V10.mp4,10715,none,False,,2026-05-02T11:31:12
V10.mp4,10716,none,False,,2026-05-02T11:31:12
V10.mp4,10717,none,False,,2026-05-02T11:31:12
V10.mp4,10718,none,False,,2026-05-02T11:31:12
V10.mp4,10719,none,False,,2026-05-02T11:31:12
V10.mp4,10720,none,False,,2026-05-02T11:31:13
V10.mp4,10721,none,False,,2026-05-02T11:31:13
V10.mp4,10721,none,False,,2026-05-02T11:31:13
V10.mp4,10722,none,False,,2026-05-02T11:31:13
V10.mp4,10784,none,False,,2026-05-02T11:31:17
V10.mp4,10794,none,False,,2026-05-02T11:31:21
V10.mp4,10795,none,False,,2026-05-02T11:31:21
V10.mp4,10796,none,False,,2026-05-02T11:31:21
V10.mp4,10797,none,False,,2026-05-02T11:31:22
V10.mp4,10798,none,False,,2026-05-02T11:31:22
V10.mp4,10799,none,False,,2026-05-02T11:31:22
V10.mp4,10800,none,False,,2026-05-02T11:31:22
V10.mp4,10810,none,False,,2026-05-02T11:31:24
V10.mp4,10811,none,False,,2026-05-02T11:31:24
V10.mp4,10812,none,False,,2026-05-02T11:31:24
V10.mp4,10813,none,False,,2026-05-02T11:31:25
V10.mp4,10814,none,False,,2026-05-02T11:31:25
V10.mp4,10815,none,False,,2026-05-02T11:31:25
V10.mp4,10816,none,False,,2026-05-02T11:31:25
V10.mp4,10817,none,False,,2026-05-02T11:31:25
V10.mp4,10818,none,False,,2026-05-02T11:31:26
V10.mp4,10819,none,False,,2026-05-02T11:31:26
V10.mp4,10819,none,False,,2026-05-02T11:31:26
V10.mp4,10820,none,False,,2026-05-02T11:31:26
V10.mp4,10821,none,False,,2026-05-02T11:31:26
V10.mp4,10822,none,False,,2026-05-02T11:31:27
V10.mp4,10823,none,False,,2026-05-02T11:31:27
V10.mp4,10824,none,False,,2026-05-02T11:31:27
V10.mp4,10825,none,False,,2026-05-02T11:31:27
V10.mp4,10826,none,False,,2026-05-02T11:31:27
V10.mp4,10827,none,False,,2026-05-02T11:31:28
V10.mp4,10828,none,False,,2026-05-02T11:31:28
V10.mp4,10830,none,False,,2026-05-02T11:31:28
V10.mp4,10831,none,False,,2026-05-02T11:31:28
V10.mp4,10832,none,False,,2026-05-02T11:31:29
V10.mp4,10862,none,False,,2026-05-02T11:31:30
V10.mp4,10863,none,False,,2026-05-02T11:31:30
V10.mp4,10864,none,False,,2026-05-02T11:31:31
V10.mp4,10865,none,False,,2026-05-02T11:31:31
V10.mp4,10866,none,False,,2026-05-02T11:31:31
V10.mp4,10867,none,False,,2026-05-02T11:31:31
V10.mp4,10868,none,False,,2026-05-02T11:31:32
V10.mp4,10868,none,False,,2026-05-02T11:31:32
V10.mp4,10869,none,False,,2026-05-02T11:31:32
V10.mp4,10870,none,False,,2026-05-02T11:31:32
V10.mp4,10871,none,False,,2026-05-02T11:31:32
V10.mp4,10872,none,False,,2026-05-02T11:31:33
V10.mp4,10873,none,False,,2026-05-02T11:31:33
V10.mp4,10874,none,False,,2026-05-02T11:31:33
V10.mp4,10875,none,False,,2026-05-02T11:31:33
V10.mp4,10876,none,False,,2026-05-02T11:31:33
V10.mp4,10877,none,False,,2026-05-02T11:31:34
V10.mp4,10878,none,False,,2026-05-02T11:31:34
V10.mp4,10879,none,False,,2026-05-02T11:31:34
V10.mp4,10880,none,False,,2026-05-02T11:31:34
V10.mp4,10881,none,False,,2026-05-02T11:31:35
V10.mp4,10882,none,False,,2026-05-02T11:31:35
V10.mp4,10883,none,False,,2026-05-02T11:31:35
V10.mp4,10884,none,False,,2026-05-02T11:31:35
V10.mp4,10885,none,False,,2026-05-02T11:31:35
V10.mp4,10886,none,False,,2026-05-02T11:31:36
V10.mp4,10887,none,False,,2026-05-02T11:31:36
V10.mp4,10888,none,False,,2026-05-02T11:31:36
V10.mp4,10889,none,False,,2026-05-02T11:31:36
V10.mp4,10890,none,False,,2026-05-02T11:31:37
V10.mp4,10891,none,False,,2026-05-02T11:31:37
V10.mp4,10892,none,False,,2026-05-02T11:31:37
V10.mp4,10893,none,False,,2026-05-02T11:31:37
V10.mp4,10894,none,False,,2026-05-02T11:31:38
V10.mp4,10895,none,False,,2026-05-02T11:31:38
V10.mp4,10896,none,False,,2026-05-02T11:31:38
V10.mp4,10897,none,False,,2026-05-02T11:31:38
V10.mp4,10898,none,False,,2026-05-02T11:31:39
V10.mp4,10899,none,False,,2026-05-02T11:31:39
V10.mp4,10900,none,False,,2026-05-02T11:31:39
V10.mp4,10901,none,False,,2026-05-02T11:31:39
V10.mp4,10902,none,False,,2026-05-02T11:31:40
V10.mp4,10903,none,False,,2026-05-02T11:31:40
V10.mp4,10904,none,False,,2026-05-02T11:31:40
V10.mp4,10905,none,False,,2026-05-02T11:31:40
V10.mp4,10906,none,False,,2026-05-02T11:31:41
V10.mp4,10907,none,False,,2026-05-02T11:31:41
V10.mp4,10908,none,False,,2026-05-02T11:31:41
V10.mp4,10909,none,False,,2026-05-02T11:31:41
V10.mp4,10910,none,False,,2026-05-02T11:31:42
V10.mp4,10911,none,False,,2026-05-02T11:31:42
V10.mp4,10912,none,False,,2026-05-02T11:31:42
V10.mp4,10913,none,False,,2026-05-02T11:31:42
V10.mp4,10914,none,False,,2026-05-02T11:31:43
V10.mp4,10915,none,False,,2026-05-02T11:31:43
V10.mp4,10916,none,False,,2026-05-02T11:31:43
V10.mp4,10917,none,False,,2026-05-02T11:31:43
V10.mp4,11035,none,False,,2026-05-02T11:31:52
V10.mp4,11036,none,False,,2026-05-02T11:31:52
V10.mp4,11037,none,False,,2026-05-02T11:31:52
V10.mp4,11038,none,False,,2026-05-02T11:31:53
V10.mp4,11039,none,False,,2026-05-02T11:31:53
V10.mp4,11040,none,False,,2026-05-02T11:31:53
V10.mp4,11041,none,False,,2026-05-02T11:31:53
V10.mp4,11042,none,False,,2026-05-02T11:31:54
V10.mp4,11043,none,False,,2026-05-02T11:31:54
V10.mp4,11044,none,False,,2026-05-02T11:31:54
V10.mp4,11045,none,False,,2026-05-02T11:31:54
V10.mp4,11046,none,False,,2026-05-02T11:31:54
V10.mp4,11047,none,False,,2026-05-02T11:31:55
V10.mp4,11048,none,False,,2026-05-02T11:31:55
V10.mp4,11049,none,False,,2026-05-02T11:31:55
V10.mp4,11050,none,False,,2026-05-02T11:31:55
V10.mp4,11051,none,False,,2026-05-02T11:31:56
V10.mp4,11052,none,False,,2026-05-02T11:31:56
V10.mp4,11053,none,False,,2026-05-02T11:31:56
V10.mp4,11054,none,False,,2026-05-02T11:31:56
V10.mp4,11055,none,False,,2026-05-02T11:31:57
V10.mp4,11056,none,False,,2026-05-02T11:31:57
V10.mp4,11097,none,False,,2026-05-02T11:32:00
V10.mp4,11098,none,False,,2026-05-02T11:32:01
V10.mp4,11099,none,False,,2026-05-02T11:32:01
V10.mp4,11100,none,False,,2026-05-02T11:32:01
V10.mp4,11101,none,False,,2026-05-02T11:32:01
V10.mp4,11122,none,False,,2026-05-02T11:32:03
V10.mp4,11123,none,False,,2026-05-02T11:32:03
V10.mp4,11124,none,False,,2026-05-02T11:32:03
V10.mp4,11125,none,False,,2026-05-02T11:32:03
V10.mp4,11126,none,False,,2026-05-02T11:32:04
V10.mp4,11127,none,False,,2026-05-02T11:32:04
V10.mp4,11128,none,False,,2026-05-02T11:32:04
V10.mp4,11129,none,False,,2026-05-02T11:32:04
V10.mp4,11130,none,False,,2026-05-02T11:32:04
V10.mp4,11130,none,False,,2026-05-02T11:32:05
V10.mp4,11131,none,False,,2026-05-02T11:32:05
V10.mp4,11132,none,False,,2026-05-02T11:32:05
V10.mp4,11133,none,False,,2026-05-02T11:32:05
V10.mp4,11134,none,False,,2026-05-02T11:32:06
V10.mp4,11135,none,False,,2026-05-02T11:32:06
V10.mp4,11136,none,False,,2026-05-02T11:32:06
V10.mp4,11136,none,False,,2026-05-02T11:32:06
V10.mp4,11137,none,False,,2026-05-02T11:32:06
V10.mp4,11138,none,False,,2026-05-02T11:32:07
V10.mp4,11139,none,False,,2026-05-02T11:32:07
V10.mp4,11140,none,False,,2026-05-02T11:32:07
V10.mp4,11141,none,False,,2026-05-02T11:32:07
V10.mp4,11142,none,False,,2026-05-02T11:32:07
V10.mp4,11143,none,False,,2026-05-02T11:32:08
V10.mp4,11144,none,False,,2026-05-02T11:32:08
V10.mp4,11145,none,False,,2026-05-02T11:32:08
V10.mp4,11146,none,False,,2026-05-02T11:32:08
V10.mp4,11147,none,False,,2026-05-02T11:32:09
V10.mp4,11148,none,False,,2026-05-02T11:32:09
V10.mp4,11148,none,False,,2026-05-02T11:32:09
V10.mp4,11149,none,False,,2026-05-02T11:32:09
V10.mp4,11150,none,False,,2026-05-02T11:32:09
V10.mp4,11151,none,False,,2026-05-02T11:32:10
V10.mp4,11152,none,False,,2026-05-02T11:32:10
V10.mp4,11153,none,False,,2026-05-02T11:32:10
V10.mp4,11154,none,False,,2026-05-02T11:32:10
V10.mp4,11155,none,False,,2026-05-02T11:32:11
V10.mp4,11156,none,False,,2026-05-02T11:32:11
V10.mp4,11157,none,False,,2026-05-02T11:32:11
V10.mp4,11158,none,False,,2026-05-02T11:32:11
V10.mp4,11159,none,False,,2026-05-02T11:32:12
V10.mp4,11160,none,False,,2026-05-02T11:32:12
V10.mp4,11257,uppercut,False,,2026-05-02T11:32:36
V10.mp4,11271,straight,False,,2026-05-02T11:32:38
V10.mp4,11284,straight,False,,2026-05-02T11:32:41
V10.mp4,11308,uppercut,False,,2026-05-02T11:32:45
V10.mp4,11322,hook,False,,2026-05-02T11:32:47
V10.mp4,11333,straight,False,,2026-05-02T11:32:49
V10.mp4,11389,straight,False,,2026-05-02T11:32:56
V10.mp4,11396,straight,False,,2026-05-02T11:32:58
V10.mp4,11428,uppercut,False,,2026-05-02T11:33:04
V10.mp4,11446,straight,False,,2026-05-02T11:33:10
V10.mp4,11453,straight,False,,2026-05-02T11:33:13
V10.mp4,11485,hook,False,,2026-05-02T11:33:23
V10.mp4,11499,uppercut,False,,2026-05-02T11:33:27
V10.mp4,11537,none,False,,2026-05-02T11:33:38
V10.mp4,11538,none,False,,2026-05-02T11:33:38
V10.mp4,12248,hook,False,,2026-05-02T11:34:24
V10.mp4,12273,hook,False,,2026-05-02T11:34:27
V10.mp4,12295,hook,False,,2026-05-02T11:34:30
V10.mp4,12314,hook,False,,2026-05-02T11:34:33
V10.mp4,12340,straight,False,,2026-05-02T11:34:38
V10.mp4,12373,hook,False,,2026-05-02T11:34:43
V10.mp4,12392,hook,False,,2026-05-02T11:34:46
V10.mp4,12411,hook,False,,2026-05-02T11:34:49
V10.mp4,12428,hook,False,,2026-05-02T11:34:53
V10.mp4,12428,uppercut,False,,2026-05-02T11:35:29
V10.mp4,12479,hook,False,,2026-05-02T11:35:39
V10.mp4,12495,hook,False,,2026-05-02T11:35:41
V10.mp4,12525,hook,False,,2026-05-02T11:35:46
V10.mp4,12830,hook,False,,2026-05-02T11:36:09
V10.mp4,12844,hook,False,,2026-05-02T11:36:12
V10.mp4,12857,hook,False,,2026-05-02T11:36:14
V10.mp4,13114,hook,False,,2026-05-02T11:36:38
V10.mp4,13131,hook,False,,2026-05-02T11:36:41
V10.mp4,13145,hook,False,,2026-05-02T11:36:43
V10.mp4,13375,hook,False,,2026-05-02T11:37:02
V10.mp4,13392,hook,False,,2026-05-02T11:37:05
V10.mp4,13406,hook,False,,2026-05-02T11:37:10
V10.mp4,13630,straight,False,,2026-05-02T11:37:35
V10.mp4,13642,straight,False,,2026-05-02T11:37:37
V10.mp4,13689,hook,False,,2026-05-02T11:37:44
V10.mp4,13705,hook,False,,2026-05-02T11:37:47
V10.mp4,13722,hook,False,,2026-05-02T11:37:50
V10.mp4,13738,hook,False,,2026-05-02T11:37:53
V10.mp4,13889,hook,False,,2026-05-02T11:38:05
V10.mp4,13909,hook,False,,2026-05-02T11:38:08
V10.mp4,13927,hook,False,,2026-05-02T11:38:11
V10.mp4,14010,hook,False,,2026-05-02T11:38:22
V10.mp4,14025,hook,False,,2026-05-02T11:38:25
V10.mp4,14040,hook,False,,2026-05-02T11:38:27
V10.mp4,14054,hook,False,,2026-05-02T11:38:29
V10.mp4,14212,hook,False,,2026-05-02T11:38:39
V10.mp4,14221,hook,False,,2026-05-02T11:38:42
V10.mp4,14230,hook,False,,2026-05-02T11:38:45
V10.mp4,14243,hook,False,,2026-05-02T11:38:48
V10.mp4,14364,hook,False,,2026-05-02T11:39:37
V10.mp4,14379,hook,False,,2026-05-02T11:39:40
V10.mp4,14403,hook,False,,2026-05-02T11:39:43
V10.mp4,14417,hook,False,,2026-05-02T11:39:45
V10.mp4,14637,straight,False,,2026-05-02T11:40:09
V10.mp4,14699,hook,False,,2026-05-02T11:40:18
V10.mp4,14713,hook,False,,2026-05-02T11:40:20
V10.mp4,14729,hook,False,,2026-05-02T11:40:23
V10.mp4,14743,hook,False,,2026-05-02T11:40:26
V10.mp4,14893,hook,False,,2026-05-02T11:40:47
V10.mp4,14911,hook,False,,2026-05-02T11:40:51
V10.mp4,14930,hook,False,,2026-05-02T11:40:54
V10.mp4,14945,hook,False,,2026-05-02T11:40:56
V10.mp4,15123,straight,False,,2026-05-02T11:41:21
V10.mp4,15132,straight,False,,2026-05-02T11:41:23
V10.mp4,15245,hook,False,,2026-05-02T11:41:36
V10.mp4,15257,hook,False,,2026-05-02T11:41:40
V10.mp4,15272,straight,False,,2026-05-02T11:41:44
V10.mp4,15283,straight,False,,2026-05-02T11:41:46
V10.mp4,15442,hook,False,,2026-05-02T11:41:57
V10.mp4,15460,hook,False,,2026-05-02T11:41:59
V10.mp4,15474,hook,False,,2026-05-02T11:42:04
V10.mp4,15657,straight,False,,2026-05-02T11:42:20
V10.mp4,15674,hook,False,,2026-05-02T11:42:25
V10.mp4,15691,hook,False,,2026-05-02T11:42:28
V10.mp4,15708,hook,False,,2026-05-02T11:42:31
V10.mp4,15895,hook,False,,2026-05-02T11:42:50
V10.mp4,15909,hook,False,,2026-05-02T11:42:52
V10.mp4,15925,hook,False,,2026-05-02T11:42:55
V10.mp4,15939,hook,False,,2026-05-02T11:42:57
V10.mp4,16304,hook,False,,2026-05-02T11:43:30
V10.mp4,16316,hook,False,,2026-05-02T11:43:32
V10.mp4,16331,hook,False,,2026-05-02T11:43:35
V10.mp4,16343,hook,False,,2026-05-02T11:43:39
V10.mp4,16371,hook,False,,2026-05-02T11:43:59
V10.mp4,16385,hook,False,,2026-05-02T11:44:05
V10.mp4,16399,hook,False,,2026-05-02T11:44:07
V10.mp4,16428,hook,False,,2026-05-02T11:44:15
V10.mp4,16431,hook,False,,2026-05-02T11:44:24
V10.mp4,16436,hook,False,,2026-05-02T11:44:27
V10.mp4,16449,hook,False,,2026-05-02T11:44:30
V10.mp4,16485,none,False,,2026-05-02T11:44:34
V10.mp4,16486,none,False,,2026-05-02T11:44:35
V10.mp4,16487,none,False,,2026-05-02T11:44:35
V10.mp4,16488,none,False,,2026-05-02T11:44:35
V10.mp4,16489,none,False,,2026-05-02T11:44:35
V10.mp4,16490,none,False,,2026-05-02T11:44:35
V10.mp4,16491,none,False,,2026-05-02T11:44:36
V10.mp4,16492,none,False,,2026-05-02T11:44:36
V10.mp4,16493,none,False,,2026-05-02T11:44:36
V10.mp4,16494,none,False,,2026-05-02T11:44:36
V10.mp4,16495,none,False,,2026-05-02T11:44:36
V10.mp4,16496,none,False,,2026-05-02T11:44:37
V10.mp4,16497,none,False,,2026-05-02T11:44:37
V10.mp4,16498,none,False,,2026-05-02T11:44:37
V10.mp4,16499,none,False,,2026-05-02T11:44:37
V10.mp4,16500,none,False,,2026-05-02T11:44:37
V10.mp4,16501,none,False,,2026-05-02T11:44:38
V10.mp4,16502,none,False,,2026-05-02T11:44:38
V12.mp4,341,none,False,,2026-05-02T12:10:57
V12.mp4,342,none,False,,2026-05-02T12:10:58
V12.mp4,343,none,False,,2026-05-02T12:10:58
V12.mp4,344,none,False,,2026-05-02T12:10:58
V12.mp4,345,none,False,,2026-05-02T12:10:59
V12.mp4,346,none,False,,2026-05-02T12:10:59
V12.mp4,348,none,False,,2026-05-02T12:11:00
V12.mp4,349,none,False,,2026-05-02T12:11:01
V12.mp4,350,none,False,,2026-05-02T12:11:01
V12.mp4,351,none,False,,2026-05-02T12:11:01
V12.mp4,352,none,False,,2026-05-02T12:11:02
V12.mp4,922,straight,False,,2026-05-02T12:11:18
V12.mp4,977,straight,False,,2026-05-02T12:11:23
V12.mp4,1044,straight,False,,2026-05-02T12:11:30
V12.mp4,1100,straight,False,,2026-05-02T12:11:36
V12.mp4,1158,straight,False,,2026-05-02T12:11:42
V12.mp4,1176,straight,False,,2026-05-02T12:11:45
V12.mp4,1216,straight,False,,2026-05-02T12:11:50
V12.mp4,1231,straight,False,,2026-05-02T12:11:52
V12.mp4,1282,straight,False,,2026-05-02T12:11:58
V12.mp4,1301,straight,False,,2026-05-02T12:12:01
V12.mp4,1357,straight,False,,2026-05-02T12:12:06
V12.mp4,1376,straight,False,,2026-05-02T12:12:09
V12.mp4,1423,straight,False,,2026-05-02T12:12:14
V12.mp4,1473,straight,False,,2026-05-02T12:12:19
V12.mp4,1528,straight,False,,2026-05-02T12:12:26
V12.mp4,1557,straight,False,,2026-05-02T12:12:30
V12.mp4,1603,straight,False,,2026-05-02T12:12:34
V12.mp4,1661,none,False,,2026-05-02T12:12:42
V12.mp4,1662,none,False,,2026-05-02T12:12:43
V12.mp4,1663,none,False,,2026-05-02T12:12:43
V12.mp4,1664,none,False,,2026-05-02T12:12:43
V12.mp4,1665,none,False,,2026-05-02T12:12:44
V12.mp4,1666,none,False,,2026-05-02T12:12:44
V12.mp4,1666,none,False,,2026-05-02T12:12:45
V12.mp4,1667,none,False,,2026-05-02T12:12:46
V12.mp4,1668,none,False,,2026-05-02T12:12:46
V12.mp4,1669,none,False,,2026-05-02T12:12:46
V12.mp4,1670,none,False,,2026-05-02T12:12:47
V12.mp4,1671,none,False,,2026-05-02T12:12:47
V12.mp4,1699,straight,False,,2026-05-02T12:12:53
V12.mp4,1707,straight,False,,2026-05-02T12:12:55
V12.mp4,1714,straight,False,,2026-05-02T12:12:57
V12.mp4,1769,straight,False,,2026-05-02T12:13:10
V12.mp4,1777,straight,False,,2026-05-02T12:13:11
V12.mp4,1792,straight,False,,2026-05-02T12:13:14
V12.mp4,1800,straight,False,,2026-05-02T12:13:15
V12.mp4,1849,straight,False,,2026-05-02T12:13:21
V12.mp4,1855,straight,False,,2026-05-02T12:13:23
V12.mp4,1863,straight,False,,2026-05-02T12:13:24
V12.mp4,1870,straight,False,,2026-05-02T12:13:26
V12.mp4,1928,straight,False,,2026-05-02T12:13:37
V12.mp4,1935,straight,False,,2026-05-02T12:13:38
V12.mp4,1943,straight,False,,2026-05-02T12:13:40
V12.mp4,1949,straight,False,,2026-05-02T12:13:42
V12.mp4,1999,straight,False,,2026-05-02T12:13:55
V12.mp4,2018,straight,False,,2026-05-02T12:13:59
V12.mp4,2034,straight,False,,2026-05-02T12:14:01
V12.mp4,2043,straight,False,,2026-05-02T12:14:04
V12.mp4,2096,straight,False,,2026-05-02T12:14:10
V12.mp4,2103,straight,False,,2026-05-02T12:14:12
V12.mp4,2110,straight,False,,2026-05-02T12:14:14
V12.mp4,2116,straight,False,,2026-05-02T12:14:15
V12.mp4,2166,straight,False,,2026-05-02T12:14:31
V12.mp4,2184,straight,False,,2026-05-02T12:14:33
V12.mp4,2198,straight,False,,2026-05-02T12:14:36
V12.mp4,2204,straight,False,,2026-05-02T12:14:38
V12.mp4,2232,straight,False,,2026-05-02T12:14:41
V12.mp4,2243,straight,False,,2026-05-02T12:14:44
V12.mp4,2266,straight,False,,2026-05-02T12:14:47
V12.mp4,2288,straight,False,,2026-05-02T12:14:50
V12.mp4,2355,straight,False,,2026-05-02T12:14:55
V12.mp4,2362,straight,False,,2026-05-02T12:14:58
V12.mp4,2367,straight,False,,2026-05-02T12:14:59
V12.mp4,2410,straight,False,,2026-05-02T12:15:03
V12.mp4,2434,straight,False,,2026-05-02T12:15:07
V12.mp4,2443,straight,False,,2026-05-02T12:15:09
V12.mp4,2449,straight,False,,2026-05-02T12:15:11
V12.mp4,2482,straight,False,,2026-05-02T12:15:14
V12.mp4,2488,straight,False,,2026-05-02T12:15:16
V12.mp4,2495,straight,False,,2026-05-02T12:15:17
V12.mp4,2501,straight,False,,2026-05-02T12:15:19
V12.mp4,2630,straight,False,,2026-05-02T12:15:32
V12.mp4,2636,straight,False,,2026-05-02T12:15:33
V12.mp4,2646,straight,False,,2026-05-02T12:15:36
V12.mp4,2653,straight,False,,2026-05-02T12:15:37
V12.mp4,2717,straight,False,,2026-05-02T12:15:44
V12.mp4,2734,straight,False,,2026-05-02T12:15:48
V12.mp4,2764,straight,False,,2026-05-02T12:15:51
V12.mp4,2819,straight,False,,2026-05-02T12:15:57
V12.mp4,2824,straight,False,,2026-05-02T12:16:08
V12.mp4,2837,straight,False,,2026-05-02T12:16:10
V12.mp4,2843,straight,False,,2026-05-02T12:16:11
V12.mp4,2876,straight,False,,2026-05-02T12:16:16
V12.mp4,2883,straight,False,,2026-05-02T12:16:18
V12.mp4,2890,straight,False,,2026-05-02T12:16:19
V12.mp4,2896,straight,False,,2026-05-02T12:16:21
V12.mp4,2939,straight,False,,2026-05-02T12:16:31
V12.mp4,2959,straight,False,,2026-05-02T12:16:34
V12.mp4,2972,straight,False,,2026-05-02T12:16:37
V12.mp4,2978,straight,False,,2026-05-02T12:16:38
V12.mp4,3040,straight,False,,2026-05-02T12:16:47
V12.mp4,3046,straight,False,,2026-05-02T12:16:48
V12.mp4,3059,straight,False,,2026-05-02T12:16:51
V12.mp4,3064,straight,False,,2026-05-02T12:16:52
V12.mp4,3093,straight,False,,2026-05-02T12:16:59
V12.mp4,3098,straight,False,,2026-05-02T12:17:01
V12.mp4,3106,straight,False,,2026-05-02T12:17:02
V12.mp4,3112,straight,False,,2026-05-02T12:17:05
V12.mp4,3138,straight,False,,2026-05-02T12:17:08
V12.mp4,3158,straight,False,,2026-05-02T12:17:11
V12.mp4,3173,straight,False,,2026-05-02T12:17:13
V12.mp4,3179,straight,False,,2026-05-02T12:17:15
V12.mp4,3186,straight,False,,2026-05-02T12:17:17
V12.mp4,3192,straight,False,,2026-05-02T12:17:18
V12.mp4,3244,hook,False,,2026-05-02T12:17:35
V12.mp4,3266,straight,False,,2026-05-02T12:17:38
V12.mp4,3321,hook,False,,2026-05-02T12:17:44
V12.mp4,3373,hook,False,,2026-05-02T12:17:49
V12.mp4,3446,hook,False,,2026-05-02T12:17:56
V12.mp4,3593,hook,False,,2026-05-02T12:18:14
V12.mp4,3674,hook,False,,2026-05-02T12:18:23
V12.mp4,3701,hook,False,,2026-05-02T12:18:27
V12.mp4,3812,hook,False,,2026-05-02T12:18:40
V12.mp4,3885,hook,False,,2026-05-02T12:18:50
V12.mp4,3951,hook,False,,2026-05-02T12:19:00
V12.mp4,4019,hook,False,,2026-05-02T12:19:07
V12.mp4,4379,hook,False,,2026-05-02T12:19:34
V12.mp4,4433,hook,False,,2026-05-02T12:19:40
V12.mp4,4502,hook,False,,2026-05-02T12:19:47
V12.mp4,4582,hook,False,,2026-05-02T12:19:56
V12.mp4,4603,straight,False,,2026-05-02T12:20:02
V12.mp4,4627,hook,False,,2026-05-02T12:20:08
V12.mp4,4634,straight,False,,2026-05-02T12:20:10
V12.mp4,4693,hook,False,,2026-05-02T12:20:17
V12.mp4,4699,straight,False,,2026-05-02T12:20:19
V12.mp4,4775,hook,False,,2026-05-02T12:20:36
V12.mp4,4781,straight,False,,2026-05-02T12:20:38
V12.mp4,4826,hook,False,,2026-05-02T12:20:43
V12.mp4,4849,straight,False,,2026-05-02T12:20:46
V12.mp4,4873,hook,False,,2026-05-02T12:56:52
V12.mp4,4879,straight,False,,2026-05-02T12:56:54
V12.mp4,5018,straight,False,,2026-05-02T12:57:11
V12.mp4,5066,straight,False,,2026-05-02T12:57:17
V12.mp4,5117,straight,False,,2026-05-02T12:57:24
V12.mp4,5173,straight,False,,2026-05-02T12:57:30
V12.mp4,5188,straight,False,,2026-05-02T12:57:34
V12.mp4,5240,straight,False,,2026-05-02T12:57:40
V12.mp4,5304,straight,False,,2026-05-02T12:57:47
V12.mp4,5343,straight,False,,2026-05-02T12:57:52
V12.mp4,5406,straight,False,,2026-05-02T12:57:58
V12.mp4,5479,straight,False,,2026-05-02T12:58:06
V12.mp4,5520,straight,False,,2026-05-02T12:58:11
V12.mp4,5593,straight,False,,2026-05-02T12:58:18
V12.mp4,5665,straight,False,,2026-05-02T12:58:27
V12.mp4,5713,straight,False,,2026-05-02T12:58:32
V12.mp4,5788,straight,False,,2026-05-02T12:58:39
V12.mp4,5836,none,False,,2026-05-02T12:58:50
V12.mp4,5838,none,False,,2026-05-02T12:58:51
V12.mp4,5839,none,False,,2026-05-02T12:58:51
V12.mp4,5840,none,False,,2026-05-02T12:58:51
V12.mp4,5841,none,False,,2026-05-02T12:58:51
V12.mp4,5842,none,False,,2026-05-02T12:58:51
V12.mp4,5843,none,False,,2026-05-02T12:58:52
V12.mp4,5844,none,False,,2026-05-02T12:58:52
V12.mp4,5845,none,False,,2026-05-02T12:58:52
V12.mp4,5846,none,False,,2026-05-02T12:58:52
V12.mp4,5847,none,False,,2026-05-02T12:58:53
V12.mp4,5848,none,False,,2026-05-02T12:58:53
V12.mp4,5849,none,False,,2026-05-02T12:58:53
V12.mp4,5849,none,False,,2026-05-02T12:58:53
V12.mp4,5850,none,False,,2026-05-02T12:58:54
V12.mp4,5851,none,False,,2026-05-02T12:58:54
V12.mp4,5852,none,False,,2026-05-02T12:58:54
V12.mp4,5853,none,False,,2026-05-02T12:58:54
V12.mp4,5854,none,False,,2026-05-02T12:58:54
V12.mp4,5855,none,False,,2026-05-02T12:58:55
V12.mp4,5856,none,False,,2026-05-02T12:58:55
V12.mp4,5857,none,False,,2026-05-02T12:58:55
V12.mp4,5858,none,False,,2026-05-02T12:58:55
V12.mp4,5859,none,False,,2026-05-02T12:58:56
V12.mp4,5860,none,False,,2026-05-02T12:58:56
V12.mp4,5861,none,False,,2026-05-02T12:58:56
V12.mp4,5862,none,False,,2026-05-02T12:58:57
V12.mp4,5863,none,False,,2026-05-02T12:58:57
V12.mp4,5864,none,False,,2026-05-02T12:58:57
V12.mp4,5865,none,False,,2026-05-02T12:58:57
V12.mp4,5866,none,False,,2026-05-02T12:58:58
V12.mp4,5896,straight,False,,2026-05-02T12:59:05
V12.mp4,5905,straight,False,,2026-05-02T12:59:07
V12.mp4,5913,hook,False,,2026-05-02T12:59:09
V12.mp4,5968,straight,False,,2026-05-02T12:59:14
V12.mp4,5975,straight,False,,2026-05-02T12:59:16
V12.mp4,5983,hook,False,,2026-05-02T12:59:18
V12.mp4,6037,straight,False,,2026-05-02T12:59:24
V12.mp4,6044,straight,False,,2026-05-02T12:59:27
V12.mp4,6110,straight,False,,2026-05-02T12:59:37
V12.mp4,6125,straight,False,,2026-05-02T12:59:40
V12.mp4,6133,hook,False,,2026-05-02T12:59:42
V12.mp4,6194,straight,False,,2026-05-02T12:59:50
V12.mp4,6200,straight,False,,2026-05-02T12:59:53
V12.mp4,6207,hook,False,,2026-05-02T12:59:56
V12.mp4,6225,straight,False,,2026-05-02T12:59:59
V12.mp4,6231,straight,False,,2026-05-02T13:00:00
V12.mp4,6239,hook,False,,2026-05-02T13:00:02
V12.mp4,6314,straight,False,,2026-05-02T13:00:09
V12.mp4,6319,straight,False,,2026-05-02T13:00:11
V12.mp4,6325,hook,False,,2026-05-02T13:00:12
V12.mp4,6385,straight,False,,2026-05-02T13:00:18
V12.mp4,6391,straight,False,,2026-05-02T13:00:20
V12.mp4,6404,hook,False,,2026-05-02T13:00:22
V12.mp4,6466,straight,False,,2026-05-02T13:00:28
V12.mp4,6471,straight,False,,2026-05-02T13:00:30
V12.mp4,6478,hook,False,,2026-05-02T13:00:31
V12.mp4,6542,straight,False,,2026-05-02T13:00:37
V12.mp4,6547,straight,False,,2026-05-02T13:00:41
V12.mp4,6554,hook,False,,2026-05-02T13:00:42
V12.mp4,6613,straight,False,,2026-05-02T13:00:49
V12.mp4,6618,straight,False,,2026-05-02T13:00:50
V12.mp4,6624,hook,False,,2026-05-02T13:00:51
V12.mp4,6692,straight,False,,2026-05-02T13:00:58
V12.mp4,6697,straight,False,,2026-05-02T13:01:00
V12.mp4,6704,hook,False,,2026-05-02T13:01:01
V12.mp4,6771,straight,False,,2026-05-02T13:01:08
V12.mp4,6776,straight,False,,2026-05-02T13:01:10
V12.mp4,6783,hook,False,,2026-05-02T13:01:12
V12.mp4,6855,straight,False,,2026-05-02T13:01:19
V12.mp4,6861,straight,False,,2026-05-02T13:01:23
V12.mp4,6867,hook,False,,2026-05-02T13:01:26
V12.mp4,6937,straight,False,,2026-05-02T13:01:36
V12.mp4,6943,straight,False,,2026-05-02T13:01:38
V12.mp4,6949,hook,False,,2026-05-02T13:01:41
V12.mp4,7064,straight,False,,2026-05-02T13:01:53
V12.mp4,7069,straight,False,,2026-05-02T13:01:55
V12.mp4,7075,hook,False,,2026-05-02T13:01:57
V12.mp4,7136,straight,False,,2026-05-02T13:02:06
V12.mp4,7146,straight,False,,2026-05-02T13:02:09
V12.mp4,7157,hook,False,,2026-05-02T13:02:11
V12.mp4,7230,straight,False,,2026-05-02T13:02:20
V12.mp4,7235,straight,False,,2026-05-02T13:02:24
V12.mp4,7243,hook,False,,2026-05-02T13:02:26
V12.mp4,7337,straight,False,,2026-05-02T13:02:33
V12.mp4,7341,straight,False,,2026-05-02T13:02:34
V12.mp4,7347,hook,False,,2026-05-02T13:02:35
V12.mp4,7407,straight,False,,2026-05-02T13:02:42
V12.mp4,7411,straight,False,,2026-05-02T13:02:44
V12.mp4,7417,hook,False,,2026-05-02T13:02:46
V12.mp4,7480,straight,False,,2026-05-02T13:02:53
V12.mp4,7487,straight,False,,2026-05-02T13:02:55
V12.mp4,7495,hook,False,,2026-05-02T13:02:58
V12.mp4,7563,straight,False,,2026-05-02T13:03:05
V12.mp4,7569,straight,False,,2026-05-02T13:03:07
V12.mp4,7577,hook,False,,2026-05-02T13:03:11
V12.mp4,7749,straight,False,,2026-05-02T13:03:25
V12.mp4,7753,straight,False,,2026-05-02T13:03:28
V12.mp4,7759,hook,False,,2026-05-02T13:03:29
V12.mp4,7830,straight,False,,2026-05-02T13:03:38
V12.mp4,7834,straight,False,,2026-05-02T13:03:41
V12.mp4,7839,hook,False,,2026-05-02T13:03:43
V12.mp4,7915,straight,False,,2026-05-02T13:03:55
V12.mp4,7919,straight,False,,2026-05-02T13:03:57
V12.mp4,7925,hook,False,,2026-05-02T13:04:01
V12.mp4,7995,straight,False,,2026-05-02T13:04:08
V12.mp4,8000,straight,False,,2026-05-02T13:04:10
V12.mp4,8005,hook,False,,2026-05-02T13:04:11
V12.mp4,8071,straight,False,,2026-05-02T13:04:19
V12.mp4,8075,straight,False,,2026-05-02T13:04:20
V12.mp4,8080,hook,False,,2026-05-02T13:04:22
V12.mp4,8140,straight,False,,2026-05-02T13:04:29
V12.mp4,8144,straight,False,,2026-05-02T13:04:31
V12.mp4,8150,hook,False,,2026-05-02T13:04:33
V12.mp4,8214,straight,False,,2026-05-02T13:04:39
V12.mp4,8218,straight,False,,2026-05-02T13:04:41
V12.mp4,8224,hook,False,,2026-05-02T13:04:43
V12.mp4,8296,straight,False,,2026-05-02T13:04:57
V12.mp4,8305,straight,False,,2026-05-02T13:04:59
V12.mp4,8315,hook,False,,2026-05-02T13:05:01
V12.mp4,8373,straight,False,,2026-05-02T13:05:09
V12.mp4,8445,straight,False,,2026-05-02T13:05:25
V12.mp4,8472,straight,False,,2026-05-02T13:05:29
V12.mp4,8483,hook,False,,2026-05-02T13:05:32
V12.mp4,8504,straight,False,,2026-05-02T13:05:35
V12.mp4,8621,hook,False,,2026-05-02T13:05:51
V12.mp4,8650,straight,False,,2026-05-02T13:06:01
V12.mp4,8710,straight,False,,2026-05-02T13:06:09
V12.mp4,8714,straight,False,,2026-05-02T13:06:11
V12.mp4,8720,hook,False,,2026-05-02T13:06:13
V12.mp4,8731,straight,False,,2026-05-02T13:06:16
V12.mp4,8801,straight,False,,2026-05-02T13:06:23
V12.mp4,8804,straight,False,,2026-05-02T13:06:25
V12.mp4,8809,hook,False,,2026-05-02T13:06:27
V12.mp4,8821,straight,False,,2026-05-02T13:06:31
V12.mp4,8893,straight,False,,2026-05-02T13:06:38
V12.mp4,8897,straight,False,,2026-05-02T13:06:40
V12.mp4,8903,hook,False,,2026-05-02T13:06:41
V12.mp4,8940,straight,False,,2026-05-02T13:06:46
V12.mp4,9014,straight,False,,2026-05-02T13:06:53
V12.mp4,9018,straight,False,,2026-05-02T13:06:55
V12.mp4,9023,hook,False,,2026-05-02T13:06:57
V12.mp4,9069,straight,False,,2026-05-02T13:07:02
V12.mp4,9199,straight,False,,2026-05-02T13:07:48
V12.mp4,9207,straight,False,,2026-05-02T13:07:51
V12.mp4,9217,hook,False,,2026-05-02T13:07:53
V12.mp4,9225,straight,False,,2026-05-02T13:07:55
V12.mp4,9235,straight,False,,2026-05-02T13:07:56
V12.mp4,9254,straight,False,,2026-05-02T13:07:59
V12.mp4,9261,straight,False,,2026-05-02T13:08:01
V12.mp4,9270,hook,False,,2026-05-02T13:08:03
V12.mp4,9285,straight,False,,2026-05-02T13:08:06
V12.mp4,9333,straight,False,,2026-05-02T13:08:12
V12.mp4,9338,straight,False,,2026-05-02T13:08:14
V12.mp4,9395,hook,False,,2026-05-02T13:08:20
V12.mp4,9411,straight,False,,2026-05-02T13:08:25
V12.mp4,9519,straight,False,,2026-05-02T13:08:41
V12.mp4,9523,straight,False,,2026-05-02T13:08:42
V12.mp4,9528,hook,False,,2026-05-02T13:08:47
V12.mp4,9538,straight,False,,2026-05-02T13:08:50
V12.mp4,9623,straight,False,,2026-05-02T13:09:03
V12.mp4,9631,straight,False,,2026-05-02T13:09:05
V12.mp4,9640,hook,False,,2026-05-02T13:09:07
V12.mp4,9677,straight,False,,2026-05-02T13:09:12
V12.mp4,9701,uppercut,False,,2026-05-02T13:09:17
V12.mp4,9759,straight,False,,2026-05-02T13:09:31
V12.mp4,9766,straight,False,,2026-05-02T13:09:33
V12.mp4,9775,hook,False,,2026-05-02T13:09:35
V12.mp4,9797,straight,False,,2026-05-02T13:09:38
V12.mp4,9805,uppercut,False,,2026-05-02T13:09:41
V12.mp4,9870,straight,False,,2026-05-02T13:09:47
V12.mp4,9875,straight,False,,2026-05-02T13:09:50
V12.mp4,9882,hook,False,,2026-05-02T13:09:51
V12.mp4,9900,straight,False,,2026-05-02T13:09:55
V12.mp4,9907,uppercut,False,,2026-05-02T13:09:57
V12.mp4,9994,straight,False,,2026-05-02T13:10:05
V12.mp4,10003,straight,False,,2026-05-02T13:10:07
V12.mp4,10015,hook,False,,2026-05-02T13:10:09
V12.mp4,10059,straight,False,,2026-05-02T13:10:14
V12.mp4,10079,uppercut,False,,2026-05-02T13:10:17
V12.mp4,10181,uppercut,False,,2026-05-02T13:10:32
V12.mp4,10248,straight,False,,2026-05-02T13:10:41
V12.mp4,10253,straight,False,,2026-05-02T13:10:42
V12.mp4,10259,hook,False,,2026-05-02T13:10:44
V12.mp4,10273,straight,False,,2026-05-02T13:10:46
V12.mp4,10279,uppercut,False,,2026-05-02T13:10:49
V12.mp4,10357,straight,False,,2026-05-02T13:11:30
V12.mp4,10362,straight,False,,2026-05-02T13:11:32
V12.mp4,10367,hook,False,,2026-05-02T13:11:33
V12.mp4,10381,straight,False,,2026-05-02T13:11:36
V12.mp4,10387,uppercut,False,,2026-05-02T13:11:38
V12.mp4,10437,straight,False,,2026-05-02T13:11:44
V12.mp4,10441,straight,False,,2026-05-02T13:11:46
V12.mp4,10447,hook,False,,2026-05-02T13:11:47
V12.mp4,10459,straight,False,,2026-05-02T13:11:51
V12.mp4,10465,uppercut,False,,2026-05-02T13:11:53
V12.mp4,10551,straight,False,,2026-05-02T13:12:02
V12.mp4,10556,straight,False,,2026-05-02T13:12:03
V12.mp4,10562,hook,False,,2026-05-02T13:12:04
V12.mp4,10579,straight,False,,2026-05-02T13:12:08
V12.mp4,10587,uppercut,False,,2026-05-02T13:12:11
V12.mp4,10713,straight,False,,2026-05-02T13:12:27
V12.mp4,10720,straight,False,,2026-05-02T13:12:28
V12.mp4,10729,straight,False,,2026-05-02T13:12:30
V12.mp4,10737,straight,False,,2026-05-02T13:12:32
V12.mp4,10752,hook,False,,2026-05-02T13:12:35
V12.mp4,10860,straight,False,,2026-05-02T13:49:25
V12.mp4,10867,straight,False,,2026-05-02T13:49:27
V12.mp4,10875,straight,False,,2026-05-02T13:49:32
V12.mp4,10881,straight,False,,2026-05-02T13:49:34
V12.mp4,10890,hook,False,,2026-05-02T13:49:36
V12.mp4,10924,straight,False,,2026-05-02T13:49:58
V12.mp4,10930,straight,False,,2026-05-02T13:50:00
V12.mp4,10940,straight,False,,2026-05-02T13:50:02
V12.mp4,10947,hook,False,,2026-05-02T13:50:04
V12.mp4,10982,straight,False,,2026-05-02T13:50:08
V12.mp4,10988,straight,False,,2026-05-02T13:50:09
V12.mp4,10996,straight,False,,2026-05-02T13:50:11
V12.mp4,11002,straight,False,,2026-05-02T13:50:13
V12.mp4,11009,hook,False,,2026-05-02T13:50:14
V12.mp4,11060,straight,False,,2026-05-02T13:50:21
V12.mp4,11067,straight,False,,2026-05-02T13:50:22
V12.mp4,11074,straight,False,,2026-05-02T13:50:23
V12.mp4,11080,straight,False,,2026-05-02T13:50:25
V12.mp4,11086,hook,False,,2026-05-02T13:50:27
V12.mp4,11105,straight,False,,2026-05-02T13:50:30
V12.mp4,11112,straight,False,,2026-05-02T13:50:32
V12.mp4,11120,straight,False,,2026-05-02T13:50:34
V12.mp4,11127,straight,False,,2026-05-02T13:50:35
V12.mp4,11134,hook,False,,2026-05-02T13:50:37
V12.mp4,11159,straight,False,,2026-05-02T13:50:40
V12.mp4,11166,straight,False,,2026-05-02T13:50:42
V12.mp4,11173,straight,False,,2026-05-02T13:50:43
V12.mp4,11179,straight,False,,2026-05-02T13:50:45
V12.mp4,11186,hook,False,,2026-05-02T13:50:46
V12.mp4,11206,straight,False,,2026-05-02T13:50:49
V12.mp4,11211,straight,False,,2026-05-02T13:50:51
V12.mp4,11217,straight,False,,2026-05-02T13:50:52
V12.mp4,11224,straight,False,,2026-05-02T13:50:54
V12.mp4,11231,hook,False,,2026-05-02T13:50:56
V12.mp4,11251,straight,False,,2026-05-02T13:50:58
V12.mp4,11257,straight,False,,2026-05-02T13:51:00
V12.mp4,11265,straight,False,,2026-05-02T13:51:01
V12.mp4,11272,straight,False,,2026-05-02T13:51:03
V12.mp4,11279,hook,False,,2026-05-02T13:51:04
V12.mp4,11298,straight,False,,2026-05-02T13:51:07
V12.mp4,11305,straight,False,,2026-05-02T13:51:08
V12.mp4,11312,straight,False,,2026-05-02T13:51:10
V12.mp4,11318,straight,False,,2026-05-02T13:51:12
V12.mp4,11326,hook,False,,2026-05-02T13:51:14
V12.mp4,11346,straight,False,,2026-05-02T13:51:16
V12.mp4,11351,straight,False,,2026-05-02T13:51:18
V12.mp4,11358,straight,False,,2026-05-02T13:51:19
V12.mp4,11375,hook,False,,2026-05-02T13:51:26
V12.mp4,11393,straight,False,,2026-05-02T13:51:29
V12.mp4,11399,straight,False,,2026-05-02T13:51:30
V12.mp4,11406,straight,False,,2026-05-02T13:51:32
V12.mp4,11411,straight,False,,2026-05-02T13:51:33
V12.mp4,11419,hook,False,,2026-05-02T13:51:35
V12.mp4,11437,straight,False,,2026-05-02T13:51:41
V12.mp4,11444,straight,False,,2026-05-02T13:51:43
V12.mp4,11452,straight,False,,2026-05-02T13:51:45
V12.mp4,11458,straight,False,,2026-05-02T13:51:46
V12.mp4,11465,hook,False,,2026-05-02T13:51:47
V12.mp4,11482,straight,False,,2026-05-02T13:51:50
V12.mp4,11488,straight,False,,2026-05-02T13:51:51
V12.mp4,11495,straight,False,,2026-05-02T13:51:53
V12.mp4,11501,straight,False,,2026-05-02T13:51:55
V12.mp4,11508,hook,False,,2026-05-02T13:51:56
V12.mp4,11527,straight,False,,2026-05-02T13:51:59
V12.mp4,11534,straight,False,,2026-05-02T13:52:01
V12.mp4,11540,straight,False,,2026-05-02T13:52:02
V12.mp4,11546,straight,False,,2026-05-02T13:52:04
V12.mp4,11553,hook,False,,2026-05-02T13:52:06
V12.mp4,11571,straight,False,,2026-05-02T13:52:08
V12.mp4,11578,straight,False,,2026-05-02T13:52:10
V12.mp4,11585,straight,False,,2026-05-02T13:52:12
V12.mp4,11592,straight,False,,2026-05-02T13:52:14
V12.mp4,11599,hook,False,,2026-05-02T13:52:15
V12.mp4,11618,straight,False,,2026-05-02T13:52:17
V12.mp4,11625,straight,False,,2026-05-02T13:52:19
V12.mp4,11632,straight,False,,2026-05-02T13:52:21
V12.mp4,11638,straight,False,,2026-05-02T13:52:22
V12.mp4,11645,hook,False,,2026-05-02T13:52:24
V12.mp4,11663,straight,False,,2026-05-02T13:52:27
V12.mp4,11669,straight,False,,2026-05-02T13:52:29
V12.mp4,11676,straight,False,,2026-05-02T13:52:30
V12.mp4,11683,straight,False,,2026-05-02T13:52:32
V12.mp4,11690,hook,False,,2026-05-02T13:52:40
V12.mp4,11704,straight,False,,2026-05-02T13:52:43
V12.mp4,11709,straight,False,,2026-05-02T13:52:44
V12.mp4,11717,straight,False,,2026-05-02T13:52:45
V12.mp4,11724,straight,False,,2026-05-02T13:52:47
V12.mp4,11731,hook,False,,2026-05-02T13:52:49
V12.mp4,11748,straight,False,,2026-05-02T13:52:59
V12.mp4,11755,straight,False,,2026-05-02T13:53:01
V12.mp4,11762,straight,False,,2026-05-02T13:53:03
V12.mp4,11769,straight,False,,2026-05-02T13:53:05
V12.mp4,11777,hook,False,,2026-05-02T13:53:07
V12.mp4,11795,straight,False,,2026-05-02T13:53:09
V12.mp4,11801,straight,False,,2026-05-02T13:53:10
V12.mp4,11808,straight,False,,2026-05-02T13:53:12
V12.mp4,11815,straight,False,,2026-05-02T13:53:13
V12.mp4,11824,hook,False,,2026-05-02T13:53:15
V12.mp4,11841,straight,False,,2026-05-02T13:53:18
V12.mp4,11848,straight,False,,2026-05-02T13:53:20
V12.mp4,11855,straight,False,,2026-05-02T13:53:21
V12.mp4,11861,straight,False,,2026-05-02T13:53:23
V12.mp4,11868,hook,False,,2026-05-02T13:53:24
V12.mp4,11885,straight,False,,2026-05-02T13:53:27
V12.mp4,11891,straight,False,,2026-05-02T13:53:29
V12.mp4,11898,straight,False,,2026-05-02T13:53:30
V12.mp4,11905,straight,False,,2026-05-02T13:53:32
V12.mp4,11913,hook,False,,2026-05-02T13:53:34
V12.mp4,11931,straight,False,,2026-05-02T13:53:44
V12.mp4,11937,straight,False,,2026-05-02T13:53:46
V12.mp4,11944,straight,False,,2026-05-02T13:53:47
V12.mp4,11953,straight,False,,2026-05-02T13:53:50
V12.mp4,11960,hook,False,,2026-05-02T13:53:51
V12.mp4,11977,straight,False,,2026-05-02T13:53:55
V12.mp4,11984,straight,False,,2026-05-02T13:53:56
V12.mp4,11991,straight,False,,2026-05-02T13:53:58
V12.mp4,11998,straight,False,,2026-05-02T13:53:59
V12.mp4,12006,hook,False,,2026-05-02T13:54:01
V12.mp4,12024,straight,False,,2026-05-02T13:54:03
V12.mp4,12029,straight,False,,2026-05-02T13:54:04
V12.mp4,12037,straight,False,,2026-05-02T13:54:06
V12.mp4,12044,straight,False,,2026-05-02T13:54:07
V12.mp4,12051,hook,False,,2026-05-02T13:54:09
V12.mp4,12081,none,False,,2026-05-02T13:54:18
V12.mp4,12082,none,False,,2026-05-02T13:54:18
V12.mp4,12082,none,False,,2026-05-02T13:54:19
V12.mp4,12083,none,False,,2026-05-02T13:54:19
V12.mp4,12084,none,False,,2026-05-02T13:54:19
V12.mp4,12085,none,False,,2026-05-02T13:54:19
V12.mp4,12086,none,False,,2026-05-02T13:54:19
V12.mp4,12087,none,False,,2026-05-02T13:54:20
V12.mp4,12088,none,False,,2026-05-02T13:54:20
V12.mp4,12089,none,False,,2026-05-02T13:54:20
V12.mp4,12090,none,False,,2026-05-02T13:54:20
V12.mp4,12091,none,False,,2026-05-02T13:54:20
V12.mp4,12091,none,False,,2026-05-02T13:54:21
V12.mp4,12091,none,False,,2026-05-02T13:54:21
V12.mp4,12091,none,False,,2026-05-02T13:54:21
V12.mp4,12091,none,False,,2026-05-02T13:54:22
V12.mp4,12092,none,False,,2026-05-02T13:54:22
V12.mp4,12093,none,False,,2026-05-02T13:54:22
V12.mp4,12094,none,False,,2026-05-02T13:54:23
V12.mp4,12095,none,False,,2026-05-02T13:54:23
V12.mp4,12096,none,False,,2026-05-02T13:54:23
V12.mp4,12096,none,False,,2026-05-02T13:54:23
V12.mp4,12097,none,False,,2026-05-02T13:54:23
V12.mp4,12098,none,False,,2026-05-02T13:54:24
V12.mp4,12099,none,False,,2026-05-02T13:54:24
V12.mp4,12100,none,False,,2026-05-02T13:54:24
V12.mp4,12101,none,False,,2026-05-02T13:54:24
V12.mp4,12102,none,False,,2026-05-02T13:54:24
V12.mp4,12103,none,False,,2026-05-02T13:54:25
V12.mp4,12104,none,False,,2026-05-02T13:54:25
V12.mp4,12105,none,False,,2026-05-02T13:54:25
V12.mp4,12106,none,False,,2026-05-02T13:54:25
V12.mp4,12107,none,False,,2026-05-02T13:54:25
V12.mp4,12133,straight,False,,2026-05-02T13:54:36
V12.mp4,12230,straight,False,,2026-05-02T13:54:46
V12.mp4,12347,none,False,,2026-05-02T13:55:00
V12.mp4,12348,none,False,,2026-05-02T13:55:00
V12.mp4,12349,none,False,,2026-05-02T13:55:00
V12.mp4,12350,none,False,,2026-05-02T13:55:01
V12.mp4,12351,none,False,,2026-05-02T13:55:01
V12.mp4,12352,none,False,,2026-05-02T13:55:01
V12.mp4,12353,none,False,,2026-05-02T13:55:01
V12.mp4,12354,none,False,,2026-05-02T13:55:02
V12.mp4,12355,none,False,,2026-05-02T13:55:02
V12.mp4,12356,none,False,,2026-05-02T13:55:02
V12.mp4,12357,none,False,,2026-05-02T13:55:02
V12.mp4,12358,none,False,,2026-05-02T13:55:03
V12.mp4,12359,none,False,,2026-05-02T13:55:03
V12.mp4,12360,none,False,,2026-05-02T13:55:03
V12.mp4,12361,none,False,,2026-05-02T13:55:03
V12.mp4,12362,none,False,,2026-05-02T13:55:04
V12.mp4,12363,none,False,,2026-05-02T13:55:04
V12.mp4,12364,none,False,,2026-05-02T13:55:04
V12.mp4,12365,none,False,,2026-05-02T13:55:04
V12.mp4,12366,none,False,,2026-05-02T13:55:05
V12.mp4,12379,none,False,,2026-05-02T13:55:08
V12.mp4,12380,none,False,,2026-05-02T13:55:08
V12.mp4,12381,none,False,,2026-05-02T13:55:08
V12.mp4,12382,none,False,,2026-05-02T13:55:09
V12.mp4,12383,none,False,,2026-05-02T13:55:09
V12.mp4,12384,none,False,,2026-05-02T13:55:09
V12.mp4,12385,none,False,,2026-05-02T13:55:09
V12.mp4,12385,none,False,,2026-05-02T13:55:09
V12.mp4,12386,none,False,,2026-05-02T13:55:10
V12.mp4,12387,none,False,,2026-05-02T13:55:10
V12.mp4,12388,none,False,,2026-05-02T13:55:10
V12.mp4,12389,none,False,,2026-05-02T13:55:10
V12.mp4,12390,none,False,,2026-05-02T13:55:10
V12.mp4,12391,none,False,,2026-05-02T13:55:11
V12.mp4,12392,none,False,,2026-05-02T13:55:11
V12.mp4,12393,none,False,,2026-05-02T13:55:11
V12.mp4,12394,none,False,,2026-05-02T13:55:11
V12.mp4,12395,none,False,,2026-05-02T13:55:12
V12.mp4,12396,none,False,,2026-05-02T13:55:12
V12.mp4,12397,none,False,,2026-05-02T13:55:12
V12.mp4,12398,none,False,,2026-05-02T13:55:12
V12.mp4,12399,none,False,,2026-05-02T13:55:12
V12.mp4,12400,none,False,,2026-05-02T13:55:13
V12.mp4,12401,none,False,,2026-05-02T13:55:13
V12.mp4,12402,none,False,,2026-05-02T13:55:13
V12.mp4,12403,none,False,,2026-05-02T13:55:13
V12.mp4,12404,none,False,,2026-05-02T13:55:14
V12.mp4,12405,none,False,,2026-05-02T13:55:14
V12.mp4,12406,none,False,,2026-05-02T13:55:14
V12.mp4,12407,none,False,,2026-05-02T13:55:14
V12.mp4,12408,none,False,,2026-05-02T13:55:15
V12.mp4,12409,none,False,,2026-05-02T13:55:15
V12.mp4,12410,none,False,,2026-05-02T13:55:15
V12.mp4,12411,none,False,,2026-05-02T13:55:15
V12.mp4,12412,none,False,,2026-05-02T13:55:16
V12.mp4,12413,none,False,,2026-05-02T13:55:16
V12.mp4,12414,none,False,,2026-05-02T13:55:16
V12.mp4,12415,none,False,,2026-05-02T13:55:16
V12.mp4,12416,none,False,,2026-05-02T13:55:17
V12.mp4,12541,straight,False,,2026-05-02T13:55:23
V12.mp4,12622,straight,False,,2026-05-02T13:55:31
V12.mp4,12691,straight,False,,2026-05-02T13:55:38
V12.mp4,12769,straight,False,,2026-05-02T13:57:07
V12.mp4,12832,straight,False,,2026-05-02T13:57:15
V12.mp4,12899,straight,False,,2026-05-02T13:57:35
V12.mp4,12961,straight,False,,2026-05-02T13:57:41
V12.mp4,13021,straight,False,,2026-05-02T13:57:47
V12.mp4,13091,none,False,,2026-05-02T13:57:55
V12.mp4,13092,none,False,,2026-05-02T13:57:55
V12.mp4,13093,none,False,,2026-05-02T13:57:56
V12.mp4,13094,none,False,,2026-05-02T13:57:56
V12.mp4,13095,none,False,,2026-05-02T13:57:56
V12.mp4,13096,none,False,,2026-05-02T13:57:56
V12.mp4,13097,none,False,,2026-05-02T13:57:56
V12.mp4,13098,none,False,,2026-05-02T13:57:57
V12.mp4,13099,none,False,,2026-05-02T13:57:57
V12.mp4,14122,straight,False,,2026-05-02T13:58:24
V12.mp4,14242,straight,False,,2026-05-02T13:58:36
V12.mp4,14300,straight,False,,2026-05-02T13:58:41
V12.mp4,14531,straight,False,,2026-05-02T13:58:59
V12.mp4,14637,straight,False,,2026-05-02T13:59:07
V12.mp4,14711,straight,False,,2026-05-02T13:59:18
V12.mp4,14771,straight,False,,2026-05-02T13:59:29
V12.mp4,14842,straight,False,,2026-05-02T13:59:36
V12.mp4,14848,hook,False,,2026-05-02T13:59:40
V12.mp4,14886,none,False,,2026-05-02T13:59:45
V12.mp4,14887,none,False,,2026-05-02T13:59:45
V12.mp4,14888,none,False,,2026-05-02T13:59:46
V12.mp4,14889,none,False,,2026-05-02T13:59:46
V12.mp4,14890,none,False,,2026-05-02T13:59:46
V12.mp4,14891,none,False,,2026-05-02T13:59:46
V12.mp4,14892,none,False,,2026-05-02T13:59:46
V12.mp4,14893,none,False,,2026-05-02T13:59:47
V12.mp4,14894,none,False,,2026-05-02T13:59:47
V12.mp4,14895,none,False,,2026-05-02T13:59:49
V12.mp4,14896,none,False,,2026-05-02T13:59:52
V12.mp4,14897,none,False,,2026-05-02T13:59:52
V12.mp4,14898,none,False,,2026-05-02T13:59:52
V12.mp4,14899,none,False,,2026-05-02T13:59:53
V12.mp4,14900,none,False,,2026-05-02T13:59:53
V12.mp4,14901,none,False,,2026-05-02T13:59:53
V12.mp4,15200,straight,False,,2026-05-02T14:00:19
V12.mp4,15205,hook,False,,2026-05-02T14:00:21
V12.mp4,15332,straight,False,,2026-05-02T14:00:34
V12.mp4,15337,hook,False,,2026-05-02T14:00:38
V12.mp4,15448,straight,False,,2026-05-02T14:00:49
V12.mp4,15467,hook,False,,2026-05-02T14:00:53
V12.mp4,15579,straight,False,,2026-05-02T14:01:11
V12.mp4,15600,hook,False,,2026-05-02T14:01:14
V12.mp4,15645,straight,False,,2026-05-02T14:01:19
V12.mp4,15672,straight,False,,2026-05-02T14:01:23
V12.mp4,15685,hook,False,,2026-05-02T14:01:25
V12.mp4,15732,straight,False,,2026-05-02T14:01:30
V12.mp4,15770,straight,False,,2026-05-02T14:01:34
V12.mp4,15775,hook,False,,2026-05-02T14:01:36
V12.mp4,15856,straight,False,,2026-05-02T14:01:45
V12.mp4,15900,straight,False,,2026-05-02T14:01:51
V12.mp4,15906,hook,False,,2026-05-02T14:01:52
V12.mp4,15975,straight,False,,2026-05-02T14:02:01
V12.mp4,15980,hook,False,,2026-05-02T14:02:03
V12.mp4,16105,straight,False,,2026-05-02T14:02:19
V12.mp4,16110,hook,False,,2026-05-02T14:02:20
V12.mp4,16215,straight,False,,2026-05-02T14:02:30
V12.mp4,16221,hook,False,,2026-05-02T14:02:32
V12.mp4,16289,straight,False,,2026-05-02T14:02:38
V12.mp4,16298,hook,False,,2026-05-02T14:02:40
V12.mp4,16314,hook,False,,2026-05-02T14:02:44
V12.mp4,16399,straight,False,,2026-05-02T14:02:55
V12.mp4,16439,straight,False,,2026-05-02T14:03:01
V12.mp4,16445,hook,False,,2026-05-02T14:03:02
V12.mp4,16456,hook,False,,2026-05-02T14:03:04
V12.mp4,16494,straight,False,,2026-05-02T14:03:08
V12.mp4,16513,straight,False,,2026-05-02T14:03:11
V12.mp4,16541,straight,False,,2026-05-02T14:03:15
V12.mp4,16546,hook,False,,2026-05-02T14:03:16
V12.mp4,16560,hook,False,,2026-05-02T14:03:18
V12.mp4,16683,straight,False,,2026-05-02T14:03:46
V12.mp4,16689,hook,False,,2026-05-02T14:03:49
V12.mp4,16700,hook,False,,2026-05-02T14:03:51
V12.mp4,16824,straight,False,,2026-05-02T14:04:04
V12.mp4,16830,hook,False,,2026-05-02T14:04:06
V12.mp4,16841,hook,False,,2026-05-02T14:04:10
V12.mp4,16945,straight,False,,2026-05-02T14:04:22
V12.mp4,16951,hook,False,,2026-05-02T14:04:24
V12.mp4,16965,hook,False,,2026-05-02T14:04:26
V12.mp4,17313,straight,False,,2026-05-02T14:04:51
V12.mp4,17321,straight,False,,2026-05-02T14:04:52
V12.mp4,17326,straight,False,,2026-05-02T14:04:54
V12.mp4,17339,straight,False,,2026-05-02T14:04:57
V12.mp4,17346,straight,False,,2026-05-02T14:04:59
V12.mp4,17352,straight,False,,2026-05-02T14:05:00
V12.mp4,17365,straight,False,,2026-05-02T14:05:02
V12.mp4,17372,straight,False,,2026-05-02T14:05:04
V12.mp4,17378,straight,False,,2026-05-02T14:05:06
V12.mp4,17392,straight,False,,2026-05-02T14:05:10
V12.mp4,17400,straight,False,,2026-05-02T14:05:11
V12.mp4,17405,straight,False,,2026-05-02T14:05:12
V12.mp4,17418,straight,False,,2026-05-02T14:05:15
V12.mp4,17427,straight,False,,2026-05-02T14:05:17
V12.mp4,17432,straight,False,,2026-05-02T14:05:19
V12.mp4,17445,straight,False,,2026-05-02T14:05:35
V12.mp4,17453,straight,False,,2026-05-02T14:05:38
V12.mp4,17459,straight,False,,2026-05-02T14:05:40
V12.mp4,17473,straight,False,,2026-05-02T14:05:42
V12.mp4,17480,straight,False,,2026-05-02T14:05:43
V12.mp4,17486,straight,False,,2026-05-02T14:05:45
V12.mp4,17501,straight,False,,2026-05-02T14:05:48
V12.mp4,17508,straight,False,,2026-05-02T14:05:50
V12.mp4,17514,straight,False,,2026-05-02T14:05:51
V12.mp4,17527,straight,False,,2026-05-02T14:05:54
V12.mp4,17536,straight,False,,2026-05-02T14:05:55
V12.mp4,17542,straight,False,,2026-05-02T14:05:57
V12.mp4,17555,straight,False,,2026-05-02T14:06:00
V12.mp4,17563,straight,False,,2026-05-02T14:06:01
V12.mp4,17569,straight,False,,2026-05-02T14:06:03
V12.mp4,17581,straight,False,,2026-05-02T14:06:05
V12.mp4,17590,straight,False,,2026-05-02T14:06:06
V12.mp4,17596,straight,False,,2026-05-02T14:06:08
V12.mp4,17609,straight,False,,2026-05-02T14:06:11
V12.mp4,17619,straight,False,,2026-05-02T14:06:12
V12.mp4,17624,straight,False,,2026-05-02T14:06:13
V12.mp4,17639,straight,False,,2026-05-02T14:06:16
V12.mp4,17649,straight,False,,2026-05-02T14:06:17
V12.mp4,17655,straight,False,,2026-05-02T14:06:19
V12.mp4,17669,straight,False,,2026-05-02T14:06:21
V12.mp4,17680,straight,False,,2026-05-02T14:06:23
V12.mp4,17687,straight,False,,2026-05-02T14:06:25
V12.mp4,17702,straight,False,,2026-05-02T14:06:27
V12.mp4,17712,straight,False,,2026-05-02T14:06:28
V12.mp4,17719,straight,False,,2026-05-02T14:06:30
V12.mp4,17732,straight,False,,2026-05-02T14:06:33
V12.mp4,17745,straight,False,,2026-05-02T14:06:36
V12.mp4,17750,straight,False,,2026-05-02T14:06:37
V12.mp4,17764,straight,False,,2026-05-02T14:06:40
V12.mp4,17772,straight,False,,2026-05-02T14:06:42
V12.mp4,17778,straight,False,,2026-05-02T14:06:43
V12.mp4,17792,straight,False,,2026-05-02T14:06:46
V12.mp4,17800,straight,False,,2026-05-02T14:06:48
V12.mp4,17807,straight,False,,2026-05-02T14:06:49
V12.mp4,17820,straight,False,,2026-05-02T14:06:51
V12.mp4,17830,straight,False,,2026-05-02T14:06:53
V12.mp4,17836,straight,False,,2026-05-02T14:06:55
V12.mp4,17851,straight,False,,2026-05-02T14:06:57
V12.mp4,17861,straight,False,,2026-05-02T14:06:59
V12.mp4,17867,straight,False,,2026-05-02T14:07:00
V12.mp4,17880,straight,False,,2026-05-02T14:07:02
V12.mp4,17891,straight,False,,2026-05-02T14:07:04
V12.mp4,17897,straight,False,,2026-05-02T14:07:06
V12.mp4,17911,straight,False,,2026-05-02T14:07:08
V12.mp4,17920,straight,False,,2026-05-02T14:07:09
V12.mp4,17925,straight,False,,2026-05-02T14:07:11
V12.mp4,17939,straight,False,,2026-05-02T14:07:13
V12.mp4,17949,straight,False,,2026-05-02T14:07:15
V12.mp4,17955,straight,False,,2026-05-02T14:07:18
V12.mp4,17969,straight,False,,2026-05-02T14:07:20
V12.mp4,17976,straight,False,,2026-05-02T14:07:22
V12.mp4,17982,straight,False,,2026-05-02T14:07:24
V12.mp4,17997,straight,False,,2026-05-02T14:07:26
V12.mp4,18006,straight,False,,2026-05-02T14:07:28
V12.mp4,18013,straight,False,,2026-05-02T14:07:30
V12.mp4,18027,straight,False,,2026-05-02T14:07:39
V12.mp4,18036,straight,False,,2026-05-02T14:07:41
V12.mp4,18042,straight,False,,2026-05-02T14:07:43
V12.mp4,18056,straight,False,,2026-05-02T14:07:54
V12.mp4,18065,straight,False,,2026-05-02T14:07:56
V12.mp4,18071,straight,False,,2026-05-02T14:07:58
V12.mp4,18086,straight,False,,2026-05-02T14:08:00
V12.mp4,18095,straight,False,,2026-05-02T14:08:01
V12.mp4,18102,straight,False,,2026-05-02T14:08:02
V12.mp4,18114,straight,False,,2026-05-02T14:08:04
V12.mp4,18124,straight,False,,2026-05-02T14:08:06
V12.mp4,18131,straight,False,,2026-05-02T14:08:07
V12.mp4,18143,straight,False,,2026-05-02T14:08:09
V12.mp4,18153,straight,False,,2026-05-02T14:08:11
V12.mp4,18160,straight,False,,2026-05-02T14:08:12
V12.mp4,18173,straight,False,,2026-05-02T14:08:14
V12.mp4,18183,straight,False,,2026-05-02T14:08:19
V12.mp4,18189,straight,False,,2026-05-02T14:08:21
V12.mp4,18203,straight,False,,2026-05-02T14:08:25
V12.mp4,18212,straight,False,,2026-05-02T14:08:27
V12.mp4,18218,straight,False,,2026-05-02T14:08:29
V12.mp4,18232,straight,False,,2026-05-02T14:08:31
V12.mp4,18243,straight,False,,2026-05-02T14:08:33
V12.mp4,18248,straight,False,,2026-05-02T14:08:35
V12.mp4,18264,straight,False,,2026-05-02T14:08:37
V12.mp4,18276,straight,False,,2026-05-02T14:08:39
V12.mp4,18281,straight,False,,2026-05-02T14:08:41
V12.mp4,18296,straight,False,,2026-05-02T14:08:53
V12.mp4,18306,straight,False,,2026-05-02T14:08:56
V12.mp4,18311,straight,False,,2026-05-02T14:08:57
V12.mp4,18325,straight,False,,2026-05-02T14:08:59
V12.mp4,18334,straight,False,,2026-05-02T14:09:02
V12.mp4,18340,straight,False,,2026-05-02T14:09:03
V12.mp4,18354,straight,False,,2026-05-02T14:09:05
V12.mp4,18364,straight,False,,2026-05-02T14:09:07
V12.mp4,18371,straight,False,,2026-05-02T14:09:09
V12.mp4,18384,straight,False,,2026-05-02T14:09:11
V12.mp4,18395,straight,False,,2026-05-02T14:09:13
V12.mp4,18401,straight,False,,2026-05-02T14:09:14
V12.mp4,18414,straight,False,,2026-05-02T14:09:16
V12.mp4,18424,straight,False,,2026-05-02T14:09:18
V12.mp4,18430,straight,False,,2026-05-02T14:09:20
V12.mp4,18444,straight,False,,2026-05-02T14:14:07
V12.mp4,18454,straight,False,,2026-05-02T14:14:09
V12.mp4,18460,straight,False,,2026-05-02T14:14:10
V12.mp4,18474,straight,False,,2026-05-02T14:14:13
V12.mp4,18484,straight,False,,2026-05-02T14:14:15
V12.mp4,18490,straight,False,,2026-05-02T14:14:17
V12.mp4,18505,straight,False,,2026-05-02T14:14:49
V12.mp4,18513,straight,False,,2026-05-02T14:14:52
V12.mp4,18520,straight,False,,2026-05-02T14:14:54
V12.mp4,18540,none,False,,2026-05-02T14:14:57
V12.mp4,18541,none,False,,2026-05-02T14:14:57
V12.mp4,18542,none,False,,2026-05-02T14:14:57
V12.mp4,18543,none,False,,2026-05-02T14:14:58
V12.mp4,18544,none,False,,2026-05-02T14:14:58
V12.mp4,18545,none,False,,2026-05-02T14:14:58
V12.mp4,18546,none,False,,2026-05-02T14:14:59
V12.mp4,18547,none,False,,2026-05-02T14:14:59
V12.mp4,18548,none,False,,2026-05-02T14:14:59
V12.mp4,18549,none,False,,2026-05-02T14:14:59
V12.mp4,18550,none,False,,2026-05-02T14:15:00
V12.mp4,18551,none,False,,2026-05-02T14:15:00
V12.mp4,18552,none,False,,2026-05-02T14:15:00
V12.mp4,18553,none,False,,2026-05-02T14:15:00
V12.mp4,18554,none,False,,2026-05-02T14:15:01
V12.mp4,18555,none,False,,2026-05-02T14:15:01
V12.mp4,18556,none,False,,2026-05-02T14:15:01
V12.mp4,18557,none,False,,2026-05-02T14:15:01
V12.mp4,18558,none,False,,2026-05-02T14:15:02
V12.mp4,18657,hook,False,,2026-05-02T14:15:46
V12.mp4,18690,hook,False,,2026-05-02T14:16:29
V12.mp4,18795,hook,False,,2026-05-02T14:17:06
V12.mp4,18812,uppercut,False,,2026-05-02T14:17:09
V12.mp4,18838,uppercut,False,,2026-05-02T14:17:14
V12.mp4,19009,hook,False,,2026-05-02T14:21:10
V12.mp4,19015,hook,False,,2026-05-02T14:21:13
V12.mp4,19022,hook,False,,2026-05-02T14:21:15
V12.mp4,19028,hook,False,,2026-05-02T14:21:17
V12.mp4,19035,hook,False,,2026-05-02T14:21:19
V12.mp4,19041,hook,False,,2026-05-02T14:21:20
V12.mp4,19048,hook,False,,2026-05-02T14:21:21
V12.mp4,19054,hook,False,,2026-05-02T14:21:23
V12.mp4,19061,hook,False,,2026-05-02T14:21:24
V12.mp4,19067,hook,False,,2026-05-02T14:21:26
V12.mp4,19074,hook,False,,2026-05-02T14:21:27
V12.mp4,19085,hook,False,,2026-05-02T14:21:30
V12.mp4,19098,hook,False,,2026-05-02T14:21:33
V12.mp4,19112,hook,False,,2026-05-02T14:21:37
V12.mp4,19127,hook,False,,2026-05-02T14:21:40
V12.mp4,19143,hook,False,,2026-05-02T14:21:42
V12.mp4,19157,hook,False,,2026-05-02T14:21:45
V12.mp4,19172,hook,False,,2026-05-02T14:22:04
V12.mp4,19186,hook,False,,2026-05-02T14:22:07
V12.mp4,19202,hook,False,,2026-05-02T14:22:09
V12.mp4,19217,hook,False,,2026-05-02T14:22:12
V12.mp4,19235,hook,False,,2026-05-02T14:22:15
V12.mp4,19248,hook,False,,2026-05-02T14:22:17
V12.mp4,19255,hook,False,,2026-05-02T14:22:19
V12.mp4,19261,hook,False,,2026-05-02T14:22:23
V12.mp4,19267,hook,False,,2026-05-02T14:22:25
V12.mp4,19274,hook,False,,2026-05-02T14:22:27
V12.mp4,19280,hook,False,,2026-05-02T14:22:30
V12.mp4,19287,hook,False,,2026-05-02T14:22:32
V12.mp4,19293,hook,False,,2026-05-02T14:22:34
V12.mp4,19299,hook,False,,2026-05-02T14:22:36
V12.mp4,19305,hook,False,,2026-05-02T14:22:37
V12.mp4,19353,hook,False,,2026-05-02T14:22:44
V12.mp4,19400,hook,False,,2026-05-02T14:22:49
V12.mp4,19416,hook,False,,2026-05-02T14:22:52
V12.mp4,19433,hook,False,,2026-05-02T14:22:54
V12.mp4,19447,hook,False,,2026-05-02T14:22:57
V12.mp4,19466,hook,False,,2026-05-02T14:22:59
V12.mp4,19482,hook,False,,2026-05-02T14:24:16
V12.mp4,19501,hook,False,,2026-05-02T14:24:20
V12.mp4,19516,hook,False,,2026-05-02T14:24:23
V12.mp4,19532,hook,False,,2026-05-02T14:24:55
V12.mp4,19548,hook,False,,2026-05-02T14:24:57
V12.mp4,19567,hook,False,,2026-05-02T14:25:00
V12.mp4,19583,hook,False,,2026-05-02T14:25:02
V12.mp4,19601,hook,False,,2026-05-02T14:25:05
V12.mp4,19617,hook,False,,2026-05-02T14:25:07
V12.mp4,19636,hook,False,,2026-05-02T14:25:10
V12.mp4,19653,hook,False,,2026-05-02T14:25:14
V12.mp4,19672,hook,False,,2026-05-02T14:25:16
V12.mp4,19687,hook,False,,2026-05-02T14:25:19
V12.mp4,19707,hook,False,,2026-05-02T14:25:21
V12.mp4,19721,hook,False,,2026-05-02T14:25:24
V12.mp4,19742,hook,False,,2026-05-02T14:26:27
V12.mp4,19757,hook,False,,2026-05-02T14:26:30
V12.mp4,19828,straight,False,,2026-05-02T14:31:15
V12.mp4,19836,straight,False,,2026-05-02T14:31:16
V12.mp4,19904,straight,False,,2026-05-02T14:31:23
V12.mp4,19911,straight,False,,2026-05-02T14:31:24
V12.mp4,19964,straight,False,,2026-05-02T14:32:13
V12.mp4,19970,straight,False,,2026-05-02T14:32:15
V12.mp4,19988,straight,False,,2026-05-02T14:32:17
V12.mp4,19994,straight,False,,2026-05-02T14:32:19
V12.mp4,20046,straight,False,,2026-05-02T14:32:24
V12.mp4,20052,straight,False,,2026-05-02T14:32:25
V12.mp4,20103,straight,False,,2026-05-02T14:32:32
V12.mp4,20108,straight,False,,2026-05-02T14:32:34
V12.mp4,20177,straight,False,,2026-05-02T14:32:41
V12.mp4,20183,straight,False,,2026-05-02T14:32:42
V12.mp4,20217,straight,False,,2026-05-02T14:32:50
V12.mp4,20237,straight,False,,2026-05-02T14:32:53
V12.mp4,20291,straight,False,,2026-05-02T14:32:58
V12.mp4,20311,straight,False,,2026-05-02T14:33:01
V12.mp4,20412,straight,False,,2026-05-02T14:33:11
V12.mp4,20418,straight,False,,2026-05-02T14:33:13
V12.mp4,20483,straight,False,,2026-05-02T14:33:21
V12.mp4,20488,straight,False,,2026-05-02T14:33:23
V12.mp4,20556,straight,False,,2026-05-02T14:33:29
V12.mp4,20564,straight,False,,2026-05-02T14:33:31
V12.mp4,20651,straight,False,,2026-05-02T14:33:42
V12.mp4,20656,straight,False,,2026-05-02T14:33:44
V12.mp4,20662,uppercut,False,,2026-05-02T14:33:45
V12.mp4,20711,straight,False,,2026-05-02T14:33:51
V12.mp4,20718,straight,False,,2026-05-02T14:33:53
V12.mp4,20729,uppercut,False,,2026-05-02T14:33:55
V12.mp4,20768,straight,False,,2026-05-02T14:33:59
V12.mp4,20774,straight,False,,2026-05-02T14:34:00
V12.mp4,20781,uppercut,False,,2026-05-02T14:34:03
V12.mp4,20859,straight,False,,2026-05-02T14:34:10
V12.mp4,20864,straight,False,,2026-05-02T14:34:12
V12.mp4,20870,uppercut,False,,2026-05-02T14:34:13
V12.mp4,20929,straight,False,,2026-05-02T14:34:19
V12.mp4,20934,straight,False,,2026-05-02T14:34:20
V12.mp4,20941,uppercut,False,,2026-05-02T14:34:24
V12.mp4,20999,straight,False,,2026-05-02T14:34:34
V12.mp4,21005,straight,False,,2026-05-02T14:34:35
V12.mp4,21010,uppercut,False,,2026-05-02T14:34:37
V12.mp4,21067,straight,False,,2026-05-02T14:34:44
V12.mp4,21075,straight,False,,2026-05-02T14:34:47
V12.mp4,21085,uppercut,False,,2026-05-02T14:34:49
V12.mp4,21134,straight,False,,2026-05-02T14:34:55
V12.mp4,21140,straight,False,,2026-05-02T14:34:56
V12.mp4,21145,uppercut,False,,2026-05-02T14:34:58
V12.mp4,21261,straight,False,,2026-05-02T14:35:09
V12.mp4,21265,straight,False,,2026-05-02T14:35:10
V12.mp4,21270,uppercut,False,,2026-05-02T14:35:11
V12.mp4,21335,straight,False,,2026-05-02T14:35:17
V12.mp4,21340,straight,False,,2026-05-02T14:35:19
V12.mp4,21346,uppercut,False,,2026-05-02T14:35:20
V12.mp4,21410,straight,False,,2026-05-02T14:35:27
V12.mp4,21415,straight,False,,2026-05-02T14:35:28
V12.mp4,21422,uppercut,False,,2026-05-02T14:35:34
V12.mp4,21488,straight,False,,2026-05-02T14:35:40
V12.mp4,21493,straight,False,,2026-05-02T14:35:41
V12.mp4,21500,uppercut,False,,2026-05-02T14:35:44
V12.mp4,21555,straight,False,,2026-05-02T14:35:50
V12.mp4,21563,straight,False,,2026-05-02T14:35:51
V12.mp4,21573,straight,False,,2026-05-02T14:35:53
V12.mp4,21715,none,False,,2026-05-02T14:36:08
V12.mp4,21716,none,False,,2026-05-02T14:36:09
V12.mp4,21717,none,False,,2026-05-02T14:36:09
V12.mp4,22184,straight,False,,2026-05-02T14:37:10
V12.mp4,22190,straight,False,,2026-05-02T14:37:12
V12.mp4,22204,straight,False,,2026-05-02T14:37:14
V12.mp4,22219,straight,False,,2026-05-02T14:37:17
V12.mp4,22224,straight,False,,2026-05-02T14:37:18
V12.mp4,22229,uppercut,False,,2026-05-02T14:37:19
V12.mp4,22256,straight,False,,2026-05-02T14:37:23
V12.mp4,22262,straight,False,,2026-05-02T14:37:25
V12.mp4,22268,straight,False,,2026-05-02T14:37:27
V12.mp4,22287,straight,False,,2026-05-02T14:37:29
V12.mp4,22291,straight,False,,2026-05-02T14:37:31
V12.mp4,22298,uppercut,False,,2026-05-02T14:37:35
V12.mp4,22332,straight,False,,2026-05-02T14:37:38
V12.mp4,22348,straight,False,,2026-05-02T14:37:42
V12.mp4,22356,straight,False,,2026-05-02T14:37:44
V12.mp4,22415,straight,False,,2026-05-02T14:37:50
V12.mp4,22420,straight,False,,2026-05-02T14:37:51
V12.mp4,22426,uppercut,False,,2026-05-02T14:37:52
V12.mp4,22488,straight,False,,2026-05-02T14:37:59
V12.mp4,22494,straight,False,,2026-05-02T14:38:01
V12.mp4,22506,straight,False,,2026-05-02T14:38:06
V12.mp4,22545,straight,False,,2026-05-02T14:38:13
V12.mp4,22550,straight,False,,2026-05-02T14:38:14
V12.mp4,22556,uppercut,False,,2026-05-02T14:38:16
V12.mp4,22615,straight,False,,2026-05-02T14:38:23
V12.mp4,22620,straight,False,,2026-05-02T14:38:24
V12.mp4,22626,uppercut,False,,2026-05-02T14:38:26
V12.mp4,22711,straight,False,,2026-05-02T14:38:42
V12.mp4,22716,straight,False,,2026-05-02T14:38:43
V12.mp4,22722,uppercut,False,,2026-05-02T14:38:45
V12.mp4,22777,straight,False,,2026-05-02T14:38:51
V12.mp4,22782,straight,False,,2026-05-02T14:38:54
V12.mp4,22790,straight,False,,2026-05-02T14:38:57
V12.mp4,22833,straight,False,,2026-05-02T14:39:01
V12.mp4,22839,straight,False,,2026-05-02T14:39:03
V12.mp4,22846,uppercut,False,,2026-05-02T14:39:04
V12.mp4,22884,straight,False,,2026-05-02T14:39:08
V12.mp4,22890,straight,False,,2026-05-02T14:39:10
V12.mp4,22897,straight,False,,2026-05-02T14:39:11
V12.mp4,22959,straight,False,,2026-05-02T14:39:18
V12.mp4,22964,straight,False,,2026-05-02T14:39:19
V12.mp4,22969,uppercut,False,,2026-05-02T14:39:21
V12.mp4,23000,straight,False,,2026-05-02T14:39:24
V12.mp4,23014,straight,False,,2026-05-02T14:39:27
V12.mp4,23019,straight,False,,2026-05-02T14:39:28
V12.mp4,23077,straight,False,,2026-05-02T14:39:34
V12.mp4,23082,straight,False,,2026-05-02T14:39:35
V12.mp4,23087,uppercut,False,,2026-05-02T14:39:37
V12.mp4,23120,straight,False,,2026-05-02T14:39:41
V12.mp4,23133,straight,False,,2026-05-02T14:39:46
V12.mp4,23138,straight,False,,2026-05-02T14:39:47
V12.mp4,23202,straight,False,,2026-05-02T14:39:54
V12.mp4,23207,straight,False,,2026-05-02T14:39:56
V12.mp4,23212,uppercut,False,,2026-05-02T14:39:57
V12.mp4,23254,straight,False,,2026-05-02T14:40:06
V12.mp4,23314,straight,False,,2026-05-02T14:40:12
V12.mp4,23321,straight,False,,2026-05-02T14:40:14
V12.mp4,23329,uppercut,False,,2026-05-02T14:40:16
V12.mp4,23361,straight,False,,2026-05-02T14:40:21
V12.mp4,23366,straight,False,,2026-05-02T14:40:23
V12.mp4,23385,straight,False,,2026-05-02T14:40:26
V12.mp4,23442,straight,False,,2026-05-02T14:40:33
V12.mp4,23450,uppercut,False,,2026-05-02T14:40:36
V12.mp4,23477,straight,False,,2026-05-02T14:40:41
V12.mp4,23482,straight,False,,2026-05-02T14:40:43
V12.mp4,23488,straight,False,,2026-05-02T14:40:45
V12.mp4,23500,straight,False,,2026-05-02T14:40:47
V12.mp4,23506,straight,False,,2026-05-02T14:40:49
V12.mp4,23512,uppercut,False,,2026-05-02T14:40:51
V12.mp4,23540,straight,False,,2026-05-02T14:40:55
V12.mp4,23544,straight,False,,2026-05-02T14:40:56
V12.mp4,23549,straight,False,,2026-05-02T14:40:58
V12.mp4,23559,straight,False,,2026-05-02T14:41:00
V12.mp4,23566,straight,False,,2026-05-02T14:41:02
V9.mp4,399,straight,False,,2026-05-02T14:47:47
V9.mp4,431,straight,False,,2026-05-02T14:47:51
V9.mp4,458,straight,False,,2026-05-02T14:47:55
V9.mp4,466,straight,False,,2026-05-02T14:47:57
V9.mp4,495,straight,False,,2026-05-02T14:48:01
V9.mp4,502,straight,False,,2026-05-02T14:48:05
V9.mp4,529,straight,False,,2026-05-02T14:48:08
V9.mp4,563,straight,False,,2026-05-02T14:48:12
V9.mp4,595,straight,False,,2026-05-02T14:48:17
V9.mp4,628,straight,False,,2026-05-02T14:48:21
V9.mp4,658,straight,False,,2026-05-02T14:48:24
V9.mp4,687,straight,False,,2026-05-02T14:48:27
V9.mp4,718,straight,False,,2026-05-02T14:48:34
V9.mp4,750,straight,False,,2026-05-02T14:48:37
V9.mp4,782,straight,False,,2026-05-02T14:48:40
V9.mp4,814,straight,False,,2026-05-02T14:48:44
V9.mp4,845,straight,False,,2026-05-02T14:48:48
V9.mp4,878,straight,False,,2026-05-02T14:48:51
V9.mp4,911,straight,False,,2026-05-02T14:48:56
V9.mp4,966,straight,False,,2026-05-02T14:49:01
V9.mp4,998,straight,False,,2026-05-02T14:49:05
V9.mp4,1103,straight,False,,2026-05-02T14:49:16
V9.mp4,1110,straight,False,,2026-05-02T14:49:18
V9.mp4,1143,straight,False,,2026-05-02T14:49:21
V9.mp4,1150,straight,False,,2026-05-02T14:49:23
V9.mp4,1177,straight,False,,2026-05-02T14:49:26
V9.mp4,1184,straight,False,,2026-05-02T14:49:29
V9.mp4,1213,straight,False,,2026-05-02T14:49:32
V9.mp4,1219,straight,False,,2026-05-02T14:49:33
V9.mp4,1252,straight,False,,2026-05-02T14:49:37
V9.mp4,1259,straight,False,,2026-05-02T14:49:38
V9.mp4,1291,straight,False,,2026-05-02T14:49:42
V9.mp4,1297,straight,False,,2026-05-02T14:49:43
V9.mp4,1331,straight,False,,2026-05-02T14:49:47
V9.mp4,1338,straight,False,,2026-05-02T14:49:48
V9.mp4,1592,straight,False,,2026-05-02T14:50:01
V9.mp4,1600,straight,False,,2026-05-02T14:50:03
V9.mp4,1622,straight,False,,2026-05-02T14:50:06
V9.mp4,1630,straight,False,,2026-05-02T14:50:08
V9.mp4,1652,straight,False,,2026-05-02T14:50:10
V9.mp4,1659,straight,False,,2026-05-02T14:50:12
V9.mp4,1687,straight,False,,2026-05-02T14:50:15
V9.mp4,1695,straight,False,,2026-05-02T14:50:17
V9.mp4,1728,straight,False,,2026-05-02T14:50:21
V9.mp4,1737,straight,False,,2026-05-02T14:50:23
V9.mp4,1772,straight,False,,2026-05-02T14:50:29
V9.mp4,1778,straight,False,,2026-05-02T14:50:31
V9.mp4,1822,straight,False,,2026-05-02T14:50:35
V9.mp4,1828,straight,False,,2026-05-02T14:50:36
V9.mp4,1868,straight,False,,2026-05-02T14:50:40
V9.mp4,1875,straight,False,,2026-05-02T14:50:42
V9.mp4,1919,straight,False,,2026-05-02T14:50:46
V9.mp4,1925,straight,False,,2026-05-02T14:50:48
V9.mp4,1973,straight,False,,2026-05-02T14:50:52
V9.mp4,1978,straight,False,,2026-05-02T14:50:54
V9.mp4,1988,hook,False,,2026-05-02T14:50:56
V9.mp4,2032,straight,False,,2026-05-02T14:51:00
V9.mp4,2040,straight,False,,2026-05-02T14:51:01
V9.mp4,2048,hook,False,,2026-05-02T14:51:04
V9.mp4,2083,straight,False,,2026-05-02T14:51:08
V9.mp4,2090,straight,False,,2026-05-02T14:51:10
V9.mp4,2098,hook,False,,2026-05-02T14:51:11
V9.mp4,2137,straight,False,,2026-05-02T14:51:15
V9.mp4,2144,straight,False,,2026-05-02T14:51:17
V9.mp4,2154,hook,False,,2026-05-02T14:51:19
V9.mp4,2187,straight,False,,2026-05-02T14:51:24
V9.mp4,2195,straight,False,,2026-05-02T14:51:26
V9.mp4,2204,hook,False,,2026-05-02T14:51:28
V9.mp4,2238,straight,False,,2026-05-02T14:51:31
V9.mp4,2246,straight,False,,2026-05-02T14:51:45
V9.mp4,2255,hook,False,,2026-05-02T14:51:47
V9.mp4,2286,straight,False,,2026-05-02T14:51:50
V9.mp4,2293,straight,False,,2026-05-02T14:51:51
V9.mp4,2302,hook,False,,2026-05-02T14:51:53
V9.mp4,2343,straight,False,,2026-05-02T14:52:27
V9.mp4,2349,straight,False,,2026-05-02T14:52:29
V9.mp4,2359,hook,False,,2026-05-02T14:52:31
V9.mp4,2399,straight,False,,2026-05-02T14:52:35
V9.mp4,2405,straight,False,,2026-05-02T14:52:36
V9.mp4,2417,hook,False,,2026-05-02T14:52:39
V9.mp4,2449,straight,False,,2026-05-02T14:52:42
V9.mp4,2455,straight,False,,2026-05-02T14:52:43
V9.mp4,2502,straight,False,,2026-05-02T14:52:49
V9.mp4,2510,straight,False,,2026-05-02T14:52:50
V9.mp4,2520,hook,False,,2026-05-02T14:52:56
V9.mp4,2529,hook,False,,2026-05-02T14:52:58
V9.mp4,2565,straight,False,,2026-05-02T14:53:02
V9.mp4,2572,straight,False,,2026-05-02T14:53:04
V9.mp4,2583,hook,False,,2026-05-02T14:53:05
V9.mp4,2591,hook,False,,2026-05-02T14:53:07
V9.mp4,2630,straight,False,,2026-05-02T14:53:11
V9.mp4,2637,straight,False,,2026-05-02T14:53:13
V9.mp4,2648,hook,False,,2026-05-02T14:53:16
V9.mp4,2655,hook,False,,2026-05-02T14:53:17
V9.mp4,2678,straight,False,,2026-05-02T14:53:20
V9.mp4,2693,straight,False,,2026-05-02T14:53:22
V9.mp4,2700,straight,False,,2026-05-02T14:53:24
V9.mp4,2710,hook,False,,2026-05-02T14:53:25
V9.mp4,2719,hook,False,,2026-05-02T14:53:27
V9.mp4,2769,straight,False,,2026-05-02T14:53:34
V9.mp4,2778,straight,False,,2026-05-02T14:53:36
V9.mp4,2787,hook,False,,2026-05-02T14:53:38
V9.mp4,2795,hook,False,,2026-05-02T14:53:39
V9.mp4,2804,hook,False,,2026-05-02T14:53:42
V9.mp4,2846,straight,False,,2026-05-02T14:53:47
V9.mp4,2854,straight,False,,2026-05-02T14:53:49
V9.mp4,2864,hook,False,,2026-05-02T14:53:51
V9.mp4,2872,hook,False,,2026-05-02T14:53:52
V9.mp4,2881,uppercut,False,,2026-05-02T14:53:54
V9.mp4,2919,straight,False,,2026-05-02T14:53:58
V9.mp4,2928,straight,False,,2026-05-02T14:54:00
V9.mp4,2938,hook,False,,2026-05-02T14:54:02
V9.mp4,2946,hook,False,,2026-05-02T14:54:03
V9.mp4,2955,uppercut,False,,2026-05-02T14:54:05
V9.mp4,2997,straight,False,,2026-05-02T14:54:10
V9.mp4,3006,straight,False,,2026-05-02T14:54:12
V9.mp4,3017,hook,False,,2026-05-02T14:54:14
V9.mp4,3025,hook,False,,2026-05-02T14:54:16
V9.mp4,3035,uppercut,False,,2026-05-02T14:54:18
V9.mp4,3076,straight,False,,2026-05-02T14:54:22
V9.mp4,3085,straight,False,,2026-05-02T14:54:24
V9.mp4,3093,hook,False,,2026-05-02T14:54:26
V9.mp4,3101,hook,False,,2026-05-02T14:54:27
V9.mp4,3110,uppercut,False,,2026-05-02T14:54:29
V9.mp4,3153,straight,False,,2026-05-02T14:54:33
V9.mp4,3160,straight,False,,2026-05-02T14:54:35
V9.mp4,3171,hook,False,,2026-05-02T14:54:36
V9.mp4,3178,hook,False,,2026-05-02T14:54:38
V9.mp4,3187,uppercut,False,,2026-05-02T14:54:39
V9.mp4,3196,uppercut,False,,2026-05-02T14:54:40
V9.mp4,3247,straight,False,,2026-05-02T14:54:46
V9.mp4,3255,straight,False,,2026-05-02T14:54:47
V9.mp4,3265,hook,False,,2026-05-02T14:54:49
V9.mp4,3274,hook,False,,2026-05-02T14:54:50
V9.mp4,3283,uppercut,False,,2026-05-02T14:54:53
V9.mp4,3290,uppercut,False,,2026-05-02T14:54:55
V9.mp4,3355,straight,False,,2026-05-02T14:55:01
V9.mp4,3377,straight,False,,2026-05-02T14:55:03
V9.mp4,3411,straight,False,,2026-05-02T14:55:08
V9.mp4,3450,hook,False,,2026-05-02T14:55:12
V9.mp4,3488,hook,False,,2026-05-02T14:55:16
V9.mp4,3524,uppercut,False,,2026-05-02T14:55:40
V9.mp4,3561,uppercut,False,,2026-05-02T14:55:44
V9.mp4,3622,straight,False,,2026-05-02T14:55:54
V9.mp4,3654,straight,False,,2026-05-02T14:55:57
V9.mp4,3689,hook,False,,2026-05-02T14:56:01
V9.mp4,3725,hook,False,,2026-05-02T14:56:06
V9.mp4,3759,uppercut,False,,2026-05-02T14:56:10
V9.mp4,3791,uppercut,False,,2026-05-02T14:56:14
V9.mp4,3910,straight,False,,2026-05-02T14:56:33
V9.mp4,3917,straight,False,,2026-05-02T14:56:35
V9.mp4,3993,hook,False,,2026-05-02T14:56:42
V9.mp4,4003,straight,False,,2026-05-02T14:56:45
V9.mp4,4064,straight,False,,2026-05-02T14:56:50
V9.mp4,4072,straight,False,,2026-05-02T14:56:52
V9.mp4,4081,hook,False,,2026-05-02T14:56:53
V9.mp4,4199,straight,False,,2026-05-02T14:57:07
V9.mp4,4206,straight,False,,2026-05-02T14:57:09
V9.mp4,4216,hook,False,,2026-05-02T14:57:12
V9.mp4,4228,hook,False,,2026-05-02T14:57:14
V9.mp4,4312,straight,False,,2026-05-02T14:57:22
V9.mp4,4320,straight,False,,2026-05-02T14:57:24
V9.mp4,4330,hook,False,,2026-05-02T14:57:25
V9.mp4,4342,hook,False,,2026-05-02T14:57:27
V9.mp4,4352,uppercut,False,,2026-05-02T14:57:29
V9.mp4,4414,straight,False,,2026-05-02T14:57:35
V9.mp4,4423,straight,False,,2026-05-02T14:57:36
V9.mp4,4433,hook,False,,2026-05-02T14:57:38
V9.mp4,4445,hook,False,,2026-05-02T14:57:40
V9.mp4,4455,uppercut,False,,2026-05-02T14:57:42
V9.mp4,4465,uppercut,False,,2026-05-02T14:57:44
V9.mp4,4503,straight,False,,2026-05-02T14:57:49
V9.mp4,4512,straight,False,,2026-05-02T14:57:51
V9.mp4,4523,hook,False,,2026-05-02T14:57:59
V9.mp4,4535,hook,False,,2026-05-02T14:58:00
V9.mp4,4544,uppercut,False,,2026-05-02T14:58:02
V9.mp4,4555,uppercut,False,,2026-05-02T14:58:04
V9.mp4,5830,straight,False,,2026-05-02T14:58:31
V9.mp4,5838,straight,False,,2026-05-02T14:58:32
V9.mp4,5870,straight,False,,2026-05-02T14:58:36
V9.mp4,5877,straight,False,,2026-05-02T14:58:38
V9.mp4,5910,straight,False,,2026-05-02T14:58:42
V9.mp4,5918,straight,False,,2026-05-02T14:58:43
V9.mp4,5952,straight,False,,2026-05-02T14:58:47
V9.mp4,5959,straight,False,,2026-05-02T14:58:48
V9.mp4,5991,straight,False,,2026-05-02T14:58:53
V9.mp4,5998,straight,False,,2026-05-02T14:58:54
V9.mp4,6035,straight,False,,2026-05-02T14:58:59
V9.mp4,6042,straight,False,,2026-05-02T14:59:01
V9.mp4,6079,straight,False,,2026-05-02T14:59:05
V9.mp4,6086,straight,False,,2026-05-02T14:59:06
V9.mp4,6123,straight,False,,2026-05-02T14:59:10
V9.mp4,6131,straight,False,,2026-05-02T14:59:11
V9.mp4,6164,straight,False,,2026-05-02T14:59:16
V9.mp4,6171,straight,False,,2026-05-02T14:59:18
V9.mp4,6207,straight,False,,2026-05-02T14:59:22
V9.mp4,6215,straight,False,,2026-05-02T14:59:24
V9.mp4,6251,straight,False,,2026-05-02T14:59:28
V9.mp4,6258,straight,False,,2026-05-02T14:59:29
V9.mp4,6297,straight,False,,2026-05-02T14:59:33
V9.mp4,6304,straight,False,,2026-05-02T14:59:35
V9.mp4,6338,straight,False,,2026-05-02T14:59:38
V9.mp4,6346,straight,False,,2026-05-02T14:59:40
V9.mp4,6384,straight,False,,2026-05-02T14:59:43
V9.mp4,6391,straight,False,,2026-05-02T14:59:45
V9.mp4,6431,straight,False,,2026-05-02T14:59:49
V9.mp4,6438,straight,False,,2026-05-02T14:59:50
V9.mp4,6476,straight,False,,2026-05-02T14:59:54
V9.mp4,6483,straight,False,,2026-05-02T14:59:55
V9.mp4,6526,straight,False,,2026-05-02T15:00:00
V9.mp4,6535,straight,False,,2026-05-02T15:00:02
V9.mp4,6575,straight,False,,2026-05-02T15:00:35
V9.mp4,6583,straight,False,,2026-05-02T15:00:36
V9.mp4,6624,straight,False,,2026-05-02T15:00:40
V9.mp4,6630,straight,False,,2026-05-02T15:00:42
V9.mp4,6673,straight,False,,2026-05-02T15:00:47
V9.mp4,6682,straight,False,,2026-05-02T15:00:48
V9.mp4,6722,straight,False,,2026-05-02T15:00:53
V9.mp4,6730,straight,False,,2026-05-02T15:00:55
V9.mp4,6773,straight,False,,2026-05-02T15:00:59
V9.mp4,6780,straight,False,,2026-05-02T15:01:00
V9.mp4,6823,straight,False,,2026-05-02T15:01:05
V9.mp4,6831,straight,False,,2026-05-02T15:01:06
V9.mp4,6872,straight,False,,2026-05-02T15:01:10
V9.mp4,6879,straight,False,,2026-05-02T15:01:12
V9.mp4,6922,straight,False,,2026-05-02T15:01:16
V9.mp4,6929,straight,False,,2026-05-02T15:01:18
V9.mp4,6971,straight,False,,2026-05-02T15:01:22
V9.mp4,6978,straight,False,,2026-05-02T15:01:23
V9.mp4,7009,straight,False,,2026-05-02T15:01:27
V9.mp4,7046,straight,False,,2026-05-02T15:01:30
V9.mp4,7055,straight,False,,2026-05-02T15:01:33
V9.mp4,7091,straight,False,,2026-05-02T15:01:37
V9.mp4,7144,straight,False,,2026-05-02T15:01:42
V9.mp4,7178,straight,False,,2026-05-02T15:01:45
V9.mp4,7218,straight,False,,2026-05-02T15:01:50
V9.mp4,7227,straight,False,,2026-05-02T15:01:52
V9.mp4,7264,straight,False,,2026-05-02T15:01:56
V9.mp4,7274,straight,False,,2026-05-02T15:01:57
V9.mp4,7309,straight,False,,2026-05-02T15:02:01
V9.mp4,7346,straight,False,,2026-05-02T15:02:04
V9.mp4,7385,straight,False,,2026-05-02T15:02:08
V9.mp4,7473,straight,False,,2026-05-02T15:02:18
V9.mp4,7480,straight,False,,2026-05-02T15:02:20
V9.mp4,7532,straight,False,,2026-05-02T15:02:25
V9.mp4,7538,straight,False,,2026-05-02T15:02:27
V9.mp4,7581,straight,False,,2026-05-02T15:02:31
V9.mp4,7589,straight,False,,2026-05-02T15:02:32
V9.mp4,7631,straight,False,,2026-05-02T15:02:37
V9.mp4,7638,straight,False,,2026-05-02T15:02:41
V9.mp4,7688,straight,False,,2026-05-02T15:02:46
V9.mp4,7696,straight,False,,2026-05-02T15:02:48
V9.mp4,7737,straight,False,,2026-05-02T15:02:52
V9.mp4,7745,straight,False,,2026-05-02T15:02:55
V9.mp4,7801,straight,False,,2026-05-02T15:03:05
V9.mp4,7808,straight,False,,2026-05-02T15:03:06
V9.mp4,7911,hook,False,,2026-05-02T15:03:17
V9.mp4,7920,hook,False,,2026-05-02T15:03:19
V9.mp4,7973,hook,False,,2026-05-02T15:03:24
V9.mp4,7980,hook,False,,2026-05-02T15:03:25
V9.mp4,8038,hook,False,,2026-05-02T15:03:30
V9.mp4,8047,hook,False,,2026-05-02T15:03:32
V9.mp4,8097,hook,False,,2026-05-02T15:03:37
V9.mp4,8104,hook,False,,2026-05-02T15:03:38
V9.mp4,8164,hook,False,,2026-05-02T15:03:44
V9.mp4,8174,hook,False,,2026-05-02T15:03:46
V9.mp4,8228,hook,False,,2026-05-02T15:03:51
V9.mp4,8227,hook,False,,2026-05-02T15:03:51
V9.mp4,8227,hook,False,,2026-05-02T15:03:56
V9.mp4,8234,hook,False,,2026-05-02T15:03:58
V9.mp4,8305,hook,False,,2026-05-02T15:04:04
V9.mp4,8316,hook,False,,2026-05-02T15:04:06
V9.mp4,8356,hook,False,,2026-05-02T15:04:10
V9.mp4,8363,hook,False,,2026-05-02T15:04:12
V9.mp4,8448,hook,False,,2026-05-02T15:04:20
V9.mp4,8457,hook,False,,2026-05-02T15:04:22
V9.mp4,8501,hook,False,,2026-05-02T15:04:26
V9.mp4,8510,hook,False,,2026-05-02T15:04:28
V9.mp4,8606,straight,False,,2026-05-02T15:04:40
V9.mp4,8612,straight,False,,2026-05-02T15:04:42
V9.mp4,8619,hook,False,,2026-05-02T15:04:44
V9.mp4,8627,hook,False,,2026-05-02T15:04:45
V9.mp4,8699,straight,False,,2026-05-02T15:04:53
V9.mp4,8705,straight,False,,2026-05-02T15:04:54
V9.mp4,8715,hook,False,,2026-05-02T15:04:55
V9.mp4,8723,hook,False,,2026-05-02T15:04:57
V9.mp4,8784,straight,False,,2026-05-02T15:05:04
V9.mp4,8790,straight,False,,2026-05-02T15:05:05
V9.mp4,8801,hook,False,,2026-05-02T15:05:06
V9.mp4,8808,hook,False,,2026-05-02T15:05:08
V9.mp4,8873,straight,False,,2026-05-02T15:05:14
V9.mp4,8880,straight,False,,2026-05-02T15:05:16
V9.mp4,8888,hook,False,,2026-05-02T15:05:18
V9.mp4,8896,hook,False,,2026-05-02T15:05:20
V9.mp4,8962,straight,False,,2026-05-02T15:05:26
V9.mp4,8968,straight,False,,2026-05-02T15:05:27
V9.mp4,8980,hook,False,,2026-05-02T15:05:29
V9.mp4,8987,hook,False,,2026-05-02T15:05:31
V9.mp4,9033,straight,False,,2026-05-02T15:05:35
V9.mp4,9041,straight,False,,2026-05-02T15:05:40
V9.mp4,9051,hook,False,,2026-05-02T15:05:42
V9.mp4,9058,hook,False,,2026-05-02T15:05:43
V9.mp4,9119,straight,False,,2026-05-02T15:05:49
V9.mp4,9126,straight,False,,2026-05-02T15:05:50
V9.mp4,9137,hook,False,,2026-05-02T15:05:52
V9.mp4,9144,hook,False,,2026-05-02T15:05:53
V9.mp4,9199,straight,False,,2026-05-02T15:05:59
V9.mp4,9207,straight,False,,2026-05-02T15:06:00
V9.mp4,9217,hook,False,,2026-05-02T15:06:02
V9.mp4,9225,hook,False,,2026-05-02T15:06:03
V9.mp4,10268,uppercut,False,,2026-05-02T15:06:40
V9.mp4,10274,straight,False,,2026-05-02T15:06:42
V9.mp4,10387,uppercut,False,,2026-05-02T15:06:53
V9.mp4,10393,straight,False,,2026-05-02T15:06:54
V9.mp4,10476,uppercut,False,,2026-05-02T15:07:02
V9.mp4,10483,straight,False,,2026-05-02T15:07:04
V9.mp4,10561,uppercut,False,,2026-05-02T15:07:12
V9.mp4,10567,straight,False,,2026-05-02T15:07:16
V9.mp4,10634,uppercut,False,,2026-05-02T15:07:22
V9.mp4,10640,straight,False,,2026-05-02T15:07:24
V9.mp4,10703,uppercut,False,,2026-05-02T15:07:30
V9.mp4,10710,straight,False,,2026-05-02T15:07:32
V9.mp4,10802,uppercut,False,,2026-05-02T15:07:41
V9.mp4,10808,straight,False,,2026-05-02T15:07:43
V9.mp4,10867,uppercut,False,,2026-05-02T15:07:48
V9.mp4,10872,straight,False,,2026-05-02T15:07:49
V9.mp4,10913,uppercut,False,,2026-05-02T15:07:53
V9.mp4,10919,straight,False,,2026-05-02T15:07:55
V9.mp4,10981,straight,False,,2026-05-02T15:08:04
V9.mp4,11030,uppercut,False,,2026-05-02T15:08:10
V9.mp4,11035,straight,False,,2026-05-02T15:08:14
V9.mp4,11079,uppercut,False,,2026-05-02T15:08:19
V9.mp4,11085,straight,False,,2026-05-02T15:08:20
V9.mp4,11187,uppercut,False,,2026-05-02T15:08:39
V9.mp4,11195,straight,False,,2026-05-02T15:08:40
V9.mp4,11270,uppercut,False,,2026-05-02T15:08:49
V9.mp4,11277,straight,False,,2026-05-02T15:08:54
V9.mp4,11355,uppercut,False,,2026-05-02T15:09:05
V9.mp4,11361,straight,False,,2026-05-02T15:09:08
V9.mp4,11441,uppercut,False,,2026-05-02T15:09:16
V9.mp4,11448,straight,False,,2026-05-02T15:09:17
V9.mp4,11514,uppercut,False,,2026-05-02T15:09:27
V9.mp4,11520,straight,False,,2026-05-02T15:09:31
V9.mp4,11577,uppercut,False,,2026-05-02T15:09:39
V9.mp4,11583,straight,False,,2026-05-02T15:09:42
V9.mp4,11733,uppercut,False,,2026-05-02T15:10:02
V9.mp4,11739,straight,False,,2026-05-02T15:10:03
V9.mp4,11828,uppercut,False,,2026-05-02T15:10:12
V9.mp4,11834,straight,False,,2026-05-02T15:10:13
V9.mp4,11863,uppercut,False,,2026-05-02T15:10:17
V9.mp4,11870,straight,False,,2026-05-02T15:10:18
V9.mp4,11947,uppercut,False,,2026-05-02T15:10:29
V9.mp4,11976,uppercut,False,,2026-05-02T15:10:34
V9.mp4,11983,straight,False,,2026-05-02T15:10:35
V9.mp4,12079,uppercut,False,,2026-05-02T15:10:45
V9.mp4,12085,straight,False,,2026-05-02T15:10:47
V9.mp4,12116,uppercut,False,,2026-05-02T15:10:52
V9.mp4,12122,straight,False,,2026-05-02T15:10:54
V9.mp4,12187,uppercut,False,,2026-05-02T15:11:18
V9.mp4,12192,straight,False,,2026-05-02T15:11:20
V9.mp4,12291,uppercut,False,,2026-05-02T15:11:31
V9.mp4,12297,straight,False,,2026-05-02T15:11:32
V9.mp4,12343,uppercut,False,,2026-05-02T15:11:37
V9.mp4,12349,straight,False,,2026-05-02T15:11:42
V9.mp4,12402,uppercut,False,,2026-05-02T15:11:47
V9.mp4,12407,straight,False,,2026-05-02T15:11:49
V9.mp4,12455,uppercut,False,,2026-05-02T15:11:55
V9.mp4,12461,straight,False,,2026-05-02T15:11:56
V9.mp4,13147,straight,False,,2026-05-02T15:12:24
V9.mp4,13154,straight,False,,2026-05-02T15:12:26
V9.mp4,13186,straight,False,,2026-05-02T15:12:29
V9.mp4,13186,hook,False,,2026-05-02T15:14:45
V9.mp4,13196,hook,False,,2026-05-02T15:14:50
V9.mp4,13241,straight,False,,2026-05-02T15:14:56
V9.mp4,13264,straight,False,,2026-05-02T15:15:00
V9.mp4,13276,hook,False,,2026-05-02T15:15:04
V9.mp4,13328,straight,False,,2026-05-02T15:15:10
V9.mp4,13334,straight,False,,2026-05-02T15:15:11
V9.mp4,13366,straight,False,,2026-05-02T15:15:14
V9.mp4,13377,hook,False,,2026-05-02T15:15:17
V9.mp4,13445,straight,False,,2026-05-02T15:19:00
V9.mp4,13452,straight,False,,2026-05-02T15:19:01
V9.mp4,13479,straight,False,,2026-05-02T15:19:05
V9.mp4,13488,hook,False,,2026-05-02T15:19:07
V9.mp4,13549,straight,False,,2026-05-02T15:19:18
V9.mp4,13556,straight,False,,2026-05-02T15:19:19
V9.mp4,13596,straight,False,,2026-05-02T15:19:23
V9.mp4,13608,hook,False,,2026-05-02T15:19:26
V9.mp4,13667,straight,False,,2026-05-02T15:19:35
V9.mp4,13674,straight,False,,2026-05-02T15:19:36
V9.mp4,13715,straight,False,,2026-05-02T15:19:40
V9.mp4,13723,hook,False,,2026-05-02T15:19:42
V9.mp4,13774,straight,False,,2026-05-02T15:19:47
V9.mp4,13779,straight,False,,2026-05-02T15:19:59
V9.mp4,13812,straight,False,,2026-05-02T15:20:02
V9.mp4,13824,hook,False,,2026-05-02T15:20:05
V9.mp4,13880,straight,False,,2026-05-02T15:20:11
V9.mp4,13887,straight,False,,2026-05-02T15:20:12
V9.mp4,13919,straight,False,,2026-05-02T15:20:16
V9.mp4,13932,hook,False,,2026-05-02T15:21:17
V9.mp4,13969,straight,False,,2026-05-02T15:21:21
V9.mp4,13977,straight,False,,2026-05-02T15:21:23
V9.mp4,14007,straight,False,,2026-05-02T15:21:26
V9.mp4,14017,hook,False,,2026-05-02T15:21:29
V9.mp4,14074,straight,False,,2026-05-02T15:21:35
V9.mp4,14080,straight,False,,2026-05-02T15:21:36
V9.mp4,14123,straight,False,,2026-05-02T15:21:41
V9.mp4,14134,hook,False,,2026-05-02T15:21:43
V9.mp4,14187,straight,False,,2026-05-02T15:21:48
V9.mp4,14193,straight,False,,2026-05-02T15:21:49
V9.mp4,14227,straight,False,,2026-05-02T15:21:53
V9.mp4,14238,hook,False,,2026-05-02T15:21:55
V9.mp4,14291,straight,False,,2026-05-02T15:22:01
V9.mp4,14298,straight,False,,2026-05-02T15:22:03
V9.mp4,14337,straight,False,,2026-05-02T15:22:08
V9.mp4,14349,hook,False,,2026-05-02T15:22:10
V9.mp4,14616,straight,False,,2026-05-02T15:22:38
V9.mp4,14623,straight,False,,2026-05-02T15:22:40
V9.mp4,14670,straight,False,,2026-05-02T15:22:47
V9.mp4,14676,straight,False,,2026-05-02T15:22:49
V9.mp4,14721,straight,False,,2026-05-02T15:22:53
V9.mp4,14726,straight,False,,2026-05-02T15:22:55
V9.mp4,14767,straight,False,,2026-05-02T15:23:02
V9.mp4,14775,hook,False,,2026-05-02T15:23:04
V9.mp4,14826,uppercut,False,,2026-05-02T15:23:17
V9.mp4,14871,uppercut,False,,2026-05-02T15:23:22
V9.mp4,14878,uppercut,False,,2026-05-02T15:23:24
V9.mp4,14921,uppercut,False,,2026-05-02T15:23:29
V9.mp4,14931,hook,False,,2026-05-02T15:23:32
V9.mp4,14978,hook,False,,2026-05-02T15:23:39
V9.mp4,14985,uppercut,False,,2026-05-02T15:23:41
V9.mp4,15028,straight,False,,2026-05-02T15:23:48
V9.mp4,15036,hook,False,,2026-05-02T15:23:50
V9.mp4,15086,straight,False,,2026-05-02T15:23:55
V9.mp4,15100,uppercut,False,,2026-05-02T15:24:00
V9.mp4,15150,straight,False,,2026-05-02T15:24:06
V9.mp4,15156,hook,False,,2026-05-02T15:24:11
V9.mp4,15204,hook,False,,2026-05-02T15:24:17
V9.mp4,15211,hook,False,,2026-05-02T15:24:18
V9.mp4,15257,uppercut,False,,2026-05-02T15:24:30
V9.mp4,15266,hook,False,,2026-05-02T15:24:32
V9.mp4,15993,none,False,,2026-05-02T15:25:01
V9.mp4,15994,none,False,,2026-05-02T15:25:01
V9.mp4,15995,none,False,,2026-05-02T15:25:02
V9.mp4,15996,none,False,,2026-05-02T15:25:02
V9.mp4,15997,none,False,,2026-05-02T15:25:02
V9.mp4,15998,none,False,,2026-05-02T15:25:02
V9.mp4,16000,none,False,,2026-05-02T15:25:02
V9.mp4,16001,none,False,,2026-05-02T15:25:03
V9.mp4,16002,none,False,,2026-05-02T15:25:03
V9.mp4,16003,none,False,,2026-05-02T15:25:03
V9.mp4,16004,none,False,,2026-05-02T15:25:03
V9.mp4,16005,none,False,,2026-05-02T15:25:03
V9.mp4,16006,none,False,,2026-05-02T15:25:04
V9.mp4,16007,none,False,,2026-05-02T15:25:04
V9.mp4,16008,none,False,,2026-05-02T15:25:04
V9.mp4,16009,none,False,,2026-05-02T15:25:04
V9.mp4,16010,none,False,,2026-05-02T15:25:05
V9.mp4,16011,none,False,,2026-05-02T15:25:05
V9.mp4,16012,none,False,,2026-05-02T15:25:05
V9.mp4,16013,none,False,,2026-05-02T15:25:05
V9.mp4,16014,none,False,,2026-05-02T15:25:05
V9.mp4,16015,none,False,,2026-05-02T15:25:06
V9.mp4,16016,none,False,,2026-05-02T15:25:06
V9.mp4,16017,none,False,,2026-05-02T15:25:06
V9.mp4,16018,none,False,,2026-05-02T15:25:06
V9.mp4,16019,none,False,,2026-05-02T15:25:07
V9.mp4,16021,none,False,,2026-05-02T15:25:07
V9.mp4,16022,none,False,,2026-05-02T15:25:07
V9.mp4,16023,none,False,,2026-05-02T15:25:07
V9.mp4,16024,none,False,,2026-05-02T15:25:08
V9.mp4,16025,none,False,,2026-05-02T15:25:08
V9.mp4,16026,none,False,,2026-05-02T15:25:08
V9.mp4,16027,none,False,,2026-05-02T15:25:08
V9.mp4,16028,none,False,,2026-05-02T15:25:09
V9.mp4,16029,none,False,,2026-05-02T15:25:09
V9.mp4,16030,none,False,,2026-05-02T15:25:09
V9.mp4,16031,none,False,,2026-05-02T15:25:09
V9.mp4,16032,none,False,,2026-05-02T15:25:09
V9.mp4,16033,none,False,,2026-05-02T15:25:10
V9.mp4,16034,none,False,,2026-05-02T15:25:10
V9.mp4,16035,none,False,,2026-05-02T15:25:10
V9.mp4,16036,none,False,,2026-05-02T15:25:10
V9.mp4,16037,none,False,,2026-05-02T15:25:11
V9.mp4,16038,none,False,,2026-05-02T15:25:11
V9.mp4,16039,none,False,,2026-05-02T15:25:11
V9.mp4,16040,none,False,,2026-05-02T15:25:11
V9.mp4,16041,none,False,,2026-05-02T15:25:12
V9.mp4,16043,none,False,,2026-05-02T15:25:12
V9.mp4,16044,none,False,,2026-05-02T15:25:12
V9.mp4,16045,none,False,,2026-05-02T15:25:13
V9.mp4,16046,none,False,,2026-05-02T15:25:13
V9.mp4,16047,none,False,,2026-05-02T15:25:13
V9.mp4,16048,none,False,,2026-05-02T15:25:13
V9.mp4,16049,none,False,,2026-05-02T15:25:13
V9.mp4,16050,none,False,,2026-05-02T15:25:14
V9.mp4,16051,none,False,,2026-05-02T15:25:14
V9.mp4,16052,none,False,,2026-05-02T15:25:14
V9.mp4,16053,none,False,,2026-05-02T15:25:14
V9.mp4,16054,none,False,,2026-05-02T15:25:15
V9.mp4,16055,none,False,,2026-05-02T15:25:15
V9.mp4,16056,none,False,,2026-05-02T15:25:15
V9.mp4,16057,none,False,,2026-05-02T15:25:15
V9.mp4,16058,none,False,,2026-05-02T15:25:16
V9.mp4,16059,none,False,,2026-05-02T15:25:16
V9.mp4,16060,none,False,,2026-05-02T15:25:16
V9.mp4,16061,none,False,,2026-05-02T15:25:16
V9.mp4,16062,none,False,,2026-05-02T15:25:17
V9.mp4,16063,none,False,,2026-05-02T15:25:17
V9.mp4,16064,none,False,,2026-05-02T15:25:17
V9.mp4,16065,none,False,,2026-05-02T15:25:17
V9.mp4,16066,none,False,,2026-05-02T15:25:18
V9.mp4,16066,none,False,,2026-05-02T15:25:18
V9.mp4,16067,none,False,,2026-05-02T15:25:18
V9.mp4,16068,none,False,,2026-05-02T15:25:18
V9.mp4,16069,none,False,,2026-05-02T15:25:18
V9.mp4,16070,none,False,,2026-05-02T15:25:19
V9.mp4,16071,none,False,,2026-05-02T15:25:19
V9.mp4,16072,none,False,,2026-05-02T15:25:19
V9.mp4,16073,none,False,,2026-05-02T15:25:19
V9.mp4,16074,none,False,,2026-05-02T15:25:20
V9.mp4,16079,none,False,,2026-05-02T15:25:23
V9.mp4,16080,none,False,,2026-05-02T15:25:23
V9.mp4,16081,none,False,,2026-05-02T15:25:24
V9.mp4,16082,none,False,,2026-05-02T15:25:24
V9.mp4,16083,none,False,,2026-05-02T15:25:24
V9.mp4,16084,none,False,,2026-05-02T15:25:24
V9.mp4,16085,none,False,,2026-05-02T15:25:25
V9.mp4,16086,none,False,,2026-05-02T15:25:25
V3.mp4,339,hook,False,,2026-05-04T20:53:51
V3.mp4,437,hook,False,,2026-05-04T20:54:05
V3.mp4,1836,none,False,,2026-05-04T20:55:19
V3.mp4,1877,none,False,,2026-05-04T20:55:30
V3.mp4,1959,straight,False,,2026-05-04T20:55:41
V3.mp4,1995,straight,False,,2026-05-04T20:55:47
V3.mp4,2030,hook,False,,2026-05-04T20:55:58
V3.mp4,2061,hook,False,,2026-05-04T20:56:11
V3.mp4,2058,hook,False,,2026-05-04T20:56:15
V3.mp4,2097,uppercut,False,,2026-05-04T20:56:28
V3.mp4,2128,uppercut,False,,2026-05-04T20:56:41
V3.mp4,4561,straight,False,,2026-05-04T20:57:44
V3.mp4,4603,straight,False,,2026-05-04T20:57:50
V3.mp4,4643,straight,False,,2026-05-04T20:58:04
V3.mp4,4686,straight,False,,2026-05-04T20:58:10
V3.mp4,4723,straight,False,,2026-05-04T20:58:15
V3.mp4,4759,straight,False,,2026-05-04T20:58:22
V3.mp4,4791,straight,False,,2026-05-04T20:58:28
V3.mp4,4826,straight,False,,2026-05-04T20:58:33
V3.mp4,4861,straight,False,,2026-05-04T20:58:38
V3.mp4,4892,straight,False,,2026-05-04T20:58:44
V3.mp4,4921,straight,False,,2026-05-04T20:58:48
V3.mp4,4980,straight,False,,2026-05-04T20:58:55
V3.mp4,5010,straight,False,,2026-05-04T20:59:02
V3.mp4,5043,straight,False,,2026-05-04T20:59:07
V3.mp4,5073,straight,False,,2026-05-04T20:59:15
V3.mp4,5131,straight,False,,2026-05-04T20:59:21
V3.mp4,5164,straight,False,,2026-05-04T20:59:26
V3.mp4,5195,straight,False,,2026-05-04T20:59:31
V3.mp4,5223,straight,False,,2026-05-04T20:59:38
V3.mp4,5250,uppercut,False,,2026-05-04T21:00:03
V3.mp4,5714,straight,False,,2026-05-04T21:00:38
V3.mp4,5728,straight,False,,2026-05-04T21:00:44
V3.mp4,5745,hook,False,,2026-05-04T21:00:58
V3.mp4,5781,straight,False,,2026-05-04T21:01:03
V3.mp4,5796,straight,False,,2026-05-04T21:01:07
V3.mp4,5806,hook,False,,2026-05-04T21:01:13
V3.mp4,5882,hook,False,,2026-05-04T21:01:26
V3.mp4,5905,hook,False,,2026-05-04T21:01:31
V3.mp4,5961,hook,False,,2026-05-04T21:01:42
V3.mp4,5981,hook,False,,2026-05-04T21:01:51
V3.mp4,6085,hook,False,,2026-05-04T21:02:21
V3.mp4,6144,uppercut,False,,2026-05-04T21:02:30
V3.mp4,6155,hook,False,,2026-05-04T21:02:47
V3.mp4,6683,straight,False,,2026-05-04T21:03:32
V3.mp4,6704,hook,False,,2026-05-04T21:03:46
V3.mp4,6727,straight,False,,2026-05-04T21:03:51
V3.mp4,6752,hook,False,,2026-05-04T21:03:56
V3.mp4,6779,straight,False,,2026-05-04T21:04:01
V3.mp4,6813,hook,False,,2026-05-04T21:04:08
V3.mp4,6871,hook,False,,2026-05-04T21:04:26
V3.mp4,6896,straight,False,,2026-05-04T21:04:41
V3.mp4,6917,hook,False,,2026-05-04T21:04:49
V3.mp4,6943,straight,False,,2026-05-04T21:05:00
V3.mp4,6962,hook,False,,2026-05-04T21:05:35
V3.mp4,7008,hook,False,,2026-05-04T21:05:43
V3.mp4,7050,hook,False,,2026-05-04T21:05:49
V3.mp4,7084,straight,False,,2026-05-04T21:05:59
V3.mp4,7094,hook,False,,2026-05-04T21:06:05
V3.mp4,7137,hook,False,,2026-05-04T21:06:13
V3.mp4,7167,straight,False,,2026-05-04T21:06:23
V3.mp4,7186,hook,False,,2026-05-04T21:06:27
V3.mp4,7228,hook,False,,2026-05-04T21:06:57
V3.mp4,7270,hook,False,,2026-05-04T21:07:05
V3.mp4,7315,hook,False,,2026-05-04T21:07:11
V3.mp4,7359,hook,False,,2026-05-04T21:07:17
V3.mp4,7400,hook,False,,2026-05-04T21:07:24
V3.mp4,7425,straight,False,,2026-05-04T21:07:30
V3.mp4,7439,hook,False,,2026-05-04T21:07:33
V3.mp4,7456,hook,False,,2026-05-04T21:07:37
V3.mp4,7483,straight,False,,2026-05-04T21:07:42
V3.mp4,7499,hook,False,,2026-05-04T21:07:45
V3.mp4,7515,hook,False,,2026-05-04T21:07:50
V3.mp4,7565,hook,False,,2026-05-04T21:07:58
V3.mp4,7581,hook,False,,2026-05-04T21:08:02
V3.mp4,7628,hook,False,,2026-05-04T21:08:11
V3.mp4,7645,hook,False,,2026-05-04T21:08:14
V3.mp4,7678,hook,False,,2026-05-04T21:08:39
V3.mp4,7694,hook,False,,2026-05-04T21:08:48
V3.mp4,7727,hook,False,,2026-05-04T21:09:01
V3.mp4,7742,hook,False,,2026-05-04T21:09:05
V3.mp4,7777,hook,False,,2026-05-04T21:09:10
V3.mp4,7792,hook,False,,2026-05-04T21:09:14
V3.mp4,7838,hook,False,,2026-05-04T21:09:22
V3.mp4,7852,hook,False,,2026-05-04T21:09:45
V3.mp4,7879,straight,False,,2026-05-04T21:09:50
V3.mp4,7889,hook,False,,2026-05-04T21:09:53
V3.mp4,7905,hook,False,,2026-05-04T21:09:58
V3.mp4,7927,straight,False,,2026-05-04T21:10:02
V3.mp4,7939,hook,False,,2026-05-04T21:10:06
V3.mp4,7954,hook,False,,2026-05-04T21:10:11
V3.mp4,8005,hook,False,,2026-05-04T21:10:31
V3.mp4,8041,hook,False,,2026-05-04T21:10:38
V3.mp4,8057,hook,False,,2026-05-04T21:10:48
V3.mp4,8267,hook,False,,2026-05-04T21:11:15
V3.mp4,8319,hook,False,,2026-05-04T21:11:29
V3.mp4,8371,hook,False,,2026-05-04T21:11:36
V3.mp4,8419,hook,False,,2026-05-04T21:11:48
V3.mp4,8473,hook,False,,2026-05-04T21:11:57
V3.mp4,8567,hook,False,,2026-05-04T21:12:08
V3.mp4,8612,hook,False,,2026-05-04T21:12:16
V3.mp4,8655,hook,False,,2026-05-04T21:12:32
V3.mp4,8703,hook,False,,2026-05-04T21:12:40
V3.mp4,8816,hook,False,,2026-05-04T21:13:12
V3.mp4,8891,hook,False,,2026-05-04T21:13:23
V3.mp4,8924,straight,False,,2026-05-04T21:13:29
V3.mp4,8938,straight,False,,2026-05-04T21:13:33
V3.mp4,8949,hook,False,,2026-05-04T21:13:43
V3.mp4,8996,hook,False,,2026-05-04T21:13:55
V3.mp4,9060,straight,False,,2026-05-04T21:14:09
V3.mp4,9082,hook,False,,2026-05-04T21:14:16
V3.mp4,9112,straight,False,,2026-05-04T21:14:24
V3.mp4,9131,hook,False,,2026-05-04T21:14:29
V3.mp4,9178,hook,False,,2026-05-04T21:14:36
V3.mp4,9217,hook,False,,2026-05-04T21:14:43
V3.mp4,9263,hook,False,,2026-05-04T21:14:50
V3.mp4,9304,hook,False,,2026-05-04T21:15:06
V3.mp4,9351,hook,False,,2026-05-04T21:15:17
V3.mp4,9377,straight,False,,2026-05-04T21:15:22
V3.mp4,9397,hook,False,,2026-05-04T21:15:30
V3.mp4,9484,hook,False,,2026-05-04T21:15:42
V3.mp4,9532,hook,False,,2026-05-04T21:15:49
V3.mp4,9601,hook,False,,2026-05-04T21:16:24
V3.mp4,9617,hook,False,,2026-05-04T21:16:29
V3.mp4,9668,hook,False,,2026-05-04T21:16:38
V3.mp4,9687,hook,False,,2026-05-04T21:16:43
V3.mp4,9741,hook,False,,2026-05-04T21:16:51
V3.mp4,9759,hook,False,,2026-05-04T21:16:54
V3.mp4,9798,hook,False,,2026-05-04T21:17:02
V3.mp4,9859,hook,False,,2026-05-04T21:17:24
V3.mp4,9874,hook,False,,2026-05-04T21:17:30
V3.mp4,9921,hook,False,,2026-05-04T21:17:38
V3.mp4,9939,hook,False,,2026-05-04T21:17:52
V3.mp4,9984,hook,False,,2026-05-04T21:17:59
V3.mp4,10001,hook,False,,2026-05-04T21:18:06
V3.mp4,10044,hook,False,,2026-05-04T21:18:15
V3.mp4,10102,hook,False,,2026-05-04T21:19:26
V3.mp4,10118,hook,False,,2026-05-04T21:19:31
V3.mp4,10162,hook,False,,2026-05-04T21:20:04
V3.mp4,10178,hook,False,,2026-05-04T21:20:10
V3.mp4,10224,hook,False,,2026-05-04T21:20:17
V3.mp4,10239,hook,False,,2026-05-04T21:20:25
V3.mp4,10373,hook,False,,2026-05-04T21:20:44
V3.mp4,10416,hook,False,,2026-05-04T21:20:51
V3.mp4,10451,hook,False,,2026-05-04T21:20:58
V3.mp4,10488,hook,False,,2026-05-04T21:21:10
V3.mp4,10531,hook,False,,2026-05-04T21:21:20
V3.mp4,10579,hook,False,,2026-05-04T21:21:29
V3.mp4,10624,hook,False,,2026-05-04T21:21:54
V3.mp4,10668,hook,False,,2026-05-04T21:22:00
V3.mp4,10709,hook,False,,2026-05-04T21:22:07
V3.mp4,10755,hook,False,,2026-05-04T21:22:14
V3.mp4,10833,hook,False,,2026-05-04T21:22:54
V3.mp4,10914,hook,False,,2026-05-04T21:23:55
V3.mp4,10954,hook,False,,2026-05-04T21:24:03
V3.mp4,11557,straight,False,,2026-05-04T21:24:34
V3.mp4,11575,straight,False,,2026-05-04T21:24:37
V3.mp4,11593,straight,False,,2026-05-04T21:24:40
V3.mp4,12010,straight,False,,2026-05-04T21:25:13
V3.mp4,12027,straight,False,,2026-05-04T21:25:18
V3.mp4,12043,straight,False,,2026-05-04T21:25:21
V3.mp4,12263,hook,False,,2026-05-04T21:25:50
V3.mp4,14615,straight,False,,2026-05-04T21:38:47
V3.mp4,14627,straight,False,,2026-05-04T21:38:50
V3.mp4,14677,straight,False,,2026-05-04T21:38:57
V3.mp4,14689,straight,False,,2026-05-04T21:39:05
V3.mp4,14786,straight,False,,2026-05-04T21:39:25
V3.mp4,14794,straight,False,,2026-05-04T21:39:29
V3.mp4,14803,straight,False,,2026-05-04T21:39:32
V3.mp4,14838,straight,False,,2026-05-04T21:39:46
V3.mp4,14887,straight,False,,2026-05-04T21:40:09
V3.mp4,14887,straight,False,,2026-05-04T21:40:13
V3.mp4,14897,straight,False,,2026-05-04T21:40:19
V3.mp4,14907,straight,False,,2026-05-04T21:40:24
V3.mp4,15025,straight,False,,2026-05-04T21:40:43
V3.mp4,15059,straight,False,,2026-05-04T21:40:49
V3.mp4,15070,straight,False,,2026-05-04T21:40:53
V3.mp4,15081,straight,False,,2026-05-04T21:40:57
V3.mp4,15112,straight,False,,2026-05-04T21:41:04
V3.mp4,15123,straight,False,,2026-05-04T21:41:09
V3.mp4,15134,straight,False,,2026-05-04T21:41:13
V3.mp4,15248,straight,False,,2026-05-04T21:41:29
V3.mp4,15334,hook,False,,2026-05-04T21:41:47
V3.mp4,15353,hook,False,,2026-05-04T21:41:54
V3.mp4,15372,hook,False,,2026-05-04T21:42:00
V3.mp4,15409,hook,False,,2026-05-04T21:42:14
V3.mp4,15426,hook,False,,2026-05-04T21:42:19
V3.mp4,15444,hook,False,,2026-05-04T21:42:23
V3.mp4,15462,hook,False,,2026-05-04T21:42:27
V3.mp4,15479,hook,False,,2026-05-04T21:42:31
V3.mp4,15495,hook,False,,2026-05-04T21:42:38
V3.mp4,15512,hook,False,,2026-05-04T21:42:41
V3.mp4,15528,hook,False,,2026-05-04T21:42:47
V3.mp4,15590,hook,False,,2026-05-04T21:42:59
V3.mp4,15605,hook,False,,2026-05-04T21:43:04
V3.mp4,15622,hook,False,,2026-05-04T21:43:13
V3.mp4,15639,hook,False,,2026-05-04T21:43:17
V3.mp4,15654,hook,False,,2026-05-04T21:43:22
V3.mp4,15671,hook,False,,2026-05-04T21:43:28
V3.mp4,15688,hook,False,,2026-05-04T21:43:33
V3.mp4,15704,hook,False,,2026-05-04T21:43:37
V3.mp4,15720,hook,False,,2026-05-04T21:43:43
V3.mp4,15862,hook,False,,2026-05-04T21:44:07
V3.mp4,15878,hook,False,,2026-05-04T21:44:29
V3.mp4,15894,hook,False,,2026-05-04T21:44:39
V3.mp4,15925,hook,False,,2026-05-04T21:44:51
V3.mp4,16002,hook,False,,2026-05-04T21:45:04
V3.mp4,16017,hook,False,,2026-05-04T21:45:09
V3.mp4,16031,hook,False,,2026-05-04T21:45:14
V3.mp4,16081,hook,False,,2026-05-04T21:45:27
V3.mp4,16095,hook,False,,2026-05-04T21:45:33
V3.mp4,16109,hook,False,,2026-05-04T21:45:45
V3.mp4,16140,hook,False,,2026-05-04T21:45:51
V3.mp4,16155,hook,False,,2026-05-04T21:45:54
V3.mp4,16172,hook,False,,2026-05-04T21:45:59
V3.mp4,16188,hook,False,,2026-05-04T21:46:07
V3.mp4,16203,hook,False,,2026-05-04T21:46:11
V3.mp4,16219,hook,False,,2026-05-04T21:46:14
V3.mp4,16236,hook,False,,2026-05-04T21:46:18
V3.mp4,16251,hook,False,,2026-05-04T21:46:22
V3.mp4,16264,hook,False,,2026-05-04T21:46:45
V3.mp4,16279,hook,False,,2026-05-04T21:46:49
V3.mp4,16295,hook,False,,2026-05-04T21:47:07
V3.mp4,16311,hook,False,,2026-05-04T21:47:11
V3.mp4,16327,hook,False,,2026-05-04T21:47:14
V3.mp4,16342,hook,False,,2026-05-04T21:47:17
V3.mp4,16357,hook,False,,2026-05-04T21:47:21
V3.mp4,16372,hook,False,,2026-05-04T21:47:23
V3.mp4,16388,hook,False,,2026-05-04T21:47:26
V3.mp4,16403,hook,False,,2026-05-04T21:47:29
V3.mp4,16433,hook,False,,2026-05-04T21:47:41
V3.mp4,16447,hook,False,,2026-05-04T21:47:44
V3.mp4,16477,hook,False,,2026-05-04T21:47:47
V3.mp4,16492,hook,False,,2026-05-04T21:47:50
V3.mp4,16507,hook,False,,2026-05-04T21:47:54
V3.mp4,16520,hook,False,,2026-05-04T21:47:57
V3.mp4,16533,hook,False,,2026-05-04T21:48:00
V3.mp4,16559,hook,False,,2026-05-04T21:48:05
V3.mp4,16573,hook,False,,2026-05-04T21:48:09
V3.mp4,16603,hook,False,,2026-05-04T21:48:17
V3.mp4,16617,hook,False,,2026-05-04T21:48:20
V3.mp4,16663,hook,False,,2026-05-04T21:48:27
V3.mp4,17233,straight,False,,2026-05-04T21:49:17
V3.mp4,17254,straight,False,,2026-05-04T21:49:22
V3.mp4,17277,uppercut,False,,2026-05-04T21:49:30
V3.mp4,17294,straight,False,,2026-05-04T21:49:33
V3.mp4,17552,straight,False,,2026-05-04T21:49:57
V3.mp4,17568,straight,False,,2026-05-04T21:50:00
V3.mp4,17581,hook,False,,2026-05-04T21:50:07
V3.mp4,17596,uppercut,False,,2026-05-04T21:50:10
V3.mp4,17753,hook,False,,2026-05-04T21:50:28
V3.mp4,17827,hook,False,,2026-05-04T21:50:37
V3.mp4,17919,hook,False,,2026-05-04T21:51:03
V3.mp4,18199,straight,False,,2026-05-04T21:51:18
V3.mp4,18215,straight,False,,2026-05-04T21:51:21
V3.mp4,18233,uppercut,False,,2026-05-04T21:51:25
V3.mp4,18248,straight,False,,2026-05-04T21:51:28
V3.mp4,18273,straight,False,,2026-05-04T21:51:32
V3.mp4,18284,straight,False,,2026-05-04T21:51:35
V3.mp4,18297,uppercut,False,,2026-05-04T21:51:38
V3.mp4,18331,straight,False,,2026-05-04T21:51:46
V3.mp4,18478,uppercut,False,,2026-05-04T21:52:33
V3.mp4,18535,uppercut,False,,2026-05-04T21:52:43
V3.mp4,18587,uppercut,False,,2026-05-04T21:52:52
V3.mp4,18645,uppercut,False,,2026-05-04T21:53:01
V3.mp4,18701,uppercut,False,,2026-05-04T21:53:12
V3.mp4,18860,uppercut,False,,2026-05-04T21:53:45
V3.mp4,18945,hook,False,,2026-05-04T21:53:57
V3.mp4,18956,uppercut,False,,2026-05-04T21:54:03
V3.mp4,19000,hook,False,,2026-05-04T21:54:11
V3.mp4,19013,uppercut,False,,2026-05-04T21:54:15
V3.mp4,19063,hook,False,,2026-05-04T21:54:23
V3.mp4,19076,uppercut,False,,2026-05-04T21:54:27
V3.mp4,19119,hook,False,,2026-05-04T21:54:35
V3.mp4,19178,hook,False,,2026-05-04T21:55:00
V3.mp4,19189,uppercut,False,,2026-05-04T21:55:09
V3.mp4,19236,hook,False,,2026-05-04T21:55:16
V3.mp4,19351,hook,False,,2026-05-04T21:55:39
V3.mp4,19366,uppercut,False,,2026-05-04T21:55:44
V3.mp4,19419,uppercut,False,,2026-05-04T21:55:53
V3.mp4,19475,uppercut,False,,2026-05-04T21:56:02
V3.mp4,19518,hook,False,,2026-05-04T21:56:11
V3.mp4,19528,uppercut,False,,2026-05-04T21:56:18
V3.mp4,19669,hook,False,,2026-05-04T21:57:00
V3.mp4,19728,hook,False,,2026-05-04T21:57:13
V3.mp4,19815,hook,False,,2026-05-04T21:57:27
V3.mp4,19896,hook,False,,2026-05-04T21:57:41
V3.mp4,19954,hook,False,,2026-05-04T21:57:49
V3.mp4,20030,hook,False,,2026-05-04T21:58:04
V3.mp4,20096,hook,False,,2026-05-04T21:58:13
V3.mp4,20179,hook,False,,2026-05-04T21:58:22
V3.mp4,20240,hook,False,,2026-05-04T21:59:01
V3.mp4,20302,hook,False,,2026-05-04T21:59:13
V3.mp4,20362,straight,False,,2026-05-04T21:59:20
V3.mp4,20378,straight,False,,2026-05-04T21:59:23
V3.mp4,20393,uppercut,False,,2026-05-04T21:59:32
V3.mp4,20408,straight,False,,2026-05-04T21:59:35
V3.mp4,20456,uppercut,False,,2026-05-04T21:59:45
V3.mp4,20972,uppercut,False,,2026-05-04T22:00:50
V3.mp4,21110,uppercut,False,,2026-05-04T22:01:12
V3.mp4,21226,uppercut,False,,2026-05-04T22:04:46
V3.mp4,21276,uppercut,False,,2026-05-04T22:05:05
V3.mp4,21335,uppercut,False,,2026-05-04T22:05:17
V3.mp4,21387,uppercut,False,,2026-05-04T22:05:27
V3.mp4,21492,uppercut,False,,2026-05-04T22:05:51
V3.mp4,21543,uppercut,False,,2026-05-04T22:06:05
V3.mp4,21662,hook,False,,2026-05-04T22:06:44
V3.mp4,21673,uppercut,False,,2026-05-04T22:06:48
V3.mp4,21816,hook,False,,2026-05-04T22:07:09
V3.mp4,21892,hook,False,,2026-05-04T22:07:19
V3.mp4,21952,hook,False,,2026-05-04T22:07:29
V3.mp4,22017,hook,False,,2026-05-04T22:07:37
V3.mp4,22094,hook,False,,2026-05-04T22:07:51
V3.mp4,22145,hook,False,,2026-05-04T22:08:07
V3.mp4,22156,hook,False,,2026-05-04T22:08:12
V3.mp4,22214,hook,False,,2026-05-04T22:08:19
V3.mp4,22275,hook,False,,2026-05-04T22:08:26
V3.mp4,22326,hook,False,,2026-05-04T22:08:37
V3.mp4,22388,hook,False,,2026-05-04T22:08:44
V3.mp4,22445,hook,False,,2026-05-04T22:08:51
V3.mp4,22500,hook,False,,2026-05-04T22:08:58
V3.mp4,24342,straight,False,,2026-05-04T22:11:17
V3.mp4,24353,straight,False,,2026-05-04T22:11:21
V3.mp4,24420,straight,False,,2026-05-04T22:11:28
V3.mp4,24459,straight,False,,2026-05-04T22:11:34
V3.mp4,24470,straight,False,,2026-05-04T22:11:38
V3.mp4,24534,straight,False,,2026-05-04T22:11:52
V3.mp4,24569,straight,False,,2026-05-04T22:11:57
V3.mp4,24580,straight,False,,2026-05-04T22:11:59
V3.mp4,24645,straight,False,,2026-05-04T22:12:06
V3.mp4,24682,straight,False,,2026-05-04T22:12:11
V3.mp4,24694,straight,False,,2026-05-04T22:12:13
V3.mp4,24760,straight,False,,2026-05-04T22:12:21
V3.mp4,24913,straight,False,,2026-05-04T22:12:47
V3.mp4,24923,straight,False,,2026-05-04T22:12:49
V3.mp4,24979,straight,False,,2026-05-04T22:12:57
V3.mp4,25008,straight,False,,2026-05-04T22:13:02
V3.mp4,25019,straight,False,,2026-05-04T22:13:04
V3.mp4,25084,straight,False,,2026-05-04T22:13:11
V3.mp4,25182,straight,False,,2026-05-04T22:13:22
V3.mp4,25286,straight,False,,2026-05-04T22:13:38
V3.mp4,25321,straight,False,,2026-05-04T22:13:47
V3.mp4,25380,straight,False,,2026-05-04T22:13:57
V3.mp4,25457,straight,False,,2026-05-04T22:14:15
V3.mp4,25525,straight,False,,2026-05-04T22:14:23
V3.mp4,25779,straight,False,,2026-05-04T22:14:51
V3.mp4,25793,straight,False,,2026-05-04T22:14:54
V3.mp4,25980,straight,False,,2026-05-04T22:15:15
V3.mp4,25970,straight,False,,2026-05-04T22:15:17
V3.mp4,26047,straight,False,,2026-05-04T22:15:25
V3.mp4,26058,straight,False,,2026-05-04T22:15:28
V3.mp4,26083,straight,False,,2026-05-04T22:15:32
V3.mp4,26139,straight,False,,2026-05-04T22:15:38
V3.mp4,26217,straight,False,,2026-05-04T22:16:06
V3.mp4,26240,straight,False,,2026-05-04T22:16:10
V3.mp4,26252,straight,False,,2026-05-04T22:16:12
V3.mp4,26317,straight,False,,2026-05-04T22:16:19
V3.mp4,26640,straight,False,,2026-05-04T22:16:52
V3.mp4,26678,straight,False,,2026-05-04T22:16:56
V3.mp4,26778,straight,False,,2026-05-04T22:17:08
V3.mp4,27126,straight,False,,2026-05-04T22:17:48
V3.mp4,27154,straight,False,,2026-05-04T22:17:52
V3.mp4,27166,straight,False,,2026-05-04T22:17:57
V3.mp4,27258,straight,False,,2026-05-04T22:18:08
V3.mp4,27413,straight,False,,2026-05-04T22:18:49
V3.mp4,27775,straight,False,,2026-05-04T22:19:26
V3.mp4,27787,straight,False,,2026-05-04T22:19:28
V3.mp4,27787,straight,False,,2026-05-04T22:19:28
V3.mp4,27797,straight,False,,2026-05-04T22:19:31
V4.mp4,9640,straight,False,,2026-05-05T22:29:31
V4.mp4,9648,hook,False,,2026-05-05T22:29:31
V4.mp4,9734,straight,False,,2026-05-05T22:29:31
V4.mp4,9741,hook,False,,2026-05-05T22:29:31
V4.mp4,9832,straight,False,,2026-05-05T22:29:31
V4.mp4,9839,hook,False,,2026-05-05T22:29:31
V4.mp4,9930,straight,False,,2026-05-05T22:29:31
V4.mp4,9938,hook,False,,2026-05-05T22:29:31
V4.mp4,10046,straight,False,,2026-05-05T22:29:31
V4.mp4,10054,hook,False,,2026-05-05T22:29:31
V4.mp4,10213,hook,False,,2026-05-05T22:29:31
V4.mp4,10326,hook,False,,2026-05-05T22:29:31
V4.mp4,10413,hook,False,,2026-05-05T22:29:31
V4.mp4,10599,straight,False,,2026-05-05T22:29:31
V4.mp4,10607,hook,False,,2026-05-05T22:29:31
V4.mp4,10681,straight,False,,2026-05-05T22:29:31
V4.mp4,10688,hook,False,,2026-05-05T22:29:31
V4.mp4,11666,hook,False,,2026-05-05T22:29:31
V4.mp4,11690,hook,False,,2026-05-05T22:29:31
V4.mp4,11715,hook,False,,2026-05-05T22:29:31
V4.mp4,11741,hook,False,,2026-05-05T22:29:31
V4.mp4,11786,hook,False,,2026-05-05T22:29:31
V4.mp4,11820,hook,False,,2026-05-05T22:29:31
V4.mp4,11867,straight,False,,2026-05-05T22:29:31
V4.mp4,12183,straight,False,,2026-05-05T22:29:31
V4.mp4,12406,straight,False,,2026-05-05T22:29:31
V4.mp4,12887,hook,False,,2026-05-05T22:29:31
V4.mp4,12918,hook,False,,2026-05-05T22:29:31
V4.mp4,12974,hook,False,,2026-05-05T22:29:31
V4.mp4,13020,hook,False,,2026-05-05T22:29:31
V4.mp4,13132,hook,False,,2026-05-05T22:29:31
V4.mp4,13160,hook,False,,2026-05-05T22:29:31
V4.mp4,13186,hook,False,,2026-05-05T22:29:31
V4.mp4,13214,hook,False,,2026-05-05T22:29:31
V4.mp4,20688,hook,False,,2026-05-05T22:29:31
V4.mp4,21557,hook,False,,2026-05-05T22:29:31
V4.mp4,21574,hook,False,,2026-05-05T22:29:31
V4.mp4,21967,straight,False,,2026-05-05T22:29:31
V4.mp4,21993,hook,False,,2026-05-05T22:29:31
V4.mp4,22013,hook,False,,2026-05-05T22:29:31
V4.mp4,23690,straight,False,,2026-05-05T22:29:31
V4.mp4,23774,hook,False,,2026-05-05T22:29:31
V4.mp4,23795,hook,False,,2026-05-05T22:29:31
V4.mp4,23970,hook,False,,2026-05-05T22:29:31
V4.mp4,24002,hook,False,,2026-05-05T22:29:31
V4.mp4,24070,hook,False,,2026-05-05T22:29:31
V4.mp4,24145,straight,False,,2026-05-05T22:29:31
V4.mp4,24157,hook,False,,2026-05-05T22:29:31
V4.mp4,24170,hook,False,,2026-05-05T22:29:31
V4.mp4,24180,hook,False,,2026-05-05T22:29:31
V4.mp4,24195,hook,False,,2026-05-05T22:29:31
V4.mp4,24281,hook,False,,2026-05-05T22:29:31
V4.mp4,24465,hook,False,,2026-05-05T22:29:31
V4.mp4,24672,hook,False,,2026-05-05T22:29:31
V4.mp4,25029,hook,False,,2026-05-05T22:29:31
V4.mp4,26092,hook,False,,2026-05-05T22:29:31
V4.mp4,26410,hook,False,,2026-05-05T22:29:31
V4.mp4,26429,hook,False,,2026-05-05T22:29:31
V4.mp4,26444,hook,False,,2026-05-05T22:29:31
V4.mp4,27314,hook,False,,2026-05-05T22:29:31
V4.mp4,27330,hook,False,,2026-05-05T22:29:31
V4.mp4,27341,hook,False,,2026-05-05T22:29:31
V4.mp4,27454,hook,False,,2026-05-05T22:29:31
V4.mp4,27484,hook,False,,2026-05-05T22:29:31
V4.mp4,27787,hook,False,,2026-05-05T22:29:31
V4.mp4,27911,hook,False,,2026-05-05T22:29:31
V4.mp4,27928,hook,False,,2026-05-05T22:29:31
V4.mp4,27942,hook,False,,2026-05-05T22:29:31
V4.mp4,28853,hook,False,,2026-05-05T22:29:31
V4.mp4,28868,hook,False,,2026-05-05T22:29:31
V4.mp4,28878,hook,False,,2026-05-05T22:29:31
V4.mp4,29144,hook,False,,2026-05-05T22:29:31
V4.mp4,29159,hook,False,,2026-05-05T22:29:31
V4.mp4,29171,hook,False,,2026-05-05T22:29:31
V11.mp4,82,straight,False,,2026-05-11T18:50:16
V11.mp4,89,straight,False,,2026-05-11T18:50:20
V11.mp4,97,hook,False,,2026-05-11T18:50:32
V11.mp4,113,straight,False,,2026-05-11T18:50:36
V11.mp4,860,straight,False,,2026-05-11T18:51:06
V11.mp4,890,uppercut,False,,2026-05-11T18:51:15
V11.mp4,1023,none,False,,2026-05-11T18:51:33
V11.mp4,1024,none,False,,2026-05-11T18:51:34
V11.mp4,1025,none,False,,2026-05-11T18:51:34
V11.mp4,1026,none,False,,2026-05-11T18:51:34
V11.mp4,1027,none,False,,2026-05-11T18:51:34
V11.mp4,1028,none,False,,2026-05-11T18:51:34
V11.mp4,1029,none,False,,2026-05-11T18:51:35
V11.mp4,1030,none,False,,2026-05-11T18:51:35
V11.mp4,1031,none,False,,2026-05-11T18:51:35
V11.mp4,1032,none,False,,2026-05-11T18:51:35
V11.mp4,1033,none,False,,2026-05-11T18:51:36
V11.mp4,1034,none,False,,2026-05-11T18:51:36
V11.mp4,1035,none,False,,2026-05-11T18:51:36
V11.mp4,1036,none,False,,2026-05-11T18:51:36
V11.mp4,1037,none,False,,2026-05-11T18:51:37
V11.mp4,1038,none,False,,2026-05-11T18:51:37
V11.mp4,1039,none,False,,2026-05-11T18:51:37
V11.mp4,1040,none,False,,2026-05-11T18:51:37
V11.mp4,1041,none,False,,2026-05-11T18:51:38
V11.mp4,1042,none,False,,2026-05-11T18:51:38
V11.mp4,1043,none,False,,2026-05-11T18:51:38
V11.mp4,1044,none,False,,2026-05-11T18:51:38
V11.mp4,1045,none,False,,2026-05-11T18:51:39
V11.mp4,1046,none,False,,2026-05-11T18:51:39
V11.mp4,1047,none,False,,2026-05-11T18:51:39
V11.mp4,1048,none,False,,2026-05-11T18:51:39
V11.mp4,1049,none,False,,2026-05-11T18:51:40
V11.mp4,1050,none,False,,2026-05-11T18:51:40
V11.mp4,1051,none,False,,2026-05-11T18:51:40
V11.mp4,1052,none,False,,2026-05-11T18:51:40
V11.mp4,1053,none,False,,2026-05-11T18:51:41
V11.mp4,1054,none,False,,2026-05-11T18:51:41
V11.mp4,1055,none,False,,2026-05-11T18:51:41
V11.mp4,1056,none,False,,2026-05-11T18:51:41
V11.mp4,1057,none,False,,2026-05-11T18:51:42
V11.mp4,1058,none,False,,2026-05-11T18:51:42
V11.mp4,1059,none,False,,2026-05-11T18:51:42
V11.mp4,1060,none,False,,2026-05-11T18:51:42
V11.mp4,1061,none,False,,2026-05-11T18:51:43
V11.mp4,1062,none,False,,2026-05-11T18:51:43
V11.mp4,1063,none,False,,2026-05-11T18:51:43
V11.mp4,1064,none,False,,2026-05-11T18:51:43
V11.mp4,1065,none,False,,2026-05-11T18:51:44
V11.mp4,1066,none,False,,2026-05-11T18:51:44
V11.mp4,1067,none,False,,2026-05-11T18:51:44
V11.mp4,1068,none,False,,2026-05-11T18:51:44
V11.mp4,1069,none,False,,2026-05-11T18:51:45
V11.mp4,1070,none,False,,2026-05-11T18:51:45
V11.mp4,1071,none,False,,2026-05-11T18:51:45
V11.mp4,1072,none,False,,2026-05-11T18:51:45
V11.mp4,1073,none,False,,2026-05-11T18:51:46
V11.mp4,1074,none,False,,2026-05-11T18:51:46
V11.mp4,1075,none,False,,2026-05-11T18:51:46
V11.mp4,1076,none,False,,2026-05-11T18:51:46
V11.mp4,1077,none,False,,2026-05-11T18:51:47
V11.mp4,1078,none,False,,2026-05-11T18:51:47
V11.mp4,1079,none,False,,2026-05-11T18:51:47
V11.mp4,1080,none,False,,2026-05-11T18:51:47
V11.mp4,1081,none,False,,2026-05-11T18:51:48
V11.mp4,1082,none,False,,2026-05-11T18:51:48
V11.mp4,1083,none,False,,2026-05-11T18:51:48
V11.mp4,1084,none,False,,2026-05-11T18:51:48
V11.mp4,1085,none,False,,2026-05-11T18:51:49
V11.mp4,1086,none,False,,2026-05-11T18:51:49
V11.mp4,1087,none,False,,2026-05-11T18:51:49
V11.mp4,1088,none,False,,2026-05-11T18:51:49
V11.mp4,1089,none,False,,2026-05-11T18:51:50
V11.mp4,1090,none,False,,2026-05-11T18:51:50
V11.mp4,1091,none,False,,2026-05-11T18:51:50
V11.mp4,1092,none,False,,2026-05-11T18:51:50
V11.mp4,1093,none,False,,2026-05-11T18:51:51
V11.mp4,1094,none,False,,2026-05-11T18:51:51
V11.mp4,1095,none,False,,2026-05-11T18:51:51
V11.mp4,1096,none,False,,2026-05-11T18:51:51
V11.mp4,1097,none,False,,2026-05-11T18:51:52
V11.mp4,1098,none,False,,2026-05-11T18:51:52
V11.mp4,1099,none,False,,2026-05-11T18:51:52
V11.mp4,1100,none,False,,2026-05-11T18:51:52
V11.mp4,1101,none,False,,2026-05-11T18:51:53
V11.mp4,1102,none,False,,2026-05-11T18:51:53
V11.mp4,1103,none,False,,2026-05-11T18:51:53
V11.mp4,1104,none,False,,2026-05-11T18:51:53
V11.mp4,1105,none,False,,2026-05-11T18:51:54
V11.mp4,1106,none,False,,2026-05-11T18:51:54
V11.mp4,1107,none,False,,2026-05-11T18:51:54
V11.mp4,1108,none,False,,2026-05-11T18:51:54
V11.mp4,1109,none,False,,2026-05-11T18:51:55
V11.mp4,1110,none,False,,2026-05-11T18:51:55
V11.mp4,1111,none,False,,2026-05-11T18:51:55
V11.mp4,1112,none,False,,2026-05-11T18:51:55
V11.mp4,1113,none,False,,2026-05-11T18:51:56
V11.mp4,1114,none,False,,2026-05-11T18:51:56
V11.mp4,1115,none,False,,2026-05-11T18:51:56
V11.mp4,1116,none,False,,2026-05-11T18:51:56
V11.mp4,1117,none,False,,2026-05-11T18:51:57
V11.mp4,1118,none,False,,2026-05-11T18:51:57
V11.mp4,1119,none,False,,2026-05-11T18:51:57
V11.mp4,1120,none,False,,2026-05-11T18:51:58
V11.mp4,1121,none,False,,2026-05-11T18:51:58
V11.mp4,1229,straight,False,,2026-05-11T18:52:07
V11.mp4,1307,straight,False,,2026-05-11T18:52:15
V11.mp4,1370,straight,False,,2026-05-11T18:52:22
V11.mp4,1441,straight,False,,2026-05-11T18:52:29
V11.mp4,1511,straight,False,,2026-05-11T18:52:35
V11.mp4,1586,straight,False,,2026-05-11T18:52:43
V11.mp4,1642,straight,False,,2026-05-11T18:52:54
V11.mp4,1650,straight,False,,2026-05-11T18:52:56
V11.mp4,1725,straight,False,,2026-05-11T18:53:03
V11.mp4,1733,straight,False,,2026-05-11T18:53:05
V11.mp4,1768,straight,False,,2026-05-11T18:53:10
V11.mp4,1776,straight,False,,2026-05-11T18:53:12
V11.mp4,1834,straight,False,,2026-05-11T18:53:19
V11.mp4,1853,straight,False,,2026-05-11T18:53:22
V11.mp4,1871,hook,False,,2026-05-11T18:53:27
V11.mp4,1936,straight,False,,2026-05-11T18:53:35
V11.mp4,1958,straight,False,,2026-05-11T18:53:38
V11.mp4,1976,hook,False,,2026-05-11T18:53:43
V11.mp4,2030,straight,False,,2026-05-11T18:59:31
V11.mp4,2050,straight,False,,2026-05-11T18:59:34
V11.mp4,2070,hook,False,,2026-05-11T18:59:40
V11.mp4,2123,straight,False,,2026-05-11T18:59:46
V11.mp4,2143,straight,False,,2026-05-11T19:01:01
V11.mp4,2194,hook,False,,2026-05-11T19:01:09
V11.mp4,2240,straight,False,,2026-05-11T19:01:14
V11.mp4,2259,straight,False,,2026-05-11T19:01:18
V11.mp4,2271,hook,False,,2026-05-11T19:01:21
V11.mp4,2292,hook,False,,2026-05-11T19:01:24
V11.mp4,2359,straight,False,,2026-05-11T19:01:31
V11.mp4,2377,straight,False,,2026-05-11T19:01:33
V11.mp4,2390,hook,False,,2026-05-11T19:01:36
V11.mp4,2414,hook,False,,2026-05-11T19:01:39
V11.mp4,2465,straight,False,,2026-05-11T19:01:44
V11.mp4,2489,straight,False,,2026-05-11T19:01:47
V11.mp4,2502,hook,False,,2026-05-11T19:01:49
V11.mp4,2539,hook,False,,2026-05-11T19:01:54
V11.mp4,2595,straight,False,,2026-05-11T19:01:59
V11.mp4,2615,straight,False,,2026-05-11T19:02:03
V11.mp4,2631,hook,False,,2026-05-11T19:02:06
V11.mp4,2655,hook,False,,2026-05-11T19:02:09
V11.mp4,2685,uppercut,False,,2026-05-11T19:02:16
V11.mp4,2729,straight,False,,2026-05-11T19:02:21
V11.mp4,2738,straight,False,,2026-05-11T19:02:23
V11.mp4,2748,hook,False,,2026-05-11T19:02:29
V11.mp4,2771,hook,False,,2026-05-11T19:02:32
V11.mp4,2803,uppercut,False,,2026-05-11T19:02:39
V11.mp4,2862,straight,False,,2026-05-11T19:02:44
V11.mp4,2883,straight,False,,2026-05-11T19:02:47
V11.mp4,2906,hook,False,,2026-05-11T19:02:50
V11.mp4,2935,hook,False,,2026-05-11T19:02:55
V11.mp4,2967,uppercut,False,,2026-05-11T19:03:00
V11.mp4,3050,straight,False,,2026-05-11T19:03:08
V11.mp4,3070,straight,False,,2026-05-11T19:03:10
V11.mp4,3080,hook,False,,2026-05-11T19:03:12
V11.mp4,3123,hook,False,,2026-05-11T19:03:17
V11.mp4,3147,uppercut,False,,2026-05-11T19:03:22
V11.mp4,3175,uppercut,False,,2026-05-11T19:03:26
V11.mp4,3248,straight,False,,2026-05-11T19:03:33
V11.mp4,3256,straight,False,,2026-05-11T19:03:35
V11.mp4,3287,hook,False,,2026-05-11T19:03:39
V11.mp4,3409,straight,False,,2026-05-11T19:03:54
V11.mp4,3474,hook,False,,2026-05-11T19:04:01
V11.mp4,3581,straight,False,,2026-05-11T19:04:19
V11.mp4,3588,straight,False,,2026-05-11T19:04:21
V11.mp4,3616,hook,False,,2026-05-11T19:04:26
V11.mp4,3642,uppercut,False,,2026-05-11T19:04:31
V11.mp4,3663,uppercut,False,,2026-05-11T19:04:33
V11.mp4,3724,straight,False,,2026-05-11T19:07:17
V11.mp4,3732,straight,False,,2026-05-11T19:07:19
V11.mp4,3740,hook,False,,2026-05-11T19:07:21
V11.mp4,3784,hook,False,,2026-05-11T19:07:25
V11.mp4,3814,uppercut,False,,2026-05-11T19:07:35
V11.mp4,3825,uppercut,False,,2026-05-11T19:07:37
V11.mp4,3916,straight,False,,2026-05-11T19:07:46
V11.mp4,3923,straight,False,,2026-05-11T19:07:48
V11.mp4,3952,hook,False,,2026-05-11T19:07:53
V11.mp4,4005,uppercut,False,,2026-05-11T19:07:59
V11.mp4,4608,straight,False,,2026-05-11T19:08:32
V11.mp4,4615,straight,False,,2026-05-11T19:08:34
V11.mp4,4623,hook,False,,2026-05-11T19:08:36
V11.mp4,4639,straight,False,,2026-05-11T19:08:39
V11.mp4,4648,straight,False,,2026-05-11T19:08:45
V11.mp4,4658,hook,False,,2026-05-11T19:08:47
V11.mp4,4673,straight,False,,2026-05-11T19:08:50
V11.mp4,4680,straight,False,,2026-05-11T19:08:52
V11.mp4,4689,hook,False,,2026-05-11T19:08:54
V11.mp4,4705,straight,False,,2026-05-11T19:08:57
V11.mp4,4712,straight,False,,2026-05-11T19:08:59
V11.mp4,4721,hook,False,,2026-05-11T19:09:03
V11.mp4,4736,straight,False,,2026-05-11T19:09:05
V11.mp4,4745,straight,False,,2026-05-11T19:09:07
V11.mp4,4753,hook,False,,2026-05-11T19:09:09
V11.mp4,4770,straight,False,,2026-05-11T19:09:11
V11.mp4,4778,straight,False,,2026-05-11T19:09:13
V11.mp4,4787,hook,False,,2026-05-11T19:09:15
V11.mp4,4803,straight,False,,2026-05-11T19:09:17
V11.mp4,4811,straight,False,,2026-05-11T19:09:19
V11.mp4,4819,hook,False,,2026-05-11T19:09:22
V11.mp4,4836,straight,False,,2026-05-11T19:09:24
V11.mp4,4844,straight,False,,2026-05-11T19:09:27
V11.mp4,4853,hook,False,,2026-05-11T19:09:30
V11.mp4,4869,straight,False,,2026-05-11T19:09:32
V11.mp4,4878,straight,False,,2026-05-11T19:09:34
V11.mp4,4886,hook,False,,2026-05-11T19:09:36
V11.mp4,4903,straight,False,,2026-05-11T19:09:39
V11.mp4,4912,straight,False,,2026-05-11T19:09:41
V11.mp4,4921,hook,False,,2026-05-11T19:09:43
V11.mp4,4938,straight,False,,2026-05-11T19:09:45
V11.mp4,4946,straight,False,,2026-05-11T19:09:47
V11.mp4,4955,hook,False,,2026-05-11T19:09:49
V11.mp4,4974,straight,False,,2026-05-11T19:09:51
V11.mp4,4982,straight,False,,2026-05-11T19:09:53
V11.mp4,4990,hook,False,,2026-05-11T19:09:55
V11.mp4,5007,straight,False,,2026-05-11T19:09:57
V11.mp4,5016,straight,False,,2026-05-11T19:09:58
V11.mp4,5024,hook,False,,2026-05-11T19:10:00
V11.mp4,5041,straight,False,,2026-05-11T19:10:03
V11.mp4,5050,straight,False,,2026-05-11T19:10:04
V11.mp4,5058,hook,False,,2026-05-11T19:10:06
V11.mp4,5076,straight,False,,2026-05-11T19:10:09
V11.mp4,5085,straight,False,,2026-05-11T19:10:11
V11.mp4,5093,hook,False,,2026-05-11T19:10:13
V11.mp4,5111,straight,False,,2026-05-11T19:10:18
V11.mp4,5118,straight,False,,2026-05-11T19:10:20
V11.mp4,5127,hook,False,,2026-05-11T19:10:24
V11.mp4,5143,straight,False,,2026-05-11T19:10:28
V11.mp4,5152,straight,False,,2026-05-11T19:10:30
V11.mp4,5161,hook,False,,2026-05-11T19:10:32
V11.mp4,5178,straight,False,,2026-05-11T19:10:35
V11.mp4,5186,straight,False,,2026-05-11T19:10:37
V11.mp4,5195,hook,False,,2026-05-11T19:10:39
V11.mp4,5211,straight,False,,2026-05-11T19:10:41
V11.mp4,5220,straight,False,,2026-05-11T19:10:43
V11.mp4,5228,hook,False,,2026-05-11T19:10:45
V11.mp4,5246,straight,False,,2026-05-11T19:10:47
V11.mp4,5254,straight,False,,2026-05-11T19:10:49
V11.mp4,5263,hook,False,,2026-05-11T19:10:51
V11.mp4,5280,straight,False,,2026-05-11T19:10:54
V11.mp4,5289,straight,False,,2026-05-11T19:10:56
V11.mp4,5297,hook,False,,2026-05-11T19:10:58
V11.mp4,5314,straight,False,,2026-05-11T19:11:01
V11.mp4,5322,straight,False,,2026-05-11T19:11:03
V11.mp4,5331,hook,False,,2026-05-11T19:11:05
V11.mp4,5347,straight,False,,2026-05-11T19:11:10
V11.mp4,5356,straight,False,,2026-05-11T19:11:12
V11.mp4,5364,hook,False,,2026-05-11T19:11:14
V11.mp4,5380,straight,False,,2026-05-11T19:11:16
V11.mp4,5388,straight,False,,2026-05-11T19:11:18
V11.mp4,5396,hook,False,,2026-05-11T19:11:19
V11.mp4,5413,straight,False,,2026-05-11T19:11:22
V11.mp4,5421,straight,False,,2026-05-11T19:11:24
V11.mp4,5428,hook,False,,2026-05-11T19:11:26
V11.mp4,5452,straight,False,,2026-05-11T19:11:32
V11.mp4,5461,hook,False,,2026-05-11T19:11:33
V11.mp4,5477,straight,False,,2026-05-11T19:11:35
V11.mp4,5486,straight,False,,2026-05-11T19:11:37
V11.mp4,5494,hook,False,,2026-05-11T19:11:39
V11.mp4,5509,straight,False,,2026-05-11T19:11:41
V11.mp4,5517,straight,False,,2026-05-11T19:11:43
V11.mp4,5525,hook,False,,2026-05-11T19:11:44
V11.mp4,5541,straight,False,,2026-05-11T19:11:46
V11.mp4,5549,straight,False,,2026-05-11T19:11:48
V11.mp4,5557,hook,False,,2026-05-11T19:11:50
V11.mp4,5574,straight,False,,2026-05-11T19:11:52
V11.mp4,5582,straight,False,,2026-05-11T19:11:54
V11.mp4,5590,hook,False,,2026-05-11T19:11:55
V11.mp4,5605,straight,False,,2026-05-11T19:11:58
V11.mp4,5613,straight,False,,2026-05-11T19:12:00
V11.mp4,5621,hook,False,,2026-05-11T19:12:02
V11.mp4,5638,straight,False,,2026-05-11T19:12:04
V11.mp4,5646,straight,False,,2026-05-11T19:12:05
V11.mp4,5654,hook,False,,2026-05-11T19:12:07
V11.mp4,5670,straight,False,,2026-05-11T19:12:09
V11.mp4,5678,straight,False,,2026-05-11T19:12:11
V11.mp4,5686,hook,False,,2026-05-11T19:12:12
V11.mp4,5704,straight,False,,2026-05-11T19:12:15
V11.mp4,5711,straight,False,,2026-05-11T19:12:16
V11.mp4,5720,hook,False,,2026-05-11T19:12:18
V11.mp4,5737,straight,False,,2026-05-11T19:12:20
V11.mp4,5744,straight,False,,2026-05-11T19:12:23
V11.mp4,5752,hook,False,,2026-05-11T19:12:24
V11.mp4,5769,straight,False,,2026-05-11T19:12:26
V11.mp4,5776,straight,False,,2026-05-11T19:12:28
V11.mp4,5784,hook,False,,2026-05-11T19:12:30
V11.mp4,5800,straight,False,,2026-05-11T19:12:32
V11.mp4,5808,straight,False,,2026-05-11T19:12:34
V11.mp4,5815,hook,False,,2026-05-11T19:12:38
V11.mp4,5830,straight,False,,2026-05-11T19:12:41
V11.mp4,5839,straight,False,,2026-05-11T19:12:43
V11.mp4,5847,hook,False,,2026-05-11T19:12:45
V11.mp4,5862,straight,False,,2026-05-11T19:12:47
V11.mp4,5870,straight,False,,2026-05-11T19:12:49
V11.mp4,5878,hook,False,,2026-05-11T19:12:50
V11.mp4,5894,straight,False,,2026-05-11T19:12:53
V11.mp4,5902,straight,False,,2026-05-11T19:12:55
V11.mp4,5911,hook,False,,2026-05-11T19:12:57
V11.mp4,5926,straight,False,,2026-05-11T19:12:59
V11.mp4,5934,straight,False,,2026-05-11T19:13:01
V11.mp4,5943,hook,False,,2026-05-11T19:13:03
V11.mp4,5959,straight,False,,2026-05-11T19:13:05
V11.mp4,5967,straight,False,,2026-05-11T19:13:07
V11.mp4,5976,hook,False,,2026-05-11T19:13:09
V11.mp4,5992,straight,False,,2026-05-11T19:13:11
V11.mp4,6000,straight,False,,2026-05-11T19:13:13
V11.mp4,6009,hook,False,,2026-05-11T19:13:15
V11.mp4,6025,straight,False,,2026-05-11T19:13:17
V11.mp4,6033,straight,False,,2026-05-11T19:13:20
V11.mp4,6041,hook,False,,2026-05-11T19:13:22
V11.mp4,6058,straight,False,,2026-05-11T19:13:24
V11.mp4,6066,straight,False,,2026-05-11T19:13:26
V11.mp4,6074,hook,False,,2026-05-11T19:13:28
V11.mp4,6091,straight,False,,2026-05-11T19:13:31
V11.mp4,6098,straight,False,,2026-05-11T19:13:33
V11.mp4,6107,hook,False,,2026-05-11T19:13:36
V11.mp4,6125,straight,False,,2026-05-11T19:13:39
V11.mp4,6138,hook,False,,2026-05-11T19:13:43
V11.mp4,6939,hook,False,,2026-05-11T19:14:26
V11.mp4,7013,straight,False,,2026-05-11T19:14:34
V11.mp4,7021,straight,False,,2026-05-11T19:14:37
V11.mp4,7028,hook,False,,2026-05-11T19:14:39
V11.mp4,7042,straight,False,,2026-05-11T19:14:42
V11.mp4,7050,straight,False,,2026-05-11T19:14:44
V11.mp4,7057,hook,False,,2026-05-11T19:14:46
V11.mp4,7072,straight,False,,2026-05-11T19:14:49
V11.mp4,7079,straight,False,,2026-05-11T19:14:50
V11.mp4,7087,hook,False,,2026-05-11T19:14:52
V11.mp4,7102,straight,False,,2026-05-11T19:14:54
V11.mp4,7113,straight,False,,2026-05-11T19:14:56
V11.mp4,7121,hook,False,,2026-05-11T19:14:58
V11.mp4,7136,straight,False,,2026-05-11T19:15:00
V11.mp4,7144,straight,False,,2026-05-11T19:15:02
V11.mp4,7152,hook,False,,2026-05-11T19:15:04
V11.mp4,7167,straight,False,,2026-05-11T19:15:06
V11.mp4,7175,straight,False,,2026-05-11T19:15:07
V11.mp4,7183,hook,False,,2026-05-11T19:15:09
V11.mp4,7199,straight,False,,2026-05-11T19:15:11
V11.mp4,7207,straight,False,,2026-05-11T19:15:12
V11.mp4,7215,hook,False,,2026-05-11T19:15:13
V11.mp4,7232,straight,False,,2026-05-11T19:15:16
V11.mp4,7240,straight,False,,2026-05-11T19:15:17
V11.mp4,7247,hook,False,,2026-05-11T19:15:19
V11.mp4,7264,straight,False,,2026-05-11T19:15:21
V11.mp4,7271,straight,False,,2026-05-11T19:15:22
V11.mp4,7280,hook,False,,2026-05-11T19:15:24
V11.mp4,7295,straight,False,,2026-05-11T19:15:26
V11.mp4,7303,straight,False,,2026-05-11T19:15:27
V11.mp4,7312,hook,False,,2026-05-11T19:15:29
V11.mp4,7329,straight,False,,2026-05-11T19:15:31
V11.mp4,7337,straight,False,,2026-05-11T19:15:33
V11.mp4,7346,hook,False,,2026-05-11T19:15:34
V11.mp4,7362,straight,False,,2026-05-11T19:15:36
V11.mp4,7371,straight,False,,2026-05-11T19:15:37
V11.mp4,7379,hook,False,,2026-05-11T19:15:40
V11.mp4,7396,straight,False,,2026-05-11T19:15:43
V11.mp4,7404,straight,False,,2026-05-11T19:15:44
V11.mp4,7412,hook,False,,2026-05-11T19:15:46
V11.mp4,7429,straight,False,,2026-05-11T19:15:48
V11.mp4,7437,straight,False,,2026-05-11T19:15:49
V11.mp4,7444,hook,False,,2026-05-11T19:15:51
V11.mp4,7461,straight,False,,2026-05-11T19:15:53
V11.mp4,7468,straight,False,,2026-05-11T19:15:55
V11.mp4,7478,hook,False,,2026-05-11T19:15:57
V11.mp4,7493,straight,False,,2026-05-11T19:15:59
V11.mp4,7502,straight,False,,2026-05-11T19:16:01
V11.mp4,7511,hook,False,,2026-05-11T19:16:03
V11.mp4,7527,straight,False,,2026-05-11T19:16:05
V11.mp4,7535,straight,False,,2026-05-11T19:16:06
V11.mp4,7543,hook,False,,2026-05-11T19:16:08
V11.mp4,7558,straight,False,,2026-05-11T19:16:10
V11.mp4,7566,straight,False,,2026-05-11T19:16:11
V11.mp4,7575,hook,False,,2026-05-11T19:16:13
V11.mp4,7592,straight,False,,2026-05-11T19:16:15
V11.mp4,7600,straight,False,,2026-05-11T19:16:17
V11.mp4,7608,hook,False,,2026-05-11T19:16:19
V11.mp4,7621,straight,False,,2026-05-11T19:16:21
V11.mp4,7628,straight,False,,2026-05-11T19:16:23
V11.mp4,7637,hook,False,,2026-05-11T19:16:24
V11.mp4,7653,straight,False,,2026-05-11T19:16:26
V11.mp4,7661,straight,False,,2026-05-11T19:16:28
V11.mp4,7669,hook,False,,2026-05-11T19:16:30
V11.mp4,7688,straight,False,,2026-05-11T19:16:33
V11.mp4,7695,straight,False,,2026-05-11T19:16:35
V11.mp4,7703,hook,False,,2026-05-11T19:16:37
V11.mp4,7721,straight,False,,2026-05-11T19:16:39
V11.mp4,7728,straight,False,,2026-05-11T19:16:41
V11.mp4,7736,hook,False,,2026-05-11T19:16:43
V11.mp4,7756,straight,False,,2026-05-11T19:16:45
V11.mp4,7764,straight,False,,2026-05-11T19:16:47
V11.mp4,7772,hook,False,,2026-05-11T19:16:49
V11.mp4,7790,straight,False,,2026-05-11T19:16:51
V11.mp4,7797,straight,False,,2026-05-11T19:16:53
V11.mp4,7806,hook,False,,2026-05-11T19:16:55
V11.mp4,7846,straight,False,,2026-05-11T19:16:59
V11.mp4,7855,straight,False,,2026-05-11T19:17:00
V11.mp4,7862,hook,False,,2026-05-11T19:17:02
V11.mp4,7881,straight,False,,2026-05-11T19:17:04
V11.mp4,7889,straight,False,,2026-05-11T19:17:06
V11.mp4,7897,hook,False,,2026-05-11T19:17:09
V11.mp4,7916,straight,False,,2026-05-11T19:17:12
V11.mp4,7924,straight,False,,2026-05-11T19:17:14
V11.mp4,7932,hook,False,,2026-05-11T19:17:15
V11.mp4,7949,straight,False,,2026-05-11T19:17:17
V11.mp4,7966,hook,False,,2026-05-11T19:17:20
V11.mp4,7983,straight,False,,2026-05-11T19:17:22
V11.mp4,8000,hook,False,,2026-05-11T19:17:24
V11.mp4,8052,straight,False,,2026-05-11T19:17:29
V11.mp4,8061,straight,False,,2026-05-11T19:17:31
V11.mp4,8071,hook,False,,2026-05-11T19:17:33
V11.mp4,8086,straight,False,,2026-05-11T19:17:35
V11.mp4,8096,straight,False,,2026-05-11T19:17:36
V11.mp4,8105,hook,False,,2026-05-11T19:17:38
V11.mp4,8121,straight,False,,2026-05-11T19:17:40
V11.mp4,8128,straight,False,,2026-05-11T19:17:41
V11.mp4,8137,hook,False,,2026-05-11T19:17:43
V11.mp4,8156,straight,False,,2026-05-11T19:17:45
V11.mp4,8164,straight,False,,2026-05-11T19:17:47
V11.mp4,8172,hook,False,,2026-05-11T19:17:49
V11.mp4,8189,straight,False,,2026-05-11T19:17:51
V11.mp4,8197,straight,False,,2026-05-11T19:17:52
V11.mp4,8206,hook,False,,2026-05-11T19:17:54
V11.mp4,8223,straight,False,,2026-05-11T19:17:56
V11.mp4,8232,straight,False,,2026-05-11T19:17:58
V11.mp4,8241,hook,False,,2026-05-11T19:18:00
V11.mp4,8260,straight,False,,2026-05-11T19:18:02
V11.mp4,8267,straight,False,,2026-05-11T19:18:03
V11.mp4,8275,hook,False,,2026-05-11T19:18:05
V11.mp4,8293,straight,False,,2026-05-11T19:18:07
V11.mp4,8300,straight,False,,2026-05-11T19:18:08
V11.mp4,8308,hook,False,,2026-05-11T19:18:10
V11.mp4,8327,straight,False,,2026-05-11T19:18:12
V11.mp4,8335,straight,False,,2026-05-11T19:18:14
V11.mp4,8343,hook,False,,2026-05-11T19:18:15
V11.mp4,8363,straight,False,,2026-05-11T19:18:18
V11.mp4,8370,straight,False,,2026-05-11T19:18:20
V11.mp4,8378,hook,False,,2026-05-11T19:18:21
V11.mp4,8397,straight,False,,2026-05-11T19:18:23
V11.mp4,8404,straight,False,,2026-05-11T19:18:25
V11.mp4,8412,hook,False,,2026-05-11T19:18:27
V11.mp4,8431,straight,False,,2026-05-11T19:18:29
V11.mp4,8438,straight,False,,2026-05-11T19:18:31
V11.mp4,8446,hook,False,,2026-05-11T19:18:32
V11.mp4,8466,straight,False,,2026-05-11T19:18:49
V11.mp4,8473,straight,False,,2026-05-11T19:18:51
V11.mp4,8481,hook,False,,2026-05-11T19:18:52
V11.mp4,8501,straight,False,,2026-05-11T19:18:55
V11.mp4,8509,straight,False,,2026-05-11T19:18:57
V11.mp4,8517,hook,False,,2026-05-11T19:18:59
V11.mp4,8538,straight,False,,2026-05-11T19:19:01
V11.mp4,8545,straight,False,,2026-05-11T19:19:03
V11.mp4,8554,hook,False,,2026-05-11T19:19:06
V11.mp4,9379,straight,False,,2026-05-11T19:19:34
V11.mp4,9404,hook,False,,2026-05-11T19:19:36
V11.mp4,9427,straight,False,,2026-05-11T19:19:40
V11.mp4,9469,straight,False,,2026-05-11T19:19:44
V11.mp4,9477,straight,False,,2026-05-11T19:19:46
V11.mp4,9485,hook,False,,2026-05-11T19:19:51
V11.mp4,9492,straight,False,,2026-05-11T19:19:55
V11.mp4,9508,straight,False,,2026-05-11T19:19:58
V11.mp4,9516,straight,False,,2026-05-11T19:19:59
V11.mp4,9524,hook,False,,2026-05-11T19:20:02
V11.mp4,9531,straight,False,,2026-05-11T19:20:04
V11.mp4,9545,straight,False,,2026-05-11T19:20:06
V11.mp4,9554,straight,False,,2026-05-11T19:20:08
V11.mp4,9562,hook,False,,2026-05-11T19:20:11
V11.mp4,9568,straight,False,,2026-05-11T19:20:12
V11.mp4,9586,straight,False,,2026-05-11T19:20:14
V11.mp4,9593,straight,False,,2026-05-11T19:20:16
V11.mp4,9601,hook,False,,2026-05-11T19:20:17
V11.mp4,9608,straight,False,,2026-05-11T19:20:19
V11.mp4,9625,straight,False,,2026-05-11T19:20:21
V11.mp4,9632,straight,False,,2026-05-11T19:20:24
V11.mp4,9641,hook,False,,2026-05-11T19:20:26
V11.mp4,9647,straight,False,,2026-05-11T19:20:28
V11.mp4,9663,straight,False,,2026-05-11T19:20:30
V11.mp4,9671,straight,False,,2026-05-11T19:20:31
V11.mp4,9680,hook,False,,2026-05-11T19:20:33
V11.mp4,9686,straight,False,,2026-05-11T19:20:35
V11.mp4,9703,straight,False,,2026-05-11T19:20:37
V11.mp4,9712,straight,False,,2026-05-11T19:20:39
V11.mp4,9721,hook,False,,2026-05-11T19:20:42
V11.mp4,9728,straight,False,,2026-05-11T19:20:43
V11.mp4,9744,straight,False,,2026-05-11T19:20:46
V11.mp4,9753,straight,False,,2026-05-11T19:20:47
V11.mp4,9762,hook,False,,2026-05-11T19:20:49
V11.mp4,9768,straight,False,,2026-05-11T19:20:51
V11.mp4,9786,straight,False,,2026-05-11T19:20:53
V11.mp4,9794,straight,False,,2026-05-11T19:20:55
V11.mp4,9802,hook,False,,2026-05-11T19:20:56
V11.mp4,9808,straight,False,,2026-05-11T19:20:58
V11.mp4,9826,straight,False,,2026-05-11T19:21:00
V11.mp4,9834,straight,False,,2026-05-11T19:21:01
V11.mp4,9842,hook,False,,2026-05-11T19:21:02
V11.mp4,9848,straight,False,,2026-05-11T19:21:04
V11.mp4,9868,straight,False,,2026-05-11T19:21:07
V11.mp4,9876,straight,False,,2026-05-11T19:21:08
V11.mp4,9884,hook,False,,2026-05-11T19:21:10
V11.mp4,9891,straight,False,,2026-05-11T19:21:12
V11.mp4,9912,straight,False,,2026-05-11T19:21:16
V11.mp4,9919,straight,False,,2026-05-11T19:21:17
V11.mp4,9928,hook,False,,2026-05-11T19:21:19
V11.mp4,9935,straight,False,,2026-05-11T19:21:21
V11.mp4,9954,straight,False,,2026-05-11T19:21:23
V11.mp4,9961,straight,False,,2026-05-11T19:21:25
V11.mp4,9970,hook,False,,2026-05-11T19:21:26
V11.mp4,9976,straight,False,,2026-05-11T19:21:27
V11.mp4,9996,straight,False,,2026-05-11T19:21:30
V11.mp4,10003,straight,False,,2026-05-11T19:21:31
V11.mp4,10012,hook,False,,2026-05-11T19:21:33
V11.mp4,10018,straight,False,,2026-05-11T19:21:34
V11.mp4,10036,straight,False,,2026-05-11T19:21:36
V11.mp4,10043,straight,False,,2026-05-11T19:21:38
V11.mp4,10050,hook,False,,2026-05-11T19:21:39
V11.mp4,10056,straight,False,,2026-05-11T19:21:41
V11.mp4,10073,straight,False,,2026-05-11T19:21:42
V11.mp4,10079,straight,False,,2026-05-11T19:21:44
V11.mp4,10088,hook,False,,2026-05-11T19:21:46
V11.mp4,10095,straight,False,,2026-05-11T19:21:47
V11.mp4,10110,straight,False,,2026-05-11T19:21:49
V11.mp4,10116,straight,False,,2026-05-11T19:21:52
V11.mp4,10125,hook,False,,2026-05-11T19:21:53
V11.mp4,10131,straight,False,,2026-05-11T19:21:55
V11.mp4,10144,straight,False,,2026-05-11T19:21:57
V11.mp4,10152,straight,False,,2026-05-11T19:21:58
V11.mp4,10161,hook,False,,2026-05-11T19:22:00
V11.mp4,10167,straight,False,,2026-05-11T19:22:02
V11.mp4,10184,straight,False,,2026-05-11T19:22:04
V11.mp4,10191,straight,False,,2026-05-11T19:22:06
V11.mp4,10200,hook,False,,2026-05-11T19:22:08
V11.mp4,10206,straight,False,,2026-05-11T19:22:09
V11.mp4,10221,straight,False,,2026-05-11T19:22:31
V11.mp4,10229,straight,False,,2026-05-11T19:22:33
V11.mp4,10237,hook,False,,2026-05-11T19:22:34
V11.mp4,10243,straight,False,,2026-05-11T19:22:36
V11.mp4,10259,straight,False,,2026-05-11T19:22:38
V11.mp4,10267,straight,False,,2026-05-11T19:22:40
V11.mp4,10276,hook,False,,2026-05-11T19:22:42
V11.mp4,10282,straight,False,,2026-05-11T19:22:44
V11.mp4,10336,straight,False,,2026-05-11T19:22:51
V11.mp4,10351,straight,False,,2026-05-11T19:22:53
V11.mp4,10372,straight,False,,2026-05-11T19:22:56
V11.mp4,10387,straight,False,,2026-05-11T19:22:58
V11.mp4,10410,straight,False,,2026-05-11T19:23:02
V11.mp4,10426,straight,False,,2026-05-11T19:23:04
V11.mp4,10451,straight,False,,2026-05-11T19:23:07
V11.mp4,10467,straight,False,,2026-05-11T19:23:09
V11.mp4,10490,straight,False,,2026-05-11T19:23:12
V11.mp4,10505,straight,False,,2026-05-11T19:23:17
V11.mp4,10544,straight,False,,2026-05-11T19:23:31
V11.mp4,10580,hook,False,,2026-05-11T19:23:36
V11.mp4,10604,straight,False,,2026-05-11T19:23:38
V11.mp4,10622,hook,False,,2026-05-11T19:23:42
V11.mp4,10628,straight,False,,2026-05-11T19:23:43
V11.mp4,10646,straight,False,,2026-05-11T19:23:46
V11.mp4,10655,straight,False,,2026-05-11T19:23:48
V11.mp4,10663,hook,False,,2026-05-11T19:23:49
V11.mp4,10669,straight,False,,2026-05-11T19:23:51
V11.mp4,10690,straight,False,,2026-05-11T19:23:53
V11.mp4,10696,straight,False,,2026-05-11T19:23:55
V11.mp4,10707,hook,False,,2026-05-11T19:23:56
V11.mp4,10711,straight,False,,2026-05-11T19:23:58
V11.mp4,10727,straight,False,,2026-05-11T19:24:01
V11.mp4,10736,straight,False,,2026-05-11T19:24:03
V11.mp4,10745,hook,False,,2026-05-11T19:24:04
V11.mp4,10751,straight,False,,2026-05-11T19:24:06
V11.mp4,10769,straight,False,,2026-05-11T19:24:08
V11.mp4,10777,straight,False,,2026-05-11T19:24:10
V11.mp4,10786,hook,False,,2026-05-11T19:24:12
V11.mp4,10793,straight,False,,2026-05-11T19:24:13
V11.mp4,10810,straight,False,,2026-05-11T19:24:15
V11.mp4,10817,straight,False,,2026-05-11T19:24:17
V11.mp4,10827,hook,False,,2026-05-11T19:24:19
V11.mp4,10833,straight,False,,2026-05-11T19:24:21
V11.mp4,10849,straight,False,,2026-05-11T19:24:23
V11.mp4,10858,straight,False,,2026-05-11T19:24:25
V11.mp4,10868,hook,False,,2026-05-11T19:24:27
V11.mp4,10874,straight,False,,2026-05-11T19:24:29
V11.mp4,10890,straight,False,,2026-05-11T19:24:31
V11.mp4,10898,straight,False,,2026-05-11T19:24:32
V11.mp4,10908,hook,False,,2026-05-11T19:24:34
V11.mp4,10915,straight,False,,2026-05-11T19:24:36
V11.mp4,10931,straight,False,,2026-05-11T19:24:38
V11.mp4,10940,straight,False,,2026-05-11T19:24:39
V11.mp4,10950,hook,False,,2026-05-11T19:24:41
V11.mp4,10969,straight,False,,2026-05-11T19:24:44
V11.mp4,10978,straight,False,,2026-05-11T19:24:46
V11.mp4,10987,hook,False,,2026-05-11T19:24:48
V11.mp4,10993,straight,False,,2026-05-11T19:24:50
V11.mp4,11850,none,False,,2026-05-11T19:25:20
V11.mp4,11851,none,False,,2026-05-11T19:25:20
V11.mp4,11852,none,False,,2026-05-11T19:25:20
V11.mp4,11853,none,False,,2026-05-11T19:25:20
V11.mp4,11854,none,False,,2026-05-11T19:25:20
V11.mp4,11855,none,False,,2026-05-11T19:25:21
V11.mp4,11856,none,False,,2026-05-11T19:25:21
V11.mp4,11857,none,False,,2026-05-11T19:25:21
V11.mp4,11897,none,False,,2026-05-11T19:25:24
V11.mp4,11898,none,False,,2026-05-11T19:25:24
V11.mp4,11899,none,False,,2026-05-11T19:25:24
V11.mp4,11900,none,False,,2026-05-11T19:25:25
V11.mp4,11901,none,False,,2026-05-11T19:25:25
V11.mp4,11902,none,False,,2026-05-11T19:25:25
V11.mp4,11903,none,False,,2026-05-11T19:25:25
V11.mp4,11904,none,False,,2026-05-11T19:25:25
V11.mp4,11904,none,False,,2026-05-11T19:25:26
V11.mp4,11905,none,False,,2026-05-11T19:25:26
V11.mp4,11906,none,False,,2026-05-11T19:25:26
V11.mp4,11907,none,False,,2026-05-11T19:25:26
V11.mp4,11908,none,False,,2026-05-11T19:25:26
V11.mp4,11909,none,False,,2026-05-11T19:25:26
V11.mp4,11910,none,False,,2026-05-11T19:25:27
V11.mp4,11911,none,False,,2026-05-11T19:25:27
V11.mp4,11912,none,False,,2026-05-11T19:25:31
V11.mp4,11913,none,False,,2026-05-11T19:25:31
V11.mp4,11914,none,False,,2026-05-11T19:25:31
V11.mp4,11915,none,False,,2026-05-11T19:25:31
V11.mp4,11916,none,False,,2026-05-11T19:25:32
V11.mp4,11917,none,False,,2026-05-11T19:25:32
V11.mp4,11919,none,False,,2026-05-11T19:25:32
V11.mp4,11920,none,False,,2026-05-11T19:25:32
V11.mp4,11921,none,False,,2026-05-11T19:25:32
V11.mp4,11922,none,False,,2026-05-11T19:25:33
V11.mp4,11923,none,False,,2026-05-11T19:25:33
V11.mp4,11924,none,False,,2026-05-11T19:25:33
V11.mp4,11925,none,False,,2026-05-11T19:25:33
V11.mp4,11926,none,False,,2026-05-11T19:25:33
V11.mp4,11927,none,False,,2026-05-11T19:25:34
V11.mp4,11928,none,False,,2026-05-11T19:25:34
V11.mp4,11929,none,False,,2026-05-11T19:25:34
V11.mp4,11929,none,False,,2026-05-11T19:25:34
V11.mp4,11930,none,False,,2026-05-11T19:25:34
V11.mp4,11931,none,False,,2026-05-11T19:25:35
V11.mp4,11932,none,False,,2026-05-11T19:25:35
V11.mp4,11933,none,False,,2026-05-11T19:25:35
V11.mp4,11934,none,False,,2026-05-11T19:25:35
V11.mp4,11935,none,False,,2026-05-11T19:25:35
V11.mp4,11936,none,False,,2026-05-11T19:25:35
V11.mp4,11937,none,False,,2026-05-11T19:25:36
V11.mp4,11938,none,False,,2026-05-11T19:25:36
V11.mp4,11939,none,False,,2026-05-11T19:25:36
V11.mp4,11940,none,False,,2026-05-11T19:25:36
V11.mp4,11941,none,False,,2026-05-11T19:25:36
V11.mp4,11942,none,False,,2026-05-11T19:25:37
V11.mp4,11943,none,False,,2026-05-11T19:25:37
V11.mp4,11944,none,False,,2026-05-11T19:25:37
V11.mp4,11945,none,False,,2026-05-11T19:25:37
V11.mp4,11946,none,False,,2026-05-11T19:25:37
V11.mp4,11947,none,False,,2026-05-11T19:25:37
V11.mp4,11948,none,False,,2026-05-11T19:25:38
V11.mp4,11949,none,False,,2026-05-11T19:25:38
V11.mp4,11950,none,False,,2026-05-11T19:25:38
V11.mp4,11951,none,False,,2026-05-11T19:25:38
V11.mp4,11952,none,False,,2026-05-11T19:25:38
V11.mp4,11953,none,False,,2026-05-11T19:25:38
V11.mp4,11954,none,False,,2026-05-11T19:25:39
V11.mp4,11955,none,False,,2026-05-11T19:25:39
V11.mp4,11956,none,False,,2026-05-11T19:25:39
V11.mp4,11957,none,False,,2026-05-11T19:25:39
V11.mp4,11958,none,False,,2026-05-11T19:25:41
V11.mp4,11959,none,False,,2026-05-11T19:25:41
V11.mp4,11960,none,False,,2026-05-11T19:25:41
V11.mp4,11961,none,False,,2026-05-11T19:25:41
V11.mp4,11962,none,False,,2026-05-11T19:25:41
V11.mp4,11963,none,False,,2026-05-11T19:25:41
V11.mp4,11964,none,False,,2026-05-11T19:25:42
V11.mp4,11965,none,False,,2026-05-11T19:25:42
V11.mp4,12518,straight,False,,2026-05-11T19:27:15
V11.mp4,12525,hook,False,,2026-05-11T19:27:17
V11.mp4,12535,straight,False,,2026-05-11T19:27:20
V11.mp4,12541,straight,False,,2026-05-11T19:27:22
V11.mp4,12555,straight,False,,2026-05-11T19:27:24
V11.mp4,12563,hook,False,,2026-05-11T19:27:26
V11.mp4,12576,straight,False,,2026-05-11T19:27:29
V11.mp4,12583,straight,False,,2026-05-11T19:27:31
V11.mp4,12599,straight,False,,2026-05-11T19:27:33
V11.mp4,12606,hook,False,,2026-05-11T19:27:35
V11.mp4,12621,straight,False,,2026-05-11T19:27:38
V11.mp4,12628,straight,False,,2026-05-11T19:27:39
V11.mp4,12642,straight,False,,2026-05-11T19:27:41
V11.mp4,12649,hook,False,,2026-05-11T19:27:43
V11.mp4,12664,straight,False,,2026-05-11T19:27:45
V11.mp4,12671,straight,False,,2026-05-11T19:27:47
V11.mp4,12685,straight,False,,2026-05-11T19:27:49
V11.mp4,12693,hook,False,,2026-05-11T19:27:51
V11.mp4,12708,straight,False,,2026-05-11T19:27:53
V11.mp4,12715,straight,False,,2026-05-11T19:27:56
V11.mp4,12728,straight,False,,2026-05-11T19:27:58
V11.mp4,12735,hook,False,,2026-05-11T19:27:59
V11.mp4,12750,straight,False,,2026-05-11T19:28:01
V11.mp4,12756,straight,False,,2026-05-11T19:28:03
V11.mp4,12771,straight,False,,2026-05-11T19:28:05
V11.mp4,12779,hook,False,,2026-05-11T19:28:07
V11.mp4,12793,straight,False,,2026-05-11T19:28:09
V11.mp4,12800,straight,False,,2026-05-11T19:28:11
V11.mp4,12814,straight,False,,2026-05-11T19:28:13
V11.mp4,12821,hook,False,,2026-05-11T19:28:14
V11.mp4,12836,straight,False,,2026-05-11T19:28:17
V11.mp4,12843,straight,False,,2026-05-11T19:28:18
V11.mp4,12856,straight,False,,2026-05-11T19:28:21
V11.mp4,12864,hook,False,,2026-05-11T19:28:23
V11.mp4,12878,straight,False,,2026-05-11T19:28:25
V11.mp4,12885,straight,False,,2026-05-11T19:28:26
V11.mp4,12899,straight,False,,2026-05-11T19:28:29
V11.mp4,12907,hook,False,,2026-05-11T19:28:31
V11.mp4,12921,straight,False,,2026-05-11T19:28:33
V11.mp4,12928,straight,False,,2026-05-11T19:28:34
V11.mp4,12942,straight,False,,2026-05-11T19:28:36
V11.mp4,12949,hook,False,,2026-05-11T19:28:38
V11.mp4,12964,straight,False,,2026-05-11T19:28:41
V11.mp4,12971,straight,False,,2026-05-11T19:28:42
V11.mp4,12985,straight,False,,2026-05-11T19:28:44
V11.mp4,12992,hook,False,,2026-05-11T19:28:48
V11.mp4,13007,straight,False,,2026-05-11T19:29:29
V11.mp4,13014,straight,False,,2026-05-11T19:29:31
V11.mp4,13028,straight,False,,2026-05-11T19:29:45
V11.mp4,13036,hook,False,,2026-05-11T19:29:47
V11.mp4,13051,straight,False,,2026-05-11T19:29:49
V11.mp4,13058,straight,False,,2026-05-11T19:29:50
V11.mp4,13072,straight,False,,2026-05-11T19:29:52
V11.mp4,13079,hook,False,,2026-05-11T19:29:54
V11.mp4,13096,straight,False,,2026-05-11T19:29:56
V11.mp4,13103,straight,False,,2026-05-11T19:29:58
V11.mp4,13116,straight,False,,2026-05-11T19:29:59
V11.mp4,13124,hook,False,,2026-05-11T19:30:01
V11.mp4,13140,straight,False,,2026-05-11T19:30:30
V11.mp4,13146,straight,False,,2026-05-11T19:30:32
V11.mp4,13161,straight,False,,2026-05-11T19:30:34
V11.mp4,13169,hook,False,,2026-05-11T19:30:35
V11.mp4,13184,straight,False,,2026-05-11T19:30:38
V11.mp4,13191,straight,False,,2026-05-11T19:30:41
V11.mp4,13205,straight,False,,2026-05-11T19:30:43
V11.mp4,13214,hook,False,,2026-05-11T19:30:45
V11.mp4,13228,straight,False,,2026-05-11T19:30:47
V11.mp4,13235,straight,False,,2026-05-11T19:30:48
V11.mp4,13249,straight,False,,2026-05-11T19:30:50
V11.mp4,13257,hook,False,,2026-05-11T19:30:52
V11.mp4,13271,straight,False,,2026-05-11T19:30:54
V11.mp4,13277,straight,False,,2026-05-11T19:30:56
V11.mp4,13293,straight,False,,2026-05-11T19:30:58
V11.mp4,13302,hook,False,,2026-05-11T19:31:00
V11.mp4,13316,straight,False,,2026-05-11T19:31:02
V11.mp4,13323,straight,False,,2026-05-11T19:31:04
V11.mp4,13337,straight,False,,2026-05-11T19:31:07
V11.mp4,13344,hook,False,,2026-05-11T19:31:09
V11.mp4,13358,straight,False,,2026-05-11T19:31:11
V11.mp4,13364,straight,False,,2026-05-11T19:31:12
V11.mp4,13379,straight,False,,2026-05-11T19:31:14
V11.mp4,13388,hook,False,,2026-05-11T19:31:16
V11.mp4,13401,straight,False,,2026-05-11T19:31:19
V11.mp4,13408,straight,False,,2026-05-11T19:31:20
V11.mp4,13422,straight,False,,2026-05-11T19:31:23
V11.mp4,13430,hook,False,,2026-05-11T19:31:25
V11.mp4,13444,straight,False,,2026-05-11T19:31:27
V11.mp4,13451,straight,False,,2026-05-11T19:31:28
V11.mp4,13465,straight,False,,2026-05-11T19:31:30
V11.mp4,13473,hook,False,,2026-05-11T19:31:32
V11.mp4,13487,straight,False,,2026-05-11T19:31:34
V11.mp4,13495,straight,False,,2026-05-11T19:31:36
V11.mp4,13510,straight,False,,2026-05-11T19:31:37
V11.mp4,13518,hook,False,,2026-05-11T19:31:39
V11.mp4,13531,straight,False,,2026-05-11T19:31:41
V11.mp4,13539,straight,False,,2026-05-11T19:31:43
V11.mp4,13552,straight,False,,2026-05-11T19:31:45
V11.mp4,13560,hook,False,,2026-05-11T19:31:47
V11.mp4,13575,straight,False,,2026-05-11T19:31:49
V11.mp4,13582,straight,False,,2026-05-11T19:31:50
V11.mp4,13597,straight,False,,2026-05-11T19:31:52
V11.mp4,13605,hook,False,,2026-05-11T19:31:54
V11.mp4,13618,straight,False,,2026-05-11T19:32:00
V11.mp4,13626,straight,False,,2026-05-11T19:32:02
V11.mp4,13640,straight,False,,2026-05-11T19:32:04
V11.mp4,13648,hook,False,,2026-05-11T19:32:05
V11.mp4,13662,straight,False,,2026-05-11T19:32:07
V11.mp4,13669,straight,False,,2026-05-11T19:32:09
V11.mp4,13683,straight,False,,2026-05-11T19:32:11
V11.mp4,13691,hook,False,,2026-05-11T19:32:15
V11.mp4,13705,straight,False,,2026-05-11T19:32:18
V11.mp4,13713,straight,False,,2026-05-11T19:32:25
V11.mp4,13726,straight,False,,2026-05-11T19:32:27
V11.mp4,13735,hook,False,,2026-05-11T19:32:29
V11.mp4,13748,straight,False,,2026-05-11T19:32:31
V11.mp4,13758,straight,False,,2026-05-11T19:32:33
V11.mp4,13772,straight,False,,2026-05-11T19:32:35
V11.mp4,13779,hook,False,,2026-05-11T19:32:37
V11.mp4,13793,straight,False,,2026-05-11T19:32:39
V11.mp4,13801,straight,False,,2026-05-11T19:32:41
V11.mp4,13814,straight,False,,2026-05-11T19:32:43
V11.mp4,13822,hook,False,,2026-05-11T19:32:44
V11.mp4,13836,straight,False,,2026-05-11T19:32:46
V11.mp4,13843,straight,False,,2026-05-11T19:32:48
V11.mp4,13858,straight,False,,2026-05-11T19:32:50
V11.mp4,13867,hook,False,,2026-05-11T19:32:51
V11.mp4,13882,straight,False,,2026-05-11T19:32:53
V11.mp4,13889,straight,False,,2026-05-11T19:32:55
V11.mp4,13903,straight,False,,2026-05-11T19:32:57
V11.mp4,13912,hook,False,,2026-05-11T19:32:58
V11.mp4,13926,straight,False,,2026-05-11T19:33:01
V11.mp4,13934,straight,False,,2026-05-11T19:33:02
V11.mp4,13948,straight,False,,2026-05-11T19:33:05
V11.mp4,13956,hook,False,,2026-05-11T19:33:06
V11.mp4,13970,straight,False,,2026-05-11T19:33:08
V11.mp4,13978,straight,False,,2026-05-11T19:33:10
V11.mp4,13992,straight,False,,2026-05-11T19:33:14
V11.mp4,14000,hook,False,,2026-05-11T19:33:17
V11.mp4,14015,straight,False,,2026-05-11T19:33:19
V11.mp4,14022,straight,False,,2026-05-11T19:33:20
V11.mp4,14036,straight,False,,2026-05-11T19:33:22
V11.mp4,14045,hook,False,,2026-05-11T19:33:24
V11.mp4,14058,straight,False,,2026-05-11T19:33:27
V11.mp4,14067,straight,False,,2026-05-11T19:33:28
V11.mp4,14935,hook,False,,2026-05-11T19:41:48
V11.mp4,14953,straight,False,,2026-05-11T19:41:50
V11.mp4,14964,straight,False,,2026-05-11T19:41:52
V11.mp4,14994,straight,False,,2026-05-11T19:41:55
V11.mp4,15001,hook,False,,2026-05-11T19:41:57
V11.mp4,15016,straight,False,,2026-05-11T19:41:59
V11.mp4,15022,straight,False,,2026-05-11T19:42:00
V11.mp4,15035,straight,False,,2026-05-11T19:42:02
V11.mp4,15043,hook,False,,2026-05-11T19:42:03
V11.mp4,15057,straight,False,,2026-05-11T19:42:06
V11.mp4,15065,straight,False,,2026-05-11T19:42:07
V11.mp4,15079,straight,False,,2026-05-11T19:42:09
V11.mp4,15087,hook,False,,2026-05-11T19:42:12
V11.mp4,15100,straight,False,,2026-05-11T19:42:14
V11.mp4,15108,straight,False,,2026-05-11T19:42:16
V11.mp4,15120,straight,False,,2026-05-11T19:42:19
V11.mp4,15129,hook,False,,2026-05-11T19:42:21
V11.mp4,15144,straight,False,,2026-05-11T19:42:23
V11.mp4,15151,straight,False,,2026-05-11T19:42:24
V11.mp4,15164,straight,False,,2026-05-11T19:42:27
V11.mp4,15173,hook,False,,2026-05-11T19:42:29
V11.mp4,15186,straight,False,,2026-05-11T19:42:32
V11.mp4,15193,straight,False,,2026-05-11T19:42:33
V11.mp4,15205,straight,False,,2026-05-11T19:42:35
V11.mp4,15214,hook,False,,2026-05-11T19:42:36
V11.mp4,15228,straight,False,,2026-05-11T19:44:17
V11.mp4,15235,straight,False,,2026-05-11T19:44:19
V11.mp4,15248,straight,False,,2026-05-11T19:44:20
V11.mp4,15256,hook,False,,2026-05-11T19:44:22
V11.mp4,15269,straight,False,,2026-05-11T19:44:23
V11.mp4,15276,straight,False,,2026-05-11T19:44:25
V11.mp4,15289,straight,False,,2026-05-11T19:44:27
V11.mp4,15299,hook,False,,2026-05-11T19:44:28
V11.mp4,15312,straight,False,,2026-05-11T19:44:30
V11.mp4,15320,straight,False,,2026-05-11T19:44:31
V11.mp4,15333,straight,False,,2026-05-11T19:44:33
V11.mp4,15342,hook,False,,2026-05-11T19:44:35
V11.mp4,15355,straight,False,,2026-05-11T19:44:36
V11.mp4,15363,straight,False,,2026-05-11T19:44:38
V11.mp4,15377,straight,False,,2026-05-11T19:44:39
V11.mp4,15385,hook,False,,2026-05-11T19:44:41
V11.mp4,15400,straight,False,,2026-05-11T19:44:43
V11.mp4,15407,straight,False,,2026-05-11T19:44:44
V11.mp4,15421,straight,False,,2026-05-11T19:44:46
V11.mp4,15429,hook,False,,2026-05-11T19:44:48
V11.mp4,15443,straight,False,,2026-05-11T19:44:50
V11.mp4,15451,straight,False,,2026-05-11T19:44:51
V11.mp4,15464,straight,False,,2026-05-11T19:44:53
V11.mp4,15473,hook,False,,2026-05-11T19:44:55
V11.mp4,15485,straight,False,,2026-05-11T19:44:56
V11.mp4,15494,straight,False,,2026-05-11T19:44:59
V11.mp4,15507,straight,False,,2026-05-11T19:45:01
V11.mp4,15516,hook,False,,2026-05-11T19:45:02
V11.mp4,15530,straight,False,,2026-05-11T19:45:04
V11.mp4,15538,straight,False,,2026-05-11T19:45:05
V11.mp4,15552,straight,False,,2026-05-11T19:45:08
V11.mp4,15561,hook,False,,2026-05-11T19:45:09
V11.mp4,15574,straight,False,,2026-05-11T19:45:11
V11.mp4,15583,straight,False,,2026-05-11T19:45:12
V11.mp4,15595,straight,False,,2026-05-11T19:45:14
V11.mp4,15604,hook,False,,2026-05-11T19:45:16
V11.mp4,15618,straight,False,,2026-05-11T19:45:18
V11.mp4,15625,straight,False,,2026-05-11T19:45:19
V11.mp4,15640,straight,False,,2026-05-11T19:45:21
V11.mp4,15648,hook,False,,2026-05-11T19:45:23
V11.mp4,15662,straight,False,,2026-05-11T19:45:25
V11.mp4,15670,straight,False,,2026-05-11T19:45:26
V11.mp4,15684,straight,False,,2026-05-11T19:45:28
V11.mp4,15693,hook,False,,2026-05-11T19:45:30
V11.mp4,15706,straight,False,,2026-05-11T19:45:31
V11.mp4,15714,straight,False,,2026-05-11T19:45:33
V11.mp4,15728,straight,False,,2026-05-11T19:45:35
V11.mp4,15737,hook,False,,2026-05-11T19:45:37
V11.mp4,15750,straight,False,,2026-05-11T19:45:38
V11.mp4,15758,straight,False,,2026-05-11T19:45:40
V11.mp4,15772,straight,False,,2026-05-11T19:45:42
V11.mp4,15781,hook,False,,2026-05-11T19:45:43
V11.mp4,15797,straight,False,,2026-05-11T19:45:45
V11.mp4,15804,straight,False,,2026-05-11T19:45:47
V11.mp4,15816,straight,False,,2026-05-11T19:45:49
V11.mp4,15825,hook,False,,2026-05-11T19:45:51
V11.mp4,15838,straight,False,,2026-05-11T19:45:53
V11.mp4,15846,straight,False,,2026-05-11T19:45:54
V11.mp4,15859,straight,False,,2026-05-11T19:45:56
V11.mp4,15867,hook,False,,2026-05-11T19:45:58
V11.mp4,15880,straight,False,,2026-05-11T19:46:00
V11.mp4,15888,straight,False,,2026-05-11T19:46:01
V11.mp4,15899,straight,False,,2026-05-11T19:46:03
V11.mp4,15908,hook,False,,2026-05-11T19:46:05
V11.mp4,15921,straight,False,,2026-05-11T19:46:06
V11.mp4,15930,straight,False,,2026-05-11T19:46:08
V11.mp4,15941,straight,False,,2026-05-11T19:46:09
V11.mp4,15950,hook,False,,2026-05-11T19:46:11
V11.mp4,15963,straight,False,,2026-05-11T19:46:13
V11.mp4,15970,straight,False,,2026-05-11T19:46:14
V11.mp4,15983,straight,False,,2026-05-11T19:46:16
V11.mp4,15991,hook,False,,2026-05-11T19:46:18
V11.mp4,16003,straight,False,,2026-05-11T19:46:20
V11.mp4,16011,straight,False,,2026-05-11T19:46:21
V11.mp4,16023,straight,False,,2026-05-11T19:46:23
V11.mp4,16031,hook,False,,2026-05-11T19:46:25
V11.mp4,16044,straight,False,,2026-05-11T19:46:27
V11.mp4,16052,straight,False,,2026-05-11T19:46:29
V11.mp4,16063,straight,False,,2026-05-11T19:46:31
V11.mp4,16073,hook,False,,2026-05-11T19:46:33
V11.mp4,16085,straight,False,,2026-05-11T19:46:35
V11.mp4,16093,straight,False,,2026-05-11T19:46:36
V11.mp4,16104,straight,False,,2026-05-11T19:46:38
V11.mp4,16113,hook,False,,2026-05-11T19:46:40
V11.mp4,16126,straight,False,,2026-05-11T19:46:42
V11.mp4,16134,straight,False,,2026-05-11T19:46:43
V11.mp4,16145,straight,False,,2026-05-11T19:46:45
V11.mp4,16153,hook,False,,2026-05-11T19:46:47
V11.mp4,16166,straight,False,,2026-05-11T19:46:49
V11.mp4,16174,straight,False,,2026-05-11T19:46:50
V11.mp4,16185,straight,False,,2026-05-11T19:46:52
V11.mp4,16193,hook,False,,2026-05-11T19:46:54
V11.mp4,16206,straight,False,,2026-05-11T19:46:56
V11.mp4,16214,straight,False,,2026-05-11T19:46:57
V11.mp4,16225,straight,False,,2026-05-11T19:46:58
V11.mp4,16234,hook,False,,2026-05-11T19:47:00
V11.mp4,16245,straight,False,,2026-05-11T19:47:02
V11.mp4,16254,straight,False,,2026-05-11T19:47:10
V11.mp4,16264,straight,False,,2026-05-11T19:47:12
V11.mp4,16274,hook,False,,2026-05-11T19:47:14
V11.mp4,16286,straight,False,,2026-05-11T19:47:16
V11.mp4,16293,straight,False,,2026-05-11T19:47:18
V11.mp4,16304,straight,False,,2026-05-11T19:47:19
V11.mp4,16314,hook,False,,2026-05-11T19:47:21
V11.mp4,16326,straight,False,,2026-05-11T19:47:23
V11.mp4,16334,straight,False,,2026-05-11T19:47:24
V11.mp4,16345,straight,False,,2026-05-11T19:47:26
V11.mp4,16355,hook,False,,2026-05-11T19:47:28
V11.mp4,16368,straight,False,,2026-05-11T19:47:30
V11.mp4,16377,straight,False,,2026-05-11T19:47:31
V11.mp4,16387,straight,False,,2026-05-11T19:47:33
V11.mp4,16397,hook,False,,2026-05-11T19:47:35
V11.mp4,16408,straight,False,,2026-05-11T19:47:37
V11.mp4,16417,straight,False,,2026-05-11T19:47:39
V11.mp4,16428,straight,False,,2026-05-11T19:47:40
V11.mp4,16438,hook,False,,2026-05-11T19:47:42
V11.mp4,16449,straight,False,,2026-05-11T19:47:44
V11.mp4,16458,straight,False,,2026-05-11T19:47:45
V11.mp4,16469,straight,False,,2026-05-11T19:47:47
V11.mp4,16479,hook,False,,2026-05-11T19:47:48
V11.mp4,16492,straight,False,,2026-05-11T19:47:52
V11.mp4,16500,straight,False,,2026-05-11T19:47:54
V11.mp4,16510,straight,False,,2026-05-11T19:47:56
V11.mp4,16520,hook,False,,2026-05-11T19:47:58
V11.mp4,16533,straight,False,,2026-05-11T19:48:00
V11.mp4,16543,straight,False,,2026-05-11T19:48:02
V11.mp4,16565,none,False,,2026-05-11T19:48:06
V11.mp4,16566,none,False,,2026-05-11T19:48:06
V11.mp4,16567,none,False,,2026-05-11T19:48:06
V11.mp4,16568,none,False,,2026-05-11T19:48:06
V11.mp4,16569,none,False,,2026-05-11T19:48:06
V11.mp4,16570,none,False,,2026-05-11T19:48:06
V11.mp4,16571,none,False,,2026-05-11T19:48:07
V11.mp4,16572,none,False,,2026-05-11T19:48:07
V11.mp4,16573,none,False,,2026-05-11T19:48:07
V11.mp4,16573,none,False,,2026-05-11T19:48:07
V11.mp4,16574,none,False,,2026-05-11T19:48:07
V11.mp4,16575,none,False,,2026-05-11T19:48:07
V11.mp4,16576,none,False,,2026-05-11T19:48:08
V11.mp4,16577,none,False,,2026-05-11T19:48:08
V11.mp4,16578,none,False,,2026-05-11T19:48:08
V11.mp4,16579,none,False,,2026-05-11T19:48:08
V11.mp4,16581,none,False,,2026-05-11T19:48:09
V11.mp4,16582,none,False,,2026-05-11T19:48:09
V11.mp4,16583,none,False,,2026-05-11T19:48:09
V11.mp4,16583,none,False,,2026-05-11T19:48:09
V11.mp4,16584,none,False,,2026-05-11T19:48:10
V11.mp4,17539,straight,False,,2026-05-11T19:48:25
V11.mp4,17547,straight,False,,2026-05-11T19:48:26
V11.mp4,17560,straight,False,,2026-05-11T19:48:28
V11.mp4,17570,straight,False,,2026-05-11T19:48:30
V11.mp4,17646,hook,False,,2026-05-11T19:48:43
V11.mp4,17660,straight,False,,2026-05-11T19:55:22
V11.mp4,17667,straight,False,,2026-05-11T19:55:24
V11.mp4,17674,straight,False,,2026-05-11T19:55:26
V11.mp4,17680,straight,False,,2026-05-11T19:55:28
V11.mp4,17693,straight,False,,2026-05-11T19:55:30
V11.mp4,17699,hook,False,,2026-05-11T19:55:32
V11.mp4,17711,straight,False,,2026-05-11T19:55:34
V11.mp4,17718,straight,False,,2026-05-11T19:55:35
V11.mp4,17724,straight,False,,2026-05-11T19:55:37
V11.mp4,17731,straight,False,,2026-05-11T19:55:38
V11.mp4,17742,straight,False,,2026-05-11T19:55:40
V11.mp4,17749,hook,False,,2026-05-11T19:55:42
V11.mp4,17760,straight,False,,2026-05-11T19:55:43
V11.mp4,17766,straight,False,,2026-05-11T19:55:45
V11.mp4,17773,straight,False,,2026-05-11T19:55:46
V11.mp4,17779,straight,False,,2026-05-11T19:55:48
V11.mp4,17789,straight,False,,2026-05-11T19:55:50
V11.mp4,17797,hook,False,,2026-05-11T19:55:51
V11.mp4,17815,straight,False,,2026-05-11T19:55:55
V11.mp4,17828,straight,False,,2026-05-11T19:55:58
V11.mp4,17841,straight,False,,2026-05-11T19:56:00
V11.mp4,17848,hook,False,,2026-05-11T19:56:02
V11.mp4,17860,straight,False,,2026-05-11T19:56:03
V11.mp4,17867,straight,False,,2026-05-11T19:56:05
V11.mp4,17875,hook,False,,2026-05-11T19:56:07
V11.mp4,17879,straight,False,,2026-05-11T19:56:09
V11.mp4,17889,straight,False,,2026-05-11T19:56:13
V11.mp4,17898,hook,False,,2026-05-11T19:56:15
V11.mp4,17911,straight,False,,2026-05-11T21:13:52
V11.mp4,17917,straight,False,,2026-05-11T21:13:53
V11.mp4,17924,straight,False,,2026-05-11T21:13:55
V11.mp4,17930,straight,False,,2026-05-11T21:13:57
V11.mp4,17949,hook,False,,2026-05-11T21:14:02
V11.mp4,17962,straight,False,,2026-05-11T21:14:04
V11.mp4,17968,straight,False,,2026-05-11T21:14:05
V11.mp4,17975,straight,False,,2026-05-11T21:14:07
V11.mp4,17982,straight,False,,2026-05-11T21:14:08
V11.mp4,17999,hook,False,,2026-05-11T21:14:12
V11.mp4,18012,straight,False,,2026-05-11T21:14:17
V11.mp4,18019,straight,False,,2026-05-11T21:14:18
V11.mp4,18027,straight,False,,2026-05-11T21:14:20
V11.mp4,18033,straight,False,,2026-05-11T21:14:21
V11.mp4,18054,hook,False,,2026-05-11T21:14:26
V11.mp4,18069,straight,False,,2026-05-11T21:14:55
V11.mp4,18076,straight,False,,2026-05-11T21:14:56
V11.mp4,18083,straight,False,,2026-05-11T21:14:58
V11.mp4,18090,straight,False,,2026-05-11T21:14:59
V11.mp4,18101,straight,False,,2026-05-11T21:15:02
V11.mp4,18109,hook,False,,2026-05-11T21:15:04
V11.mp4,18132,straight,False,,2026-05-11T21:15:08
V11.mp4,18139,straight,False,,2026-05-11T21:15:09
V11.mp4,18145,straight,False,,2026-05-11T21:15:11
V11.mp4,18158,straight,False,,2026-05-11T21:15:13
V11.mp4,18166,hook,False,,2026-05-11T21:15:14
V11.mp4,18188,straight,False,,2026-05-11T21:15:19
V11.mp4,18195,straight,False,,2026-05-11T21:15:20
V11.mp4,18203,straight,False,,2026-05-11T21:15:21
V11.mp4,18215,straight,False,,2026-05-11T21:15:23
V11.mp4,18222,hook,False,,2026-05-11T21:15:25
V11.mp4,18234,straight,False,,2026-05-11T21:15:31
V11.mp4,18235,straight,False,,2026-05-11T21:15:42
V11.mp4,18243,straight,False,,2026-05-11T21:15:44
V11.mp4,18250,straight,False,,2026-05-11T21:15:45
V11.mp4,18257,straight,False,,2026-05-11T21:15:46
V11.mp4,18270,straight,False,,2026-05-11T21:15:48
V11.mp4,18277,hook,False,,2026-05-11T21:15:50
V11.mp4,18293,straight,False,,2026-05-11T21:15:52
V11.mp4,18300,straight,False,,2026-05-11T21:15:53
V11.mp4,18308,straight,False,,2026-05-11T21:15:56
V11.mp4,18316,straight,False,,2026-05-11T21:15:58
V11.mp4,18327,straight,False,,2026-05-11T21:16:00
V11.mp4,18334,hook,False,,2026-05-11T21:16:01
V11.mp4,18351,straight,False,,2026-05-11T21:16:04
V11.mp4,18358,straight,False,,2026-05-11T21:16:05
V11.mp4,18368,straight,False,,2026-05-11T21:16:07
V11.mp4,18374,straight,False,,2026-05-11T21:16:11
V11.mp4,18385,straight,False,,2026-05-11T21:16:13
V11.mp4,18392,hook,False,,2026-05-11T21:16:15
V11.mp4,18417,straight,False,,2026-05-11T21:16:19
V11.mp4,18425,straight,False,,2026-05-11T21:16:25
V11.mp4,18433,straight,False,,2026-05-11T21:16:27
V11.mp4,18440,straight,False,,2026-05-11T21:16:28
V11.mp4,18454,straight,False,,2026-05-11T21:16:30
V11.mp4,18461,hook,False,,2026-05-11T21:16:32
V11.mp4,18489,straight,False,,2026-05-11T21:16:35
V11.mp4,18496,straight,False,,2026-05-11T21:16:37
V11.mp4,18504,straight,False,,2026-05-11T21:16:39
V11.mp4,18510,straight,False,,2026-05-11T21:16:42
V11.mp4,18517,straight,False,,2026-05-11T21:16:43
V11.mp4,18523,hook,False,,2026-05-11T21:16:45
V11.mp4,18536,straight,False,,2026-05-11T21:16:47
V11.mp4,18543,straight,False,,2026-05-11T21:16:48
V11.mp4,18549,straight,False,,2026-05-11T21:16:50
V11.mp4,18557,straight,False,,2026-05-11T21:16:52
V11.mp4,18564,straight,False,,2026-05-11T21:16:53
V11.mp4,18572,hook,False,,2026-05-11T21:16:55
V11.mp4,18585,straight,False,,2026-05-11T21:16:59
V11.mp4,18592,straight,False,,2026-05-11T21:17:00
V11.mp4,18600,straight,False,,2026-05-11T21:17:02
V11.mp4,18607,straight,False,,2026-05-11T21:17:04
V11.mp4,18614,straight,False,,2026-05-11T21:17:05
V11.mp4,18623,hook,False,,2026-05-11T21:17:07
V11.mp4,18643,straight,False,,2026-05-11T21:17:28
V11.mp4,18657,straight,False,,2026-05-11T21:17:31
V11.mp4,18665,straight,False,,2026-05-11T21:17:33
V11.mp4,18673,hook,False,,2026-05-11T21:17:35
V11.mp4,18694,straight,False,,2026-05-11T21:17:39
V11.mp4,18701,straight,False,,2026-05-11T21:17:41
V11.mp4,18709,straight,False,,2026-05-11T21:17:43
V11.mp4,18717,straight,False,,2026-05-11T21:17:44
V11.mp4,18724,hook,False,,2026-05-11T21:17:46
V11.mp4,18737,straight,False,,2026-05-11T21:17:48
V11.mp4,18744,straight,False,,2026-05-11T21:17:49
V11.mp4,18751,straight,False,,2026-05-11T21:17:51
V11.mp4,18759,straight,False,,2026-05-11T21:17:52
V11.mp4,18770,straight,False,,2026-05-11T21:17:54
V11.mp4,18778,hook,False,,2026-05-11T21:17:56
V11.mp4,18815,straight,False,,2026-05-11T21:18:00
V11.mp4,18822,straight,False,,2026-05-11T21:18:01
V11.mp4,18836,straight,False,,2026-05-11T21:18:04
V11.mp4,18846,straight,False,,2026-05-11T21:18:06
V11.mp4,18857,hook,False,,2026-05-11T21:18:08
V11.mp4,18874,straight,False,,2026-05-11T21:18:10
V11.mp4,18881,straight,False,,2026-05-11T21:18:12
V11.mp4,18896,straight,False,,2026-05-11T21:18:14
V11.mp4,18903,straight,False,,2026-05-11T21:18:16
V11.mp4,18910,hook,False,,2026-05-11T21:18:19
V11.mp4,18924,straight,False,,2026-05-11T21:18:26
V11.mp4,18931,straight,False,,2026-05-11T21:18:27
V11.mp4,18939,straight,False,,2026-05-11T21:18:29
V11.mp4,18945,straight,False,,2026-05-11T21:18:30
V11.mp4,18956,straight,False,,2026-05-11T21:18:32
V11.mp4,18965,hook,False,,2026-05-11T21:18:34
V11.mp4,18979,straight,False,,2026-05-11T21:18:35
V11.mp4,18986,straight,False,,2026-05-11T21:18:37
V11.mp4,18994,straight,False,,2026-05-11T21:18:38
V11.mp4,19001,straight,False,,2026-05-11T21:18:40
V11.mp4,19015,straight,False,,2026-05-11T21:18:42
V11.mp4,19022,hook,False,,2026-05-11T21:18:44
V11.mp4,19037,straight,False,,2026-05-11T21:18:46
V11.mp4,19043,straight,False,,2026-05-11T21:18:48
V11.mp4,19053,straight,False,,2026-05-11T21:18:49
V11.mp4,19061,straight,False,,2026-05-11T21:18:51
V11.mp4,19082,hook,False,,2026-05-11T21:18:53
V11.mp4,19123,straight,False,,2026-05-11T21:18:58
V11.mp4,19130,straight,False,,2026-05-11T21:18:59
V11.mp4,19137,straight,False,,2026-05-11T21:19:01
V11.mp4,19144,straight,False,,2026-05-11T21:19:03
V11.mp4,19168,straight,False,,2026-05-11T21:19:05
V11.mp4,19176,hook,False,,2026-05-11T21:19:07
V11.mp4,19189,straight,False,,2026-05-11T21:19:09
V11.mp4,19197,straight,False,,2026-05-11T21:19:11
V11.mp4,19207,straight,False,,2026-05-11T21:19:13
V11.mp4,19214,straight,False,,2026-05-11T21:19:14
V11.mp4,19228,straight,False,,2026-05-11T21:19:16
V11.mp4,19235,hook,False,,2026-05-11T21:19:18
V11.mp4,19247,straight,False,,2026-05-11T21:19:19
V11.mp4,19254,straight,False,,2026-05-11T21:19:21
V11.mp4,19269,straight,False,,2026-05-11T21:19:23
V11.mp4,19276,straight,False,,2026-05-11T21:19:25
V11.mp4,20659,straight,False,,2026-05-11T21:19:55
V11.mp4,20722,uppercut,False,,2026-05-11T21:20:36
V11.mp4,20727,hook,False,,2026-05-11T21:20:44
V11.mp4,20777,straight,False,,2026-05-11T21:20:56
V11.mp4,20848,hook,False,,2026-05-11T21:21:08
V11.mp4,20853,uppercut,False,,2026-05-11T21:21:12
V11.mp4,20866,hook,False,,2026-05-11T21:21:15
V11.mp4,20903,hook,False,,2026-05-11T21:21:20
V11.mp4,20924,hook,False,,2026-05-11T21:21:23
V11.mp4,20937,uppercut,False,,2026-05-11T21:21:25
V11.mp4,20943,hook,False,,2026-05-11T21:21:28
V11.mp4,20963,hook,False,,2026-05-11T21:21:30
V11.mp4,20978,hook,False,,2026-05-11T21:21:33
V11.mp4,20997,hook,False,,2026-05-11T21:21:35
V11.mp4,21004,uppercut,False,,2026-05-11T21:21:37
V11.mp4,21010,hook,False,,2026-05-11T21:21:40
V11.mp4,21029,hook,False,,2026-05-11T21:21:43
V11.mp4,21045,hook,False,,2026-05-11T21:21:45
V11.mp4,21064,hook,False,,2026-05-11T21:21:48
V11.mp4,21071,uppercut,False,,2026-05-11T21:21:50
V11.mp4,21078,hook,False,,2026-05-11T21:21:54
V11.mp4,21116,hook,False,,2026-05-11T21:22:00
V11.mp4,21136,hook,False,,2026-05-11T21:22:03
V11.mp4,21142,uppercut,False,,2026-05-11T21:22:05
V11.mp4,21149,hook,False,,2026-05-11T21:22:08
V11.mp4,21184,hook,False,,2026-05-11T21:22:13
V11.mp4,21202,straight,False,,2026-05-11T21:22:16
V11.mp4,21209,uppercut,False,,2026-05-11T21:22:17
V11.mp4,21215,straight,False,,2026-05-11T21:22:21
V11.mp4,21238,hook,False,,2026-05-11T21:22:26
V11.mp4,21254,hook,False,,2026-05-11T21:22:30
V11.mp4,21276,straight,False,,2026-05-11T21:22:33
V11.mp4,21281,uppercut,False,,2026-05-11T21:22:34
V11.mp4,21288,straight,False,,2026-05-11T21:22:36
V11.mp4,21310,hook,False,,2026-05-11T21:22:40
V11.mp4,21327,hook,False,,2026-05-11T21:22:43
V11.mp4,21346,straight,False,,2026-05-11T21:22:46
V11.mp4,21352,uppercut,False,,2026-05-11T21:22:47
V11.mp4,21359,straight,False,,2026-05-11T21:22:49
V11.mp4,21383,hook,False,,2026-05-11T21:22:52
V11.mp4,21400,hook,False,,2026-05-11T21:22:55
V11.mp4,21419,straight,False,,2026-05-11T21:22:57
V11.mp4,21426,uppercut,False,,2026-05-11T21:22:59
V11.mp4,21432,straight,False,,2026-05-11T21:23:01
V11.mp4,21467,hook,False,,2026-05-11T21:23:06
V11.mp4,21486,straight,False,,2026-05-11T21:23:09
V11.mp4,21493,uppercut,False,,2026-05-11T21:23:10
V11.mp4,21500,straight,False,,2026-05-11T21:23:12
V11.mp4,21522,hook,False,,2026-05-11T21:23:17
V11.mp4,21538,hook,False,,2026-05-11T21:23:19
V11.mp4,21557,straight,False,,2026-05-11T21:23:22
V11.mp4,21563,uppercut,False,,2026-05-11T21:23:23
V11.mp4,21570,straight,False,,2026-05-11T21:23:25
V11.mp4,21592,hook,False,,2026-05-11T21:23:28
V11.mp4,21607,hook,False,,2026-05-11T21:23:30
V11.mp4,21644,straight,False,,2026-05-11T21:23:34
V11.mp4,21650,uppercut,False,,2026-05-11T21:23:36
V11.mp4,21656,straight,False,,2026-05-11T21:23:38
V11.mp4,21677,straight,False,,2026-05-11T21:23:40
V11.mp4,21693,hook,False,,2026-05-11T21:23:43
V11.mp4,21732,straight,False,,2026-05-11T21:23:48
V11.mp4,21741,uppercut,False,,2026-05-11T21:23:49
V11.mp4,21747,straight,False,,2026-05-11T21:23:51
V11.mp4,21766,hook,False,,2026-05-11T21:23:54
V11.mp4,21781,hook,False,,2026-05-11T21:23:58
V11.mp4,21801,straight,False,,2026-05-11T21:24:05
V11.mp4,21806,uppercut,False,,2026-05-11T21:24:06
V11.mp4,21814,straight,False,,2026-05-11T21:24:11
V11.mp4,21837,hook,False,,2026-05-11T21:24:14
V11.mp4,21852,hook,False,,2026-05-11T21:24:17
V11.mp4,21871,straight,False,,2026-05-11T21:24:19
V11.mp4,21878,uppercut,False,,2026-05-11T21:24:21
V11.mp4,21885,straight,False,,2026-05-11T21:24:23
V11.mp4,21906,hook,False,,2026-05-11T21:24:26
V11.mp4,21925,hook,False,,2026-05-11T21:24:29
V11.mp4,21943,straight,False,,2026-05-11T21:24:33
V11.mp4,21951,uppercut,False,,2026-05-11T21:24:35
V11.mp4,21958,straight,False,,2026-05-11T21:24:36
V11.mp4,21997,hook,False,,2026-05-11T21:24:42
V11.mp4,22040,straight,False,,2026-05-11T21:24:47
V11.mp4,22047,uppercut,False,,2026-05-11T21:24:48
V11.mp4,22053,straight,False,,2026-05-11T21:24:52
V11.mp4,22088,hook,False,,2026-05-11T21:24:57
V11.mp4,22105,straight,False,,2026-05-11T21:25:00
V11.mp4,22113,uppercut,False,,2026-05-11T21:25:02
V11.mp4,22121,straight,False,,2026-05-11T21:25:56
V11.mp4,22145,hook,False,,2026-05-11T21:25:59
V11.mp4,22163,hook,False,,2026-05-11T21:26:02
V11.mp4,22184,straight,False,,2026-05-11T21:26:05
V11.mp4,22191,uppercut,False,,2026-05-11T21:26:06
V11.mp4,22198,straight,False,,2026-05-11T21:26:08
V11.mp4,22220,hook,False,,2026-05-11T21:26:12
V11.mp4,22236,hook,False,,2026-05-11T21:26:14
V11.mp4,23244,hook,False,,2026-05-11T21:30:21
V11.mp4,23250,uppercut,False,,2026-05-11T21:30:22
V11.mp4,23256,straight,False,,2026-05-11T21:30:25
V11.mp4,23277,hook,False,,2026-05-11T21:30:29
V11.mp4,23311,straight,False,,2026-05-11T21:30:34
V11.mp4,23317,uppercut,False,,2026-05-11T21:30:37
V11.mp4,23324,straight,False,,2026-05-11T21:30:38
V11.mp4,23345,hook,False,,2026-05-11T21:30:43
V11.mp4,23378,straight,False,,2026-05-11T21:31:13
V11.mp4,23385,uppercut,False,,2026-05-11T21:31:15
V11.mp4,23391,straight,False,,2026-05-11T21:31:33
V11.mp4,23414,hook,False,,2026-05-11T21:31:36
V11.mp4,23446,straight,False,,2026-05-11T21:31:40
V11.mp4,23454,uppercut,False,,2026-05-11T21:31:42
V11.mp4,23460,straight,False,,2026-05-11T21:31:43
V11.mp4,23478,hook,False,,2026-05-11T21:31:46
V11.mp4,23500,straight,False,,2026-05-11T21:31:49
V11.mp4,23506,uppercut,False,,2026-05-11T21:31:51
V11.mp4,23512,straight,False,,2026-05-11T21:31:52
V11.mp4,23531,hook,False,,2026-05-11T21:31:55
V11.mp4,23623,straight,False,,2026-05-11T21:32:07
V11.mp4,23628,uppercut,False,,2026-05-11T21:32:09
V11.mp4,23635,straight,False,,2026-05-11T21:32:11
V11.mp4,23643,hook,False,,2026-05-11T21:32:13
V11.mp4,23649,hook,False,,2026-05-11T21:32:17
V11.mp4,23662,straight,False,,2026-05-11T21:32:19
V11.mp4,23670,straight,False,,2026-05-11T21:32:21
V11.mp4,23688,straight,False,,2026-05-11T21:32:26
V11.mp4,23694,uppercut,False,,2026-05-11T21:32:28
V11.mp4,23701,straight,False,,2026-05-11T21:32:34
V11.mp4,23717,hook,False,,2026-05-11T21:32:37
V11.mp4,23724,hook,False,,2026-05-11T21:32:40
V11.mp4,23740,straight,False,,2026-05-11T21:32:44
V11.mp4,23746,uppercut,False,,2026-05-11T21:32:46
V11.mp4,23753,hook,False,,2026-05-11T21:32:52
V11.mp4,23773,hook,False,,2026-05-11T21:32:55
V11.mp4,23801,hook,False,,2026-05-11T21:32:59
V11.mp4,23837,straight,False,,2026-05-11T21:33:08
V11.mp4,23842,uppercut,False,,2026-05-11T21:33:13
V11.mp4,23847,straight,False,,2026-05-11T21:33:25
V11.mp4,23863,uppercut,False,,2026-05-11T21:33:31
V11.mp4,23863,hook,False,,2026-05-11T21:34:08
V11.mp4,23871,hook,False,,2026-05-11T21:34:10
V11.mp4,23889,straight,False,,2026-05-11T21:34:14
V11.mp4,23894,uppercut,False,,2026-05-11T21:34:15
V11.mp4,23900,hook,False,,2026-05-11T21:34:17
V11.mp4,23919,hook,False,,2026-05-11T22:07:57
V11.mp4,23933,hook,False,,2026-05-11T22:08:00
V11.mp4,23947,straight,False,,2026-05-11T22:08:03
V11.mp4,23953,uppercut,False,,2026-05-11T22:08:06
V11.mp4,23959,straight,False,,2026-05-11T22:08:08
V11.mp4,23977,hook,False,,2026-05-11T22:08:12
V11.mp4,23992,hook,False,,2026-05-11T22:08:14
V11.mp4,24033,hook,False,,2026-05-11T22:08:18
V11.mp4,24039,uppercut,False,,2026-05-11T22:08:20
V11.mp4,24045,straight,False,,2026-05-11T22:08:23
V11.mp4,24069,hook,False,,2026-05-11T22:08:27
V11.mp4,24089,straight,False,,2026-05-11T22:08:30
V11.mp4,24102,straight,False,,2026-05-11T22:08:37
V11.mp4,24121,hook,False,,2026-05-11T22:08:41
V11.mp4,24129,hook,False,,2026-05-11T22:08:42
V11.mp4,24147,straight,False,,2026-05-11T22:08:45
V11.mp4,24155,uppercut,False,,2026-05-11T22:08:46
V11.mp4,24163,hook,False,,2026-05-11T22:08:48
V11.mp4,24184,hook,False,,2026-05-11T22:08:51
V11.mp4,24192,hook,False,,2026-05-11T22:08:59
V11.mp4,24212,straight,False,,2026-05-11T22:09:02
V11.mp4,24221,uppercut,False,,2026-05-11T22:09:04
V11.mp4,24229,straight,False,,2026-05-11T22:09:06
V11.mp4,24263,hook,False,,2026-05-11T22:09:11
V11.mp4,24284,straight,False,,2026-05-11T22:09:16
V11.mp4,24296,uppercut,False,,2026-05-11T22:09:18
V11.mp4,24303,straight,False,,2026-05-11T22:09:19
V11.mp4,24339,hook,False,,2026-05-11T22:09:26
V11.mp4,24359,straight,False,,2026-05-11T22:09:28
V11.mp4,24372,uppercut,False,,2026-05-11T22:09:30
V11.mp4,24379,hook,False,,2026-05-11T22:09:32
V11.mp4,24402,hook,False,,2026-05-11T22:09:35
V11.mp4,24419,hook,False,,2026-05-11T22:09:38
V11.mp4,24440,straight,False,,2026-05-11T22:09:41
V11.mp4,24454,uppercut,False,,2026-05-11T22:09:43
V11.mp4,24460,straight,False,,2026-05-11T22:09:45
V11.mp4,24484,hook,False,,2026-05-11T22:09:48
V11.mp4,24497,hook,False,,2026-05-11T22:09:50
V11.mp4,24515,straight,False,,2026-05-11T22:09:53
V11.mp4,24521,uppercut,False,,2026-05-11T22:09:54
V11.mp4,24528,hook,False,,2026-05-11T22:09:56
V11.mp4,24550,hook,False,,2026-05-11T22:09:59
V11.mp4,24559,hook,False,,2026-05-11T22:10:01
V11.mp4,24581,straight,False,,2026-05-11T22:10:04
V11.mp4,24594,uppercut,False,,2026-05-11T22:10:07
V11.mp4,24601,straight,False,,2026-05-11T22:10:09
V11.mp4,24625,hook,False,,2026-05-11T22:10:11
V11.mp4,24641,hook,False,,2026-05-11T22:10:14
V11.mp4,24661,straight,False,,2026-05-11T22:10:16
V11.mp4,24674,uppercut,False,,2026-05-11T22:10:18
V11.mp4,24681,straight,False,,2026-05-11T22:10:21
V11.mp4,24704,hook,False,,2026-05-11T22:10:25
V11.mp4,24722,hook,False,,2026-05-11T22:10:27
IMG_3280.mp4,16,hook,False,,2026-05-11T23:57:35
IMG_3280.mp4,61,uppercut,False,,2026-05-11T23:57:45
IMG_3280.mp4,152,hook,False,,2026-05-11T23:57:55
IMG_3280.mp4,201,uppercut,False,,2026-05-11T23:58:01
IMG_3280.mp4,254,uppercut,False,,2026-05-11T23:58:06
IMG_3280.mp4,303,uppercut,False,,2026-05-11T23:58:12
IMG_3280.mp4,352,uppercut,False,,2026-05-11T23:58:17
IMG_3280.mp4,401,hook,False,,2026-05-11T23:58:24
IMG_3280.mp4,453,uppercut,False,,2026-05-11T23:58:38
IMG_3280.mp4,503,uppercut,False,,2026-05-11T23:58:44
IMG_3280.mp4,607,uppercut,False,,2026-05-11T23:58:53
IMG_3280.mp4,653,uppercut,False,,2026-05-11T23:58:59
IMG_3280.mp4,707,uppercut,False,,2026-05-11T23:59:05
IMG_3280.mp4,759,uppercut,False,,2026-05-11T23:59:10
IMG_3280.mp4,811,uppercut,False,,2026-05-11T23:59:16
IMG_3280.mp4,884,uppercut,False,,2026-05-11T23:59:24
IMG_3280.mp4,932,uppercut,False,,2026-05-11T23:59:29
IMG_3280.mp4,985,hook,False,,2026-05-11T23:59:35
IMG_3280.mp4,1037,hook,False,,2026-05-11T23:59:41
IMG_3280.mp4,1087,hook,False,,2026-05-11T23:59:46
IMG_3280.mp4,1138,uppercut,False,,2026-05-12T00:00:16
IMG_3280.mp4,1190,uppercut,False,,2026-05-12T00:00:26
IMG_3280.mp4,1243,uppercut,False,,2026-05-12T00:01:11
IMG_3280.mp4,1290,uppercut,False,,2026-05-12T00:01:16
IMG_3280.mp4,1339,hook,False,,2026-05-12T00:01:22
IMG_3280.mp4,1391,hook,False,,2026-05-12T00:01:28
IMG_3280.mp4,1438,hook,False,,2026-05-12T00:01:33
IMG_3280.mp4,1486,hook,False,,2026-05-12T00:01:38
IMG_3280.mp4,1538,hook,False,,2026-05-12T00:01:44
IMG_3280.mp4,1587,uppercut,False,,2026-05-12T00:01:54
IMG_3280.mp4,1638,hook,False,,2026-05-12T00:01:59
IMG_3280.mp4,1687,uppercut,False,,2026-05-12T00:02:04
IMG_3280.mp4,1736,uppercut,False,,2026-05-12T00:02:10
IMG_3280.mp4,1791,uppercut,False,,2026-05-12T00:02:15
IMG_3280.mp4,1836,uppercut,False,,2026-05-12T00:02:20
IMG_3280.mp4,1921,hook,False,,2026-05-12T00:02:29
IMG_3280.mp4,1965,hook,False,,2026-05-12T00:02:34
IMG_3280.mp4,2013,hook,False,,2026-05-12T00:02:39
IMG_3280.mp4,2059,hook,False,,2026-05-12T00:02:44
IMG_3280.mp4,2109,hook,False,,2026-05-12T00:02:50
IMG_3280.mp4,2156,uppercut,False,,2026-05-12T00:02:54
IMG_3280.mp4,2203,uppercut,False,,2026-05-12T00:02:59
IMG_3280.mp4,2253,hook,False,,2026-05-12T00:03:04
IMG_3280.mp4,2300,hook,False,,2026-05-12T00:03:09
IMG_3280.mp4,2347,hook,False,,2026-05-12T00:03:14
IMG_3280.mp4,2393,uppercut,False,,2026-05-12T00:03:22
IMG_3280.mp4,2440,uppercut,False,,2026-05-12T00:03:27
IMG_3280.mp4,2491,uppercut,False,,2026-05-12T00:03:40
IMG_3282.mp4,74,hook,False,,2026-05-12T00:04:34
IMG_3282.mp4,122,hook,False,,2026-05-12T00:04:38
IMG_3282.mp4,165,hook,False,,2026-05-12T00:04:43
IMG_3282.mp4,211,uppercut,False,,2026-05-12T00:04:48
IMG_3282.mp4,254,uppercut,False,,2026-05-12T00:04:53
IMG_3282.mp4,294,uppercut,False,,2026-05-12T00:05:11
IMG_3282.mp4,339,uppercut,False,,2026-05-12T00:05:20
IMG_3282.mp4,380,uppercut,False,,2026-05-12T00:05:25
IMG_3282.mp4,419,uppercut,False,,2026-05-12T00:05:30
IMG_3282.mp4,463,hook,False,,2026-05-12T00:05:36
IMG_3282.mp4,500,hook,False,,2026-05-12T00:05:40
IMG_3282.mp4,539,hook,False,,2026-05-12T00:05:44
IMG_3282.mp4,578,hook,False,,2026-05-12T00:05:49
IMG_3282.mp4,618,hook,False,,2026-05-12T00:05:54
IMG_3282.mp4,660,hook,False,,2026-05-12T00:05:58
IMG_3282.mp4,700,uppercut,False,,2026-05-12T00:06:15
IMG_3282.mp4,741,uppercut,False,,2026-05-12T00:06:19
IMG_3282.mp4,781,uppercut,False,,2026-05-12T00:06:23
IMG_3282.mp4,827,uppercut,False,,2026-05-12T00:06:28
IMG_3282.mp4,864,uppercut,False,,2026-05-12T00:06:32
IMG_3282.mp4,906,uppercut,False,,2026-05-12T00:06:37
IMG_3282.mp4,1037,hook,False,,2026-05-12T00:06:50
IMG_3282.mp4,1078,hook,False,,2026-05-12T00:06:54
IMG_3282.mp4,1119,hook,False,,2026-05-12T00:06:58
IMG_3282.mp4,1160,hook,False,,2026-05-12T00:07:03
IMG_3282.mp4,1206,uppercut,False,,2026-05-12T00:07:08
IMG_3282.mp4,1244,uppercut,False,,2026-05-12T00:07:13
IMG_3282.mp4,1281,uppercut,False,,2026-05-12T00:07:17
IMG_3282.mp4,1319,uppercut,False,,2026-05-12T00:07:21
IMG_3282.mp4,1360,uppercut,False,,2026-05-12T00:07:26
IMG_3282.mp4,1402,uppercut,False,,2026-05-12T00:07:33
IMG_3282.mp4,1442,hook,False,,2026-05-12T00:08:00
IMG_3282.mp4,1563,none,False,,2026-05-12T00:08:11
IMG_3282.mp4,1564,none,False,,2026-05-12T00:08:11
IMG_3282.mp4,1565,none,False,,2026-05-12T00:08:11
IMG_3282.mp4,1566,none,False,,2026-05-12T00:08:11
IMG_3282.mp4,1568,none,False,,2026-05-12T00:08:12
IMG_3282.mp4,1569,none,False,,2026-05-12T00:08:12
IMG_3282.mp4,1570,none,False,,2026-05-12T00:08:12
IMG_3282.mp4,1571,none,False,,2026-05-12T00:08:12
IMG_3282.mp4,1572,none,False,,2026-05-12T00:08:12
IMG_3282.mp4,1572,none,False,,2026-05-12T00:08:13
IMG_3282.mp4,1573,none,False,,2026-05-12T00:08:13
IMG_3282.mp4,1574,none,False,,2026-05-12T00:08:13
IMG_3282.mp4,1575,none,False,,2026-05-12T00:08:13
IMG_3282.mp4,1576,none,False,,2026-05-12T00:08:13
IMG_3282.mp4,1577,none,False,,2026-05-12T00:08:14
IMG_3282.mp4,1578,none,False,,2026-05-12T00:08:14
IMG_3282.mp4,1580,none,False,,2026-05-12T00:08:14
IMG_3282.mp4,1638,hook,False,,2026-05-12T00:08:20
IMG_3282.mp4,1672,hook,False,,2026-05-12T00:08:24
IMG_3282.mp4,1709,hook,False,,2026-05-12T00:08:28
IMG_3282.mp4,1745,uppercut,False,,2026-05-12T00:08:33
IMG_3282.mp4,1785,uppercut,False,,2026-05-12T00:08:38
IMG_3282.mp4,1843,uppercut,False,,2026-05-12T00:08:44
IMG_3282.mp4,1885,uppercut,False,,2026-05-12T00:08:48
IMG_3282.mp4,1934,uppercut,False,,2026-05-12T00:08:54
IMG_3282.mp4,1978,uppercut,False,,2026-05-12T00:08:59
IMG_3282.mp4,2022,uppercut,False,,2026-05-12T00:09:04
IMG_3282.mp4,2066,uppercut,False,,2026-05-12T00:09:09
IMG_3282.mp4,2107,uppercut,False,,2026-05-12T00:09:13
IMG_3279.mp4,887,hook,False,,2026-05-12T00:02:48
IMG_3279.mp4,939,uppercut,False,,2026-05-12T00:03:02
IMG_3279.mp4,985,hook,False,,2026-05-12T00:03:13
IMG_3279.mp4,1040,hook,False,,2026-05-12T00:03:31
IMG_3279.mp4,1092,uppercut,False,,2026-05-12T00:03:38
IMG_3279.mp4,1140,hook,False,,2026-05-12T00:03:46
IMG_3279.mp4,1201,hook,False,,2026-05-12T00:03:57
IMG_3279.mp4,1260,uppercut,False,,2026-05-12T00:04:05
IMG_3279.mp4,1315,hook,False,,2026-05-12T00:04:11
IMG_3279.mp4,1373,hook,False,,2026-05-12T00:04:26
IMG_3279.mp4,1431,uppercut,False,,2026-05-12T00:04:33
IMG_3279.mp4,1485,hook,False,,2026-05-12T00:04:43
IMG_3279.mp4,1545,hook,False,,2026-05-12T00:04:52
IMG_3279.mp4,1603,uppercut,False,,2026-05-12T00:05:01
IMG_3279.mp4,1654,hook,False,,2026-05-12T00:05:10
IMG_3279.mp4,1715,hook,False,,2026-05-12T00:05:21
IMG_3279.mp4,1820,uppercut,False,,2026-05-12T00:05:33
IMG_3279.mp4,1936,hook,False,,2026-05-12T00:06:42
IMG_3279.mp4,1989,uppercut,False,,2026-05-12T00:06:53
IMG_3279.mp4,2094,hook,False,,2026-05-12T00:07:19
IMG_3279.mp4,2149,hook,False,,2026-05-12T00:07:31
IMG_3279.mp4,2202,uppercut,False,,2026-05-12T00:07:39
IMG_3279.mp4,2257,hook,False,,2026-05-12T00:07:50
IMG_3279.mp4,2311,hook,False,,2026-05-12T00:08:20
IMG_3279.mp4,2373,hook,False,,2026-05-12T00:08:33
IMG_3279.mp4,2426,uppercut,False,,2026-05-12T00:08:41
IMG_3279.mp4,2488,uppercut,False,,2026-05-12T00:08:54
IMG_3279.mp4,2544,uppercut,False,,2026-05-12T00:09:09
IMG_3279.mp4,2657,uppercut,False,,2026-05-12T00:09:40
IMG_3279.mp4,2715,hook,False,,2026-05-12T00:09:50
IMG_3279.mp4,2772,hook,False,,2026-05-12T00:10:10
IMG_3279.mp4,2831,uppercut,False,,2026-05-12T00:10:19
IMG_3279.mp4,2947,uppercut,False,,2026-05-12T00:10:32
IMG_3279.mp4,3001,hook,False,,2026-05-12T00:10:42
IMG_3279.mp4,3062,hook,False,,2026-05-12T00:10:54
IMG_3279.mp4,3118,uppercut,False,,2026-05-12T00:11:07
IMG_3279.mp4,3178,hook,False,,2026-05-12T00:11:17
IMG_3279.mp4,3234,hook,False,,2026-05-12T00:11:34
IMG_3279.mp4,3301,hook,False,,2026-05-12T00:11:46
IMG_3279.mp4,3363,hook,False,,2026-05-12T00:12:13
IMG_3281.mp4,233,uppercut,False,,2026-05-12T00:14:13
IMG_3281.mp4,267,hook,False,,2026-05-12T00:14:20
IMG_3281.mp4,311,uppercut,False,,2026-05-12T00:14:31
IMG_3281.mp4,360,uppercut,False,,2026-05-12T00:14:39
IMG_3281.mp4,411,hook,False,,2026-05-12T00:14:52
IMG_3281.mp4,466,hook,False,,2026-05-12T00:15:00
IMG_3281.mp4,521,uppercut,False,,2026-05-12T00:15:12
IMG_3281.mp4,569,uppercut,False,,2026-05-12T00:15:26
IMG_3281.mp4,623,hook,False,,2026-05-12T00:15:38
IMG_3281.mp4,679,hook,False,,2026-05-12T00:16:19
IMG_3281.mp4,725,uppercut,False,,2026-05-12T00:16:31
IMG_3281.mp4,769,hook,False,,2026-05-12T00:16:45
IMG_3281.mp4,829,hook,False,,2026-05-12T00:16:53
IMG_3281.mp4,884,uppercut,False,,2026-05-12T00:17:46
IMG_3281.mp4,935,hook,False,,2026-05-12T00:17:57
IMG_3281.mp4,988,uppercut,False,,2026-05-12T00:18:05
IMG_3281.mp4,1043,hook,False,,2026-05-12T00:18:12
IMG_3281.mp4,1095,hook,False,,2026-05-12T00:18:19
IMG_3281.mp4,1149,hook,False,,2026-05-12T00:18:27
IMG_3281.mp4,1203,uppercut,False,,2026-05-12T00:18:36
IMG_3281.mp4,1255,uppercut,False,,2026-05-12T00:18:42
IMG_3281.mp4,1349,uppercut,False,,2026-05-12T00:19:01
IMG_3281.mp4,1400,uppercut,False,,2026-05-12T00:19:11
IMG_3281.mp4,1452,hook,False,,2026-05-12T00:19:19
IMG_3281.mp4,1566,uppercut,False,,2026-05-12T00:19:31
IMG_3281.mp4,1620,hook,False,,2026-05-12T00:19:43
IMG_3281.mp4,1678,uppercut,False,,2026-05-12T00:19:53
IMG_3281.mp4,1722,hook,False,,2026-05-12T00:20:02
IMG_3281.mp4,1777,hook,False,,2026-05-12T00:20:11
IMG_3281.mp4,1826,hook,False,,2026-05-12T00:20:22
IMG_3281.mp4,1881,hook,False,,2026-05-12T00:20:31
IMG_3281.mp4,1932,uppercut,False,,2026-05-12T00:20:37
IMG_3281.mp4,1984,uppercut,False,,2026-05-12T00:20:50
IMG_3281.mp4,2041,hook,False,,2026-05-12T00:20:57
IMG_3281.mp4,2090,uppercut,False,,2026-05-12T00:21:08
IMG_3281.mp4,2135,hook,False,,2026-05-12T00:21:16
IMG_3281.mp4,2238,uppercut,False,,2026-05-12T00:21:29
IMG_3281.mp4,2281,hook,False,,2026-05-12T00:21:39
IMG_3281.mp4,2331,uppercut,False,,2026-05-12T00:21:48
IMG_3281.mp4,2380,hook,False,,2026-05-12T00:21:58
IMG_3284.mp4,50,none,False,,2026-05-12T00:23:14
IMG_3284.mp4,80,none,False,,2026-05-12T00:23:25
IMG_3284.mp4,110,none,False,,2026-05-12T00:23:28
IMG_3284.mp4,140,none,False,,2026-05-12T00:23:33
IMG_3284.mp4,170,none,False,,2026-05-12T00:23:37
IMG_3284.mp4,200,none,False,,2026-05-12T00:23:42
IMG_3284.mp4,230,none,False,,2026-05-12T00:23:49
IMG_3284.mp4,260,none,False,,2026-05-12T00:23:53
IMG_3284.mp4,290,none,False,,2026-05-12T00:23:55
IMG_3284.mp4,320,none,False,,2026-05-12T00:23:58
IMG_3284.mp4,350,none,False,,2026-05-12T00:24:02
IMG_3284.mp4,380,none,False,,2026-05-12T00:24:06
IMG_3284.mp4,410,none,False,,2026-05-12T00:24:10
IMG_3284.mp4,440,none,False,,2026-05-12T00:24:13
IMG_3284.mp4,470,none,False,,2026-05-12T00:24:18
IMG_3284.mp4,500,none,False,,2026-05-12T00:24:23
IMG_3284.mp4,530,none,False,,2026-05-12T00:24:31
IMG_3284.mp4,560,none,False,,2026-05-12T00:24:40
IMG_3284.mp4,580,none,False,,2026-05-12T00:24:49
IMG_3284.mp4,620,none,False,,2026-05-12T00:24:56
